id_cupom,codigo,desconto_percentual,valor_minimo,data_validade,ativo,updated_at
1,TOPUSIXWH,50,50,2027-04-10,False,2024-12-14T00:00:00
2,OFFCHZ4B2,25,150,2024-10-03,False,2023-08-21T00:00:00
3,OFF2YS9OB,30,100,2027-08-13,True,2024-10-08T00:00:00
4,OFFLSZK2F,50,200,2026-04-15,False,2024-03-07T00:00:00
5,DESCGH2AQK,50,200,2024-01-27,False,2024-05-08T00:00:00
6,DESCQW5WQ4,10,50,2026-03-19,False,2024-05-20T00:00:00
7,OFFVG7Q4O,40,200,2026-04-17,False,2023-02-09T00:00:00
8,SALE6P2GF8,30,100,2026-10-06,False,2023-07-07T00:00:00
9,SALECG2IPP,25,300,2025-09-02,False,2024-09-28T00:00:00
10,SALEBXO13X,5,150,2023-11-29,False,2024-10-01T00:00:00
11,MEGAOYPSB4,50,150,2026-06-21,False,2025-11-30T00:00:00
12,PROMOSH8UK1,5,150,2023-03-17,False,2026-04-20T00:00:00
13,PROMOJE1VA4,30,300,2024-12-29,False,2024-02-14T00:00:00
14,SUPERRYGBD7,50,100,2025-09-09,False,2024-06-25T00:00:00
15,TOPVOU657,40,150,2027-08-29,False,2025-09-04T00:00:00
16,OFF7PTHVA,30,50,2023-11-23,False,2026-01-22T00:00:00
17,SALEUMUMHV,15,300,2023-08-26,False,2023-10-02T00:00:00
18,SUPER0ECPD7,5,100,2024-08-25,False,2024-09-08T00:00:00
19,TOPNEI5NC,20,200,2027-10-30,True,2023-03-11T00:00:00
20,SUPERSVKRQR,50,200,2026-05-28,False,2024-09-05T00:00:00
21,MEGAPIBCAD,20,300,2026-11-27,True,2025-09-21T00:00:00
22,SUPERGRR2CA,30,200,2023-08-22,False,2025-05-21T00:00:00
23,SUPERY9LU47,40,50,2023-09-28,False,2023-08-07T00:00:00
24,SAVEB0NHV6,50,300,2025-05-29,False,2023-09-11T00:00:00
25,MEGAQMY448,50,100,2026-07-21,True,2024-02-20T00:00:00
26,PROMO5JSWC7,25,300,2027-08-28,True,2026-01-04T00:00:00
27,SUPER9GVB4B,15,500,2023-11-19,False,2024-01-05T00:00:00
28,SUPERFJOCA3,50,100,2025-01-08,False,2024-11-29T00:00:00
29,SAVE2D7ICO,20,100,2026-08-21,False,2023-03-01T00:00:00
30,TOP775UGP,30,50,2027-10-15,True,2025-10-14T00:00:00
31,OFFPJGERH,50,100,2025-07-07,False,2026-02-04T00:00:00
32,SALEXH414U,5,500,2023-06-28,False,2024-04-09T00:00:00
33,PROMOPPD5WB,20,150,2025-08-15,False,2025-06-04T00:00:00
34,SUPERSUSCDG,10,150,2025-09-03,False,2026-03-18T00:00:00
35,TOPPDAUXA,10,200,2025-03-25,False,2023-05-28T00:00:00
36,SUPERA3ZX4P,15,50,2024-12-20,False,2025-04-16T00:00:00
37,MEGA8QZ2FD,15,150,2026-07-20,True,2025-07-25T00:00:00
38,OFFRMMJG7,20,100,2025-06-21,False,2024-09-29T00:00:00
39,DESCUUV2IS,20,300,2026-12-10,True,2025-11-24T00:00:00
40,TOP0UG56Z,20,150,2025-11-24,False,2024-10-13T00:00:00
41,OFFVRTJWH,20,300,2026-10-31,True,2024-07-23T00:00:00
42,MEGAAOB2A7,40,150,2023-03-27,False,2025-02-17T00:00:00
43,SALEXZEOF3,40,500,2026-11-12,True,2023-09-14T00:00:00
44,MEGAQ948A7,10,200,2023-12-18,False,2026-02-26T00:00:00
45,DESCE4CXD3,50,300,2023-03-28,False,2025-05-01T00:00:00
46,SAVEMUD3NT,10,500,2027-11-11,False,2026-04-25T00:00:00
47,OFFA5ZN87,40,300,2024-03-20,False,2023-08-16T00:00:00
48,DESC8TZFMN,50,150,2024-09-29,False,2025-07-14T00:00:00
49,SAVE5D0O5Y,30,300,2025-04-09,False,2026-01-30T00:00:00
50,OFF358Q0L,5,500,2024-11-04,False,2025-10-08T00:00:00
51,DESC9DR7XJ,10,150,2023-05-05,False,2025-12-11T00:00:00
52,DESCKX1F1U,10,50,2023-04-24,False,2025-01-21T00:00:00
53,PROMOGL2VE2,15,50,2027-11-02,True,2025-02-18T00:00:00
54,MEGA4W0VSV,40,50,2023-09-19,False,2024-05-04T00:00:00
55,DESCZSAWXZ,15,200,2027-09-29,True,2023-02-03T00:00:00
56,OFF9D7SO9,40,150,2027-10-17,True,2023-03-08T00:00:00
57,DESCOV4FS7,10,300,2027-01-08,True,2025-11-20T00:00:00
58,PROMO3JUD3S,30,300,2025-06-20,False,2025-03-28T00:00:00
59,PROMO86AG19,30,150,2023-11-18,False,2024-05-12T00:00:00
60,PROMODI0AFX,10,200,2025-03-11,False,2023-04-20T00:00:00
61,SALEFZBMI1,40,150,2024-12-14,False,2023-12-22T00:00:00
62,MEGA828GX1,25,500,2025-11-19,False,2023-01-31T00:00:00
63,MEGAFHW4TS,25,200,2026-07-14,True,2025-09-18T00:00:00
64,DESCOPSZUM,30,100,2024-09-05,False,2025-10-26T00:00:00
65,SALEEEG8QU,15,300,2023-08-03,False,2026-05-14T00:00:00
66,DESCZCOJ5I,25,500,2024-04-21,False,2024-09-30T00:00:00
67,PROMO1Q0Q1A,5,300,2026-01-25,False,2024-07-24T00:00:00
68,MEGAHCQCY9,10,300,2026-09-30,True,2025-02-19T00:00:00
69,SAVER22ZPU,40,150,2025-05-27,False,2023-07-05T00:00:00
70,PROMO3YEBD3,15,300,2026-04-06,False,2025-01-28T00:00:00
71,MEGANIFASX,50,150,2025-06-26,False,2025-11-24T00:00:00
72,PROMOOGAYY6,5,50,2024-05-14,False,2023-05-02T00:00:00
73,PROMOO7HE0H,25,50,2023-03-24,False,2024-08-19T00:00:00
74,SAVEOCJR5G,5,500,2024-01-12,False,2023-09-21T00:00:00
75,PROMO0P9IRV,25,50,2024-11-03,False,2026-01-01T00:00:00
76,PROMOYWUUMN,15,100,2024-05-10,False,2023-06-12T00:00:00
77,SALEUZXI8Q,10,150,2026-07-04,True,2024-06-04T00:00:00
78,MEGAXYHAOL,50,200,2026-07-16,True,2024-06-15T00:00:00
79,SAVE1FBZ9U,15,200,2026-03-31,False,2023-09-19T00:00:00
80,SAVEYLZXMJ,50,200,2025-03-17,False,2023-02-23T00:00:00
81,MEGA2JAFEG,20,300,2024-04-01,False,2025-05-20T00:00:00
82,MEGAJECMKF,5,500,2024-09-22,False,2025-07-23T00:00:00
83,OFF8K3GSA,50,50,2023-03-20,False,2023-03-04T00:00:00
84,SUPERS9T0FQ,5,50,2025-06-11,False,2026-01-22T00:00:00
85,OFFRFGCQJ,40,50,2026-09-21,True,2024-11-04T00:00:00
86,OFFA9XC0I,10,50,2024-09-03,False,2026-03-16T00:00:00
87,MEGAKS5WNR,5,500,2024-08-28,False,2023-08-12T00:00:00
88,DESCXT17F7,15,300,2024-04-06,False,2025-05-18T00:00:00
89,SALEZJ8VOE,15,100,2026-07-19,True,2026-04-19T00:00:00
90,SUPERR0E87S,10,100,2026-12-04,True,2024-02-29T00:00:00
91,SALECWU1PY,5,500,2026-12-17,True,2024-04-20T00:00:00
92,TOPKGWIPE,15,100,2025-06-21,False,2025-01-26T00:00:00
93,PROMOLMAJAQ,20,500,2023-07-30,False,2025-03-15T00:00:00
94,SUPERAQEKN3,20,500,2023-12-07,False,2025-12-19T00:00:00
95,TOPBH1LH1,25,500,2026-05-09,False,2026-05-11T00:00:00
96,DESC5MUMY1,30,500,2023-12-26,False,2025-04-01T00:00:00
97,SUPERV6SOE4,10,200,2024-10-18,False,2024-06-06T00:00:00
98,TOPSNEP2V,5,50,2027-01-25,True,2025-05-17T00:00:00
99,OFF25SXW4,10,50,2025-04-26,False,2024-02-29T00:00:00
100,TOPV2PE08,40,50,2023-06-02,False,2026-04-22T00:00:00
101,SALEY362KM,25,300,2023-02-21,False,2025-04-08T00:00:00
102,SALE479LN3,5,150,2025-10-14,False,2024-08-30T00:00:00
103,OFF8ZEOZ6,30,100,2025-10-23,False,2023-02-27T00:00:00
104,PROMO7X8N1K,5,300,2023-10-13,False,2023-03-31T00:00:00
105,OFFX1VSNX,20,300,2026-09-04,True,2026-04-22T00:00:00
106,DESCSHD7U6,15,100,2027-11-30,True,2023-07-03T00:00:00
107,OFFPVXL48,30,150,2024-08-08,False,2026-01-25T00:00:00
108,DESCON2D5T,50,150,2026-08-24,True,2023-02-19T00:00:00
109,SUPEROX9100,30,500,2024-01-15,False,2023-04-29T00:00:00
110,PROMO9TPUWY,25,50,2025-12-24,False,2025-05-28T00:00:00
111,OFFKN9734,5,300,2025-10-15,False,2025-12-02T00:00:00
112,SAVE7WLI4R,20,100,2023-07-08,False,2026-02-13T00:00:00
113,TOPK14TGX,5,100,2027-08-27,True,2026-02-12T00:00:00
114,TOPHXI3HA,10,500,2024-07-24,False,2024-04-27T00:00:00
115,OFFTOH13M,5,50,2024-08-18,False,2025-05-06T00:00:00
116,SAVEIP7T4N,40,200,2027-06-19,True,2024-12-26T00:00:00
117,MEGAIRATTE,25,200,2027-08-02,True,2025-03-25T00:00:00
118,TOPSB5RYH,20,300,2027-02-18,False,2026-05-12T00:00:00
119,MEGASV91OZ,40,50,2026-04-30,False,2026-04-25T00:00:00
120,TOPKIFPXK,25,50,2024-04-26,False,2024-05-05T00:00:00
121,MEGAHC44GU,20,200,2026-11-08,True,2026-04-27T00:00:00
122,SUPERHMDEC5,50,300,2026-03-29,False,2025-04-06T00:00:00
123,SUPERJIMIGX,15,500,2023-04-12,False,2023-11-15T00:00:00
124,MEGAZH2IDS,5,150,2027-10-16,False,2024-06-15T00:00:00
125,PROMOOXO9Y5,25,150,2025-01-09,False,2026-03-04T00:00:00
126,MEGAR8HRU6,30,500,2026-12-20,True,2023-05-28T00:00:00
127,SAVEMMQBG7,30,150,2026-04-26,False,2023-10-15T00:00:00
128,SAVE1KQU22,30,50,2023-12-07,False,2024-02-23T00:00:00
129,OFFSQESM6,50,500,2026-01-29,False,2024-07-04T00:00:00
130,PROMOSMXGMD,5,50,2025-11-01,False,2024-06-08T00:00:00
131,SUPER0Z5Q5L,10,100,2025-12-16,False,2026-04-14T00:00:00
132,MEGA7BNMYI,20,200,2024-12-18,False,2026-03-03T00:00:00
133,DESCMN2B3Y,30,150,2023-03-11,False,2026-03-20T00:00:00
134,TOPCHN4ME,50,50,2023-01-21,False,2025-06-29T00:00:00
135,MEGARVRAKX,30,200,2025-06-06,False,2024-01-10T00:00:00
136,MEGAQUK3S1,5,150,2024-03-31,False,2024-02-22T00:00:00
137,DESCKS470G,30,50,2024-10-09,False,2024-06-07T00:00:00
138,MEGAHX9H9D,50,50,2025-07-15,False,2023-04-17T00:00:00
139,PROMOKOMI6E,15,200,2027-10-31,True,2025-01-06T00:00:00
140,SAVE0A2BQ3,25,300,2024-08-17,False,2024-01-01T00:00:00
141,PROMOKLCKUZ,25,300,2025-10-21,False,2025-02-13T00:00:00
142,SAVEQZHVY4,25,300,2024-01-22,False,2023-09-15T00:00:00
143,MEGATMKLN9,40,500,2026-02-05,False,2024-11-16T00:00:00
144,OFF222CAN,40,500,2023-01-14,False,2023-08-27T00:00:00
145,TOPFK1P3E,25,300,2025-01-23,False,2025-07-20T00:00:00
146,DESCH6U0EQ,30,100,2023-03-27,False,2025-09-26T00:00:00
147,OFFQRU0VR,20,100,2026-03-16,False,2024-11-02T00:00:00
148,DESC5UVUQ4,20,500,2026-06-19,True,2025-07-16T00:00:00
149,OFFWRZK34,50,200,2025-04-17,False,2026-05-13T00:00:00
150,TOPQRS73Z,15,100,2024-08-29,False,2023-11-27T00:00:00
151,SUPERHJ6FEC,20,300,2023-12-17,False,2023-07-24T00:00:00
152,SUPER48IKCJ,10,100,2026-03-12,False,2023-01-30T00:00:00
153,SAVE06P0K0,25,50,2025-06-06,False,2023-02-08T00:00:00
154,DESC8LN2R2,10,50,2027-04-18,False,2024-11-14T00:00:00
155,SALE8IHTL8,50,300,2025-10-08,False,2024-12-12T00:00:00
156,DESCRPUFK7,5,500,2027-05-17,False,2024-05-16T00:00:00
157,SAVEML083V,40,200,2025-05-16,False,2023-03-26T00:00:00
158,SAVEO4JZBP,30,100,2023-09-01,False,2023-01-24T00:00:00
159,TOPSXPOY7,25,500,2023-09-17,False,2025-03-20T00:00:00
160,DESCM7CY6M,15,500,2023-12-10,False,2025-06-26T00:00:00
161,MEGAN6CB0W,5,150,2023-07-14,False,2023-09-26T00:00:00
162,SUPERXRUM1X,10,200,2026-06-05,False,2025-12-16T00:00:00
163,SUPERNYMKLK,10,50,2026-01-27,False,2024-02-27T00:00:00
164,SUPERFDP4TO,15,300,2023-07-30,False,2026-04-28T00:00:00
165,TOPLEPTQG,30,200,2025-09-06,False,2025-05-30T00:00:00
166,PROMOAU0CXK,10,200,2024-07-06,False,2025-06-28T00:00:00
167,MEGAG2GSJ0,10,500,2024-09-23,False,2025-11-29T00:00:00
168,SUPERJ7WMIJ,5,100,2027-03-04,False,2024-10-05T00:00:00
169,SAVEDYF069,50,200,2026-06-10,False,2025-12-17T00:00:00
170,SUPER1USM7Z,50,300,2025-12-30,False,2024-02-25T00:00:00
171,SALE938RRF,5,200,2025-06-25,False,2023-10-19T00:00:00
172,MEGAXSCFFB,25,50,2027-08-10,False,2023-05-18T00:00:00
173,PROMOL44N9Q,30,200,2026-06-01,False,2025-04-15T00:00:00
174,OFFVH868J,50,150,2025-08-13,False,2024-06-04T00:00:00
175,SAVEMZP4P7,25,500,2026-07-14,True,2025-09-24T00:00:00
176,SUPERM2ZR2B,15,300,2024-12-06,False,2023-03-04T00:00:00
177,TOPQRYSO0,25,50,2027-02-24,True,2026-05-10T00:00:00
178,DESC6K804D,40,100,2023-08-18,False,2024-09-22T00:00:00
179,MEGA1MX6RI,50,150,2027-04-14,True,2025-03-28T00:00:00
180,OFFM7QN79,25,500,2025-01-18,False,2025-02-06T00:00:00
181,SALE7LD2GR,10,50,2025-07-19,False,2024-03-04T00:00:00
182,SALE0GTN23,10,200,2023-07-13,False,2025-04-11T00:00:00
183,MEGAHZDGGD,40,300,2025-05-27,False,2024-02-14T00:00:00
184,SUPER515KHP,40,50,2026-05-12,False,2024-01-05T00:00:00
185,SAVE0EKS9G,20,100,2023-05-21,False,2025-04-18T00:00:00
186,SAVEX8LFUD,30,200,2025-12-17,False,2025-09-20T00:00:00
187,SALEZMXQJF,30,200,2024-10-21,False,2025-03-15T00:00:00
188,MEGA5E6KS9,25,150,2027-07-19,True,2023-06-02T00:00:00
189,TOPHW3N93,30,300,2027-07-10,False,2025-08-16T00:00:00
190,SAVE8E79O0,50,500,2024-05-01,False,2024-07-09T00:00:00
191,PROMOMRNPGJ,50,50,2024-09-02,False,2024-05-08T00:00:00
192,SUPERVARPEU,10,300,2027-05-31,True,2025-08-14T00:00:00
193,TOP5UPA94,15,500,2027-05-02,True,2024-07-16T00:00:00
194,DESCQPN5TI,20,500,2027-09-14,True,2025-08-11T00:00:00
195,OFFE0H2FO,30,100,2027-10-24,True,2025-02-16T00:00:00
196,DESCT1KD14,40,500,2027-07-14,True,2024-04-07T00:00:00
197,PROMOFTOD8Y,50,150,2026-07-13,True,2025-07-25T00:00:00
198,DESCT7EM49,40,50,2023-07-27,False,2024-06-07T00:00:00
199,SUPERGX4WBX,5,200,2023-12-23,False,2026-06-03T00:00:00
200,SAVERJWW06,25,50,2023-10-29,False,2024-01-24T00:00:00
201,TOPD7QHMN,30,300,2025-12-04,False,2025-12-10T00:00:00
202,SUPER4QB42N,5,100,2027-01-29,True,2026-02-03T00:00:00
203,MEGAGHCZMO,25,300,2023-02-25,False,2024-03-16T00:00:00
204,DESCWPWUZD,10,200,2024-06-13,False,2023-03-24T00:00:00
205,SAVEKRN0PV,40,100,2023-08-14,False,2024-10-05T00:00:00
206,DESCQWFBPD,25,200,2023-01-19,False,2025-05-16T00:00:00
207,MEGAG4QI90,5,200,2026-01-20,False,2024-05-09T00:00:00
208,MEGA731VFK,20,150,2026-04-27,False,2026-03-15T00:00:00
209,DESCXVA5GB,10,500,2026-06-06,False,2025-03-05T00:00:00
210,OFFAORC6V,50,100,2024-11-28,False,2025-09-01T00:00:00
211,MEGA1VLM94,5,300,2023-12-29,False,2023-11-16T00:00:00
212,SAVELKN6A0,50,50,2027-11-24,True,2023-01-28T00:00:00
213,OFFCYBSGO,30,50,2026-12-24,True,2026-06-08T00:00:00
214,DESC5POMQH,30,500,2023-12-28,False,2023-05-21T00:00:00
215,SUPER194YRD,15,200,2026-05-30,False,2023-04-28T00:00:00
216,SAVEX7FFRF,20,500,2023-04-05,False,2024-11-22T00:00:00
217,SUPERVPC8X5,5,500,2025-09-22,False,2023-02-10T00:00:00
218,SALEP5V20Q,50,300,2023-09-07,False,2023-09-14T00:00:00
219,SUPERYRCGAQ,5,150,2026-03-02,False,2025-07-21T00:00:00
220,SALEZ8VHYU,50,300,2027-12-05,True,2023-10-19T00:00:00
221,PROMO79F2JC,5,500,2025-04-19,False,2025-09-23T00:00:00
222,SALE1B20YL,25,200,2026-02-17,False,2025-09-16T00:00:00
223,SAVEUZUMXB,50,50,2023-02-01,False,2024-11-16T00:00:00
224,SUPERXQCLWC,40,200,2025-07-21,False,2024-12-26T00:00:00
225,SALENT4R0W,30,150,2026-09-27,True,2025-08-14T00:00:00
226,DESCEDC3SB,30,100,2023-04-02,False,2025-01-13T00:00:00
227,DESC3BI8IO,10,200,2026-09-30,False,2024-05-01T00:00:00
228,SALE001K2I,30,300,2023-08-06,False,2023-07-29T00:00:00
229,PROMOR1QTLX,10,150,2024-04-17,False,2023-07-18T00:00:00
230,SALE6POHEK,15,500,2026-07-12,True,2023-08-09T00:00:00
231,PROMOGM6WHR,25,200,2027-08-07,True,2025-06-13T00:00:00
232,SALE3KEAVI,20,200,2024-02-05,False,2024-11-30T00:00:00
233,SALEJUY8JA,5,50,2027-08-14,True,2025-02-01T00:00:00
234,OFF2TGHCS,5,100,2023-03-18,False,2023-01-26T00:00:00
235,SUPER5D8CTN,20,100,2027-02-15,False,2023-02-04T00:00:00
236,SUPERM46UWX,10,300,2027-09-13,True,2025-07-22T00:00:00
237,OFF6HAI0Q,30,100,2023-05-08,False,2025-01-03T00:00:00
238,SAVE64RI03,20,100,2025-11-17,False,2024-03-21T00:00:00
239,TOPLSL7NC,40,150,2025-09-03,False,2026-01-11T00:00:00
240,SUPER3CRXQQ,20,50,2027-09-17,True,2025-01-15T00:00:00
241,SALEGOTJAU,5,300,2024-11-22,False,2023-08-25T00:00:00
242,OFF9PY9L4,20,50,2024-11-02,False,2025-04-16T00:00:00
243,TOP5WYDLM,15,300,2025-09-02,False,2025-04-21T00:00:00
244,PROMOJAB1DH,15,150,2025-02-26,False,2026-06-01T00:00:00
245,PROMOL7TM9B,50,200,2027-09-05,True,2023-05-23T00:00:00
246,SALEO3R58P,30,50,2026-03-30,False,2023-07-31T00:00:00
247,MEGA4GICE9,50,150,2025-06-09,False,2025-07-10T00:00:00
248,PROMOFSLD37,50,50,2025-05-29,False,2026-04-25T00:00:00
249,OFFKQAI8M,10,100,2023-01-19,False,2023-03-04T00:00:00
250,OFFE7N2RJ,30,50,2025-06-24,False,2026-01-06T00:00:00
251,PROMOGXYYKN,50,200,2027-08-31,True,2024-03-23T00:00:00
252,TOPFKDH28,25,200,2023-05-15,False,2026-04-13T00:00:00
253,SALEKBSP3B,10,100,2025-04-22,False,2023-09-29T00:00:00
254,DESC1U70NG,10,100,2025-10-31,False,2023-12-12T00:00:00
255,TOP87MGIA,50,500,2025-08-30,False,2023-05-09T00:00:00
256,MEGATEU6JB,15,200,2024-02-12,False,2024-08-06T00:00:00
257,MEGAGWD23K,25,50,2025-10-13,False,2024-03-20T00:00:00
258,SALER58I37,30,100,2027-10-19,True,2023-11-22T00:00:00
259,OFF133M7G,15,150,2027-01-18,False,2023-03-13T00:00:00
260,TOPI00EJP,20,50,2026-07-07,True,2025-11-27T00:00:00
261,OFFD6DETD,5,50,2025-06-30,False,2024-10-18T00:00:00
262,SAVEYMO8FZ,30,300,2023-12-13,False,2026-05-06T00:00:00
263,OFFST8NEF,10,500,2023-05-13,False,2023-10-21T00:00:00
264,TOP0VY70A,15,300,2025-10-24,False,2023-02-08T00:00:00
265,PROMOVT0LAM,50,150,2025-12-30,False,2025-10-19T00:00:00
266,MEGAPROOYC,25,500,2027-11-24,True,2023-10-18T00:00:00
267,SALEHI3FDE,10,100,2027-05-28,True,2026-05-18T00:00:00
268,SUPERRV8G31,50,50,2026-07-04,True,2025-11-21T00:00:00
269,OFFS4OML2,30,50,2024-03-05,False,2024-04-24T00:00:00
270,TOPMLNZUI,25,150,2026-02-11,False,2025-08-25T00:00:00
271,SUPERDY4RDH,40,200,2023-09-03,False,2025-04-18T00:00:00
272,SUPERBBMTGT,5,200,2025-01-22,False,2023-02-23T00:00:00
273,SAVEGIRZ40,5,300,2025-12-12,False,2026-02-09T00:00:00
274,SAVEPEOGT8,40,100,2024-09-03,False,2023-09-24T00:00:00
275,PROMOILS200,40,300,2025-07-05,False,2025-02-11T00:00:00
276,DESCHGKT5C,5,100,2024-07-10,False,2023-01-07T00:00:00
277,TOPNZBVYB,40,200,2026-08-07,False,2026-06-07T00:00:00
278,DESCFUCFYO,40,500,2025-02-09,False,2023-02-19T00:00:00
279,TOPOL4CB8,10,50,2026-07-28,True,2024-09-04T00:00:00
280,SAVECFTX78,40,200,2027-02-09,True,2023-10-18T00:00:00
281,OFFOQMLPF,50,100,2025-05-04,False,2025-10-08T00:00:00
282,SALEIW5WD9,15,50,2027-04-18,True,2023-11-12T00:00:00
283,SUPER8BLE53,10,50,2025-01-19,False,2025-04-17T00:00:00
284,OFF8XACPJ,5,200,2025-08-06,False,2023-10-09T00:00:00
285,OFFFOCUT1,25,150,2026-06-16,True,2026-06-06T00:00:00
286,SALEK7JJCE,30,150,2027-01-10,True,2023-11-25T00:00:00
287,PROMOV3EAST,10,300,2027-02-10,False,2023-09-23T00:00:00
288,PROMO89JDQK,30,300,2026-07-29,True,2024-12-12T00:00:00
289,OFFI3830U,5,150,2025-04-07,False,2025-12-28T00:00:00
290,TOPG2AZU4,25,300,2024-12-26,False,2024-11-02T00:00:00
291,SUPERL1SA8Z,15,500,2024-04-04,False,2025-01-21T00:00:00
292,MEGA8DGZ2W,40,50,2027-09-18,False,2025-10-16T00:00:00
293,MEGAW68UZF,5,100,2024-11-14,False,2025-09-29T00:00:00
294,SAVECGIGQ1,5,200,2025-07-25,False,2026-05-03T00:00:00
295,MEGAHETRQK,25,150,2026-12-13,False,2026-01-23T00:00:00
296,SALE832USE,40,200,2025-04-19,False,2023-12-25T00:00:00
297,SUPER44GM5I,50,200,2025-12-20,False,2025-11-16T00:00:00
298,SALEDKLXBQ,50,150,2025-05-05,False,2025-09-29T00:00:00
299,DESCHKN50T,30,500,2023-01-24,False,2025-06-03T00:00:00
300,TOP8DWMER,50,50,2026-12-02,True,2024-10-23T00:00:00
301,PROMO0SJQYH,10,300,2024-09-23,False,2024-01-27T00:00:00
302,TOPML8G1K,15,50,2025-09-11,False,2024-02-08T00:00:00
303,DESC0TFW25,50,200,2026-10-14,True,2024-09-02T00:00:00
304,PROMONW4ES9,25,300,2027-05-06,True,2025-05-18T00:00:00
305,SAVECAOSXX,20,500,2023-01-21,False,2025-02-16T00:00:00
306,SAVE99IXPD,30,300,2026-12-14,True,2024-01-20T00:00:00
307,TOPCBLCDW,40,50,2024-07-24,False,2025-01-27T00:00:00
308,SUPERWVCEGA,50,500,2026-04-22,False,2025-06-14T00:00:00
309,TOP62MDE7,30,150,2024-12-22,False,2023-09-28T00:00:00
310,PROMO4991UG,40,100,2023-04-29,False,2024-04-01T00:00:00
311,SALE22IOXW,40,50,2025-11-30,False,2024-01-06T00:00:00
312,MEGA6C6I11,25,50,2023-04-11,False,2023-02-08T00:00:00
313,SALE9UE7MR,20,200,2023-02-04,False,2023-01-01T00:00:00
314,DESCUEDBGP,10,150,2027-09-12,False,2025-01-23T00:00:00
315,SUPER2CEPBT,50,150,2025-06-08,False,2024-09-06T00:00:00
316,SUPERFN5OOS,15,500,2026-01-17,False,2025-07-27T00:00:00
317,SUPERO3S82D,5,150,2026-03-09,False,2023-05-19T00:00:00
318,SUPERZEUKQ4,15,50,2026-10-09,True,2025-06-07T00:00:00
319,OFFSH1DRA,25,200,2026-11-11,True,2023-03-30T00:00:00
320,SALEBIUZ22,20,300,2025-04-28,False,2023-11-20T00:00:00
321,SALE04QB91,5,500,2023-05-28,False,2024-05-03T00:00:00
322,PROMOJABHCT,50,500,2027-01-04,False,2023-10-12T00:00:00
323,DESCGLBP5Q,40,150,2024-12-25,False,2024-06-27T00:00:00
324,SAVECK0X5W,50,300,2026-06-20,True,2023-12-16T00:00:00
325,MEGABBGCZ5,30,300,2023-01-05,False,2023-10-23T00:00:00
326,OFF0A81GJ,25,500,2025-01-27,False,2025-11-18T00:00:00
327,PROMO8Y5LBY,20,300,2027-07-30,False,2024-09-15T00:00:00
328,SAVEOYIX1H,5,100,2025-11-27,False,2025-07-20T00:00:00
329,SALEP1BYT4,40,50,2024-10-24,False,2024-01-03T00:00:00
330,MEGA0B2LKB,40,300,2024-10-23,False,2024-12-12T00:00:00
331,OFF7WHT7H,15,300,2024-10-24,False,2023-01-02T00:00:00
332,SUPERABM5XO,40,200,2026-11-11,False,2025-06-24T00:00:00
333,OFFL2RB5N,10,200,2024-02-18,False,2023-08-14T00:00:00
334,SALEIK3M5K,20,500,2026-07-04,True,2025-05-25T00:00:00
335,SUPER2H0CGG,30,50,2024-10-21,False,2025-06-21T00:00:00
336,DESCOTMSNT,5,500,2026-05-04,False,2023-10-15T00:00:00
337,SAVERQB5YB,25,100,2025-09-25,False,2026-03-25T00:00:00
338,MEGAHZIPU6,20,200,2027-09-12,True,2026-03-03T00:00:00
339,OFFVKKJCV,20,150,2024-10-02,False,2023-08-20T00:00:00
340,SAVEJ0GYXF,40,500,2027-09-08,True,2024-07-20T00:00:00
341,MEGAQCJCMD,5,500,2026-03-01,False,2024-06-22T00:00:00
342,PROMO3PKEKA,20,150,2026-12-06,False,2023-01-16T00:00:00
343,SUPERBE6CKV,25,200,2025-03-14,False,2023-05-04T00:00:00
344,PROMONDQAOJ,25,100,2026-09-09,True,2024-01-05T00:00:00
345,SUPERQYF8TG,15,200,2026-11-03,True,2024-05-22T00:00:00
346,MEGADWO2UU,50,500,2026-02-04,False,2026-05-31T00:00:00
347,PROMOKQB4P1,20,300,2023-03-27,False,2023-01-13T00:00:00
348,PROMOMUNS1J,30,300,2024-03-07,False,2024-12-03T00:00:00
349,MEGA2BX7DS,10,200,2024-05-01,False,2025-07-25T00:00:00
350,DESCW0LK71,10,200,2027-03-23,True,2025-04-30T00:00:00
351,TOP5M2RKG,30,100,2023-03-22,False,2023-06-29T00:00:00
352,TOPUIZQ2M,40,100,2024-03-13,False,2024-01-24T00:00:00
353,DESCC7R0Z4,40,500,2023-10-09,False,2023-05-08T00:00:00
354,TOPKXXL0X,20,150,2026-12-13,False,2024-03-14T00:00:00
355,SAVENI2X6E,5,500,2024-09-19,False,2026-01-16T00:00:00
356,DESC47KTXI,25,500,2027-03-23,True,2025-02-20T00:00:00
357,OFFNZQBIE,30,100,2026-11-08,False,2023-10-29T00:00:00
358,TOPXZ8OZH,15,300,2024-10-06,False,2026-03-10T00:00:00
359,DESC4IR871,5,300,2025-01-11,False,2025-10-31T00:00:00
360,PROMOB49YIH,40,300,2027-07-26,True,2026-01-18T00:00:00
361,SUPER7ISJVN,20,150,2025-01-28,False,2024-04-03T00:00:00
362,PROMOVIK8L8,10,500,2025-11-10,False,2024-12-08T00:00:00
363,SUPERUV8GJF,15,100,2023-09-01,False,2025-06-18T00:00:00
364,TOPECE4TH,10,50,2023-01-28,False,2023-04-08T00:00:00
365,SAVENETI05,50,100,2025-08-27,False,2024-02-14T00:00:00
366,MEGAXUBILL,20,300,2023-07-09,False,2026-01-16T00:00:00
367,DESC4HS82Q,30,200,2025-11-19,False,2025-11-09T00:00:00
368,PROMOHTUI4Q,5,300,2024-11-04,False,2026-03-04T00:00:00
369,PROMO0ACYFB,5,50,2024-08-17,False,2025-03-11T00:00:00
370,PROMOK4KQS6,40,50,2025-05-18,False,2023-12-11T00:00:00
371,SAVEINU1DC,40,100,2027-07-11,True,2024-09-24T00:00:00
372,MEGAPL550O,40,100,2027-09-18,True,2023-12-22T00:00:00
373,MEGA9B9BXP,30,150,2025-05-26,False,2023-12-28T00:00:00
374,MEGAAKQCJU,20,50,2025-09-05,False,2026-03-26T00:00:00
375,MEGASCHDQV,25,300,2027-07-21,True,2024-07-04T00:00:00
376,SALEMAVFCG,5,500,2023-12-21,False,2024-03-08T00:00:00
377,SUPERJSEGQ6,10,50,2025-02-22,False,2026-04-10T00:00:00
378,TOPRZCW84,5,200,2027-08-05,True,2024-06-08T00:00:00
379,DESCKV6NTA,5,100,2023-12-31,False,2023-09-04T00:00:00
380,PROMORA6QI5,25,150,2026-04-21,False,2025-04-09T00:00:00
381,SUPERA83BHG,10,200,2025-05-29,False,2023-10-03T00:00:00
382,SAVE7RCOKC,40,500,2023-08-23,False,2024-05-15T00:00:00
383,MEGARMG90C,15,200,2023-07-17,False,2023-08-30T00:00:00
384,SUPERV75V0R,20,500,2025-11-29,False,2023-11-14T00:00:00
385,SUPER4H7GVE,15,300,2026-10-12,True,2024-01-17T00:00:00
386,SUPERM1P4NT,30,300,2023-02-26,False,2025-01-03T00:00:00
387,PROMOPJ70GS,10,500,2027-03-19,True,2025-07-10T00:00:00
388,DESCB5CJUP,50,200,2025-04-15,False,2023-07-05T00:00:00
389,OFF1BSGJ8,20,300,2024-10-23,False,2023-01-29T00:00:00
390,TOPJ2IL8N,15,500,2025-10-14,False,2023-09-10T00:00:00
391,TOP58G11V,20,100,2026-02-24,False,2023-12-16T00:00:00
392,SALEK92P60,5,200,2027-10-17,True,2026-06-11T00:00:00
393,PROMOPEND5S,25,50,2024-04-02,False,2024-10-16T00:00:00
394,SUPERSCWMP3,10,50,2025-02-04,False,2025-09-06T00:00:00
395,SAVEOT5LJ4,15,500,2025-06-18,False,2023-12-26T00:00:00
396,SAVERERQKA,25,100,2024-09-14,False,2023-04-11T00:00:00
397,PROMOV7P977,20,200,2025-12-06,False,2024-02-14T00:00:00
398,DESCEQYX3H,10,200,2025-03-24,False,2023-09-04T00:00:00
399,TOP1U8U74,15,500,2027-07-22,False,2023-10-03T00:00:00
400,TOPFHW3G4,5,200,2025-08-09,False,2026-02-06T00:00:00
401,SUPERPZHH13,20,150,2027-11-03,True,2026-05-18T00:00:00
402,TOPTPM2GW,25,50,2023-01-26,False,2025-02-01T00:00:00
403,SALEHH491J,5,50,2027-01-22,True,2023-04-28T00:00:00
404,SAVE5DAB4C,50,200,2025-12-01,False,2023-08-14T00:00:00
405,PROMOFWIZGL,25,300,2024-07-25,False,2023-01-31T00:00:00
406,TOPM6FI21,40,500,2027-08-09,True,2024-01-20T00:00:00
407,SAVEI15UQC,40,200,2023-12-01,False,2023-07-16T00:00:00
408,DESCIHOH83,30,500,2023-08-18,False,2026-03-13T00:00:00
409,SUPER9LLO4L,15,150,2027-09-05,True,2025-09-20T00:00:00
410,PROMOGHPSTR,25,500,2026-05-21,False,2024-12-26T00:00:00
411,OFF0AVT6F,50,50,2025-04-06,False,2024-03-10T00:00:00
412,OFF0EWHZT,40,200,2026-11-02,False,2026-04-05T00:00:00
413,SUPERTKEZ2R,15,300,2026-12-29,False,2024-08-06T00:00:00
414,PROMOGYLMOB,10,500,2024-12-24,False,2025-04-11T00:00:00
415,DESCWOMGWH,20,150,2026-08-26,True,2026-01-22T00:00:00
416,SUPERLJ7PV9,25,300,2027-06-21,False,2024-03-10T00:00:00
417,SALE7UQ40T,5,50,2023-04-17,False,2025-08-23T00:00:00
418,SUPERDF5V1D,50,50,2027-11-03,False,2024-03-24T00:00:00
419,OFFLRANR2,15,150,2023-12-28,False,2023-10-10T00:00:00
420,MEGANCI9SG,5,150,2025-05-17,False,2025-12-03T00:00:00
421,OFFFCZJC3,40,500,2026-10-18,True,2025-07-06T00:00:00
422,SAVE427VBA,10,300,2026-12-15,True,2023-03-31T00:00:00
423,TOPU5MQ97,25,200,2023-01-07,False,2024-05-09T00:00:00
424,SAVEQS1S0K,30,300,2026-07-25,False,2025-09-11T00:00:00
425,SUPER7TC9MG,30,150,2026-09-23,False,2025-06-25T00:00:00
426,SAVE94ZDH4,20,100,2027-06-15,True,2024-02-03T00:00:00
427,OFF2NY2DC,30,500,2027-07-19,False,2025-11-12T00:00:00
428,SALEO4EXEE,25,50,2023-03-18,False,2025-12-12T00:00:00
429,SALEXM682H,40,300,2026-03-26,False,2023-05-15T00:00:00
430,SUPERUNEU9Q,10,150,2025-04-11,False,2026-01-01T00:00:00
431,MEGAKD8DHC,25,200,2027-05-06,True,2025-12-16T00:00:00
432,MEGAB0YTHE,10,50,2024-07-06,False,2023-04-30T00:00:00
433,DESCC6TY0D,15,200,2026-04-08,False,2026-02-24T00:00:00
434,OFF0IFWNA,40,200,2023-10-01,False,2023-08-31T00:00:00
435,SAVEVMGS2X,50,500,2026-04-02,False,2026-05-24T00:00:00
436,DESCH2125V,10,100,2025-10-30,False,2023-04-30T00:00:00
437,MEGACWEBA8,5,300,2025-01-23,False,2024-03-11T00:00:00
438,TOPTLUXFL,5,500,2024-05-24,False,2024-08-14T00:00:00
439,MEGAXXCGYE,10,100,2026-03-16,False,2023-12-03T00:00:00
440,MEGAP7BOAD,20,200,2023-10-27,False,2024-07-05T00:00:00
441,PROMOP6PXKH,50,150,2025-05-03,False,2023-07-08T00:00:00
442,OFF1ZLPXC,25,50,2023-12-10,False,2025-02-05T00:00:00
443,OFFB90AE7,15,100,2025-05-14,False,2024-07-12T00:00:00
444,SAVEM1S3YI,5,300,2024-11-24,False,2024-04-14T00:00:00
445,PROMO8NTST1,40,50,2023-01-16,False,2023-12-01T00:00:00
446,OFF0J97JI,15,500,2027-10-14,True,2024-04-03T00:00:00
447,OFF73BRM1,40,100,2026-12-04,True,2025-09-20T00:00:00
448,DESCQN0Z39,40,150,2023-08-24,False,2023-10-12T00:00:00
449,SALES8RZB3,20,100,2024-01-28,False,2024-08-06T00:00:00
450,PROMO0UZD1H,40,500,2025-12-13,False,2025-09-04T00:00:00
451,SALEGDUVGG,40,300,2025-10-23,False,2025-08-13T00:00:00
452,SAVE6AQKN6,40,150,2024-06-20,False,2024-11-11T00:00:00
453,OFF2U05TC,50,300,2023-08-17,False,2024-11-13T00:00:00
454,TOPASISDK,15,500,2026-04-21,False,2023-09-18T00:00:00
455,SAVEAJOADV,25,300,2025-05-04,False,2025-05-23T00:00:00
456,SAVEHVHKX4,40,200,2023-01-12,False,2023-03-15T00:00:00
457,MEGAAAB909,30,200,2025-10-31,False,2023-07-07T00:00:00
458,MEGAP50C1G,50,200,2025-07-04,False,2024-07-07T00:00:00
459,MEGAKA3HRX,10,150,2026-03-23,False,2026-03-22T00:00:00
460,SAVEU0UUQG,30,200,2027-09-06,True,2025-02-11T00:00:00
461,SUPER7PZ0AQ,20,200,2023-10-31,False,2024-05-02T00:00:00
462,SUPERZFPVRJ,10,150,2024-01-01,False,2025-08-14T00:00:00
463,SUPERD7VR5A,50,300,2025-10-25,False,2023-09-13T00:00:00
464,TOPJNTH3M,20,100,2027-04-05,False,2023-10-20T00:00:00
465,MEGA1R66W1,50,300,2025-12-07,False,2024-12-22T00:00:00
466,SAVEIRV2ZI,40,100,2023-07-15,False,2024-07-15T00:00:00
467,OFF6B3ZES,40,300,2026-01-25,False,2025-04-10T00:00:00
468,SUPERZL44FM,20,300,2023-10-09,False,2025-05-17T00:00:00
469,DESCTGLPKB,20,150,2027-03-17,True,2025-10-09T00:00:00
470,DESCNE9WB2,5,200,2026-06-25,False,2025-01-20T00:00:00
471,OFFDAIGCR,50,50,2027-10-02,True,2024-06-23T00:00:00
472,PROMOLEMRD9,40,200,2023-09-09,False,2025-08-28T00:00:00
473,OFFBJ9N91,10,50,2023-09-30,False,2025-09-25T00:00:00
474,SAVEONEVA8,5,200,2023-11-05,False,2025-08-07T00:00:00
475,MEGAKLFM4D,20,50,2023-12-23,False,2023-02-28T00:00:00
476,SALETH5PY9,50,300,2023-09-01,False,2024-12-25T00:00:00
477,SUPERKYMRUU,10,300,2026-03-03,False,2023-08-09T00:00:00
478,SALE2LVD7Y,50,500,2024-01-23,False,2024-07-11T00:00:00
479,DESCB4J2HZ,15,200,2026-08-07,False,2024-08-03T00:00:00
480,SUPERL211PV,15,300,2024-12-24,False,2024-09-21T00:00:00
481,OFFGKCN79,10,300,2027-10-19,False,2025-09-16T00:00:00
482,PROMOO0IT9B,30,500,2025-12-08,False,2024-05-09T00:00:00
483,SUPERKSINL9,30,150,2026-02-16,False,2024-09-03T00:00:00
484,DESCADFE5G,10,500,2026-03-20,False,2025-01-11T00:00:00
485,OFFSTTOYJ,15,300,2026-07-10,False,2025-12-19T00:00:00
486,OFFP10FVB,10,150,2026-07-31,False,2024-05-20T00:00:00
487,SALEWWXJRS,50,150,2025-10-15,False,2025-02-06T00:00:00
488,OFFJJTRPU,20,50,2025-05-30,False,2026-02-01T00:00:00
489,SALE2GBO9I,50,200,2024-06-22,False,2025-11-04T00:00:00
490,TOP3SNY7M,15,500,2026-08-31,True,2023-03-13T00:00:00
491,TOP929WT2,10,200,2023-03-25,False,2025-04-12T00:00:00
492,SAVE09ON2B,20,500,2026-11-25,True,2025-12-13T00:00:00
493,PROMOB9ZS19,50,300,2025-09-17,False,2026-01-19T00:00:00
494,MEGAUQ2Z71,15,150,2026-09-25,True,2026-01-12T00:00:00
495,OFFFJ1JYE,10,200,2027-04-07,True,2025-02-06T00:00:00
496,TOPTOLQS7,20,200,2026-05-27,False,2025-07-22T00:00:00
497,TOPWGYFF3,15,500,2027-04-28,True,2023-10-21T00:00:00
498,SUPERDX8RRW,20,50,2027-07-12,True,2023-07-26T00:00:00
499,SUPERBA6938,40,50,2024-12-06,False,2025-03-18T00:00:00
500,DESC3KFP23,50,100,2027-12-24,True,2026-01-29T00:00:00
501,SAVEST84EW,25,300,2023-01-27,False,2023-09-01T00:00:00
502,MEGACYEWJI,30,100,2025-06-05,False,2023-03-12T00:00:00
503,SAVE6J62B3,10,150,2027-01-30,True,2023-05-21T00:00:00
504,OFFZNTB17,30,150,2024-01-26,False,2026-01-31T00:00:00
505,SAVETYQH5W,5,300,2027-10-10,True,2026-01-06T00:00:00
506,DESC2EJCQ2,50,50,2023-05-23,False,2023-03-04T00:00:00
507,DESCNS0OZS,10,500,2024-07-05,False,2023-05-18T00:00:00
508,SUPER24LW7D,50,100,2025-02-24,False,2025-08-02T00:00:00
509,TOPO8ZUUD,15,50,2024-07-25,False,2024-01-18T00:00:00
510,SUPERGU0NGQ,10,300,2027-02-18,False,2023-01-19T00:00:00
511,DESC9A5CIZ,20,50,2027-12-30,True,2025-07-14T00:00:00
512,OFFGM6QUZ,5,50,2027-05-08,True,2026-06-06T00:00:00
513,SAVE0GHKJH,20,150,2026-05-21,False,2024-01-28T00:00:00
514,OFFLBGNJA,30,300,2024-03-12,False,2025-08-13T00:00:00
515,MEGA058ZN6,15,300,2023-10-09,False,2024-02-11T00:00:00
516,PROMOPGFBKA,15,500,2026-03-11,False,2024-07-10T00:00:00
517,SAVEOMDDHZ,50,50,2025-09-29,False,2025-11-04T00:00:00
518,MEGAEW62JT,40,500,2027-08-18,True,2024-02-10T00:00:00
519,OFFAE766Z,30,100,2027-05-30,True,2024-01-25T00:00:00
520,MEGA78JMY0,40,100,2024-07-04,False,2025-01-08T00:00:00
521,SALE9I99PZ,25,150,2026-12-13,False,2025-04-17T00:00:00
522,MEGACG03ZX,15,500,2024-10-27,False,2024-10-30T00:00:00
523,SUPERSVQ9LX,5,500,2026-11-10,True,2025-11-21T00:00:00
524,DESCY610AQ,15,200,2026-07-04,True,2023-08-11T00:00:00
525,SUPER5POVOM,15,300,2024-11-18,False,2024-01-26T00:00:00
526,SUPERJUXHVO,25,300,2023-11-10,False,2023-10-31T00:00:00
527,TOP3BOJVL,25,300,2025-04-23,False,2025-04-13T00:00:00
528,SALE2DRYS9,5,50,2027-10-16,True,2024-03-30T00:00:00
529,MEGARESHQB,50,100,2025-02-20,False,2024-05-09T00:00:00
530,SUPERYM7Z0Q,40,200,2027-03-11,True,2023-04-30T00:00:00
531,SALED6P9PQ,25,500,2023-12-24,False,2024-08-31T00:00:00
532,SUPERT6VS1Q,25,150,2025-09-19,False,2023-09-16T00:00:00
533,MEGA8U81G1,10,200,2025-09-27,False,2025-01-03T00:00:00
534,PROMOFL8LOH,30,50,2023-04-11,False,2024-11-14T00:00:00
535,SUPERI0YR0V,25,500,2027-08-18,False,2026-04-24T00:00:00
536,OFF6O6SQE,50,150,2026-12-01,False,2025-05-29T00:00:00
537,OFFM298YV,20,100,2024-07-03,False,2024-06-20T00:00:00
538,TOPKGZA9W,15,150,2024-12-18,False,2023-09-22T00:00:00
539,SUPERUGRQVP,30,100,2027-11-19,True,2023-01-07T00:00:00
540,DESCJ0D233,15,150,2024-11-18,False,2024-05-09T00:00:00
541,OFF7N2742,50,500,2025-02-27,False,2023-10-21T00:00:00
542,SUPER0SLPR5,25,150,2024-08-15,False,2024-02-22T00:00:00
543,OFFB13J6K,30,300,2026-08-13,True,2024-02-28T00:00:00
544,MEGAXSJ6HK,20,100,2027-12-14,True,2025-02-10T00:00:00
545,SALEX0A5G9,5,500,2024-10-13,False,2024-05-18T00:00:00
546,SALEDSGYKV,10,150,2027-08-08,True,2025-07-03T00:00:00
547,SUPER2PXDBB,50,200,2023-07-17,False,2026-04-28T00:00:00
548,MEGATC1DU6,25,100,2024-12-04,False,2026-03-22T00:00:00
549,SALESYJRR5,25,200,2024-01-16,False,2025-03-23T00:00:00
550,MEGAV7KWAJ,25,100,2024-04-06,False,2026-03-12T00:00:00
551,SAVEN6W9HZ,30,300,2024-08-25,False,2026-05-11T00:00:00
552,SALEP8KYKR,25,300,2026-03-18,False,2023-04-30T00:00:00
553,OFFHBPHAE,5,300,2026-07-09,True,2024-10-02T00:00:00
554,MEGA43EMC4,30,300,2024-09-10,False,2025-04-03T00:00:00
555,DESC4FY6KQ,5,100,2023-12-14,False,2025-09-24T00:00:00
556,SALEY0MTO3,30,150,2025-02-20,False,2025-04-11T00:00:00
557,OFFP1QP77,10,200,2025-11-23,False,2023-06-09T00:00:00
558,SALE08WGFH,10,200,2023-11-29,False,2024-06-11T00:00:00
559,SUPER3MMAAH,50,50,2023-01-11,False,2023-12-12T00:00:00
560,MEGAHSJVQP,50,500,2023-02-23,False,2024-06-25T00:00:00
561,DESCSF1T4G,50,150,2025-04-02,False,2024-06-09T00:00:00
562,TOPJB5HEM,40,50,2023-11-04,False,2024-11-23T00:00:00
563,TOPC5Z110,10,50,2024-02-16,False,2026-05-22T00:00:00
564,SAVECB6RUU,10,300,2026-09-12,False,2026-06-03T00:00:00
565,SALEJWWUIM,40,50,2026-12-29,True,2025-03-30T00:00:00
566,OFFID1ITC,20,500,2024-03-19,False,2024-04-30T00:00:00
567,OFFSZFTDU,5,100,2027-02-03,True,2026-03-01T00:00:00
568,SUPERD1EQUK,40,150,2027-01-21,True,2023-12-04T00:00:00
569,SUPERMQKF1E,15,150,2023-07-09,False,2025-05-26T00:00:00
570,SUPERRDZK6N,20,300,2023-04-28,False,2024-03-26T00:00:00
571,SAVEQ4171O,50,500,2025-09-23,False,2025-05-21T00:00:00
572,SALEZDNRL9,15,300,2025-03-16,False,2026-01-22T00:00:00
573,OFF9LEGOY,15,500,2026-06-01,False,2025-01-17T00:00:00
574,SUPERQSVEID,50,300,2027-07-17,True,2023-06-05T00:00:00
575,SALEV0LY65,50,50,2025-08-31,False,2025-07-11T00:00:00
576,TOPF5TIWA,15,300,2027-04-30,True,2026-05-20T00:00:00
577,SALE7SKO35,30,500,2026-06-17,True,2025-01-12T00:00:00
578,SAVEX4I505,20,300,2024-10-25,False,2023-04-22T00:00:00
579,MEGAT7ME6Z,40,500,2026-12-27,False,2024-07-25T00:00:00
580,SALE30RB8Y,15,300,2026-09-17,True,2024-01-12T00:00:00
581,SALED14VRC,10,150,2025-02-04,False,2024-12-17T00:00:00
582,SUPERNN63BJ,50,50,2025-11-16,False,2024-04-12T00:00:00
583,DESC0C88CZ,50,200,2027-03-09,True,2026-04-30T00:00:00
584,SUPERXML3AI,50,150,2027-10-03,True,2026-02-16T00:00:00
585,PROMO3UTS6R,30,500,2025-04-28,False,2025-12-05T00:00:00
586,DESCWAG309,25,50,2026-11-13,False,2023-06-22T00:00:00
587,SAVE7P6STG,50,300,2027-12-16,True,2024-04-20T00:00:00
588,DESCICI2BC,30,300,2024-11-29,False,2025-10-15T00:00:00
589,SUPERE90O09,40,200,2024-04-13,False,2023-08-26T00:00:00
590,PROMOEQCOMM,25,50,2026-12-15,True,2023-01-13T00:00:00
591,SAVEDTW7WV,30,100,2025-05-20,False,2025-04-20T00:00:00
592,SALEWBL4W6,30,200,2027-10-14,False,2023-09-14T00:00:00
593,PROMOC0J5IH,40,300,2024-04-15,False,2025-09-10T00:00:00
594,SALERJK4AJ,40,100,2023-04-26,False,2023-06-10T00:00:00
595,SALEHJCQ0V,20,150,2025-07-13,False,2025-03-30T00:00:00
596,SUPERARCCGA,10,150,2025-06-26,False,2024-02-21T00:00:00
597,SUPERA8PBCO,20,200,2025-08-22,False,2023-06-14T00:00:00
598,DESCYOUHTY,5,50,2026-09-18,False,2023-02-11T00:00:00
599,DESC64GQKR,50,200,2026-10-05,True,2023-09-21T00:00:00
600,OFFXQ210P,25,500,2024-10-08,False,2023-01-11T00:00:00
601,PROMOHQZCQZ,10,100,2027-12-14,False,2026-01-19T00:00:00
602,SUPEREFZBX1,5,50,2025-01-16,False,2024-06-30T00:00:00
603,MEGA6VTEA6,5,50,2025-04-12,False,2023-09-07T00:00:00
604,PROMO3SB53D,40,200,2027-12-06,True,2025-06-05T00:00:00
605,MEGA60GHMG,50,150,2025-09-10,False,2024-12-29T00:00:00
606,MEGAHAEE1F,40,100,2027-09-08,True,2024-02-14T00:00:00
607,DESCNY0H1P,50,150,2023-10-16,False,2023-08-01T00:00:00
608,PROMOR6YL4W,20,150,2024-09-21,False,2025-04-21T00:00:00
609,TOP97CYJZ,15,150,2024-11-13,False,2025-01-31T00:00:00
610,SUPERT19Q96,50,100,2027-11-23,True,2023-07-19T00:00:00
611,PROMO3G4G3J,25,300,2027-02-16,True,2025-08-27T00:00:00
612,MEGA53VLDV,5,100,2026-07-03,True,2025-12-20T00:00:00
613,PROMORIIYTM,30,500,2023-10-27,False,2023-06-08T00:00:00
614,TOPHT3XV9,15,200,2023-05-07,False,2025-05-12T00:00:00
615,MEGARPLXL2,50,150,2024-01-19,False,2025-01-21T00:00:00
616,PROMOWMQC06,40,50,2025-05-25,False,2026-05-17T00:00:00
617,MEGAMI0V69,25,200,2023-05-08,False,2025-08-13T00:00:00
618,SALEIO4KNP,25,300,2027-02-04,True,2023-07-05T00:00:00
619,SUPERQ4ICB1,20,50,2026-08-27,True,2023-03-06T00:00:00
620,DESCBFDCUY,15,300,2025-09-02,False,2025-07-24T00:00:00
621,SALE1I9BK9,15,300,2027-04-28,True,2025-09-30T00:00:00
622,SALECNNE6M,20,100,2026-09-27,True,2025-06-07T00:00:00
623,DESC0Y1YEA,50,50,2025-09-02,False,2024-06-20T00:00:00
624,DESCQDNX69,50,100,2027-07-03,False,2026-04-23T00:00:00
625,SALEZDTX37,50,100,2025-08-30,False,2025-03-19T00:00:00
626,SALEH62HF2,5,500,2026-10-18,False,2024-01-17T00:00:00
627,MEGAUGGUHU,10,100,2023-04-30,False,2026-02-15T00:00:00
628,SAVE9YQ5XK,50,300,2027-04-27,False,2025-06-22T00:00:00
629,SAVEN3YJ05,40,200,2027-01-03,False,2024-03-28T00:00:00
630,SALE0M3QKC,30,200,2027-06-16,False,2023-12-04T00:00:00
631,MEGA14MCVC,40,500,2025-10-03,False,2025-05-29T00:00:00
632,MEGAB0PNWL,5,50,2023-08-23,False,2025-12-13T00:00:00
633,TOP6NF0P7,20,150,2025-04-28,False,2025-03-07T00:00:00
634,MEGA53XKNJ,15,150,2027-05-19,True,2025-10-10T00:00:00
635,MEGAPM1GED,25,500,2026-10-06,True,2023-07-10T00:00:00
636,SUPERXKGU4I,15,100,2027-05-24,True,2026-04-24T00:00:00
637,OFFQ9BW3C,5,500,2026-07-27,False,2023-03-31T00:00:00
638,SUPERN7FGXR,30,50,2023-10-30,False,2025-09-26T00:00:00
639,SAVEYG1J9P,15,50,2023-09-12,False,2026-04-05T00:00:00
640,PROMOC30HAE,5,50,2027-10-12,True,2024-04-07T00:00:00
641,SALE0IFPDB,5,300,2025-06-17,False,2023-12-27T00:00:00
642,SUPER4H7HW2,30,300,2024-06-30,False,2026-04-24T00:00:00
643,PROMOM4YBXT,30,50,2025-04-15,False,2025-12-23T00:00:00
644,TOP9K71IC,30,500,2026-04-22,False,2023-12-16T00:00:00
645,SUPERU50W5A,10,150,2025-05-24,False,2025-06-17T00:00:00
646,SAVEQ0QMEF,50,300,2024-07-22,False,2024-12-16T00:00:00
647,SAVE8HWW1C,40,50,2023-04-23,False,2024-03-30T00:00:00
648,MEGA2MPR03,5,100,2026-05-29,False,2023-04-23T00:00:00
649,SUPERBH1M13,5,500,2026-12-07,True,2023-02-13T00:00:00
650,TOPVX3PVP,30,50,2025-02-27,False,2023-01-10T00:00:00
651,SALE9XPLS3,40,300,2025-11-02,False,2026-01-29T00:00:00
652,PROMO2KXL9T,25,500,2025-05-15,False,2024-03-23T00:00:00
653,MEGA9CXDE3,10,200,2024-07-24,False,2023-01-07T00:00:00
654,OFFHR75WO,15,150,2026-09-29,True,2024-02-25T00:00:00
655,DESCZ72XM4,30,200,2026-03-15,False,2023-03-28T00:00:00
656,DESCWSJIUN,25,200,2023-07-16,False,2023-06-10T00:00:00
657,SAVEWCUI15,40,300,2025-04-10,False,2026-02-03T00:00:00
658,OFFBQZJA6,20,500,2027-09-03,True,2025-12-14T00:00:00
659,SUPERRE0DQH,50,500,2027-04-01,True,2023-08-23T00:00:00
660,OFFSI5AQQ,25,150,2023-10-14,False,2024-10-19T00:00:00
661,TOPSRH1PL,5,150,2027-02-27,False,2024-07-05T00:00:00
662,SALEUWUORX,40,50,2024-11-18,False,2024-11-01T00:00:00
663,OFFES3U3J,10,300,2024-06-26,False,2025-06-13T00:00:00
664,MEGAQSMZAE,40,50,2026-02-17,False,2025-01-20T00:00:00
665,OFFJBS0ZT,50,200,2023-09-22,False,2023-11-01T00:00:00
666,DESCHS34ZL,25,100,2023-05-27,False,2024-02-10T00:00:00
667,MEGAKUMHBV,10,500,2027-09-26,False,2025-10-18T00:00:00
668,MEGAR7WVFU,10,500,2026-09-06,False,2023-09-09T00:00:00
669,DESCCSVWM1,15,500,2024-04-07,False,2025-12-23T00:00:00
670,PROMOPTRPVK,50,50,2024-08-31,False,2023-11-28T00:00:00
671,SUPERRWWQ4O,20,100,2027-09-29,True,2026-03-22T00:00:00
672,TOPK7FMZS,50,300,2023-10-14,False,2026-03-07T00:00:00
673,SAVE12Y9O8,5,50,2026-02-22,False,2024-12-03T00:00:00
674,PROMOUKQA3M,20,200,2025-08-01,False,2025-01-12T00:00:00
675,SAVEDM5MI5,25,300,2023-07-25,False,2024-09-28T00:00:00
676,SAVEQE962J,30,200,2025-02-26,False,2023-05-15T00:00:00
677,SAVESG365P,10,300,2027-03-25,True,2026-01-17T00:00:00
678,PROMOTZIF29,40,300,2027-03-27,True,2025-03-08T00:00:00
679,OFFSUV1O5,50,50,2026-01-08,False,2025-08-22T00:00:00
680,SAVEMUZWX7,40,500,2027-02-13,True,2024-10-23T00:00:00
681,SAVEEFFM0Q,5,150,2027-04-27,True,2023-07-22T00:00:00
682,SUPERPLS4JQ,5,300,2023-03-30,False,2023-01-21T00:00:00
683,PROMOQ0U9VB,40,150,2024-10-30,False,2023-06-03T00:00:00
684,SALEK25DZT,40,200,2025-12-24,False,2024-06-23T00:00:00
685,DESCJVYF83,20,200,2023-10-23,False,2025-04-17T00:00:00
686,OFFPJRCW9,40,150,2023-07-18,False,2025-12-06T00:00:00
687,SUPERBC65LK,40,50,2026-02-01,False,2023-11-05T00:00:00
688,SALERQQGSM,20,300,2025-02-09,False,2023-05-27T00:00:00
689,TOPP2RGRW,50,500,2026-12-03,True,2024-03-05T00:00:00
690,SALEOXQME1,50,100,2026-09-22,False,2024-12-17T00:00:00
691,SUPERIQ19X4,30,50,2025-08-21,False,2025-06-19T00:00:00
692,OFFDB2X0A,30,200,2027-10-22,True,2026-01-03T00:00:00
693,TOPVWQ375,25,500,2027-06-08,False,2025-09-29T00:00:00
694,OFF62ERL3,15,150,2025-12-04,False,2023-03-02T00:00:00
695,DESCMWA1VN,50,100,2025-11-14,False,2025-12-17T00:00:00
696,PROMOYRO7RB,25,200,2026-10-21,True,2023-04-23T00:00:00
697,SUPER22VS7I,5,50,2023-07-13,False,2024-03-26T00:00:00
698,MEGAZE5D9Q,15,150,2023-02-14,False,2026-03-15T00:00:00
699,SAVEK1F4Y0,40,50,2023-05-18,False,2024-06-22T00:00:00
700,PROMOWK2XLO,30,100,2026-12-23,True,2024-05-01T00:00:00
701,SALE1ZGEZM,40,500,2027-09-09,True,2024-09-16T00:00:00
702,PROMOKCENR4,25,100,2024-04-30,False,2025-12-07T00:00:00
703,DESCXG3L62,25,200,2027-08-13,False,2023-11-13T00:00:00
704,DESCZAQQHU,10,500,2025-07-05,False,2026-03-08T00:00:00
705,PROMOT06J7J,10,300,2026-06-10,False,2023-07-01T00:00:00
706,SAVEGTXQME,30,100,2026-12-10,False,2023-07-16T00:00:00
707,MEGARQ2DSZ,15,150,2023-08-13,False,2023-04-05T00:00:00
708,MEGATVHTM7,30,200,2025-09-27,False,2025-01-19T00:00:00
709,SUPERZ7FS26,50,500,2026-04-26,False,2024-02-21T00:00:00
710,DESC8E0WA8,50,200,2026-11-09,False,2024-01-03T00:00:00
711,SAVEY8PTZT,20,500,2027-04-29,False,2023-07-23T00:00:00
712,DESC5W5B45,10,50,2027-02-03,False,2023-10-12T00:00:00
713,SALER0RQPQ,10,300,2027-01-06,False,2025-09-10T00:00:00
714,OFF3WPTIV,5,200,2025-03-27,False,2024-07-10T00:00:00
715,PROMO56E7MY,5,200,2024-07-02,False,2024-08-02T00:00:00
716,MEGARJWT9K,40,200,2027-05-23,False,2023-04-26T00:00:00
717,SALET5NJCL,50,500,2025-06-09,False,2025-11-03T00:00:00
718,DESC6SVHN9,50,500,2025-03-17,False,2024-01-16T00:00:00
719,TOPCC1XRW,15,50,2024-04-05,False,2023-02-21T00:00:00
720,DESC5J8RNP,15,200,2025-08-17,False,2024-03-15T00:00:00
721,SALEHPQ0C1,30,500,2024-01-15,False,2025-12-03T00:00:00
722,SALEH1BTQB,10,150,2023-10-24,False,2025-03-24T00:00:00
723,MEGAZQYCBZ,5,50,2026-01-07,False,2023-06-29T00:00:00
724,SUPERSXPBDV,20,50,2026-02-08,False,2023-06-27T00:00:00
725,SAVEKKJOMD,5,100,2023-02-18,False,2025-01-19T00:00:00
726,SAVEZBSV9B,15,500,2026-06-24,False,2025-06-03T00:00:00
727,SAVEWQEGC1,25,500,2026-03-09,False,2023-06-30T00:00:00
728,SAVEDXAGFE,25,50,2026-04-28,False,2024-01-23T00:00:00
729,SUPER1YUW63,40,150,2025-09-20,False,2024-09-20T00:00:00
730,SAVEMMEXVI,20,50,2024-08-10,False,2023-12-03T00:00:00
731,SAVE5C6MUO,10,500,2023-10-11,False,2025-07-14T00:00:00
732,SUPERDWFGAC,25,200,2027-02-08,True,2024-01-12T00:00:00
733,PROMOV5Z79J,30,200,2026-12-06,True,2024-01-06T00:00:00
734,OFFOLNN8O,15,300,2023-08-31,False,2025-03-22T00:00:00
735,PROMOE1ZBNB,30,50,2023-02-07,False,2025-07-22T00:00:00
736,SAVE07S4AA,40,200,2023-09-21,False,2023-06-23T00:00:00
737,OFFRR4BAY,15,100,2027-10-21,True,2024-11-02T00:00:00
738,TOPUYJV7S,15,300,2024-06-29,False,2025-03-19T00:00:00
739,SUPERNMFRM5,40,500,2026-10-29,True,2026-04-13T00:00:00
740,PROMO1HGPHO,50,300,2027-11-13,True,2025-03-29T00:00:00
741,TOPHP5EZF,10,50,2024-04-28,False,2024-06-28T00:00:00
742,MEGATUOV9B,5,100,2026-06-04,False,2024-02-20T00:00:00
743,PROMOLKIK8A,20,200,2026-10-02,False,2023-05-03T00:00:00
744,DESCIHFXOU,20,500,2023-12-09,False,2023-05-01T00:00:00
745,TOPYWAOYF,5,150,2025-09-16,False,2023-08-07T00:00:00
746,TOPUV4AIF,15,300,2024-04-11,False,2025-10-15T00:00:00
747,TOPT0RD0M,50,50,2025-12-05,False,2024-10-06T00:00:00
748,OFFN18Q7A,10,500,2024-04-15,False,2025-12-19T00:00:00
749,SAVEMSXF6Q,40,100,2026-04-12,False,2026-01-03T00:00:00
750,OFF2GEYBL,15,150,2023-05-22,False,2025-04-15T00:00:00
751,PROMOVHEFIM,10,300,2027-10-03,False,2025-02-25T00:00:00
752,MEGADWH6UH,40,500,2027-03-17,False,2023-03-25T00:00:00
753,MEGAZVSBMP,15,150,2025-05-30,False,2025-01-13T00:00:00
754,SALEKXWFOY,10,500,2026-08-22,True,2026-04-30T00:00:00
755,MEGAI0NSSM,30,300,2023-11-12,False,2025-03-24T00:00:00
756,OFFBF52B4,20,50,2025-08-30,False,2024-06-12T00:00:00
757,SUPERXT4QM8,20,50,2025-07-14,False,2024-02-01T00:00:00
758,SALE5O0KIH,40,150,2027-03-17,True,2024-04-19T00:00:00
759,SALE84R6KO,30,150,2026-02-10,False,2026-06-05T00:00:00
760,OFFTVWIA7,15,200,2023-12-14,False,2023-08-28T00:00:00
761,SALEZEUL4N,25,50,2025-08-17,False,2023-12-17T00:00:00
762,DESCDXZ9E3,40,300,2027-02-10,True,2023-05-12T00:00:00
763,PROMOF1YS8Y,20,50,2023-03-27,False,2024-12-18T00:00:00
764,DESCQBDGMB,50,150,2024-07-19,False,2023-10-06T00:00:00
765,TOP4RZ820,20,300,2023-08-16,False,2023-09-20T00:00:00
766,MEGARHFRJ1,10,300,2023-10-31,False,2025-04-06T00:00:00
767,MEGAA60WGR,15,150,2027-03-05,False,2025-03-23T00:00:00
768,DESCW8LA1F,5,200,2024-12-01,False,2024-01-09T00:00:00
769,PROMOESY0GF,20,100,2025-04-04,False,2025-02-23T00:00:00
770,PROMO32HEI0,15,300,2025-10-20,False,2023-01-31T00:00:00
771,SALEFMN3TO,25,300,2026-04-30,False,2024-11-24T00:00:00
772,MEGA5ALOFX,10,300,2026-08-14,True,2023-11-30T00:00:00
773,MEGAI565YQ,30,500,2025-03-02,False,2023-04-01T00:00:00
774,SUPER2GQ4RY,30,100,2025-01-25,False,2026-05-07T00:00:00
775,DESC88VL5A,40,300,2027-03-22,True,2023-05-28T00:00:00
776,MEGA5E0RVB,50,150,2026-11-02,True,2025-03-19T00:00:00
777,SUPERVXYWWI,20,150,2026-07-29,False,2024-03-04T00:00:00
778,DESCVUP6B5,30,500,2027-11-28,True,2026-05-07T00:00:00
779,OFFUSR1SX,5,100,2023-11-04,False,2023-02-03T00:00:00
780,PROMOTJXTSA,15,300,2027-12-11,False,2025-07-22T00:00:00
781,SUPERHPCO7R,40,100,2024-08-30,False,2025-10-04T00:00:00
782,DESC1RM9MP,10,200,2024-11-30,False,2023-05-14T00:00:00
783,SALE5BTE6G,50,500,2025-02-09,False,2023-12-30T00:00:00
784,SUPERWPADKN,5,100,2023-07-13,False,2023-01-02T00:00:00
785,PROMOSBOM5R,20,200,2026-11-11,True,2026-04-25T00:00:00
786,PROMON9KDZJ,50,100,2024-05-20,False,2024-01-23T00:00:00
787,MEGASZLMD4,5,100,2024-10-22,False,2023-11-15T00:00:00
788,SALEREKHUU,30,100,2023-08-20,False,2024-10-18T00:00:00
789,OFFU46N9E,20,100,2027-04-13,True,2025-12-12T00:00:00
790,SUPERZHKQCD,30,150,2025-06-02,False,2026-02-21T00:00:00
791,PROMOQPLJG8,15,100,2025-08-16,False,2023-11-27T00:00:00
792,SAVEU48J5K,15,100,2026-12-16,True,2024-05-21T00:00:00
793,SAVEDIX0GD,40,200,2026-11-02,False,2025-09-30T00:00:00
794,SAVE5RBU9R,5,100,2027-09-10,False,2024-07-21T00:00:00
795,SALE8FV4QE,5,150,2027-01-27,True,2026-03-18T00:00:00
796,MEGAZUR2B7,20,500,2025-09-15,False,2026-03-31T00:00:00
797,TOPVZJTQ1,30,200,2027-09-03,False,2026-03-06T00:00:00
798,SAVE0WL5Y5,5,500,2026-09-08,False,2024-01-15T00:00:00
799,SUPERAD9PH9,40,150,2027-04-12,True,2026-01-31T00:00:00
800,MEGA5K45PN,40,200,2025-12-21,False,2025-12-17T00:00:00
801,SAVE99GMBE,40,50,2026-07-08,True,2023-01-05T00:00:00
802,OFF2TWELI,15,150,2023-12-30,False,2023-10-19T00:00:00
803,TOP02FJCW,20,100,2024-04-13,False,2024-09-12T00:00:00
804,TOPVY28FY,25,200,2025-03-08,False,2023-09-22T00:00:00
805,OFFKZEZVS,40,500,2027-09-26,False,2026-05-02T00:00:00
806,SALE690OCJ,25,500,2023-05-19,False,2024-05-11T00:00:00
807,SAVEB3ZPYR,50,500,2027-04-27,True,2024-06-14T00:00:00
808,OFF05LSB5,15,500,2027-11-22,False,2025-04-07T00:00:00
809,OFFUAFVTC,20,50,2026-07-25,True,2026-06-08T00:00:00
810,MEGAMR5ETE,10,500,2023-06-05,False,2024-04-28T00:00:00
811,SUPER9SLUGY,15,500,2027-11-06,False,2023-03-11T00:00:00
812,SALED2VKBJ,5,300,2025-02-17,False,2026-06-06T00:00:00
813,MEGAY8W9SE,20,150,2025-05-06,False,2025-12-17T00:00:00
814,TOPN3RNZ1,20,200,2027-08-30,True,2025-03-23T00:00:00
815,OFF7KRXWJ,40,100,2026-08-15,False,2024-09-17T00:00:00
816,SAVE4ISS9W,40,500,2023-12-03,False,2024-04-24T00:00:00
817,SALEZV2DBD,50,300,2023-10-12,False,2025-06-07T00:00:00
818,SUPERGLKXST,5,50,2026-06-28,True,2026-02-20T00:00:00
819,MEGAJNG3LD,30,100,2027-05-28,True,2024-10-02T00:00:00
820,TOPH1LNQK,30,150,2027-06-14,False,2023-06-21T00:00:00
821,SUPERFXV80W,30,50,2025-01-10,False,2023-08-01T00:00:00
822,OFF3TA2B5,50,150,2026-05-02,False,2024-01-29T00:00:00
823,OFFEELLFH,5,500,2027-08-21,True,2024-02-17T00:00:00
824,SUPERLWJTO8,30,200,2024-05-25,False,2025-04-29T00:00:00
825,DESCG8KHXB,10,100,2024-01-13,False,2023-12-07T00:00:00
826,OFFX3GG09,10,300,2026-03-20,False,2023-05-21T00:00:00
827,PROMOXSXKT9,20,150,2026-02-27,False,2024-06-30T00:00:00
828,DESC33889K,20,500,2024-10-23,False,2024-02-08T00:00:00
829,SAVEPBFL0P,30,50,2023-09-12,False,2023-01-30T00:00:00
830,PROMOU4O02E,40,500,2026-09-15,True,2024-04-03T00:00:00
831,PROMO7BS428,15,50,2025-02-05,False,2025-02-21T00:00:00
832,SALE6FPP9E,40,150,2024-05-31,False,2024-10-15T00:00:00
833,TOPYQNOEN,10,300,2026-08-18,False,2024-06-12T00:00:00
834,OFF5Y50KA,20,500,2024-07-04,False,2024-09-21T00:00:00
835,SUPERHMFIEP,30,50,2023-11-13,False,2023-10-24T00:00:00
836,OFFTDG6WB,25,100,2024-08-06,False,2025-11-02T00:00:00
837,TOPFUG1SL,5,200,2023-12-23,False,2023-06-18T00:00:00
838,TOP3A65LD,30,100,2024-05-03,False,2026-06-08T00:00:00
839,TOPRZT94T,5,150,2024-07-17,False,2024-10-13T00:00:00
840,TOP8JR7PN,40,50,2023-01-31,False,2024-09-15T00:00:00
841,SALE72GU0Y,50,200,2024-11-05,False,2023-08-21T00:00:00
842,TOPXEV7GV,40,300,2023-09-30,False,2024-04-21T00:00:00
843,MEGAJEBPON,15,50,2024-08-24,False,2025-09-05T00:00:00
844,SAVEFLTIE1,30,150,2027-05-20,True,2026-04-06T00:00:00
845,SALE43AAD9,5,200,2027-12-08,False,2023-01-08T00:00:00
846,TOPMUW9CR,25,50,2024-10-08,False,2024-10-05T00:00:00
847,SUPERGB4DAY,15,150,2026-06-19,True,2026-03-31T00:00:00
848,SALEIM9PPZ,30,200,2027-03-26,True,2024-05-24T00:00:00
849,DESCIAVZL2,25,50,2024-10-19,False,2025-06-04T00:00:00
850,SUPER37IEAX,10,200,2026-06-12,True,2025-12-05T00:00:00
851,TOP053Y9P,15,150,2025-04-12,False,2026-01-24T00:00:00
852,DESCC34TGR,30,50,2025-01-06,False,2026-03-02T00:00:00
853,SALEB8R6OC,50,300,2025-10-13,False,2024-08-30T00:00:00
854,SALESEQF88,40,200,2025-03-07,False,2026-01-19T00:00:00
855,DESCJYVEFK,15,300,2024-09-18,False,2023-12-18T00:00:00
856,OFF52FTSG,30,50,2023-01-04,False,2023-01-02T00:00:00
857,PROMOFUH0B0,20,150,2025-06-16,False,2024-08-18T00:00:00
858,PROMOU3V6A0,5,200,2023-11-16,False,2023-06-23T00:00:00
859,PROMOXXZ788,40,500,2025-01-31,False,2025-03-11T00:00:00
860,SALEMVW5BQ,40,500,2024-03-17,False,2024-07-02T00:00:00
861,TOPCZEVFW,20,300,2023-02-17,False,2023-11-06T00:00:00
862,MEGAJA7FW0,30,300,2023-11-15,False,2023-12-30T00:00:00
863,TOPS6ZTQ4,25,50,2023-04-29,False,2024-05-05T00:00:00
864,SALEWZSMZL,5,100,2025-09-09,False,2025-06-17T00:00:00
865,SAVESUYEAS,30,150,2023-02-09,False,2025-04-28T00:00:00
866,DESCI6KIXU,10,300,2024-07-26,False,2025-10-24T00:00:00
867,DESCUEQLW3,50,50,2023-07-24,False,2024-01-22T00:00:00
868,SUPERYN6H6K,40,500,2023-06-13,False,2023-11-09T00:00:00
869,DESCIC27Z6,50,150,2027-04-05,False,2025-05-20T00:00:00
870,DESCKK9LC9,15,200,2024-11-01,False,2023-02-13T00:00:00
871,SAVE03OZVO,5,150,2027-12-01,True,2023-07-27T00:00:00
872,SALE1DS0P3,25,100,2024-06-22,False,2026-04-07T00:00:00
873,SAVE9KQXUD,30,50,2024-03-27,False,2025-12-17T00:00:00
874,SAVES76BSM,50,300,2023-03-06,False,2023-09-13T00:00:00
875,DESC7X1I13,5,100,2025-08-06,False,2024-05-05T00:00:00
876,PROMO3O048Z,20,50,2024-09-28,False,2026-01-06T00:00:00
877,SALEZ9K8L8,5,150,2026-04-17,False,2023-02-13T00:00:00
878,TOPDSEDJE,50,100,2027-09-06,False,2024-03-18T00:00:00
879,DESCHHG8KV,15,300,2027-12-06,False,2025-05-15T00:00:00
880,MEGAFL3FQM,40,200,2026-05-18,False,2025-08-14T00:00:00
881,TOP7R319S,30,50,2024-03-26,False,2025-02-28T00:00:00
882,PROMO6267G2,20,300,2027-04-22,False,2023-04-18T00:00:00
883,OFFZQEF7P,30,300,2023-08-25,False,2024-03-17T00:00:00
884,OFF58SSBI,15,200,2023-03-02,False,2025-09-07T00:00:00
885,DESCNJQARO,25,150,2023-01-26,False,2026-01-26T00:00:00
886,MEGABBWMW3,50,100,2023-08-21,False,2025-11-28T00:00:00
887,OFF40TGM5,25,150,2023-03-25,False,2025-12-16T00:00:00
888,TOPCEJTM7,50,100,2026-03-13,False,2023-04-19T00:00:00
889,OFFOTAC5G,20,150,2024-10-19,False,2023-04-06T00:00:00
890,SUPERRAWELB,5,150,2027-11-03,True,2023-06-08T00:00:00
891,OFFMTD44O,5,150,2027-10-26,True,2024-01-03T00:00:00
892,SUPERL5QXMC,10,50,2027-11-07,True,2025-02-20T00:00:00
893,SAVE3ZVBOS,30,500,2025-11-21,False,2026-01-29T00:00:00
894,SUPER8IQTWY,5,500,2024-05-14,False,2024-05-22T00:00:00
895,OFFIV3E0E,10,100,2025-11-01,False,2024-12-30T00:00:00
896,PROMO1GKLOY,30,300,2025-06-28,False,2023-12-21T00:00:00
897,DESCQS7ATO,40,200,2023-10-13,False,2024-10-05T00:00:00
898,OFFGGKH6O,30,50,2023-03-03,False,2024-01-05T00:00:00
899,TOP7ZRHDD,50,100,2026-04-30,False,2026-04-22T00:00:00
900,MEGAQBK46X,20,150,2027-10-12,True,2023-02-27T00:00:00
901,SALEUS3YGU,10,300,2023-04-09,False,2023-10-07T00:00:00
902,PROMOBD2XKY,30,200,2024-02-15,False,2025-02-02T00:00:00
903,TOPOJO501,25,300,2027-02-07,False,2024-08-10T00:00:00
904,SAVEVQGFS9,30,100,2024-04-17,False,2025-08-15T00:00:00
905,MEGABZI3PQ,30,300,2027-04-20,True,2024-10-14T00:00:00
906,SALETR89R0,50,150,2027-01-19,False,2024-06-05T00:00:00
907,MEGATD01BX,40,500,2024-08-04,False,2024-03-29T00:00:00
908,SALEX8AYEW,15,150,2023-01-06,False,2026-06-06T00:00:00
909,SAVELI2UU1,40,200,2027-02-05,False,2025-02-18T00:00:00
910,MEGABFDWDM,25,150,2025-10-31,False,2026-04-05T00:00:00
911,PROMOEF4KU1,20,500,2025-07-21,False,2023-10-22T00:00:00
912,OFFF4IK03,15,50,2023-07-24,False,2024-05-21T00:00:00
913,SAVEQX9281,50,500,2025-08-07,False,2025-09-23T00:00:00
914,OFF8RCYVJ,10,500,2024-12-26,False,2023-09-21T00:00:00
915,SALE33JYE6,25,300,2024-08-30,False,2025-09-15T00:00:00
916,SUPERK5A2JS,5,300,2027-10-17,True,2023-07-17T00:00:00
917,TOPTO6FEY,10,500,2027-08-30,True,2024-03-16T00:00:00
918,DESCQSRRNW,15,300,2023-02-14,False,2024-04-24T00:00:00
919,SUPERMFB4HL,25,100,2027-12-04,True,2023-07-31T00:00:00
920,SUPERFINOIS,5,100,2027-10-29,True,2024-09-26T00:00:00
921,SAVE20SDKU,40,500,2023-07-01,False,2024-03-15T00:00:00
922,MEGACS72ZE,50,200,2024-11-29,False,2025-06-20T00:00:00
923,MEGALXED3O,40,200,2024-05-01,False,2025-05-24T00:00:00
924,SUPERIHDM1I,25,150,2026-02-24,False,2025-11-07T00:00:00
925,MEGARAWP5S,30,50,2024-06-01,False,2025-11-19T00:00:00
926,SAVERIPSVO,50,100,2024-05-04,False,2023-02-26T00:00:00
927,SAVEMXU61T,30,300,2026-09-13,True,2025-05-13T00:00:00
928,SAVEAL59HN,15,50,2025-12-26,False,2025-05-10T00:00:00
929,SALEZIOVZL,50,150,2024-03-23,False,2024-11-16T00:00:00
930,SUPERRTYA8R,30,150,2023-01-05,False,2023-03-04T00:00:00
931,TOPWKUFN6,20,50,2025-06-17,False,2023-02-01T00:00:00
932,MEGAECDPTT,30,100,2024-02-13,False,2024-02-12T00:00:00
933,MEGAGHHIPH,40,500,2027-02-13,True,2025-10-01T00:00:00
934,SALEJJ8D5V,25,500,2024-10-03,False,2024-03-04T00:00:00
935,PROMO9059VD,5,150,2024-04-09,False,2023-07-07T00:00:00
936,PROMO71LKXM,50,500,2024-05-13,False,2023-07-24T00:00:00
937,SUPERWJCFGP,10,500,2024-01-10,False,2024-04-28T00:00:00
938,TOPXLE3VQ,40,300,2023-06-28,False,2023-08-12T00:00:00
939,TOP8SECX2,15,100,2023-02-12,False,2025-06-22T00:00:00
940,TOPY2D9LJ,40,150,2023-09-17,False,2024-02-10T00:00:00
941,SALE3M96GJ,5,300,2027-05-19,True,2025-10-15T00:00:00
942,TOPTPTPC8,30,50,2025-12-04,False,2024-03-13T00:00:00
943,DESCFDO2ZJ,5,300,2024-07-19,False,2023-02-07T00:00:00
944,OFFDLG5YH,15,150,2026-11-16,True,2023-01-13T00:00:00
945,SALE90DCJ8,50,500,2025-07-17,False,2023-10-05T00:00:00
946,DESCGZGJML,15,150,2025-08-01,False,2025-05-09T00:00:00
947,DESCOJ7TYL,20,200,2025-02-16,False,2023-12-16T00:00:00
948,SUPER5E1NNT,20,100,2024-04-01,False,2023-04-12T00:00:00
949,MEGABTUHFB,25,50,2025-03-18,False,2026-04-20T00:00:00
950,SAVEMA7KRU,50,300,2024-04-07,False,2025-11-19T00:00:00
951,SALEV86C9C,20,300,2025-02-03,False,2025-07-11T00:00:00
952,OFF03VHCW,20,50,2026-07-21,True,2024-03-16T00:00:00
953,DESCS406FL,50,50,2023-08-25,False,2025-05-14T00:00:00
954,OFFB8XPW7,20,50,2024-09-06,False,2025-11-15T00:00:00
955,OFF446DID,50,100,2027-06-28,True,2025-11-03T00:00:00
956,DESCJ4AG9X,15,100,2024-02-14,False,2024-02-10T00:00:00
957,SALEAG7XKI,30,500,2025-07-03,False,2023-06-29T00:00:00
958,MEGAHV260A,20,500,2024-11-27,False,2026-03-10T00:00:00
959,MEGATXAZEK,30,500,2023-10-02,False,2023-10-20T00:00:00
960,PROMOVPTDXM,25,300,2024-08-07,False,2026-01-26T00:00:00
961,TOPUA9K5H,10,300,2027-10-31,False,2025-11-26T00:00:00
962,SUPER2FBFKN,30,300,2026-03-12,False,2024-10-12T00:00:00
963,TOP2F9IUP,10,500,2026-05-11,False,2026-04-26T00:00:00
964,SUPERIKD2RS,20,500,2025-11-08,False,2025-12-23T00:00:00
965,DESCZ6OEW0,10,200,2023-07-30,False,2025-12-01T00:00:00
966,SUPERTWRJ0M,15,50,2026-09-21,False,2024-09-07T00:00:00
967,PROMOYMBUKG,25,500,2025-10-09,False,2025-08-08T00:00:00
968,DESCB1TJW6,50,300,2026-03-04,False,2025-09-11T00:00:00
969,PROMOYLIYCH,25,300,2025-06-12,False,2026-01-04T00:00:00
970,SALEYOGOSH,40,150,2025-08-29,False,2026-01-28T00:00:00
971,PROMOVY90X9,25,300,2023-06-06,False,2024-04-09T00:00:00
972,SALEN6BONQ,10,200,2026-03-27,False,2025-01-25T00:00:00
973,SAVELYI4XW,40,200,2027-10-27,True,2024-12-15T00:00:00
974,TOPB4TGNB,50,150,2026-04-18,False,2024-10-23T00:00:00
975,DESCXTA396,25,100,2024-12-04,False,2026-03-24T00:00:00
976,OFFOWTCKH,30,300,2025-05-21,False,2023-01-13T00:00:00
977,SAVEJEWRY0,50,500,2023-09-12,False,2023-05-01T00:00:00
978,OFF3XEFPB,10,300,2027-03-25,False,2024-02-04T00:00:00
979,SUPERTR3EMA,10,50,2025-02-18,False,2023-09-03T00:00:00
980,SAVEVNDWHC,50,200,2024-04-01,False,2026-03-12T00:00:00
981,MEGA13Z2AH,20,100,2027-02-02,True,2026-04-11T00:00:00
982,SALEPTWBB8,20,100,2027-05-28,True,2026-04-09T00:00:00
983,OFF2HPU66,15,300,2027-12-13,True,2026-01-12T00:00:00
984,OFF5H8FXK,10,300,2024-04-30,False,2023-09-04T00:00:00
985,SAVEMXLVQH,40,300,2025-04-11,False,2025-04-10T00:00:00
986,TOPO98FKH,5,100,2027-12-10,True,2023-07-01T00:00:00
987,TOPGYURTF,50,100,2027-07-28,True,2024-12-21T00:00:00
988,SUPER3FIJR1,30,50,2025-01-26,False,2025-09-12T00:00:00
989,PROMOPG6PJ1,30,50,2024-07-05,False,2025-02-07T00:00:00
990,TOPUQU5DK,15,500,2025-01-06,False,2023-09-24T00:00:00
991,SAVER93DF6,30,500,2023-04-11,False,2025-02-15T00:00:00
992,SALEJ0WHZB,10,500,2026-07-30,True,2024-01-05T00:00:00
993,MEGADME25N,40,100,2025-09-25,False,2024-03-09T00:00:00
994,MEGABKIJIT,40,200,2027-02-02,False,2026-02-22T00:00:00
995,PROMOJ0Z2V6,10,300,2023-01-27,False,2024-08-11T00:00:00
996,MEGAMWPTZI,15,150,2025-08-08,False,2025-01-17T00:00:00
997,SUPERXLUY4P,20,100,2026-12-07,False,2024-08-18T00:00:00
998,OFFRKIH8T,25,150,2024-09-23,False,2024-01-28T00:00:00
999,OFFISL6H4,5,50,2027-01-06,True,2024-11-05T00:00:00
1000,SAVEJAU0MW,40,150,2027-06-20,False,2026-05-24T00:00:00
1001,MEGAML2QEM,10,500,2024-12-21,False,2024-05-27T00:00:00
1002,SALERUNPZ1,20,200,2026-12-25,False,2026-03-19T00:00:00
1003,SAVEPAVB04,40,150,2027-10-05,True,2023-04-04T00:00:00
1004,MEGA4EEHJ5,10,100,2025-12-24,False,2024-07-05T00:00:00
1005,SALEYRXQ0C,30,300,2024-05-20,False,2026-05-12T00:00:00
1006,MEGAP0KKD0,40,200,2025-04-01,False,2023-12-04T00:00:00
1007,SAVE7TXLN9,20,200,2024-11-05,False,2024-09-12T00:00:00
1008,MEGAERZYJJ,40,100,2026-09-03,True,2025-08-06T00:00:00
1009,MEGAOP8GP8,20,150,2023-11-23,False,2023-12-16T00:00:00
1010,MEGAMKZQWX,15,300,2027-08-28,False,2025-06-26T00:00:00
1011,OFFFKRKWN,10,300,2024-04-16,False,2023-01-18T00:00:00
1012,TOPWZF3L4,20,500,2025-10-26,False,2026-02-23T00:00:00
1013,SAVE646ADG,10,150,2023-07-17,False,2025-12-21T00:00:00
1014,TOP1KHX3Q,40,50,2024-08-01,False,2023-10-30T00:00:00
1015,SUPERANDNKK,15,500,2027-04-30,False,2024-05-04T00:00:00
1016,DESC68IXRS,10,150,2023-03-25,False,2025-11-05T00:00:00
1017,DESCQ5SDC0,25,500,2024-01-13,False,2023-09-30T00:00:00
1018,MEGA3SVJL3,15,100,2026-04-06,False,2026-06-01T00:00:00
1019,SUPER4I2B4M,25,150,2023-11-29,False,2025-06-22T00:00:00
1020,SUPERP8OBYS,20,500,2024-07-18,False,2025-06-30T00:00:00
1021,MEGAZ7P7KX,5,300,2024-03-24,False,2025-07-08T00:00:00
1022,SAVE65T0PZ,20,200,2027-08-29,True,2023-04-20T00:00:00
1023,SALEP08SZI,30,150,2024-03-31,False,2023-06-03T00:00:00
1024,MEGACTCS0G,50,150,2026-09-21,True,2025-09-25T00:00:00
1025,MEGAUXLXFO,15,50,2025-10-06,False,2024-05-28T00:00:00
1026,TOPP6Y3MQ,50,500,2027-04-02,True,2023-08-11T00:00:00
1027,MEGA7425W0,30,200,2027-04-08,True,2025-07-25T00:00:00
1028,DESCJMP98G,20,100,2024-04-02,False,2024-07-01T00:00:00
1029,SAVE5PMMO0,15,50,2023-07-28,False,2023-07-06T00:00:00
1030,SUPERWT9AW7,10,50,2026-04-25,False,2023-04-11T00:00:00
1031,SAVE9T09Z8,30,200,2023-01-20,False,2024-06-19T00:00:00
1032,TOP9XO418,15,500,2024-08-07,False,2024-07-14T00:00:00
1033,MEGAQ7AGSA,15,200,2026-01-06,False,2026-06-10T00:00:00
1034,TOPWABCPM,5,100,2025-12-29,False,2025-11-29T00:00:00
1035,SAVE2HDZL9,5,300,2026-01-06,False,2024-01-21T00:00:00
1036,PROMOJ6BF8X,40,300,2024-06-03,False,2024-07-03T00:00:00
1037,OFFMXOIKB,40,200,2026-04-27,False,2025-04-09T00:00:00
1038,DESCFJENPW,15,500,2026-08-04,False,2025-08-09T00:00:00
1039,DESCNA0RGS,15,200,2024-09-02,False,2024-05-24T00:00:00
1040,SUPER6CQVYL,40,300,2026-08-10,True,2024-09-25T00:00:00
1041,PROMORTI4TT,20,500,2024-11-23,False,2024-08-19T00:00:00
1042,OFF0XRAN0,20,300,2024-07-05,False,2024-08-10T00:00:00
1043,SAVEDA0YI4,10,500,2027-11-27,False,2023-11-13T00:00:00
1044,PROMOG20YOQ,40,200,2025-02-04,False,2024-10-22T00:00:00
1045,SAVE2EVIUX,10,50,2027-03-21,False,2026-06-10T00:00:00
1046,TOPO5J7ZH,50,150,2026-12-13,True,2025-03-28T00:00:00
1047,SAVESNS1TS,15,200,2023-02-26,False,2026-03-13T00:00:00
1048,OFFKF53X9,5,300,2024-01-27,False,2025-04-30T00:00:00
1049,MEGAHHNNKR,40,100,2025-03-20,False,2025-07-28T00:00:00
1050,TOPRCCRV0,50,200,2024-11-09,False,2024-05-09T00:00:00
1051,OFF5T07OT,40,500,2024-12-07,False,2025-01-20T00:00:00
1052,OFF2JR6IA,10,150,2027-11-29,True,2023-11-10T00:00:00
1053,PROMONLPA1R,5,50,2025-11-06,False,2023-08-02T00:00:00
1054,OFF4O8DAY,40,200,2023-03-28,False,2024-04-29T00:00:00
1055,PROMOQY6FCR,40,50,2025-08-01,False,2024-11-30T00:00:00
1056,SAVEWEMKLG,40,500,2027-05-21,True,2023-11-02T00:00:00
1057,TOPJP3YH4,15,300,2024-02-06,False,2023-04-22T00:00:00
1058,DESCWYFS8E,20,150,2024-11-14,False,2023-01-09T00:00:00
1059,SAVEFFMK3M,15,300,2023-11-15,False,2026-03-19T00:00:00
1060,TOP5MCMN0,5,200,2027-11-09,False,2023-03-08T00:00:00
1061,SUPERLZZTLC,25,500,2025-11-26,False,2023-05-13T00:00:00
1062,OFFF0GZQE,30,150,2027-03-27,True,2024-05-12T00:00:00
1063,SAVE0979G4,50,100,2026-05-08,False,2025-04-10T00:00:00
1064,TOPFZYG3N,30,500,2025-11-28,False,2023-05-31T00:00:00
1065,MEGA0F2MEB,5,50,2027-08-04,True,2024-08-02T00:00:00
1066,TOPD0TP1P,30,50,2023-11-30,False,2025-05-10T00:00:00
1067,OFF5D2RJW,10,500,2026-03-07,False,2023-08-05T00:00:00
1068,SUPERLTMKP5,5,300,2023-11-06,False,2023-03-24T00:00:00
1069,PROMOKUE7I1,25,300,2023-08-29,False,2024-09-20T00:00:00
1070,PROMOCDMFLL,5,50,2027-12-07,True,2024-11-03T00:00:00
1071,OFF6SJCZ1,5,150,2025-07-05,False,2024-02-25T00:00:00
1072,TOPHZOCOG,20,300,2027-11-05,False,2024-04-22T00:00:00
1073,SAVEREXSHT,10,100,2026-02-12,False,2025-10-30T00:00:00
1074,SALE56O50B,30,300,2024-06-16,False,2025-05-21T00:00:00
1075,DESCFPNZEG,30,500,2024-08-04,False,2023-12-02T00:00:00
1076,PROMOX42XBK,15,200,2025-08-29,False,2025-08-02T00:00:00
1077,SUPERQFARYI,10,100,2026-11-28,False,2025-12-15T00:00:00
1078,SUPERZAYBQT,15,300,2025-05-16,False,2023-10-26T00:00:00
1079,PROMO5Q18X2,20,50,2027-01-18,True,2025-04-09T00:00:00
1080,SALEFKL348,10,50,2027-08-01,False,2026-03-04T00:00:00
1081,SALETREPD8,25,100,2027-12-20,True,2024-04-05T00:00:00
1082,SAVE6GEOGP,20,300,2026-12-22,True,2024-04-01T00:00:00
1083,SALEXDRL2M,20,100,2026-10-04,False,2023-06-09T00:00:00
1084,MEGAG6US1C,40,500,2025-07-03,False,2026-04-30T00:00:00
1085,OFF62MJ0X,5,100,2025-08-23,False,2025-05-21T00:00:00
1086,DESCJQJKFT,25,100,2026-09-21,True,2024-09-28T00:00:00
1087,SUPERAFTKM9,50,300,2024-07-07,False,2023-11-18T00:00:00
1088,SALEI5AT64,50,500,2026-07-05,False,2023-11-13T00:00:00
1089,SALEZ9IKBP,40,300,2024-08-11,False,2023-04-25T00:00:00
1090,PROMO7UXZUQ,25,50,2024-02-23,False,2023-09-11T00:00:00
1091,SUPERH8J6LJ,15,300,2023-05-07,False,2024-07-12T00:00:00
1092,OFFURL222,10,100,2027-04-12,True,2023-11-05T00:00:00
1093,TOPFOHQXF,15,200,2024-10-03,False,2025-05-06T00:00:00
1094,OFFPAP6I7,5,300,2025-03-24,False,2023-08-20T00:00:00
1095,DESCVYSUVQ,20,200,2027-02-18,False,2025-08-15T00:00:00
1096,SUPER9QLQCZ,30,50,2023-12-30,False,2024-03-08T00:00:00
1097,OFFF6VKR0,30,150,2023-07-10,False,2025-06-05T00:00:00
1098,PROMOBGVMQR,5,150,2026-04-27,False,2023-03-05T00:00:00
1099,SALEVEJ56K,5,500,2027-01-04,False,2024-02-07T00:00:00
1100,PROMOYVSKLX,20,300,2023-02-18,False,2023-02-27T00:00:00
1101,PROMO2L6KVN,40,150,2023-09-01,False,2025-04-27T00:00:00
1102,SAVEA6QJ3I,5,100,2024-07-21,False,2025-02-19T00:00:00
1103,SUPERFXTP93,50,200,2025-07-18,False,2023-09-24T00:00:00
1104,MEGAHGDM9K,50,300,2025-03-12,False,2024-08-28T00:00:00
1105,DESCN2LATK,50,200,2027-04-23,True,2023-02-28T00:00:00
1106,SALEX272YJ,40,100,2023-02-24,False,2025-02-20T00:00:00
1107,MEGAZRPMW5,50,300,2024-04-24,False,2025-03-29T00:00:00
1108,MEGALEADFS,10,150,2024-09-26,False,2026-01-07T00:00:00
1109,SALEVS3RPH,30,500,2025-06-09,False,2024-08-23T00:00:00
1110,SALEUEE2ME,40,50,2027-08-05,True,2023-04-19T00:00:00
1111,SUPER70N6NT,5,300,2025-07-24,False,2023-08-21T00:00:00
1112,SALEUNIDBM,20,500,2023-04-10,False,2025-12-03T00:00:00
1113,DESCLCM94W,50,500,2026-12-20,True,2023-03-25T00:00:00
1114,SUPERV3LEF3,25,100,2025-09-10,False,2024-03-16T00:00:00
1115,SAVEEWXEVA,5,300,2025-10-26,False,2023-10-21T00:00:00
1116,DESC7CDDBP,50,150,2027-05-05,True,2025-01-17T00:00:00
1117,SALEEUBRV2,25,100,2027-06-18,True,2025-05-01T00:00:00
1118,DESCLKQ3TG,10,300,2027-05-26,True,2025-11-19T00:00:00
1119,SAVEDR9IKJ,25,300,2027-04-14,True,2025-09-26T00:00:00
1120,PROMOMOJAG1,5,500,2026-07-28,True,2023-09-23T00:00:00
1121,SUPERUDIADU,50,50,2024-01-29,False,2024-09-27T00:00:00
1122,DESCNJWLWK,40,100,2027-09-07,True,2025-10-07T00:00:00
1123,TOPVWOK5S,30,200,2024-10-19,False,2024-03-10T00:00:00
1124,OFFSEVECQ,5,150,2024-06-21,False,2024-07-22T00:00:00
1125,SUPERIVALE4,5,500,2023-04-24,False,2026-04-12T00:00:00
1126,SUPER8P78AT,20,100,2024-09-10,False,2025-08-09T00:00:00
1127,DESCNU5MP7,10,300,2027-09-03,True,2025-05-03T00:00:00
1128,MEGA7AUDG2,15,100,2025-08-27,False,2023-01-05T00:00:00
1129,SUPER1AG7NP,15,100,2023-10-14,False,2026-03-14T00:00:00
1130,MEGAEIIR81,50,100,2027-11-22,True,2024-06-08T00:00:00
1131,TOPXGSQYQ,30,300,2023-06-20,False,2025-12-22T00:00:00
1132,SALE8ZESK1,50,500,2026-03-31,False,2023-10-09T00:00:00
1133,DESCGA9YVW,40,200,2023-08-08,False,2024-02-03T00:00:00
1134,SAVESOJD2S,15,50,2027-03-03,True,2024-10-14T00:00:00
1135,DESCLBNNZL,30,100,2023-11-20,False,2024-03-15T00:00:00
1136,SALEK7WQUW,25,300,2025-12-28,False,2024-04-05T00:00:00
1137,MEGATEV4GN,30,50,2026-03-23,False,2025-09-30T00:00:00
1138,SUPERI8HSQX,15,100,2026-09-30,True,2023-09-23T00:00:00
1139,SAVEO7J4ST,15,50,2024-01-11,False,2026-02-11T00:00:00
1140,DESCE70ROR,20,100,2023-11-25,False,2024-08-10T00:00:00
1141,SALEYQJ46M,50,100,2023-04-01,False,2025-03-29T00:00:00
1142,SALEAL6GIU,25,500,2027-01-14,True,2023-08-05T00:00:00
1143,DESCDS6FQW,40,100,2027-04-13,True,2023-07-16T00:00:00
1144,OFFXGBLHH,50,200,2025-11-12,False,2025-07-05T00:00:00
1145,SAVEOVREXH,25,150,2023-09-30,False,2026-01-15T00:00:00
1146,SUPER3W667X,50,150,2025-02-20,False,2024-01-10T00:00:00
1147,DESC14MD1B,40,150,2024-07-29,False,2023-08-21T00:00:00
1148,OFFTXSN93,50,300,2024-08-28,False,2024-08-12T00:00:00
1149,SAVEBCNH44,50,300,2026-01-08,False,2025-01-05T00:00:00
1150,MEGA4BGJ8D,30,100,2025-09-27,False,2023-09-01T00:00:00
1151,PROMOF2QNL8,50,50,2024-04-18,False,2023-04-03T00:00:00
1152,MEGABFTZ1Q,20,200,2027-05-13,False,2026-06-08T00:00:00
1153,MEGA1RJVHH,5,200,2025-10-26,False,2023-05-14T00:00:00
1154,SALEO9LS52,30,50,2025-03-16,False,2024-02-19T00:00:00
1155,OFFR0UVCM,25,500,2023-05-20,False,2024-12-30T00:00:00
1156,OFFX7KTCT,10,300,2025-08-27,False,2024-10-16T00:00:00
1157,PROMOKPXNLE,40,200,2027-02-26,False,2023-05-23T00:00:00
1158,SUPER275FAM,5,50,2026-09-01,True,2023-06-08T00:00:00
1159,PROMOLMG3U7,30,150,2025-07-26,False,2025-01-06T00:00:00
1160,PROMONKL7ID,50,50,2025-07-13,False,2023-02-25T00:00:00
1161,SAVEBB0NEG,30,500,2023-01-03,False,2023-11-15T00:00:00
1162,DESCCK56TN,10,100,2025-10-23,False,2023-08-22T00:00:00
1163,MEGA496R5N,40,500,2024-03-28,False,2025-04-23T00:00:00
1164,TOPP4FAA0,20,500,2027-08-20,True,2025-05-16T00:00:00
1165,DESCJOGFL6,30,50,2027-04-21,True,2023-05-08T00:00:00
1166,OFF5J6OIH,15,500,2027-03-04,False,2025-11-20T00:00:00
1167,SAVECCEOM1,15,100,2023-07-24,False,2023-07-01T00:00:00
1168,MEGA9IL4P5,25,50,2024-03-30,False,2024-11-13T00:00:00
1169,SALEMFL8H8,20,50,2027-12-15,True,2024-05-14T00:00:00
1170,SUPER5AWEPQ,15,100,2027-04-12,True,2023-11-04T00:00:00
1171,TOPHGGLQT,25,50,2027-01-22,True,2024-08-23T00:00:00
1172,SALEPMAFDT,20,500,2026-01-05,False,2026-01-17T00:00:00
1173,MEGA9KTSNZ,25,200,2027-09-15,False,2024-08-16T00:00:00
1174,TOP0LVHCH,10,200,2026-11-28,False,2026-03-02T00:00:00
1175,TOP2UVUD2,25,100,2026-08-11,True,2024-01-29T00:00:00
1176,SAVETOFJGO,20,50,2024-05-07,False,2025-02-09T00:00:00
1177,PROMOMBBAX7,50,300,2025-02-08,False,2023-04-20T00:00:00
1178,MEGA36ZY28,15,100,2025-04-15,False,2024-04-09T00:00:00
1179,PROMO4C7FYC,40,150,2023-02-18,False,2023-03-18T00:00:00
1180,OFFMB7NCU,25,50,2026-11-25,True,2024-05-15T00:00:00
1181,SAVE5B3T23,40,300,2027-11-30,True,2023-08-14T00:00:00
1182,SUPERF8JSBE,25,50,2023-06-05,False,2024-04-03T00:00:00
1183,DESCH8AHW7,10,100,2026-02-28,False,2025-09-30T00:00:00
1184,MEGALLB7H1,30,150,2024-02-24,False,2024-03-22T00:00:00
1185,DESCGTISYM,20,50,2023-06-20,False,2023-10-11T00:00:00
1186,SAVE8VUF91,30,100,2023-04-07,False,2024-04-19T00:00:00
1187,DESCH1XZB4,5,100,2024-01-29,False,2024-07-27T00:00:00
1188,SAVEV3JB5X,5,150,2027-08-02,True,2025-09-19T00:00:00
1189,SAVEZEY85D,15,500,2023-06-23,False,2025-12-11T00:00:00
1190,SUPERUV6AOS,25,200,2023-08-22,False,2023-09-28T00:00:00
1191,TOPASEYG3,20,100,2023-11-24,False,2025-09-19T00:00:00
1192,SUPER9YKZCM,40,500,2027-03-11,False,2026-03-25T00:00:00
1193,MEGA2ZYFEI,5,50,2024-10-03,False,2025-02-07T00:00:00
1194,SAVEBQBA1F,10,200,2026-01-15,False,2026-01-16T00:00:00
1195,SAVEUEWO0R,40,500,2024-11-06,False,2025-12-06T00:00:00
1196,PROMOH9UY06,20,50,2027-10-06,True,2025-10-22T00:00:00
1197,PROMOBHMS3L,30,50,2025-01-25,False,2026-06-03T00:00:00
1198,DESC89X5LU,10,200,2023-09-15,False,2024-09-21T00:00:00
1199,OFF81EEXF,10,100,2026-04-14,False,2026-01-22T00:00:00
1200,SAVELUBSEW,40,150,2024-08-23,False,2024-11-15T00:00:00
1201,DESCVPCDTF,40,200,2026-12-11,False,2025-11-13T00:00:00
1202,OFFJAH45U,10,100,2026-12-27,False,2023-06-14T00:00:00
1203,DESCEW4XWS,15,500,2025-02-26,False,2023-07-23T00:00:00
1204,DESCJ32P1C,20,500,2027-02-08,True,2025-02-05T00:00:00
1205,SAVE9VC0L9,25,500,2023-08-29,False,2026-04-15T00:00:00
1206,SAVE155S5Q,20,150,2027-01-16,False,2023-02-14T00:00:00
1207,DESCTTR9VD,40,100,2027-07-21,True,2026-06-07T00:00:00
1208,PROMO75RXY2,5,50,2023-04-28,False,2024-09-04T00:00:00
1209,DESCI2FSMS,5,500,2023-07-31,False,2023-01-04T00:00:00
1210,OFF8G9TVE,50,50,2023-02-04,False,2024-09-27T00:00:00
1211,MEGAGV6PN0,50,500,2024-05-21,False,2025-03-26T00:00:00
1212,SUPERD521JT,5,200,2027-01-03,True,2024-09-18T00:00:00
1213,PROMO9C99CX,30,300,2027-06-29,True,2025-06-14T00:00:00
1214,SUPERP0YIKI,5,150,2026-03-13,False,2025-03-22T00:00:00
1215,SAVEDL79BP,5,500,2027-05-25,True,2025-11-30T00:00:00
1216,SAVE3IY78N,20,150,2025-04-17,False,2026-02-17T00:00:00
1217,SALEXGGVP1,5,500,2024-10-19,False,2025-01-20T00:00:00
1218,PROMOB1QFIE,5,50,2024-08-12,False,2024-02-14T00:00:00
1219,OFF24MV4E,50,50,2025-09-24,False,2024-12-28T00:00:00
1220,SAVED7SG8U,5,100,2027-02-01,True,2024-02-21T00:00:00
1221,PROMOEMCAX4,40,300,2024-09-14,False,2025-09-03T00:00:00
1222,MEGAP53NLG,15,50,2023-02-09,False,2024-01-10T00:00:00
1223,SAVEZ0DN0A,20,300,2027-01-26,False,2025-12-09T00:00:00
1224,SUPERVZX4XA,5,100,2025-02-14,False,2026-05-29T00:00:00
1225,OFFTRRO9P,10,300,2023-07-30,False,2025-09-23T00:00:00
1226,TOPV7E1EA,30,500,2026-01-24,False,2025-09-26T00:00:00
1227,OFFP42CEP,5,200,2026-03-28,False,2026-05-22T00:00:00
1228,MEGAK2I9T6,40,500,2024-06-08,False,2023-10-07T00:00:00
1229,SALEJHPTQM,20,500,2024-08-25,False,2023-07-15T00:00:00
1230,OFFF5M4F1,5,100,2025-11-24,False,2025-02-05T00:00:00
1231,MEGA1GTT1K,10,200,2023-12-03,False,2025-08-29T00:00:00
1232,PROMOVDS5YA,20,200,2026-08-15,True,2024-09-11T00:00:00
1233,SAVEHZ11L8,30,200,2024-06-22,False,2024-12-29T00:00:00
1234,SAVEVKKUGJ,20,100,2023-10-16,False,2023-01-20T00:00:00
1235,SUPERAQMZAU,15,100,2024-01-17,False,2026-03-22T00:00:00
1236,OFF2QTSK0,40,150,2027-08-31,True,2026-01-29T00:00:00
1237,SAVEIOBDI9,10,100,2026-12-04,True,2025-12-07T00:00:00
1238,SALEMLFI88,25,500,2027-01-22,True,2024-04-17T00:00:00
1239,SAVEGLM6PD,20,500,2023-01-05,False,2025-06-07T00:00:00
1240,MEGA9TPGM3,20,300,2026-09-15,False,2023-11-05T00:00:00
1241,SUPERHTX8NM,40,100,2023-02-19,False,2024-12-23T00:00:00
1242,SAVEVS49WZ,20,300,2024-12-09,False,2023-07-09T00:00:00
1243,MEGAF8ZKR3,50,100,2026-01-04,False,2024-09-27T00:00:00
1244,SUPER184E0F,40,50,2023-10-17,False,2023-02-08T00:00:00
1245,SAVEN1QSRO,30,500,2025-08-01,False,2023-07-11T00:00:00
1246,MEGAUK9EVL,10,100,2023-09-14,False,2025-04-04T00:00:00
1247,SAVEXVBOHT,10,100,2026-11-05,True,2023-05-08T00:00:00
1248,PROMOVIG88A,5,100,2023-02-25,False,2024-04-06T00:00:00
1249,PROMODBCO67,5,500,2023-08-31,False,2025-04-03T00:00:00
1250,PROMOLP62JG,20,50,2027-02-10,False,2025-11-14T00:00:00
1251,SAVEGO6AQU,10,50,2025-03-19,False,2023-12-21T00:00:00
1252,TOPII4RQ9,15,50,2024-01-28,False,2024-05-23T00:00:00
1253,PROMONB4OSD,10,200,2026-10-04,True,2023-12-28T00:00:00
1254,OFF0FXBDV,5,50,2027-12-19,True,2023-11-03T00:00:00
1255,DESCOJ6S9X,15,50,2025-03-25,False,2026-01-22T00:00:00
1256,SALEIWQA7L,20,500,2027-08-21,True,2025-01-21T00:00:00
1257,TOPT9HAJR,20,150,2024-05-19,False,2024-05-01T00:00:00
1258,TOPA40KKT,15,50,2024-03-26,False,2023-09-20T00:00:00
1259,PROMO03JTG3,30,300,2024-11-01,False,2024-03-04T00:00:00
1260,SUPEROL5AFI,5,300,2023-01-11,False,2025-01-25T00:00:00
1261,SUPER7ZYXWA,5,100,2024-09-04,False,2024-03-04T00:00:00
1262,SAVEDB1WXJ,25,200,2025-12-30,False,2025-06-26T00:00:00
1263,PROMOT8RPPY,5,150,2027-10-31,True,2024-06-28T00:00:00
1264,SALEAX43E3,40,300,2024-08-09,False,2024-04-03T00:00:00
1265,SALELENYY7,15,200,2023-07-11,False,2024-07-04T00:00:00
1266,MEGA54UFNN,25,100,2024-08-21,False,2026-03-11T00:00:00
1267,SAVE9B9QTS,10,150,2025-12-06,False,2023-05-02T00:00:00
1268,MEGAGP3HF4,50,150,2027-08-01,True,2026-05-03T00:00:00
1269,SUPERISKII7,50,100,2024-01-20,False,2025-09-04T00:00:00
1270,OFFPKPLPP,20,150,2023-05-09,False,2026-01-08T00:00:00
1271,OFFJQ13UF,50,100,2023-10-20,False,2025-11-11T00:00:00
1272,SALE5AFCDX,10,150,2026-05-08,False,2026-03-30T00:00:00
1273,MEGARFGH2N,15,150,2024-05-02,False,2025-01-13T00:00:00
1274,OFF3NOLPX,15,100,2025-08-20,False,2024-05-29T00:00:00
1275,MEGAP8CNNX,40,100,2025-06-09,False,2025-08-04T00:00:00
1276,SUPER5VVZHF,10,200,2025-06-03,False,2024-07-27T00:00:00
1277,TOPV3DFFN,20,100,2026-08-15,True,2025-11-22T00:00:00
1278,SUPER60JIF8,30,100,2025-05-01,False,2023-07-30T00:00:00
1279,DESCOQRLVL,20,300,2026-01-03,False,2025-01-12T00:00:00
1280,PROMOUBFGYI,15,100,2027-01-24,True,2023-05-19T00:00:00
1281,OFF2XFJLJ,20,150,2024-06-21,False,2024-01-15T00:00:00
1282,PROMOYVEIZ4,15,50,2026-09-30,False,2025-11-04T00:00:00
1283,SALEDOK68W,15,200,2026-06-19,True,2025-03-30T00:00:00
1284,SALEXJQVYV,15,200,2027-05-24,True,2024-05-30T00:00:00
1285,SUPEREZQ5ES,15,300,2027-09-25,True,2024-02-05T00:00:00
1286,PROMOJZ445Z,5,500,2026-12-30,True,2023-03-30T00:00:00
1287,PROMOZYNN1Y,30,200,2026-12-12,False,2024-08-07T00:00:00
1288,PROMOF1ZNZF,30,50,2026-09-27,True,2024-05-08T00:00:00
1289,PROMO0PGSLJ,15,500,2025-10-10,False,2025-10-05T00:00:00
1290,OFFW71H5M,40,150,2025-06-20,False,2026-04-17T00:00:00
1291,SUPERN051F8,20,50,2027-11-28,False,2025-03-06T00:00:00
1292,SAVEQLC5EP,25,150,2024-02-07,False,2024-11-07T00:00:00
1293,OFFMC6KZ3,15,200,2026-01-25,False,2026-04-26T00:00:00
1294,SUPERGQCNMS,5,50,2025-06-02,False,2023-12-22T00:00:00
1295,MEGAGH8VYH,40,200,2026-10-10,False,2023-06-15T00:00:00
1296,PROMORK8YY8,40,200,2024-12-01,False,2025-05-16T00:00:00
1297,OFFKZ08GC,5,100,2025-07-19,False,2024-07-21T00:00:00
1298,TOPDPFQXC,40,100,2024-02-14,False,2025-04-30T00:00:00
1299,SAVEHVZCSB,15,50,2023-07-09,False,2024-10-22T00:00:00
1300,TOPBDX2LP,5,100,2025-03-06,False,2025-03-24T00:00:00
1301,MEGAP6LIHP,10,500,2023-04-19,False,2025-08-04T00:00:00
1302,TOP4ZNS3X,10,500,2025-07-21,False,2026-01-14T00:00:00
1303,PROMOPNY12S,10,100,2024-01-07,False,2025-07-15T00:00:00
1304,SUPERRXN39C,50,200,2023-09-03,False,2026-03-15T00:00:00
1305,SALET39EZ5,15,200,2027-12-26,True,2023-04-03T00:00:00
1306,OFFVUP7PQ,50,100,2027-11-27,True,2023-02-27T00:00:00
1307,SAVE79XTPM,40,300,2025-01-08,False,2023-05-17T00:00:00
1308,MEGAPJMOQN,5,50,2023-08-28,False,2024-03-31T00:00:00
1309,MEGABV288Q,15,200,2025-10-24,False,2024-04-16T00:00:00
1310,SUPERBTXDLA,10,500,2026-02-02,False,2024-05-26T00:00:00
1311,SALEMCOYWW,5,50,2024-01-18,False,2024-12-02T00:00:00
1312,DESCNDGZ86,20,50,2025-01-09,False,2025-06-06T00:00:00
1313,MEGAJNKO0I,50,50,2027-01-23,True,2025-09-05T00:00:00
1314,TOP31PJG0,50,150,2026-05-15,False,2023-05-21T00:00:00
1315,SAVE9A10AY,50,200,2026-09-13,True,2024-01-18T00:00:00
1316,SALEGQTXR8,40,100,2027-06-22,True,2026-02-27T00:00:00
1317,PROMODFH414,40,200,2023-02-19,False,2025-09-13T00:00:00
1318,MEGA4RMPB7,10,300,2026-09-27,False,2023-05-17T00:00:00
1319,PROMON13BWZ,10,150,2025-08-11,False,2025-01-14T00:00:00
1320,SUPERD62CFJ,50,50,2024-08-13,False,2024-09-23T00:00:00
1321,DESCU7RL46,40,100,2027-04-06,True,2024-08-27T00:00:00
1322,PROMO5SBM6V,15,200,2023-12-02,False,2025-11-16T00:00:00
1323,TOPP8NF74,40,300,2025-06-23,False,2024-11-22T00:00:00
1324,SAVEZG8W8A,25,500,2024-06-08,False,2025-11-17T00:00:00
1325,SALE6AT3HC,30,100,2024-05-15,False,2023-04-07T00:00:00
1326,MEGAX3NWTE,10,500,2026-09-01,True,2025-12-10T00:00:00
1327,TOPIA9ISS,10,200,2024-09-24,False,2023-12-17T00:00:00
1328,PROMOIW9OMV,40,500,2026-09-06,True,2024-01-13T00:00:00
1329,MEGA2KI48U,5,200,2024-07-11,False,2025-06-21T00:00:00
1330,OFF83GE4N,25,100,2027-09-28,False,2024-09-20T00:00:00
1331,OFF2YVC27,50,100,2024-08-22,False,2024-04-30T00:00:00
1332,TOPES4T3A,5,50,2025-05-25,False,2024-07-27T00:00:00
1333,SALE9EJYMH,10,150,2025-10-06,False,2023-06-02T00:00:00
1334,TOP5K082L,20,100,2025-03-11,False,2024-01-09T00:00:00
1335,DESCJ6WBAZ,15,50,2026-01-11,False,2023-09-03T00:00:00
1336,SUPER73RH2T,25,150,2025-12-17,False,2025-03-18T00:00:00
1337,DESCTKAVQD,40,150,2026-01-17,False,2025-05-13T00:00:00
1338,MEGA8PMCCB,15,500,2024-11-13,False,2023-04-10T00:00:00
1339,OFFCXLPG9,40,50,2027-11-23,True,2023-02-08T00:00:00
1340,TOPX99DL4,20,50,2024-05-18,False,2026-04-22T00:00:00
1341,SAVE301WF6,20,300,2025-04-07,False,2025-04-04T00:00:00
1342,SALE7JTOLT,20,500,2027-07-31,False,2024-08-05T00:00:00
1343,TOPD6DBIW,25,50,2025-09-11,False,2023-10-04T00:00:00
1344,TOPFAO6NM,5,200,2026-09-25,True,2023-03-13T00:00:00
1345,SAVEJOTX8E,10,150,2025-07-22,False,2025-08-02T00:00:00
1346,SUPER9RK62C,5,50,2023-07-27,False,2025-03-14T00:00:00
1347,DESCA7DSDK,50,300,2023-03-30,False,2023-03-30T00:00:00
1348,TOPYR8P99,40,50,2024-01-21,False,2025-09-17T00:00:00
1349,SALEHXZAPM,25,100,2024-07-15,False,2024-11-14T00:00:00
1350,OFFK6EQFO,10,300,2024-07-04,False,2024-01-18T00:00:00
1351,MEGAAIYLU8,20,100,2026-08-03,True,2026-04-15T00:00:00
1352,TOPRKCPIL,50,150,2027-09-30,False,2025-06-20T00:00:00
1353,DESCPJ2P5H,30,150,2023-04-30,False,2025-09-17T00:00:00
1354,MEGAMLMCS0,40,50,2026-10-24,True,2024-01-13T00:00:00
1355,TOPIUNCIW,30,100,2025-03-15,False,2024-03-14T00:00:00
1356,DESC1PTAGN,10,500,2023-11-30,False,2025-09-18T00:00:00
1357,DESC88YUYU,30,50,2027-09-14,False,2024-04-16T00:00:00
1358,TOPL35N73,40,500,2023-04-28,False,2026-04-19T00:00:00
1359,MEGA0WG1LR,50,300,2026-07-19,True,2025-08-12T00:00:00
1360,SALEWC8VTA,25,150,2025-07-18,False,2023-08-14T00:00:00
1361,OFFNFJ6RY,5,300,2026-06-04,False,2024-05-21T00:00:00
1362,SAVEJ2TPPK,40,300,2025-06-06,False,2023-08-02T00:00:00
1363,OFFKFCMGF,20,150,2024-05-20,False,2024-02-16T00:00:00
1364,DESCAO7XK8,40,50,2026-06-06,False,2026-03-05T00:00:00
1365,SUPEROTMXMG,40,500,2025-02-25,False,2024-01-18T00:00:00
1366,OFFV6Z6KU,15,100,2026-07-16,True,2026-05-26T00:00:00
1367,SALEDD33RG,30,100,2024-11-18,False,2026-03-17T00:00:00
1368,DESCDQTGAE,20,200,2027-01-22,True,2024-07-08T00:00:00
1369,PROMORGPB7D,15,50,2027-12-25,True,2025-12-20T00:00:00
1370,SALEVBICCL,15,150,2023-01-20,False,2024-04-30T00:00:00
1371,TOPPM3KSL,5,50,2024-04-15,False,2025-04-20T00:00:00
1372,SAVELNZBM9,30,50,2027-03-23,True,2024-10-22T00:00:00
1373,MEGAHGKKKY,15,100,2023-09-04,False,2024-07-29T00:00:00
1374,SUPERJSJERO,15,50,2026-09-13,True,2026-04-23T00:00:00
1375,OFF1B2P1J,10,150,2023-03-09,False,2023-01-24T00:00:00
1376,TOPUICEKH,5,100,2024-12-03,False,2026-04-20T00:00:00
1377,SUPER31FBKP,20,50,2025-01-01,False,2023-08-27T00:00:00
1378,SALEPEHFME,15,200,2027-11-20,True,2025-05-25T00:00:00
1379,MEGAFA3EH5,50,200,2026-09-05,True,2024-02-28T00:00:00
1380,MEGASWYTW8,10,200,2023-11-24,False,2023-05-20T00:00:00
1381,OFF94OXPG,25,500,2026-03-29,False,2026-04-13T00:00:00
1382,SAVEXJ1AWC,25,150,2023-01-03,False,2023-12-18T00:00:00
1383,SALEO00PW8,50,200,2025-02-04,False,2024-11-09T00:00:00
1384,TOPPV5RDN,15,150,2023-04-17,False,2024-06-05T00:00:00
1385,SAVE4D36IK,30,300,2025-07-01,False,2023-06-06T00:00:00
1386,DESCQ7FXOA,10,100,2026-06-06,False,2023-08-23T00:00:00
1387,SAVERGMDFS,25,50,2027-04-25,False,2026-04-21T00:00:00
1388,SALEGON9FH,50,200,2025-12-02,False,2025-02-26T00:00:00
1389,PROMOYD3OAL,5,100,2027-08-29,True,2024-10-10T00:00:00
1390,SALE29K15E,25,200,2025-01-14,False,2023-01-12T00:00:00
1391,SALEQGRFWH,30,300,2024-11-12,False,2025-05-24T00:00:00
1392,MEGATXB3L7,40,200,2024-05-11,False,2023-04-03T00:00:00
1393,SALEV286VB,30,200,2023-10-26,False,2024-06-03T00:00:00
1394,TOP2W4SVW,10,500,2027-10-25,True,2024-04-08T00:00:00
1395,SAVEQPPFHD,50,300,2026-12-21,False,2024-05-02T00:00:00
1396,OFFOJ5ZPP,15,500,2023-04-24,False,2025-03-24T00:00:00
1397,PROMOJJ5RP9,25,100,2024-06-17,False,2023-05-18T00:00:00
1398,TOP4TB9SY,15,50,2027-07-05,True,2025-10-15T00:00:00
1399,MEGAD6M1GI,40,150,2025-07-14,False,2024-11-29T00:00:00
1400,OFFC8GOMM,5,50,2027-05-05,False,2025-04-15T00:00:00
1401,PROMOQW206O,15,150,2027-09-25,True,2025-02-11T00:00:00
1402,OFF1LRLST,50,500,2025-02-13,False,2025-02-26T00:00:00
1403,SUPER049NWU,10,300,2025-02-03,False,2025-12-17T00:00:00
1404,MEGAK3182Z,40,100,2023-01-21,False,2025-12-09T00:00:00
1405,SAVEW4QYY6,10,200,2025-07-09,False,2024-05-01T00:00:00
1406,SAVEZKN5SR,25,300,2023-04-14,False,2024-05-22T00:00:00
1407,OFFQD8LD1,20,100,2027-02-28,True,2026-03-10T00:00:00
1408,OFFLKQWU8,15,150,2025-06-25,False,2023-06-04T00:00:00
1409,MEGAPEAHKB,15,150,2024-08-24,False,2025-09-01T00:00:00
1410,MEGADI055B,20,300,2023-01-29,False,2023-09-19T00:00:00
1411,PROMOQ38DY1,20,150,2025-10-04,False,2024-11-08T00:00:00
1412,TOPD3GXZQ,30,50,2026-01-25,False,2023-04-12T00:00:00
1413,TOPOT2357,25,150,2027-04-04,True,2024-02-08T00:00:00
1414,PROMOTMYBDI,50,100,2023-02-06,False,2025-03-27T00:00:00
1415,MEGA6YCDYO,20,50,2024-04-19,False,2026-06-11T00:00:00
1416,DESC8XKF7J,50,100,2027-05-14,False,2025-08-08T00:00:00
1417,SALE9JQ5KF,10,150,2026-11-09,True,2023-11-10T00:00:00
1418,DESCEJRFD6,25,300,2027-11-02,True,2024-10-01T00:00:00
1419,SALEQ9Z0N5,40,300,2023-07-06,False,2025-11-15T00:00:00
1420,SUPERZB7IPR,40,300,2027-12-13,True,2024-03-18T00:00:00
1421,PROMOVHRK3M,20,300,2023-08-03,False,2025-10-12T00:00:00
1422,SUPERRCWYK0,40,150,2023-03-18,False,2024-07-18T00:00:00
1423,SUPERFYGB16,15,50,2025-07-11,False,2024-06-08T00:00:00
1424,SALEXQ2Z8H,30,300,2027-03-17,True,2023-06-18T00:00:00
1425,MEGAR8GBGO,20,500,2023-04-24,False,2025-03-04T00:00:00
1426,SALEO0NZCG,40,300,2027-03-09,False,2023-01-08T00:00:00
1427,PROMO51Q9UM,10,200,2025-02-09,False,2026-01-12T00:00:00
1428,SAVECAX900,25,100,2023-06-02,False,2025-10-27T00:00:00
1429,PROMO7SR3CM,30,100,2026-01-29,False,2025-03-05T00:00:00
1430,PROMOJIFF4C,25,200,2023-07-27,False,2024-09-27T00:00:00
1431,OFFV901HQ,30,300,2023-01-01,False,2025-04-16T00:00:00
1432,MEGA7VMS6B,15,150,2024-05-20,False,2024-12-12T00:00:00
1433,SALEXFP672,50,300,2025-09-26,False,2023-09-14T00:00:00
1434,SUPERIB5TO9,20,200,2023-05-05,False,2023-05-20T00:00:00
1435,SALEMAMNWG,40,500,2025-08-13,False,2024-05-10T00:00:00
1436,OFFUHB6QC,40,200,2023-07-15,False,2024-04-07T00:00:00
1437,DESC9JGCCT,25,50,2024-06-11,False,2025-12-12T00:00:00
1438,OFF1BEDIY,25,50,2024-08-21,False,2023-10-23T00:00:00
1439,OFFIGUSO7,25,200,2027-02-19,True,2024-08-20T00:00:00
1440,OFFWQQJPP,5,300,2026-11-13,True,2025-11-08T00:00:00
1441,TOPT4Z6YP,30,100,2024-09-10,False,2025-02-17T00:00:00
1442,PROMOYQ5XIK,25,300,2023-06-04,False,2024-07-04T00:00:00
1443,DESC7FTPLB,5,50,2026-01-31,False,2023-06-01T00:00:00
1444,SAVEZ51P11,50,300,2027-10-22,True,2023-07-23T00:00:00
1445,PROMOI2AD0F,10,200,2025-01-14,False,2023-01-18T00:00:00
1446,OFFDAD7R8,30,50,2027-01-24,True,2024-03-08T00:00:00
1447,MEGAJUNWHH,10,300,2026-07-11,True,2024-02-16T00:00:00
1448,SALEU7KID7,50,500,2027-01-05,False,2024-07-13T00:00:00
1449,DESCKKQULT,15,150,2026-04-28,False,2024-06-18T00:00:00
1450,PROMOD6QC28,40,200,2027-09-09,True,2023-09-18T00:00:00
1451,SAVEE80NEN,10,150,2023-10-04,False,2024-06-24T00:00:00
1452,SAVE06CQIK,50,500,2027-11-20,True,2025-04-02T00:00:00
1453,SUPERHKGX9N,10,300,2027-10-16,False,2025-05-29T00:00:00
1454,PROMOI8IDC0,10,200,2025-02-14,False,2025-10-31T00:00:00
1455,MEGA8MAN8B,5,200,2025-07-10,False,2025-12-19T00:00:00
1456,OFF55Y822,40,150,2024-12-17,False,2025-10-16T00:00:00
1457,SALEE74JPW,10,100,2027-05-16,False,2026-04-16T00:00:00
1458,OFFAJ6MGU,15,100,2027-12-16,False,2024-12-12T00:00:00
1459,MEGAFT5XL2,20,300,2023-02-04,False,2025-12-18T00:00:00
1460,MEGA3KHP2X,5,150,2024-07-31,False,2024-10-09T00:00:00
1461,SALE40EJQG,30,150,2024-12-26,False,2025-01-08T00:00:00
1462,MEGAW2043F,30,150,2025-06-11,False,2023-11-20T00:00:00
1463,MEGAFB9GKF,20,300,2023-03-31,False,2025-08-15T00:00:00
1464,TOPWD9SEH,20,50,2024-09-30,False,2025-11-03T00:00:00
1465,SALE5QMKHE,10,500,2026-07-28,True,2025-05-09T00:00:00
1466,SAVEQSPHME,25,50,2024-09-28,False,2026-02-15T00:00:00
1467,SALE54WTC0,30,200,2024-01-19,False,2024-01-09T00:00:00
1468,TOP8GIFWK,20,200,2027-08-22,True,2025-03-23T00:00:00
1469,TOP8WCNT6,5,500,2027-11-20,True,2023-12-23T00:00:00
1470,OFFX564HE,20,300,2024-11-06,False,2023-06-24T00:00:00
1471,SAVEHINBNJ,25,300,2024-10-01,False,2024-10-10T00:00:00
1472,DESCV67XBX,50,100,2026-04-01,False,2023-02-11T00:00:00
1473,TOPBR0101,30,150,2026-11-20,True,2023-08-20T00:00:00
1474,SALE7HRIFH,40,200,2025-12-23,False,2023-12-02T00:00:00
1475,OFFFNETOC,30,200,2027-05-23,True,2024-08-18T00:00:00
1476,TOPP7Q8YQ,20,100,2027-08-11,True,2023-06-08T00:00:00
1477,SALE898ECT,10,300,2026-04-23,False,2024-12-29T00:00:00
1478,TOPB8CYNU,20,500,2026-05-16,False,2023-04-01T00:00:00
1479,TOP0SFJ1J,25,50,2024-08-03,False,2024-08-17T00:00:00
1480,SAVEOHLUTJ,5,500,2025-10-21,False,2025-12-12T00:00:00
1481,DESCQLS1DQ,10,200,2025-12-30,False,2025-05-13T00:00:00
1482,PROMOXNYCZC,20,500,2027-09-11,False,2024-09-22T00:00:00
1483,PROMOQDI5HC,25,200,2024-04-27,False,2025-10-15T00:00:00
1484,PROMO914ULO,5,300,2024-09-02,False,2026-04-10T00:00:00
1485,TOPDZ62RP,40,50,2024-03-27,False,2023-07-17T00:00:00
1486,SUPERMYF4J3,25,100,2023-01-27,False,2024-11-06T00:00:00
1487,TOPB4MDDX,25,150,2024-07-17,False,2023-03-22T00:00:00
1488,SALE81MBGE,10,200,2024-01-27,False,2025-11-16T00:00:00
1489,PROMOFSFJJ6,50,500,2026-04-14,False,2024-09-15T00:00:00
1490,SAVEW2O3B9,50,100,2023-06-22,False,2025-02-07T00:00:00
1491,SAVESS8W15,40,300,2024-11-17,False,2025-10-06T00:00:00
1492,SALE4ETL65,40,150,2026-11-13,True,2023-01-25T00:00:00
1493,PROMO9XCXG8,30,150,2024-07-01,False,2024-12-18T00:00:00
1494,SALEF3M0LN,30,100,2027-12-10,True,2025-03-27T00:00:00
1495,TOPWI2C7L,5,50,2023-11-02,False,2024-07-05T00:00:00
1496,MEGAMX8E31,5,150,2026-03-10,False,2024-10-08T00:00:00
1497,MEGAUXSUDN,30,200,2023-02-16,False,2024-12-24T00:00:00
1498,PROMOZ6ND0Q,50,500,2023-04-30,False,2026-03-31T00:00:00
1499,SUPERRGPM69,15,200,2026-08-08,False,2023-04-27T00:00:00
1500,SALEU5PL62,20,500,2026-05-26,False,2026-02-13T00:00:00
1501,SUPERF8FJQS,10,150,2025-04-02,False,2026-05-15T00:00:00
1502,OFFPPRK8B,25,300,2026-11-13,True,2024-05-27T00:00:00
1503,DESCPH16MB,25,50,2024-02-20,False,2023-06-09T00:00:00
1504,DESCWATZJY,20,100,2025-01-10,False,2024-01-26T00:00:00
1505,PROMO56FHZX,40,100,2023-04-24,False,2023-06-01T00:00:00
1506,SUPERLBI26C,20,50,2023-05-24,False,2026-05-11T00:00:00
1507,SUPERHK0AQG,5,150,2026-04-22,False,2025-06-07T00:00:00
1508,TOPPRIVVY,25,300,2027-07-22,True,2023-11-25T00:00:00
1509,SAVE17XB7Q,10,50,2025-10-01,False,2025-06-06T00:00:00
1510,MEGA2LBB4G,10,300,2026-02-06,False,2025-05-13T00:00:00
1511,MEGAAS3TUN,40,150,2023-05-02,False,2025-03-07T00:00:00
1512,OFFTPP5E1,10,300,2027-12-13,False,2025-05-25T00:00:00
1513,SUPERGUEIYX,10,50,2023-03-04,False,2025-04-06T00:00:00
1514,PROMO69K11K,30,100,2026-10-26,False,2024-03-18T00:00:00
1515,MEGA2ANSVH,25,200,2025-02-19,False,2024-07-28T00:00:00
1516,MEGAA4WFMQ,5,50,2027-06-28,True,2025-03-14T00:00:00
1517,TOPT681D1,5,300,2027-12-20,True,2023-09-15T00:00:00
1518,MEGAQVHD8P,25,150,2026-09-29,True,2024-12-10T00:00:00
1519,TOPZ899UY,10,150,2024-08-30,False,2025-06-26T00:00:00
1520,SUPERSC3ZST,40,500,2027-07-15,True,2025-09-01T00:00:00
1521,DESCLECA1F,10,500,2027-03-29,True,2026-01-12T00:00:00
1522,OFFGFT7JV,50,50,2024-09-07,False,2026-01-26T00:00:00
1523,DESC9NAORT,50,300,2023-07-21,False,2023-12-25T00:00:00
1524,SAVEMXZMWJ,25,100,2024-01-04,False,2024-01-13T00:00:00
1525,DESCGTH919,40,100,2026-03-03,False,2024-01-04T00:00:00
1526,SUPER7JUIAG,20,200,2026-06-13,True,2023-06-23T00:00:00
1527,OFFC5ENAR,15,500,2024-04-23,False,2025-02-07T00:00:00
1528,DESC1N2J7N,40,100,2027-12-05,True,2023-10-02T00:00:00
1529,MEGA1T2QSI,50,200,2026-06-22,True,2023-07-12T00:00:00
1530,DESC0LG9WQ,15,100,2026-03-02,False,2024-02-28T00:00:00
1531,MEGAUEVI7O,25,300,2025-03-04,False,2023-07-17T00:00:00
1532,MEGAPB9TIV,40,150,2027-01-21,True,2023-01-27T00:00:00
1533,SAVEDPRAS8,30,300,2023-12-16,False,2025-12-23T00:00:00
1534,OFFATK9TM,20,300,2024-06-25,False,2025-08-11T00:00:00
1535,TOPY0NJTD,25,100,2025-08-28,False,2025-11-22T00:00:00
1536,SALE3VS780,10,150,2023-05-13,False,2023-04-08T00:00:00
1537,SALEXHLXUR,20,300,2025-02-26,False,2023-10-22T00:00:00
1538,PROMOJV1OXP,40,50,2024-07-07,False,2024-03-26T00:00:00
1539,OFFEIZ9MA,10,50,2027-11-19,False,2024-11-15T00:00:00
1540,PROMOKIEPKH,5,200,2024-01-24,False,2025-07-04T00:00:00
1541,SUPER34RRCV,20,50,2024-02-26,False,2025-02-12T00:00:00
1542,DESC3DAQLS,20,500,2023-12-02,False,2026-06-09T00:00:00
1543,SALELCN5L8,20,50,2023-01-03,False,2023-06-27T00:00:00
1544,SAVESJDX9C,50,200,2027-06-19,True,2025-12-30T00:00:00
1545,SALEVKK8CJ,5,300,2025-03-23,False,2023-04-06T00:00:00
1546,OFFA2H334,10,300,2024-12-22,False,2024-01-07T00:00:00
1547,SALENWYDCV,15,300,2026-12-07,True,2025-12-31T00:00:00
1548,TOPMS7CFB,20,500,2024-01-07,False,2023-12-08T00:00:00
1549,SAVEG6WZAR,30,200,2026-06-14,False,2024-06-27T00:00:00
1550,TOP6NYJ9R,20,500,2025-05-05,False,2024-02-09T00:00:00
1551,MEGA9KA0LU,25,200,2027-03-14,True,2024-01-19T00:00:00
1552,TOPJST8XE,5,100,2023-02-20,False,2026-02-17T00:00:00
1553,OFFN18FGV,25,200,2027-09-01,False,2025-01-10T00:00:00
1554,SALEZ0OXAD,30,150,2027-06-13,True,2023-11-24T00:00:00
1555,PROMO7JPB4W,20,200,2025-12-21,False,2026-06-06T00:00:00
1556,SALECHJ8NP,10,200,2026-06-28,True,2025-12-21T00:00:00
1557,SAVEL47UXX,5,500,2027-05-28,True,2023-12-10T00:00:00
1558,TOPER2JIA,30,100,2026-01-20,False,2026-05-12T00:00:00
1559,PROMOPNKQFS,30,50,2023-09-29,False,2025-07-02T00:00:00
1560,PROMO56IWFZ,20,300,2024-04-30,False,2025-02-13T00:00:00
1561,SALEW78VHU,30,150,2026-06-22,False,2023-08-28T00:00:00
1562,OFFDSBE6L,10,500,2025-11-25,False,2024-10-20T00:00:00
1563,OFFPG9EPS,20,50,2027-03-04,True,2025-03-14T00:00:00
1564,OFFB7PS6P,30,300,2026-02-01,False,2023-06-02T00:00:00
1565,SALEQVJII2,40,50,2023-03-22,False,2026-02-28T00:00:00
1566,MEGABZJQV3,15,200,2026-08-06,False,2024-10-08T00:00:00
1567,PROMOJU6VBC,50,50,2024-05-28,False,2024-03-22T00:00:00
1568,OFFT88X03,50,200,2027-02-18,False,2025-07-16T00:00:00
1569,SUPER1KHTOY,20,50,2024-05-21,False,2026-01-18T00:00:00
1570,MEGA30GUQC,20,300,2027-03-30,True,2025-10-13T00:00:00
1571,MEGA0M74VQ,20,300,2026-11-27,False,2024-05-08T00:00:00
1572,PROMO9CFKQE,20,200,2024-05-27,False,2025-09-12T00:00:00
1573,DESC0FXD2Z,50,50,2027-02-28,True,2025-01-01T00:00:00
1574,OFFOYZU2G,20,200,2023-01-10,False,2024-11-05T00:00:00
1575,SAVEN5QGLH,30,50,2025-06-26,False,2026-04-15T00:00:00
1576,PROMORIRAE6,40,100,2025-05-20,False,2024-10-11T00:00:00
1577,PROMONJNFM4,5,100,2024-08-21,False,2026-03-11T00:00:00
1578,TOPYYYDBQ,20,200,2025-01-10,False,2023-02-13T00:00:00
1579,PROMORKIZUC,5,100,2023-12-25,False,2025-02-26T00:00:00
1580,DESC75OZ8N,50,150,2023-06-01,False,2026-03-25T00:00:00
1581,OFF2A6K20,50,100,2026-03-04,False,2025-09-25T00:00:00
1582,TOP3MC4U2,5,150,2025-04-07,False,2024-06-15T00:00:00
1583,MEGA7U651L,5,300,2024-03-11,False,2023-01-19T00:00:00
1584,OFFIZZWAT,15,200,2025-05-09,False,2025-06-24T00:00:00
1585,MEGAM7UOC0,15,500,2027-07-08,False,2026-05-29T00:00:00
1586,TOP0SKBKY,5,200,2025-10-05,False,2025-12-14T00:00:00
1587,DESC5473HG,15,500,2026-05-19,False,2026-01-20T00:00:00
1588,TOPJIBVSV,30,50,2025-01-09,False,2024-09-13T00:00:00
1589,MEGAF7557H,15,50,2026-07-16,False,2024-10-08T00:00:00
1590,SALEGYT0U0,15,200,2023-04-24,False,2025-03-19T00:00:00
1591,MEGAGAEKT1,50,150,2027-02-21,True,2025-08-19T00:00:00
1592,TOP7W2YAT,25,500,2026-07-22,True,2023-01-02T00:00:00
1593,DESCHQTDKR,5,200,2025-09-06,False,2025-03-18T00:00:00
1594,SALEFQLJU0,25,200,2027-10-04,True,2024-12-30T00:00:00
1595,OFFOR934K,10,300,2024-11-22,False,2026-02-18T00:00:00
1596,PROMOI4VD30,5,200,2023-03-18,False,2024-06-16T00:00:00
1597,PROMOUMWCRJ,40,150,2027-08-19,True,2023-01-20T00:00:00
1598,SAVEPIM7ID,40,50,2024-08-04,False,2024-05-30T00:00:00
1599,SUPERAZF2AV,50,100,2023-06-28,False,2024-07-04T00:00:00
1600,SUPERCN5588,50,50,2027-05-31,True,2023-01-28T00:00:00
1601,DESCTDT21M,20,150,2025-08-06,False,2023-06-17T00:00:00
1602,TOPW0C4GQ,40,100,2026-03-02,False,2024-05-28T00:00:00
1603,SALEGUKTMW,15,150,2025-04-25,False,2023-01-31T00:00:00
1604,OFFYP1HVP,25,150,2023-11-10,False,2025-04-05T00:00:00
1605,SALEFS5SUF,15,100,2026-08-08,True,2024-06-20T00:00:00
1606,SAVE9XGP7T,20,500,2024-04-05,False,2025-10-15T00:00:00
1607,OFFJ8JXVS,30,150,2024-08-05,False,2024-06-08T00:00:00
1608,TOPS6YGS6,5,100,2024-04-07,False,2025-02-13T00:00:00
1609,SAVEOT6J4S,50,200,2023-03-04,False,2025-06-17T00:00:00
1610,SAVEGQVNNJ,20,100,2025-04-30,False,2024-12-31T00:00:00
1611,OFF1S0B8Y,40,150,2025-06-07,False,2023-07-03T00:00:00
1612,OFFJPXM15,50,100,2025-08-24,False,2023-08-03T00:00:00
1613,SUPERFS2R8E,40,500,2024-06-21,False,2024-07-30T00:00:00
1614,DESCD4B7D6,10,100,2025-10-11,False,2024-12-01T00:00:00
1615,PROMO2FHGBQ,50,100,2024-10-30,False,2023-12-09T00:00:00
1616,SAVEYQCGXV,15,100,2027-03-21,True,2026-02-14T00:00:00
1617,SUPERNJTX8H,40,300,2026-02-24,False,2024-04-12T00:00:00
1618,MEGADEXXWL,25,150,2027-08-27,True,2025-11-22T00:00:00
1619,PROMOSQTX31,30,50,2023-12-01,False,2024-09-26T00:00:00
1620,DESCRQV7GC,10,150,2027-09-24,True,2023-05-25T00:00:00
1621,OFFBKBD4J,50,200,2026-09-17,False,2024-05-23T00:00:00
1622,MEGAU8N68Y,40,500,2025-07-05,False,2025-07-27T00:00:00
1623,MEGAQIMN7W,5,300,2026-01-17,False,2023-08-17T00:00:00
1624,TOPRZEMHZ,15,150,2025-12-20,False,2024-07-30T00:00:00
1625,DESCRQT9G3,15,200,2025-01-14,False,2024-09-14T00:00:00
1626,OFFDNV48T,15,150,2024-06-13,False,2023-05-15T00:00:00
1627,SALENO6D3H,50,50,2025-03-24,False,2024-05-25T00:00:00
1628,OFFLY9024,20,500,2027-10-05,True,2025-06-12T00:00:00
1629,SUPER16RRTN,40,300,2027-03-30,False,2023-08-21T00:00:00
1630,TOPSPLEWJ,50,100,2026-10-01,True,2026-05-11T00:00:00
1631,PROMOKB99MD,25,200,2023-12-23,False,2023-10-29T00:00:00
1632,MEGAH4P3KZ,50,100,2026-07-11,True,2023-11-18T00:00:00
1633,DESC52Z8PE,50,200,2025-07-14,False,2024-11-22T00:00:00
1634,TOPXXOQ10,5,100,2027-10-11,True,2023-06-21T00:00:00
1635,DESC1MC0XS,15,100,2025-04-04,False,2024-06-23T00:00:00
1636,TOPMELBOG,10,100,2024-01-13,False,2024-02-16T00:00:00
1637,SALEMSCWRK,30,300,2023-09-28,False,2026-01-17T00:00:00
1638,PROMO9TVO7Y,50,50,2026-12-13,True,2023-05-22T00:00:00
1639,PROMOB3GZOP,25,300,2027-09-04,True,2023-04-22T00:00:00
1640,TOP1ZWSUN,25,500,2026-03-03,False,2023-05-22T00:00:00
1641,MEGACNBPG6,40,150,2023-07-06,False,2025-07-30T00:00:00
1642,OFFDFBMOP,25,300,2025-06-01,False,2023-04-11T00:00:00
1643,TOPUPPB4L,20,50,2025-08-19,False,2023-01-10T00:00:00
1644,PROMOUPHKCN,20,50,2024-05-09,False,2024-04-19T00:00:00
1645,SAVEU1I571,15,200,2023-09-09,False,2024-10-30T00:00:00
1646,OFFFJNTV5,10,200,2027-02-27,True,2024-10-13T00:00:00
1647,SUPERWEI77G,40,100,2027-03-19,True,2024-07-23T00:00:00
1648,MEGACHCKIA,10,50,2024-11-22,False,2024-08-11T00:00:00
1649,PROMO16AC05,25,50,2025-06-16,False,2026-02-18T00:00:00
1650,TOPKVVS4A,20,300,2024-06-30,False,2024-03-09T00:00:00
1651,OFFNQXHC8,10,150,2026-06-17,True,2024-04-27T00:00:00
1652,SALECZHG4X,10,150,2024-04-20,False,2024-11-18T00:00:00
1653,SUPER8A0QIS,10,300,2027-11-20,True,2023-05-25T00:00:00
1654,TOPML9G7H,10,500,2023-04-19,False,2023-12-21T00:00:00
1655,MEGA5MIRR7,50,100,2027-07-03,True,2023-06-16T00:00:00
1656,PROMOE7SBH9,25,50,2026-07-20,True,2025-09-25T00:00:00
1657,SALEUW2X5O,40,100,2026-02-15,False,2025-12-12T00:00:00
1658,SUPERN69BDN,50,50,2024-11-24,False,2024-10-15T00:00:00
1659,PROMOBLS6UA,25,200,2026-03-17,False,2025-06-14T00:00:00
1660,DESCELEXHR,25,500,2024-10-13,False,2024-07-08T00:00:00
1661,TOPK9VQXM,25,200,2026-07-13,True,2026-01-24T00:00:00
1662,TOPZFG9AQ,25,150,2024-08-25,False,2025-05-09T00:00:00
1663,DESC4F0OTI,25,150,2027-12-29,True,2025-12-29T00:00:00
1664,SALEYI23B1,5,50,2027-06-21,False,2023-03-23T00:00:00
1665,MEGAXZ0WME,10,300,2024-04-24,False,2024-01-17T00:00:00
1666,TOPKLPDWJ,15,300,2023-12-15,False,2026-01-03T00:00:00
1667,MEGAJNJZY3,25,300,2026-08-09,True,2025-05-18T00:00:00
1668,OFFY7AM1M,25,200,2025-07-28,False,2026-06-11T00:00:00
1669,SUPER1ILAX3,10,200,2026-03-12,False,2023-06-19T00:00:00
1670,DESC6GUEFK,40,200,2027-02-04,True,2023-06-13T00:00:00
1671,DESCD4LEEO,5,100,2025-10-11,False,2023-09-30T00:00:00
1672,PROMOMHAFUA,15,150,2025-07-07,False,2026-01-19T00:00:00
1673,SAVEDG1QD5,30,500,2023-04-16,False,2024-06-19T00:00:00
1674,PROMO9N1RBC,5,100,2024-11-23,False,2023-12-22T00:00:00
1675,SALES7XEPQ,15,500,2027-06-24,True,2025-12-28T00:00:00
1676,PROMOFQXJJ3,40,200,2023-07-08,False,2023-03-06T00:00:00
1677,TOPQK83RG,30,100,2024-07-10,False,2025-07-21T00:00:00
1678,SUPEROR0DH6,5,50,2023-05-24,False,2024-01-26T00:00:00
1679,SALEFCA89N,25,200,2023-06-07,False,2025-10-23T00:00:00
1680,SAVEV33J8X,20,50,2025-05-22,False,2025-12-22T00:00:00
1681,MEGA5ZS5YD,30,50,2025-01-31,False,2025-07-06T00:00:00
1682,OFFZH8NI3,25,200,2027-11-11,True,2026-01-22T00:00:00
1683,TOPBXFXP2,30,300,2025-04-27,False,2025-09-01T00:00:00
1684,TOPQ0OYD2,25,500,2023-03-13,False,2024-01-05T00:00:00
1685,TOP0BY4GP,25,200,2026-09-29,True,2026-01-31T00:00:00
1686,TOP5N8RVX,15,500,2024-09-30,False,2025-12-29T00:00:00
1687,SALE6N2QDC,50,150,2024-10-29,False,2024-07-14T00:00:00
1688,MEGAT50AFD,10,200,2026-03-11,False,2025-08-08T00:00:00
1689,SUPERY2O71M,15,300,2026-07-07,True,2023-07-31T00:00:00
1690,PROMO6BR7ZT,30,100,2025-03-29,False,2025-04-23T00:00:00
1691,MEGA67P8ZE,25,150,2023-02-15,False,2026-03-15T00:00:00
1692,OFFOFS1J6,40,100,2026-03-27,False,2023-06-07T00:00:00
1693,MEGA22J9ZS,30,100,2023-08-01,False,2024-03-15T00:00:00
1694,OFFXF1TVQ,20,150,2025-04-30,False,2024-09-08T00:00:00
1695,SALEUJF87X,10,200,2027-01-15,False,2025-04-09T00:00:00
1696,PROMOI2TVO2,40,150,2023-07-17,False,2024-04-05T00:00:00
1697,DESCNSZIYI,50,50,2025-01-25,False,2023-02-19T00:00:00
1698,SAVEATUHZC,30,500,2027-01-02,True,2024-03-03T00:00:00
1699,SUPER6WDTBI,5,200,2024-05-20,False,2024-09-04T00:00:00
1700,SAVEMB81Z3,20,150,2024-01-02,False,2023-11-08T00:00:00
1701,SAVEI9YO0N,50,200,2023-06-24,False,2023-08-22T00:00:00
1702,SAVEICNYYC,15,500,2024-10-28,False,2023-09-15T00:00:00
1703,TOPVT8B3V,10,200,2027-11-28,False,2026-04-28T00:00:00
1704,SAVEN2BJR6,40,300,2023-03-31,False,2024-09-09T00:00:00
1705,TOPA1O1FH,20,200,2025-03-07,False,2026-04-02T00:00:00
1706,SAVEMNOHV5,50,100,2024-02-16,False,2023-04-03T00:00:00
1707,MEGAYHMS09,50,50,2027-02-20,True,2026-02-15T00:00:00
1708,TOPX2MW82,15,300,2023-06-02,False,2025-09-04T00:00:00
1709,MEGAM6EOEK,15,300,2023-08-13,False,2024-03-23T00:00:00
1710,SAVE0VLMP3,10,200,2027-12-04,True,2023-12-23T00:00:00
1711,PROMOSGJ491,5,500,2027-12-19,True,2024-09-25T00:00:00
1712,SUPER8RKJRT,50,150,2027-11-13,True,2023-08-02T00:00:00
1713,SALE82DPHH,50,150,2026-12-25,True,2025-11-10T00:00:00
1714,SAVEU8FZCT,50,50,2026-12-29,True,2025-10-31T00:00:00
1715,SALE0DZ1GR,50,100,2023-07-15,False,2023-03-26T00:00:00
1716,SALEIL4735,10,100,2023-02-23,False,2023-10-03T00:00:00
1717,DESCCB420D,10,150,2023-08-30,False,2025-11-26T00:00:00
1718,TOPKDJBZF,20,500,2023-12-23,False,2026-05-28T00:00:00
1719,SUPERGD4E07,25,200,2026-02-08,False,2025-05-08T00:00:00
1720,MEGA1UFQG6,40,200,2023-09-27,False,2025-10-08T00:00:00
1721,TOP1GNGK6,40,200,2023-04-02,False,2026-05-19T00:00:00
1722,MEGAJB7OHR,20,200,2026-08-25,False,2024-09-04T00:00:00
1723,MEGAWHL2P9,50,50,2024-01-24,False,2024-10-21T00:00:00
1724,OFF783X3M,20,500,2027-12-15,False,2023-12-29T00:00:00
1725,TOPOM0KYI,10,300,2024-03-02,False,2024-05-31T00:00:00
1726,DESCC5L4HG,30,200,2027-05-01,False,2025-01-09T00:00:00
1727,SUPERE0HI5O,5,200,2027-12-23,True,2024-08-04T00:00:00
1728,DESCTWAJLR,50,150,2025-01-23,False,2025-06-12T00:00:00
1729,SAVE0LPQPV,30,200,2023-06-04,False,2023-03-11T00:00:00
1730,SUPERA6CIBO,5,100,2027-11-30,True,2024-06-26T00:00:00
1731,OFF202A0Y,20,200,2024-04-10,False,2026-01-14T00:00:00
1732,DESCCBI3P4,50,100,2027-09-11,False,2023-04-18T00:00:00
1733,OFFCCVWGI,5,500,2026-01-29,False,2023-06-01T00:00:00
1734,SUPERDTHQ23,30,200,2026-01-01,False,2026-01-29T00:00:00
1735,MEGAWZXOAM,30,100,2025-05-16,False,2023-01-14T00:00:00
1736,MEGAYPFR6T,10,50,2027-12-05,True,2024-09-02T00:00:00
1737,OFFKHQZSE,50,50,2025-01-30,False,2025-01-04T00:00:00
1738,DESCRUWLPT,15,200,2026-12-20,False,2025-07-15T00:00:00
1739,SALEYELHF8,5,100,2025-09-19,False,2023-10-13T00:00:00
1740,OFFZEMDAZ,5,100,2027-08-04,True,2023-12-26T00:00:00
1741,DESCA3YXL1,20,500,2024-09-14,False,2024-02-04T00:00:00
1742,DESCP9EDYT,40,100,2027-07-14,True,2023-10-20T00:00:00
1743,PROMOJZ4APM,40,200,2025-09-05,False,2023-05-23T00:00:00
1744,TOPVUYJ0X,30,500,2027-01-13,False,2025-09-09T00:00:00
1745,DESCZOOGXP,10,200,2023-07-04,False,2024-02-22T00:00:00
1746,SAVE9AINQP,50,300,2027-07-19,True,2024-06-30T00:00:00
1747,TOPXPZY32,20,500,2026-07-29,True,2026-01-19T00:00:00
1748,PROMOPM2RAC,40,300,2026-03-11,False,2025-01-21T00:00:00
1749,MEGAS59OHE,20,150,2026-07-30,True,2024-10-06T00:00:00
1750,SAVEV4C2SG,30,150,2025-04-29,False,2023-05-22T00:00:00
1751,DESCBA7A9Z,20,100,2025-05-25,False,2025-02-18T00:00:00
1752,TOP1NQNVV,20,100,2025-07-30,False,2024-06-21T00:00:00
1753,TOPNL2CG1,20,300,2027-09-12,True,2023-07-21T00:00:00
1754,OFFC7XTAJ,15,500,2026-02-28,False,2024-04-15T00:00:00
1755,MEGA5XP9XG,30,150,2023-08-26,False,2025-06-01T00:00:00
1756,OFF8A1WFL,5,100,2024-10-17,False,2023-10-01T00:00:00
1757,OFF0IKK7V,50,300,2027-06-02,False,2025-08-10T00:00:00
1758,SAVEQ6M57I,5,500,2024-04-24,False,2025-06-09T00:00:00
1759,SAVE2YYEEO,15,300,2027-10-14,True,2025-07-21T00:00:00
1760,SUPERYN01TE,30,100,2026-02-09,False,2024-03-12T00:00:00
1761,OFF2BPMHK,20,100,2026-05-08,False,2023-09-14T00:00:00
1762,PROMOCSX1X7,50,300,2027-04-24,True,2023-07-12T00:00:00
1763,OFFLGI7GV,40,200,2023-05-08,False,2025-08-19T00:00:00
1764,PROMOLEJ7UD,25,150,2023-03-20,False,2024-02-10T00:00:00
1765,SAVEERJRHG,50,200,2025-01-06,False,2023-04-18T00:00:00
1766,MEGAOWZEJD,50,500,2026-01-22,False,2024-03-01T00:00:00
1767,OFFC6B51Q,5,150,2025-12-26,False,2026-05-30T00:00:00
1768,SUPERVPNNHO,15,50,2024-06-01,False,2025-09-03T00:00:00
1769,SAVEOT2NVR,15,50,2026-07-01,True,2025-12-29T00:00:00
1770,TOP83E38Z,5,200,2026-06-26,True,2024-03-13T00:00:00
1771,DESCD7QLFA,40,150,2027-05-13,True,2025-03-17T00:00:00
1772,PROMOK01QXR,10,150,2024-02-12,False,2026-04-22T00:00:00
1773,SAVEOT464F,50,500,2026-11-10,True,2023-04-03T00:00:00
1774,MEGARR69PH,30,50,2027-12-12,False,2026-01-20T00:00:00
1775,OFFOCK99T,25,200,2026-05-05,False,2025-11-28T00:00:00
1776,DESCRYEN7B,10,300,2025-10-31,False,2023-02-22T00:00:00
1777,PROMO0V44RL,20,150,2023-06-20,False,2024-01-27T00:00:00
1778,PROMOVI50QM,5,300,2026-03-17,False,2023-09-25T00:00:00
1779,SUPERBN9NHH,30,300,2026-01-20,False,2024-07-18T00:00:00
1780,MEGA7YHZ6S,5,500,2024-05-12,False,2026-04-05T00:00:00
1781,SUPERD2UZF8,25,100,2026-03-02,False,2023-03-14T00:00:00
1782,PROMO5TI41A,25,200,2025-05-03,False,2023-08-27T00:00:00
1783,SAVEMX45UY,5,150,2027-03-18,True,2024-09-24T00:00:00
1784,SALE8XIPL1,20,500,2024-01-27,False,2023-10-15T00:00:00
1785,OFFDLQKTR,50,300,2024-06-22,False,2023-12-11T00:00:00
1786,MEGAYDOJ4Z,25,150,2025-02-13,False,2023-01-08T00:00:00
1787,MEGAYV2K5S,50,500,2024-04-02,False,2026-03-28T00:00:00
1788,PROMOGGY90P,25,500,2027-09-19,True,2024-04-15T00:00:00
1789,DESCRGB04D,25,50,2025-01-31,False,2023-12-09T00:00:00
1790,TOP1PPRCN,10,300,2024-03-03,False,2023-01-15T00:00:00
1791,OFFPUUGOX,5,50,2023-02-03,False,2023-10-01T00:00:00
1792,MEGAXVP7VQ,25,150,2023-12-15,False,2026-05-22T00:00:00
1793,SAVEYN1JY9,40,500,2027-07-06,True,2025-01-31T00:00:00
1794,SAVEO3D79N,50,200,2025-04-09,False,2026-02-01T00:00:00
1795,TOP31BTBT,40,500,2027-05-23,False,2026-06-08T00:00:00
1796,SUPERUMQJQM,10,150,2024-07-07,False,2024-08-06T00:00:00
1797,OFF1LKUUC,50,50,2023-12-03,False,2024-03-24T00:00:00
1798,SAVE2QJV2F,30,100,2027-11-25,False,2024-04-29T00:00:00
1799,SALEW1FS7Q,40,150,2027-06-14,False,2026-02-21T00:00:00
1800,TOPYLQUX7,25,500,2026-11-19,True,2026-02-27T00:00:00
1801,TOPX82L59,5,500,2023-12-08,False,2024-12-07T00:00:00
1802,TOP0RF293,25,300,2024-01-31,False,2023-03-14T00:00:00
1803,SAVENSX9BA,40,500,2024-10-08,False,2023-03-02T00:00:00
1804,OFFOTAN5C,15,300,2024-08-29,False,2024-02-09T00:00:00
1805,OFFI26YVK,40,200,2026-10-11,True,2024-05-04T00:00:00
1806,MEGAMVWKBQ,5,50,2026-06-14,True,2025-12-17T00:00:00
1807,DESCT85E23,10,200,2027-07-16,True,2023-09-08T00:00:00
1808,DESCTLCVMP,5,100,2025-02-21,False,2024-06-27T00:00:00
1809,PROMOIFK2HT,20,50,2026-05-05,False,2024-08-04T00:00:00
1810,OFFV89Y56,15,150,2025-03-01,False,2024-07-22T00:00:00
1811,SALEHRXV4T,10,500,2027-07-02,False,2026-05-09T00:00:00
1812,SAVENMCLGY,25,150,2023-02-11,False,2026-05-07T00:00:00
1813,SAVEIORJCH,10,100,2025-08-02,False,2024-12-03T00:00:00
1814,PROMOBQVZ8M,40,300,2026-12-17,True,2025-11-23T00:00:00
1815,DESCBXQLTT,15,50,2024-10-06,False,2025-06-24T00:00:00
1816,TOPH2UMLK,10,200,2024-07-07,False,2025-09-23T00:00:00
1817,DESCYBZL23,5,200,2024-02-04,False,2023-03-14T00:00:00
1818,SALENVWTWA,20,150,2027-04-13,True,2024-04-21T00:00:00
1819,TOPZ8K63I,50,100,2027-01-23,True,2026-01-17T00:00:00
1820,SUPERD1WMKJ,15,500,2026-03-18,False,2025-07-19T00:00:00
1821,TOPT68BEC,15,100,2024-07-24,False,2026-03-22T00:00:00
1822,DESC7UMHD6,25,150,2024-06-03,False,2025-01-08T00:00:00
1823,TOPUEFTLA,20,100,2023-04-19,False,2023-12-25T00:00:00
1824,SUPER5FJG1M,5,500,2024-01-05,False,2026-03-02T00:00:00
1825,PROMOO994MN,40,50,2027-08-14,True,2024-09-22T00:00:00
1826,SALE0ZYD8J,50,150,2023-02-19,False,2023-01-23T00:00:00
1827,OFFQ8S2K9,10,100,2025-07-19,False,2023-03-11T00:00:00
1828,SAVEOR8EKO,10,300,2026-04-15,False,2023-05-06T00:00:00
1829,OFFFBGH3F,30,300,2027-04-22,True,2023-06-02T00:00:00
1830,DESCE2LPBZ,25,200,2025-12-10,False,2025-12-22T00:00:00
1831,DESCUBX7QP,25,150,2023-06-06,False,2025-08-27T00:00:00
1832,MEGARJ8OP5,30,150,2023-03-01,False,2025-12-05T00:00:00
1833,SAVEMMU14X,40,100,2025-07-15,False,2025-03-06T00:00:00
1834,TOPXQFCWN,20,500,2026-07-17,True,2024-08-15T00:00:00
1835,SUPERZHEB4H,30,500,2024-08-23,False,2023-07-20T00:00:00
1836,SALES6GYBZ,25,300,2025-09-04,False,2024-02-14T00:00:00
1837,SAVEEW7K1Z,15,150,2023-01-16,False,2023-01-20T00:00:00
1838,SUPERAUHRD2,30,100,2027-07-19,True,2025-09-07T00:00:00
1839,SUPER7PWSZT,40,100,2026-12-08,False,2023-03-18T00:00:00
1840,SUPER1FHF34,50,300,2023-05-17,False,2026-05-20T00:00:00
1841,SUPERKD9899,50,50,2024-08-31,False,2024-07-11T00:00:00
1842,PROMOC0VMDR,30,50,2024-08-15,False,2025-06-21T00:00:00
1843,TOPNBPOIA,15,50,2024-03-13,False,2026-04-13T00:00:00
1844,OFF1U5HQ8,30,300,2025-03-23,False,2024-11-02T00:00:00
1845,SAVEKLQ5XQ,15,50,2023-05-01,False,2024-02-26T00:00:00
1846,MEGAN4BNK8,20,100,2024-01-23,False,2024-03-31T00:00:00
1847,SUPERWTA4M3,30,500,2026-11-03,True,2026-01-24T00:00:00
1848,SALED8OFP2,15,100,2024-09-02,False,2025-07-26T00:00:00
1849,SUPERCORNZH,15,50,2026-06-21,False,2024-01-06T00:00:00
1850,SAVE5FHEY0,15,150,2026-08-09,True,2026-04-27T00:00:00
1851,DESCO23B0W,25,150,2025-08-09,False,2025-01-27T00:00:00
1852,SAVE2NCGSE,15,500,2025-11-24,False,2023-12-25T00:00:00
1853,TOP92GCHT,40,300,2025-04-05,False,2024-05-15T00:00:00
1854,TOP626PVI,40,150,2025-03-09,False,2026-01-23T00:00:00
1855,DESCN411PX,25,100,2023-09-22,False,2024-05-19T00:00:00
1856,SALEYWBO5W,25,500,2025-10-01,False,2025-02-17T00:00:00
1857,MEGAP96XGA,5,200,2027-01-20,True,2025-04-07T00:00:00
1858,SUPERQ28SR0,15,150,2027-04-29,True,2023-01-23T00:00:00
1859,PROMO1MFOIF,40,500,2024-04-17,False,2023-10-10T00:00:00
1860,DESCDAKRZ4,50,300,2027-03-08,True,2024-12-16T00:00:00
1861,SAVEPPLXBS,10,50,2026-10-15,True,2024-07-29T00:00:00
1862,TOPXQ5JOA,15,100,2025-04-27,False,2023-07-17T00:00:00
1863,SALEL1C05N,5,100,2026-09-30,True,2023-03-21T00:00:00
1864,PROMOR183XL,25,200,2025-01-10,False,2026-04-04T00:00:00
1865,OFFTU9ORD,50,300,2027-05-24,False,2023-07-10T00:00:00
1866,MEGAI9LXZS,10,150,2023-09-26,False,2024-01-02T00:00:00
1867,SUPERV2GOW8,15,500,2027-05-09,True,2023-04-29T00:00:00
1868,SUPER01OQAP,25,50,2023-01-21,False,2025-10-03T00:00:00
1869,OFFJ6XCGV,30,500,2027-03-11,False,2024-01-22T00:00:00
1870,DESC6438NH,5,500,2027-06-22,True,2025-01-26T00:00:00
1871,TOPTKWUJ4,20,100,2025-12-29,False,2025-08-20T00:00:00
1872,OFFF8TOZY,5,300,2027-03-02,True,2023-12-06T00:00:00
1873,SALEDOS0FH,15,50,2023-06-09,False,2023-08-21T00:00:00
1874,MEGAB20DCT,5,200,2023-04-11,False,2026-05-04T00:00:00
1875,TOP14GBZQ,40,500,2024-02-12,False,2025-05-28T00:00:00
1876,SUPER9ZOMSL,40,100,2025-01-12,False,2025-03-17T00:00:00
1877,SUPER1SZJWD,25,50,2026-08-25,False,2024-08-07T00:00:00
1878,SALE5APBUV,15,300,2026-10-12,True,2024-07-02T00:00:00
1879,DESC2MOSGU,40,200,2023-03-30,False,2025-05-09T00:00:00
1880,SAVEMUNQ5P,5,300,2027-12-08,False,2024-05-24T00:00:00
1881,MEGASLDR5F,50,100,2026-11-15,True,2024-07-26T00:00:00
1882,SALEU2K8O8,50,50,2025-04-09,False,2023-04-15T00:00:00
1883,SAVEN81QQX,40,200,2023-03-02,False,2024-11-26T00:00:00
1884,OFFR65YH6,50,50,2023-10-25,False,2025-03-15T00:00:00
1885,MEGAAK7PP4,20,50,2023-08-28,False,2023-01-30T00:00:00
1886,DESC3YWWKA,50,150,2025-11-21,False,2023-12-07T00:00:00
1887,DESC7DI2SP,20,300,2025-07-01,False,2024-06-20T00:00:00
1888,PROMO3SM7MC,20,50,2026-11-16,False,2024-06-14T00:00:00
1889,OFFES8EJM,40,300,2024-10-31,False,2023-06-18T00:00:00
1890,SALEATDEZ7,50,100,2026-06-18,True,2023-02-18T00:00:00
1891,DESCX28P7H,10,150,2027-02-12,True,2024-04-05T00:00:00
1892,MEGAYFS9CL,5,300,2025-07-11,False,2023-11-12T00:00:00
1893,TOPPLX2RU,15,200,2023-06-13,False,2023-01-21T00:00:00
1894,OFFB64XGL,25,200,2025-12-23,False,2024-12-01T00:00:00
1895,DESCL3JFM4,25,100,2023-07-14,False,2026-03-28T00:00:00
1896,OFFGJF8DH,20,100,2023-11-15,False,2025-12-08T00:00:00
1897,SAVEDY4JZ9,50,500,2023-01-28,False,2023-05-09T00:00:00
1898,DESCUZKUGG,10,50,2027-05-23,True,2026-01-08T00:00:00
1899,SALE122FFT,15,50,2024-11-17,False,2026-04-30T00:00:00
1900,SUPERWBKGX9,20,100,2027-12-08,True,2023-10-16T00:00:00
1901,DESCSUB70E,20,100,2025-03-18,False,2025-09-21T00:00:00
1902,SUPERGE0LNO,30,150,2026-10-10,True,2024-01-17T00:00:00
1903,SALE214EPS,40,100,2023-10-01,False,2025-08-24T00:00:00
1904,PROMO4HMR9P,15,300,2026-05-27,False,2023-11-23T00:00:00
1905,PROMOZOIIPW,10,200,2026-04-04,False,2025-07-23T00:00:00
1906,MEGA7420I7,50,150,2023-03-31,False,2026-05-12T00:00:00
1907,SALEUCYPDV,25,150,2024-03-01,False,2023-12-03T00:00:00
1908,SALEH3JXLP,5,150,2025-11-03,False,2023-06-15T00:00:00
1909,SAVE8SUIFA,25,300,2026-03-27,False,2024-06-29T00:00:00
1910,DESCUYP1RT,15,200,2027-11-04,False,2025-04-18T00:00:00
1911,SAVE9S5KR3,50,50,2024-12-26,False,2025-09-15T00:00:00
1912,TOPT754UD,40,200,2023-05-21,False,2024-09-29T00:00:00
1913,OFFC0CWUL,30,200,2026-04-21,False,2023-11-29T00:00:00
1914,TOP621F7S,25,150,2023-05-10,False,2024-07-09T00:00:00
1915,SUPERO7LQ6X,40,50,2026-08-17,True,2023-09-11T00:00:00
1916,SUPERCT9RO5,25,200,2023-08-29,False,2025-11-17T00:00:00
1917,MEGAFP11KB,20,500,2027-04-25,True,2025-04-01T00:00:00
1918,TOPG7DY33,40,50,2027-03-16,True,2026-01-02T00:00:00
1919,SAVE6IY6X3,30,150,2025-03-19,False,2026-01-29T00:00:00
1920,TOP80HQZQ,25,200,2025-07-13,False,2024-01-11T00:00:00
1921,SUPEREITSVC,10,150,2026-04-17,False,2023-10-03T00:00:00
1922,SALEAR6OI8,5,50,2025-08-05,False,2026-01-25T00:00:00
1923,MEGAUAT6QA,20,50,2026-06-14,True,2026-02-11T00:00:00
1924,OFFLUNN1C,20,150,2025-03-25,False,2023-06-02T00:00:00
1925,OFF46LGSH,25,500,2027-07-02,True,2026-02-02T00:00:00
1926,SALEYL52PV,25,200,2023-03-25,False,2024-12-18T00:00:00
1927,PROMOBWXRT4,30,50,2027-01-19,False,2025-03-12T00:00:00
1928,OFFHHNOYA,25,300,2026-04-02,False,2024-05-15T00:00:00
1929,PROMO3YV5O1,30,150,2024-05-23,False,2025-04-06T00:00:00
1930,SUPERI633WK,30,200,2027-03-26,True,2024-06-13T00:00:00
1931,SALE8WPDFC,40,300,2025-05-18,False,2025-01-31T00:00:00
1932,DESCQIPMF5,50,500,2027-04-24,True,2025-10-20T00:00:00
1933,SALEVFC1HF,5,500,2024-03-18,False,2025-07-18T00:00:00
1934,MEGAGZHSBH,30,300,2023-06-02,False,2023-04-20T00:00:00
1935,DESCGRO16T,15,500,2024-11-05,False,2025-10-07T00:00:00
1936,OFFEQVGJH,50,100,2023-10-14,False,2025-09-30T00:00:00
1937,SALEUFBNVA,40,200,2026-11-02,False,2024-09-05T00:00:00
1938,SAVEFU5LAW,25,200,2027-12-14,False,2024-04-25T00:00:00
1939,SUPERINFEHF,20,100,2027-06-14,True,2023-06-08T00:00:00
1940,SALEBHRIE9,20,100,2023-03-17,False,2025-07-05T00:00:00
1941,TOP1DBX38,20,500,2026-12-06,True,2025-09-01T00:00:00
1942,TOPKC3YCA,50,100,2025-12-07,False,2025-02-18T00:00:00
1943,SUPER2KDL7F,25,150,2024-08-06,False,2026-05-30T00:00:00
1944,MEGA696PVY,25,150,2026-01-18,False,2024-12-15T00:00:00
1945,SAVEYIDV24,10,500,2025-12-23,False,2024-06-24T00:00:00
1946,PROMOTUKPY4,40,150,2027-07-11,False,2024-07-15T00:00:00
1947,TOP4IAB2F,25,200,2025-01-19,False,2025-03-27T00:00:00
1948,TOP9CJ72O,50,150,2026-03-23,False,2024-10-31T00:00:00
1949,SAVE0VEG2D,20,200,2024-01-14,False,2024-04-20T00:00:00
1950,MEGAJHVX83,40,500,2027-08-12,True,2024-07-18T00:00:00
1951,DESC9CPX90,20,300,2023-03-13,False,2024-04-21T00:00:00
1952,SALEBJNC3A,5,150,2025-02-22,False,2024-09-27T00:00:00
1953,OFFXI2HXP,5,50,2024-09-08,False,2026-05-19T00:00:00
1954,MEGAREQAYJ,15,150,2023-10-26,False,2023-02-22T00:00:00
1955,SALE50I0E2,30,150,2024-01-21,False,2023-02-09T00:00:00
1956,SALE8J9LTC,20,200,2025-10-11,False,2025-02-20T00:00:00
1957,OFF5ZSASC,40,100,2027-04-04,False,2025-11-03T00:00:00
1958,MEGA6USMTY,15,50,2024-02-26,False,2025-12-25T00:00:00
1959,MEGAQHLVP8,10,500,2025-10-22,False,2023-04-09T00:00:00
1960,SAVEB2EYMD,50,150,2024-12-26,False,2025-05-14T00:00:00
1961,MEGAKC6Q4C,5,150,2025-04-29,False,2024-09-03T00:00:00
1962,SUPERO4IVLR,25,500,2026-08-01,True,2024-07-16T00:00:00
1963,DESCIXKKPJ,30,150,2023-03-09,False,2025-05-07T00:00:00
1964,TOPQAS35Z,15,500,2024-03-19,False,2023-04-04T00:00:00
1965,SUPERPCHCG0,25,150,2027-09-07,True,2024-12-13T00:00:00
1966,PROMORGS0G4,40,100,2027-01-14,True,2023-07-01T00:00:00
1967,SUPERSCYVZ1,5,150,2024-05-26,False,2024-01-03T00:00:00
1968,SAVEH2XU4L,10,100,2024-11-23,False,2026-02-02T00:00:00
1969,SUPERWPVSEL,10,150,2025-08-02,False,2024-03-11T00:00:00
1970,SAVEPR75E6,30,500,2023-04-05,False,2025-06-09T00:00:00
1971,PROMON1N7SZ,10,300,2027-08-30,True,2025-01-15T00:00:00
1972,MEGANF8MTV,10,100,2026-05-17,False,2026-02-06T00:00:00
1973,SAVELWMR5B,5,200,2025-02-06,False,2024-11-14T00:00:00
1974,MEGAO1TIRY,10,150,2025-06-10,False,2025-11-07T00:00:00
1975,DESC9FQU3M,5,100,2023-02-04,False,2025-02-24T00:00:00
1976,PROMOO86OUZ,10,300,2023-03-01,False,2024-04-05T00:00:00
1977,DESCMTBSVR,50,300,2023-12-30,False,2024-04-03T00:00:00
1978,SAVEHPUXTE,20,50,2023-12-27,False,2025-04-26T00:00:00
1979,SALEV20UY5,50,50,2024-09-01,False,2026-03-11T00:00:00
1980,SALEN743FZ,50,500,2027-02-15,True,2023-07-27T00:00:00
1981,SAVEAHE9YC,40,50,2025-02-17,False,2025-12-10T00:00:00
1982,SAVEJY144N,15,300,2027-06-15,False,2025-06-29T00:00:00
1983,PROMOPMBFTG,50,200,2027-04-21,False,2025-07-08T00:00:00
1984,PROMO9F6KVB,25,100,2027-01-01,True,2024-08-29T00:00:00
1985,SALE27E4VC,15,300,2024-01-25,False,2023-01-13T00:00:00
1986,SUPERQIRR2E,50,500,2026-06-16,True,2025-09-04T00:00:00
1987,PROMOCFXOXG,5,500,2027-02-18,False,2024-01-04T00:00:00
1988,PROMOPRDOTS,15,150,2025-06-23,False,2025-08-22T00:00:00
1989,SAVENF496M,15,150,2023-12-06,False,2025-06-21T00:00:00
1990,TOPRBVJ8P,10,50,2025-07-29,False,2026-03-28T00:00:00
1991,SAVEZZFAUP,50,50,2023-12-24,False,2025-08-14T00:00:00
1992,SAVE4B80YG,15,50,2023-07-08,False,2024-05-31T00:00:00
1993,MEGANC2Q6Y,20,50,2024-04-18,False,2024-01-18T00:00:00
1994,OFFT8HOZQ,5,500,2026-10-21,True,2023-08-23T00:00:00
1995,SALER6QH70,30,100,2025-08-21,False,2023-08-25T00:00:00
1996,DESC9FUTEG,40,100,2024-06-22,False,2024-09-08T00:00:00
1997,DESC3EX7QB,5,50,2026-02-28,False,2023-04-18T00:00:00
1998,TOP9P2LNN,50,50,2024-01-14,False,2024-08-09T00:00:00
1999,SAVENA6PX7,25,300,2025-05-14,False,2024-12-14T00:00:00
2000,MEGANH88S1,5,300,2024-07-09,False,2024-05-27T00:00:00
2001,SUPER9VD74W,50,150,2023-01-11,False,2024-08-23T00:00:00
2002,TOP81B5RG,10,50,2027-01-06,True,2023-07-02T00:00:00
2003,PROMOZKCERM,50,200,2026-03-22,False,2023-01-13T00:00:00
2004,TOPNH6LQ6,30,300,2023-11-20,False,2024-07-18T00:00:00
2005,SUPERL5Q4LU,15,300,2025-09-10,False,2025-04-10T00:00:00
2006,SUPERL1MEVE,20,500,2023-02-17,False,2025-01-17T00:00:00
2007,SUPERDA14R3,40,500,2026-03-17,False,2025-08-11T00:00:00
2008,SALEG1OFXJ,50,50,2026-05-07,False,2025-05-12T00:00:00
2009,DESCO6UGN4,30,500,2026-11-10,True,2024-02-13T00:00:00
2010,OFF38ZT79,20,100,2023-06-21,False,2025-05-24T00:00:00
2011,SUPERU6N21R,5,200,2027-05-29,True,2024-12-28T00:00:00
2012,TOP0O6BQ7,10,50,2027-03-20,True,2023-01-03T00:00:00
2013,PROMORRL0XF,50,300,2025-07-12,False,2026-03-25T00:00:00
2014,SAVEC4C0GZ,40,300,2027-11-08,True,2024-03-05T00:00:00
2015,TOPDQ0FRH,30,300,2026-04-13,False,2024-02-27T00:00:00
2016,SAVEI4RSSI,25,500,2027-08-14,True,2025-09-03T00:00:00
2017,DESCB66CA9,15,500,2024-01-18,False,2023-09-29T00:00:00
2018,SUPER5Y6YSU,20,300,2024-04-13,False,2026-06-08T00:00:00
2019,SALEQJBZ46,20,50,2026-03-05,False,2026-01-09T00:00:00
2020,TOPP1N7CJ,5,500,2027-02-04,False,2024-11-22T00:00:00
2021,TOPD2MQID,5,150,2027-03-25,False,2023-10-21T00:00:00
2022,OFF9HRNYS,25,500,2023-06-04,False,2023-05-31T00:00:00
2023,TOP3PJA5L,10,500,2027-11-12,True,2024-07-05T00:00:00
2024,MEGA13THUA,20,300,2023-06-01,False,2024-08-16T00:00:00
2025,PROMOFM9FIK,25,200,2027-11-27,True,2026-05-22T00:00:00
2026,TOPZKA6LF,25,100,2024-06-14,False,2024-04-24T00:00:00
2027,SUPERPZ96ET,50,500,2024-05-04,False,2023-09-21T00:00:00
2028,SUPERMYT0JR,30,100,2024-08-03,False,2023-12-20T00:00:00
2029,MEGADBFTVV,5,150,2027-03-04,False,2023-07-09T00:00:00
2030,SAVEZ1UHIZ,15,300,2027-12-10,False,2024-01-26T00:00:00
2031,TOP4SI83O,20,200,2023-09-03,False,2026-06-03T00:00:00
2032,SUPERM70VY3,50,300,2025-07-07,False,2025-10-02T00:00:00
2033,SALEPHGOWM,20,500,2024-11-22,False,2023-11-23T00:00:00
2034,SUPERDF2IZT,20,100,2024-07-12,False,2024-09-26T00:00:00
2035,PROMOH2Y8CO,30,200,2024-11-21,False,2024-03-22T00:00:00
2036,SUPERAZ4J0S,5,300,2024-11-19,False,2024-11-22T00:00:00
2037,SALEAJ3SWM,50,200,2025-12-24,False,2024-05-28T00:00:00
2038,DESCBWN8A5,50,150,2026-12-09,True,2025-10-05T00:00:00
2039,SAVEMZGDWL,30,200,2023-05-15,False,2024-10-29T00:00:00
2040,DESCPHCT68,10,200,2026-07-01,True,2025-09-09T00:00:00
2041,SALECARMTR,5,150,2027-11-08,False,2024-10-13T00:00:00
2042,DESCROZHW4,50,200,2026-10-29,True,2024-10-25T00:00:00
2043,SAVEIM4PYY,30,150,2025-06-19,False,2024-07-10T00:00:00
2044,SUPERB8ELPH,15,50,2025-10-25,False,2024-06-04T00:00:00
2045,OFFTV2PBA,10,150,2023-01-17,False,2023-03-08T00:00:00
2046,MEGAUU2GUK,5,200,2026-03-10,False,2026-02-16T00:00:00
2047,SAVE78O7QX,20,100,2023-05-06,False,2024-06-17T00:00:00
2048,TOPXFX8HS,30,50,2024-08-10,False,2025-04-10T00:00:00
2049,SALEY8MT86,40,500,2023-09-16,False,2024-11-17T00:00:00
2050,SALE3LNGHH,5,200,2026-07-23,True,2025-07-31T00:00:00
2051,MEGASL57ZX,5,300,2025-10-16,False,2024-12-09T00:00:00
2052,PROMOGYRRFJ,10,500,2023-08-05,False,2024-12-29T00:00:00
2053,TOP2MCTPX,5,100,2024-03-30,False,2023-11-10T00:00:00
2054,TOP2MAA04,30,300,2026-12-29,True,2025-09-06T00:00:00
2055,SUPERVV9ETJ,5,300,2025-01-18,False,2026-05-03T00:00:00
2056,SAVEMKGDA4,40,300,2026-10-26,True,2024-12-10T00:00:00
2057,SUPER4Z1OPR,40,500,2024-02-14,False,2023-02-07T00:00:00
2058,DESCR35G7L,25,200,2024-01-28,False,2023-11-19T00:00:00
2059,OFFSAQDE7,50,50,2023-01-29,False,2023-02-08T00:00:00
2060,DESCSHXLS1,30,500,2025-12-31,False,2023-10-29T00:00:00
2061,SUPER76FOUR,40,50,2025-11-08,False,2026-05-07T00:00:00
2062,SALEMK8FOP,40,500,2024-01-15,False,2026-03-28T00:00:00
2063,SUPEROYXU60,30,150,2023-11-06,False,2024-01-31T00:00:00
2064,SALEMUMNX4,30,300,2025-01-20,False,2023-07-01T00:00:00
2065,SUPER6D3WID,20,50,2027-07-21,False,2025-04-12T00:00:00
2066,MEGAPIIHR7,10,300,2024-02-01,False,2026-02-10T00:00:00
2067,SALEOF252M,25,150,2024-07-30,False,2026-04-15T00:00:00
2068,SAVEQOZSIL,40,300,2025-07-13,False,2025-03-12T00:00:00
2069,DESCV8D9CF,50,150,2025-01-19,False,2025-12-15T00:00:00
2070,DESC11ZCJO,50,150,2026-08-30,True,2023-07-10T00:00:00
2071,DESCANGRZK,20,300,2024-04-24,False,2023-06-30T00:00:00
2072,SALEI2KFFP,40,150,2026-12-16,False,2025-04-19T00:00:00
2073,TOPW6YA7C,20,300,2023-06-27,False,2023-01-19T00:00:00
2074,TOPRP1UBT,5,50,2025-10-31,False,2025-12-26T00:00:00
2075,DESC0J2NIZ,10,100,2024-02-29,False,2023-08-29T00:00:00
2076,SALEHECQ8M,30,300,2027-11-02,True,2024-10-23T00:00:00
2077,SAVE6X5J7P,50,500,2027-10-21,True,2026-05-10T00:00:00
2078,SAVE093UYM,10,150,2025-03-09,False,2026-04-06T00:00:00
2079,PROMOHEB92N,25,300,2025-07-04,False,2024-08-01T00:00:00
2080,OFFWLR75W,20,300,2025-10-30,False,2024-05-04T00:00:00
2081,MEGA1UJ2VJ,20,200,2027-01-15,False,2026-03-06T00:00:00
2082,SALEAIQ2R6,50,500,2027-01-12,True,2026-04-16T00:00:00
2083,TOP4RCRJF,30,200,2023-07-14,False,2025-04-11T00:00:00
2084,PROMOZCTY32,20,500,2026-07-16,False,2023-11-13T00:00:00
2085,SUPERN2S8SA,30,50,2023-09-19,False,2023-01-14T00:00:00
2086,SAVEQHK6R3,30,200,2023-08-05,False,2025-08-28T00:00:00
2087,OFF2EG6YX,50,100,2026-03-18,False,2023-04-22T00:00:00
2088,SUPERFSOBCE,40,300,2027-03-15,True,2023-02-15T00:00:00
2089,SUPERF7FFNO,40,200,2023-10-03,False,2024-05-17T00:00:00
2090,DESCZ1CPM0,50,300,2026-06-21,True,2026-03-17T00:00:00
2091,TOP4OAY7L,15,300,2023-12-08,False,2023-01-27T00:00:00
2092,SALEVDLBQJ,30,100,2027-06-18,True,2023-11-05T00:00:00
2093,TOPYEFVQ1,5,50,2027-04-20,False,2025-04-13T00:00:00
2094,MEGALRQWNN,30,100,2026-05-05,False,2023-06-06T00:00:00
2095,MEGACTLWHX,40,50,2023-10-26,False,2023-09-21T00:00:00
2096,DESCW12R21,25,150,2023-01-12,False,2025-07-02T00:00:00
2097,PROMO80YXZO,25,50,2023-05-19,False,2024-12-03T00:00:00
2098,SAVEHHJQG1,20,500,2027-07-16,False,2026-03-31T00:00:00
2099,MEGA25OKIY,25,500,2026-12-07,False,2025-12-24T00:00:00
2100,OFFR295NT,20,100,2023-12-27,False,2024-06-12T00:00:00
2101,SAVELUES7R,50,150,2023-06-23,False,2023-08-21T00:00:00
2102,TOP9YSNX2,15,500,2024-02-07,False,2023-04-11T00:00:00
2103,SUPER9N6ZCX,5,500,2024-12-13,False,2024-09-29T00:00:00
2104,PROMO8EG1VB,50,200,2027-08-23,True,2024-01-29T00:00:00
2105,TOPUGZNUD,15,500,2024-05-19,False,2024-05-14T00:00:00
2106,TOPS0WMG8,10,100,2025-06-15,False,2023-12-06T00:00:00
2107,TOPCEGUVY,15,100,2025-11-02,False,2023-08-03T00:00:00
2108,TOPOKWJZV,30,200,2027-03-26,True,2024-12-27T00:00:00
2109,MEGAC0OOEH,25,500,2025-02-25,False,2024-03-18T00:00:00
2110,SAVE2PCK1K,40,150,2027-10-03,False,2024-12-22T00:00:00
2111,SALEDDS6XW,40,150,2027-07-21,False,2026-02-22T00:00:00
2112,TOPXIWKTF,40,200,2024-01-26,False,2023-12-07T00:00:00
2113,OFFYHXE5B,30,300,2026-04-18,False,2024-10-28T00:00:00
2114,OFFAV83NQ,20,500,2027-01-21,False,2025-05-26T00:00:00
2115,PROMOT7LYWS,30,200,2025-12-04,False,2024-12-01T00:00:00
2116,TOPX2Y55R,5,100,2026-10-04,True,2025-06-21T00:00:00
2117,DESCIDTA1V,40,500,2024-11-17,False,2024-04-26T00:00:00
2118,TOPOSMYJC,30,150,2027-07-05,True,2023-02-04T00:00:00
2119,SUPERYGNK6A,20,50,2025-10-15,False,2023-06-24T00:00:00
2120,SALEZU62TS,40,150,2024-02-05,False,2026-01-20T00:00:00
2121,TOPBCZNMI,10,150,2024-01-15,False,2023-06-16T00:00:00
2122,PROMODZI06G,40,50,2025-11-16,False,2023-11-25T00:00:00
2123,SUPER3TVUJQ,5,100,2024-06-20,False,2023-12-22T00:00:00
2124,SUPERXW8JRW,50,500,2024-09-11,False,2026-04-29T00:00:00
2125,TOPFQWQ02,30,300,2024-08-06,False,2024-12-08T00:00:00
2126,PROMOTUK9O4,50,150,2027-01-28,False,2023-08-01T00:00:00
2127,DESC4RD9T8,25,500,2027-08-29,True,2024-04-26T00:00:00
2128,DESC02YTIU,25,150,2023-02-24,False,2024-09-28T00:00:00
2129,SUPER4GN1XQ,5,300,2024-06-05,False,2025-12-21T00:00:00
2130,PROMOBMKE5G,40,150,2027-01-18,True,2024-09-23T00:00:00
2131,SAVEIT2MNM,30,500,2023-03-14,False,2023-07-27T00:00:00
2132,MEGAY23XO4,15,50,2025-03-23,False,2023-01-03T00:00:00
2133,PROMOJ8KJD9,50,300,2024-12-08,False,2025-06-02T00:00:00
2134,SAVELKNQ2J,30,150,2025-10-11,False,2025-03-11T00:00:00
2135,SUPERH9777V,25,50,2026-03-20,False,2025-03-09T00:00:00
2136,SUPERX4F27Y,50,300,2023-07-01,False,2023-02-01T00:00:00
2137,TOPUSVBWJ,5,300,2026-02-25,False,2024-11-10T00:00:00
2138,MEGAME1C6F,50,50,2027-06-27,True,2023-07-27T00:00:00
2139,OFF5Y5RHF,5,100,2023-02-17,False,2023-09-24T00:00:00
2140,TOP05J0YT,15,50,2024-03-21,False,2026-04-09T00:00:00
2141,SALETFAVG8,40,150,2024-10-13,False,2023-07-06T00:00:00
2142,SAVEZ2TS0U,50,50,2027-04-17,True,2023-11-04T00:00:00
2143,PROMOIE94KV,25,200,2026-06-24,True,2024-06-21T00:00:00
2144,TOP9X5PP0,5,100,2024-10-12,False,2024-03-04T00:00:00
2145,SAVE4XCBK4,5,100,2025-01-18,False,2023-11-01T00:00:00
2146,TOPAC6NBQ,5,200,2025-01-10,False,2026-04-03T00:00:00
2147,DESCDV495T,30,300,2027-04-03,True,2025-03-19T00:00:00
2148,SUPERL13TIR,5,50,2026-02-22,False,2023-03-24T00:00:00
2149,SAVE2I2VTU,15,300,2023-08-16,False,2025-10-15T00:00:00
2150,PROMOA3EZPR,15,200,2027-08-23,True,2024-01-21T00:00:00
2151,TOP9ZV6I8,50,150,2024-11-11,False,2023-08-22T00:00:00
2152,PROMOH3Q3QN,30,500,2024-06-24,False,2024-08-15T00:00:00
2153,SAVE4JIRT9,5,150,2026-11-17,False,2024-06-19T00:00:00
2154,PROMOAEE698,5,500,2026-11-23,True,2026-04-03T00:00:00
2155,PROMOSAJCLZ,5,50,2023-11-15,False,2023-07-21T00:00:00
2156,SALE4Y8BX0,10,200,2027-02-03,False,2024-10-14T00:00:00
2157,TOPIOBQ1K,5,50,2026-04-18,False,2025-03-18T00:00:00
2158,SUPERFBWO5U,40,50,2027-08-09,False,2025-09-18T00:00:00
2159,SUPER5NC5J0,10,150,2026-10-17,True,2023-10-11T00:00:00
2160,SALEMGBHN1,5,200,2025-07-31,False,2024-01-20T00:00:00
2161,TOP9MF2SW,15,50,2024-02-19,False,2026-02-26T00:00:00
2162,TOP5ZRI2K,30,300,2023-09-16,False,2025-10-22T00:00:00
2163,DESC6SS025,40,200,2025-09-16,False,2023-07-30T00:00:00
2164,MEGAOVA0H7,25,500,2027-01-18,True,2025-08-22T00:00:00
2165,TOP9SDQ1B,20,50,2025-11-16,False,2024-01-10T00:00:00
2166,DESCF2Y9BG,25,100,2025-09-11,False,2024-09-02T00:00:00
2167,SALECP5XE9,40,300,2023-01-09,False,2024-03-02T00:00:00
2168,SUPER8QAE22,50,500,2027-04-30,True,2023-11-22T00:00:00
2169,SUPERNGEVG6,50,150,2024-06-22,False,2026-02-15T00:00:00
2170,SALEI8BDJ8,15,500,2023-11-10,False,2023-12-29T00:00:00
2171,TOPYK2JSM,5,300,2027-11-12,True,2026-01-06T00:00:00
2172,OFFPBAWAY,20,50,2023-10-24,False,2025-07-03T00:00:00
2173,SAVESRAPW0,20,500,2027-04-16,True,2024-04-15T00:00:00
2174,SALELYRGTS,50,300,2024-06-21,False,2024-04-25T00:00:00
2175,PROMODUDTZA,50,100,2026-11-13,False,2024-08-06T00:00:00
2176,TOPFM6ZRW,50,150,2026-07-18,True,2024-02-05T00:00:00
2177,MEGAPVFZGB,50,200,2023-03-18,False,2025-01-31T00:00:00
2178,SUPERGFRRDK,30,300,2027-05-15,False,2023-07-28T00:00:00
2179,MEGAGKU7SH,50,300,2023-06-16,False,2023-10-18T00:00:00
2180,SALEN4PREM,15,300,2026-11-18,True,2023-10-25T00:00:00
2181,SAVEUNBH24,5,200,2027-09-07,True,2023-04-29T00:00:00
2182,SUPERFEVA9E,5,150,2025-11-25,False,2024-07-05T00:00:00
2183,SALEPNEN4D,5,150,2024-04-27,False,2023-04-30T00:00:00
2184,PROMO0E103H,10,50,2025-06-18,False,2024-05-18T00:00:00
2185,SUPERYMANJP,10,500,2027-08-19,True,2023-08-08T00:00:00
2186,DESCDQPH7F,15,100,2027-06-25,True,2023-04-14T00:00:00
2187,DESC214PIK,25,100,2027-04-08,False,2024-12-29T00:00:00
2188,SUPERJRGB85,30,150,2023-05-18,False,2025-01-29T00:00:00
2189,MEGAGB6C26,5,100,2025-05-25,False,2024-04-08T00:00:00
2190,SUPERZEUOPG,25,300,2026-07-14,True,2024-11-17T00:00:00
2191,PROMO4Y4VUI,10,200,2026-07-16,False,2024-08-19T00:00:00
2192,OFF2JPHPC,50,500,2024-06-06,False,2024-12-30T00:00:00
2193,OFF9A8Z05,40,300,2027-06-04,False,2024-04-19T00:00:00
2194,SUPERNJSVM9,5,150,2024-10-07,False,2024-05-30T00:00:00
2195,PROMO5HKS13,25,500,2023-03-05,False,2024-06-06T00:00:00
2196,TOPPX4EN6,25,200,2026-07-22,True,2023-05-26T00:00:00
2197,SALEU9W444,15,100,2023-03-12,False,2023-02-06T00:00:00
2198,TOPRENKS7,25,50,2027-02-06,True,2026-03-30T00:00:00
2199,OFFL5DOXI,25,500,2026-10-01,False,2024-12-11T00:00:00
2200,SUPERYJKQFM,40,100,2025-11-01,False,2023-09-05T00:00:00
2201,SUPER02IO5J,20,200,2027-06-12,True,2025-05-20T00:00:00
2202,MEGAS3MLH8,10,200,2025-02-09,False,2026-02-04T00:00:00
2203,OFF4ZGZO0,25,300,2027-10-28,True,2026-01-28T00:00:00
2204,SUPERWD2K32,20,200,2027-11-01,True,2023-08-19T00:00:00
2205,SUPERYMH1YB,25,50,2027-09-19,False,2024-05-27T00:00:00
2206,TOPRE4U4J,5,50,2025-07-06,False,2024-01-03T00:00:00
2207,SALE5NA1J5,50,500,2023-12-11,False,2023-06-11T00:00:00
2208,DESC6DCD5C,10,50,2026-04-10,False,2023-05-10T00:00:00
2209,SUPERS9G6AR,30,150,2023-05-24,False,2023-07-09T00:00:00
2210,SUPERC8IQI4,20,500,2027-11-16,False,2023-12-03T00:00:00
2211,PROMOT7LOW9,25,50,2025-04-12,False,2023-06-15T00:00:00
2212,MEGAGYPNWE,40,500,2027-01-07,True,2023-05-11T00:00:00
2213,SALEE469T6,20,500,2026-09-02,True,2025-03-20T00:00:00
2214,DESCFJ5BZ8,10,150,2025-10-19,False,2026-04-20T00:00:00
2215,TOP09TL6Z,5,200,2025-11-14,False,2024-02-10T00:00:00
2216,TOP1PV9PN,15,300,2025-09-27,False,2023-02-09T00:00:00
2217,MEGARZ2GJU,30,200,2024-06-23,False,2023-06-20T00:00:00
2218,TOP6D7EER,25,50,2024-02-11,False,2025-09-19T00:00:00
2219,DESC0QI06H,20,100,2027-09-05,True,2024-11-25T00:00:00
2220,TOPER5X2C,5,500,2025-06-29,False,2025-07-11T00:00:00
2221,SUPERKVVS2M,5,200,2026-07-08,False,2024-11-29T00:00:00
2222,SAVEVTRCTK,25,150,2024-03-27,False,2023-09-03T00:00:00
2223,MEGAB8QC0I,30,100,2024-10-10,False,2023-09-16T00:00:00
2224,OFFZFKJSD,50,100,2026-04-22,False,2026-03-14T00:00:00
2225,SAVEK9WMR2,20,50,2026-11-02,True,2025-01-19T00:00:00
2226,SAVEV3NNEG,5,100,2026-05-26,False,2023-04-06T00:00:00
2227,OFFY7CV0Y,15,300,2025-11-09,False,2023-06-26T00:00:00
2228,TOPS8FMTY,5,50,2024-08-28,False,2023-10-08T00:00:00
2229,SUPERSDY4B4,40,50,2027-09-07,True,2025-12-05T00:00:00
2230,MEGA8EIQCS,20,50,2024-02-05,False,2023-08-31T00:00:00
2231,SAVE6PUXHL,25,300,2027-02-11,True,2026-01-21T00:00:00
2232,SUPERGMVXV6,25,50,2024-05-22,False,2024-05-06T00:00:00
2233,OFFPVZ2C1,20,300,2027-06-04,True,2024-01-27T00:00:00
2234,DESCFU9JBX,25,150,2023-12-05,False,2023-04-29T00:00:00
2235,SALEOMW7FK,20,500,2027-12-31,False,2024-07-16T00:00:00
2236,MEGA71FNLS,40,200,2024-12-15,False,2023-10-07T00:00:00
2237,OFFPGY72G,15,100,2026-04-22,False,2023-01-06T00:00:00
2238,SALEIWK8AA,20,200,2027-01-22,True,2023-05-19T00:00:00
2239,SALE6CR0TZ,40,300,2027-02-01,False,2025-10-04T00:00:00
2240,TOPTTQI7M,15,100,2027-06-15,True,2025-04-29T00:00:00
2241,MEGACICSI3,10,200,2024-11-12,False,2024-02-05T00:00:00
2242,DESCM9EO4E,15,200,2023-06-26,False,2025-05-10T00:00:00
2243,PROMO56QQBF,10,200,2025-08-15,False,2023-03-23T00:00:00
2244,SAVEK05DNL,40,200,2026-02-17,False,2023-06-11T00:00:00
2245,PROMO53GBW3,15,200,2026-07-13,False,2024-03-22T00:00:00
2246,SAVEOE5HT7,30,200,2025-03-09,False,2026-01-05T00:00:00
2247,SAVESO315Q,10,100,2027-01-24,True,2025-02-05T00:00:00
2248,SAVEZYQS7D,20,150,2023-06-11,False,2025-04-28T00:00:00
2249,PROMOFW4L2E,50,200,2027-04-14,False,2025-02-06T00:00:00
2250,OFFYHNR9U,25,300,2026-07-30,True,2025-06-07T00:00:00
2251,OFFX62JS4,10,300,2024-11-13,False,2024-07-11T00:00:00
2252,PROMOUY7R1F,50,100,2025-10-24,False,2025-08-09T00:00:00
2253,SAVE552G8N,15,300,2026-07-08,True,2024-02-27T00:00:00
2254,SALE5GMKJT,20,200,2026-10-05,True,2025-12-09T00:00:00
2255,TOPT20UKL,10,200,2027-04-13,True,2025-04-20T00:00:00
2256,TOPTLC7Y4,20,500,2027-09-06,False,2024-07-04T00:00:00
2257,SAVEANIUJV,15,200,2025-12-05,False,2024-04-10T00:00:00
2258,SUPERS1JRDA,30,300,2027-09-01,False,2023-06-11T00:00:00
2259,SUPER5JD5OT,5,200,2025-03-31,False,2024-12-02T00:00:00
2260,SAVE72HAJJ,30,100,2027-07-23,False,2025-09-18T00:00:00
2261,TOPX907UR,10,50,2026-02-22,False,2026-04-09T00:00:00
2262,MEGAZ5OS8R,30,500,2025-07-29,False,2023-07-26T00:00:00
2263,TOP04T42I,30,50,2023-05-12,False,2025-04-03T00:00:00
2264,SALE4360GL,15,300,2026-12-01,True,2024-05-10T00:00:00
2265,TOPTC8VHM,25,50,2025-09-02,False,2025-07-10T00:00:00
2266,PROMO3R8C9J,50,100,2027-03-20,False,2024-03-11T00:00:00
2267,MEGA6EEQFT,50,200,2025-07-02,False,2026-03-26T00:00:00
2268,SAVE9SKPOX,30,100,2025-07-31,False,2024-10-01T00:00:00
2269,DESCFKKWQ9,10,500,2027-03-31,True,2024-12-04T00:00:00
2270,SUPER7BGFRS,40,300,2027-09-07,True,2024-03-07T00:00:00
2271,MEGA28K8W0,30,500,2027-10-29,False,2025-09-15T00:00:00
2272,MEGADW4ALU,30,500,2025-05-16,False,2025-07-23T00:00:00
2273,SAVESGXHWS,50,200,2024-10-02,False,2024-10-04T00:00:00
2274,PROMOM3IJEL,50,50,2027-08-04,True,2024-09-04T00:00:00
2275,OFFYB5UT0,10,50,2027-02-21,False,2025-11-19T00:00:00
2276,TOPJOYBE9,30,100,2027-10-01,True,2024-11-19T00:00:00
2277,PROMO3ZG0QJ,50,50,2026-02-02,False,2025-10-15T00:00:00
2278,SUPERD0EPXD,50,500,2023-06-02,False,2024-01-30T00:00:00
2279,TOP43HWBS,30,200,2026-11-10,True,2025-05-25T00:00:00
2280,OFFU22YZK,15,50,2027-08-23,True,2024-09-28T00:00:00
2281,OFFXEW094,10,150,2027-04-01,True,2024-05-17T00:00:00
2282,OFFP23997,5,150,2027-05-29,True,2025-03-28T00:00:00
2283,TOPMOTZYB,50,300,2025-11-25,False,2025-02-18T00:00:00
2284,PROMOX690FW,5,150,2024-02-01,False,2023-12-14T00:00:00
2285,SALELLK5BP,30,500,2027-10-01,True,2023-07-19T00:00:00
2286,PROMO2TEAU0,15,100,2024-11-11,False,2026-02-12T00:00:00
2287,MEGA2AM08L,5,500,2026-04-06,False,2023-09-29T00:00:00
2288,MEGAYIA8TH,10,500,2025-05-06,False,2023-10-21T00:00:00
2289,MEGACGR6I9,25,50,2025-01-02,False,2023-11-22T00:00:00
2290,SUPER4X7XTQ,30,200,2024-09-03,False,2023-04-29T00:00:00
2291,OFF2MYZ01,50,200,2025-09-30,False,2025-02-08T00:00:00
2292,TOPHT17F5,25,100,2027-07-28,True,2023-12-26T00:00:00
2293,SUPERCMVK0S,25,500,2026-07-06,True,2026-05-04T00:00:00
2294,OFFQQ389O,15,150,2025-02-14,False,2025-10-03T00:00:00
2295,MEGAUBHGYA,5,500,2023-09-05,False,2025-01-02T00:00:00
2296,SALEUZ6JIJ,20,500,2026-06-05,False,2026-04-23T00:00:00
2297,TOP637LFA,40,150,2026-02-22,False,2023-06-18T00:00:00
2298,SUPERX3PB64,30,150,2023-11-20,False,2026-04-21T00:00:00
2299,MEGAIICUSP,50,100,2025-11-27,False,2024-12-16T00:00:00
2300,SAVE9DTKMV,10,300,2025-10-13,False,2024-07-11T00:00:00
2301,SALE8ECPQ5,15,200,2024-01-09,False,2025-05-05T00:00:00
2302,SAVEUY0XBY,10,150,2024-07-20,False,2023-10-11T00:00:00
2303,OFFN5OOD6,10,500,2025-07-16,False,2025-12-22T00:00:00
2304,MEGAYMYEMM,20,150,2026-01-17,False,2026-05-23T00:00:00
2305,PROMOK0MDTZ,40,100,2025-03-11,False,2024-07-20T00:00:00
2306,PROMONEBE28,15,150,2023-04-17,False,2024-04-05T00:00:00
2307,SAVETJPDZ8,30,300,2027-01-03,False,2025-09-26T00:00:00
2308,TOPTR0RV4,25,500,2027-03-11,True,2023-11-02T00:00:00
2309,OFF3DLSG3,15,500,2025-06-17,False,2025-07-05T00:00:00
2310,SUPERTZEDZD,10,150,2025-12-11,False,2023-08-03T00:00:00
2311,SAVE4FSU2T,10,50,2024-02-04,False,2026-02-03T00:00:00
2312,OFFTIT2V5,5,200,2027-04-07,True,2026-03-16T00:00:00
2313,OFFLOWU37,5,100,2024-12-10,False,2026-01-21T00:00:00
2314,MEGAPGFQ1P,25,100,2026-02-28,False,2024-02-22T00:00:00
2315,TOPRNC2L6,40,500,2027-01-18,True,2025-11-15T00:00:00
2316,PROMO35XOJ6,5,150,2023-03-10,False,2024-01-09T00:00:00
2317,SAVEI292XU,40,500,2027-02-14,True,2023-01-11T00:00:00
2318,PROMOU033NH,40,150,2023-08-25,False,2026-03-26T00:00:00
2319,TOPI1LK52,30,50,2026-11-18,True,2025-01-06T00:00:00
2320,SAVEXP77GT,30,100,2024-09-24,False,2023-07-20T00:00:00
2321,SUPERKL1T81,25,100,2023-03-21,False,2024-06-01T00:00:00
2322,DESC2CHCQH,10,150,2026-01-17,False,2023-03-25T00:00:00
2323,MEGAUO1U3B,30,500,2023-02-28,False,2024-08-04T00:00:00
2324,MEGAH99IH9,50,150,2024-10-11,False,2023-02-02T00:00:00
2325,OFFFMLYYG,25,300,2024-08-30,False,2023-05-04T00:00:00
2326,DESCQY74MD,10,100,2027-06-18,False,2025-10-02T00:00:00
2327,MEGACSD59S,40,150,2027-12-07,False,2023-07-25T00:00:00
2328,MEGAKZ0FJR,40,50,2023-10-21,False,2026-03-26T00:00:00
2329,SUPERMGLVY6,10,100,2027-09-08,True,2026-05-01T00:00:00
2330,SALENJHKGW,50,100,2024-11-14,False,2025-08-21T00:00:00
2331,TOPPVTPYM,50,500,2025-01-09,False,2026-05-04T00:00:00
2332,SAVEW83Y6E,10,150,2024-11-06,False,2023-10-16T00:00:00
2333,SALE3F733F,40,50,2023-06-14,False,2024-10-11T00:00:00
2334,MEGAJYHB1Y,25,300,2024-06-07,False,2025-01-21T00:00:00
2335,OFFGU9LIE,50,100,2027-07-18,True,2023-12-21T00:00:00
2336,PROMO8E6LGC,20,500,2026-12-07,True,2025-08-31T00:00:00
2337,SAVE2DK2BB,40,500,2025-07-28,False,2024-11-18T00:00:00
2338,SUPERUOR0PI,40,300,2023-09-05,False,2023-10-12T00:00:00
2339,SUPERZSV6O6,5,50,2024-09-30,False,2024-07-18T00:00:00
2340,SALE7ON4I3,50,100,2027-10-27,True,2025-08-06T00:00:00
2341,SUPER4H12ZQ,50,100,2027-09-29,True,2023-01-20T00:00:00
2342,TOPMC2830,15,200,2024-07-02,False,2025-10-30T00:00:00
2343,SALEAEX97Y,30,200,2025-03-28,False,2025-11-20T00:00:00
2344,DESCX3GONU,10,50,2023-09-02,False,2023-12-11T00:00:00
2345,OFFHRQ3XM,5,300,2025-10-11,False,2023-09-05T00:00:00
2346,PROMOV3W2HU,25,300,2027-05-29,True,2024-02-02T00:00:00
2347,MEGAGB6RF7,5,300,2024-09-20,False,2025-08-26T00:00:00
2348,MEGAUCPVMQ,25,200,2025-12-09,False,2025-11-05T00:00:00
2349,OFFRKZ89B,15,500,2025-11-12,False,2025-05-01T00:00:00
2350,TOP252K0B,40,200,2026-04-20,False,2024-08-01T00:00:00
2351,PROMONLFUBM,20,500,2025-10-27,False,2024-08-27T00:00:00
2352,SUPER0JJV8K,40,150,2027-11-09,True,2026-02-27T00:00:00
2353,SAVEYU6AJE,15,500,2025-12-07,False,2023-01-10T00:00:00
2354,MEGA1AZBKJ,25,300,2026-12-23,True,2026-01-08T00:00:00
2355,MEGA87SZKA,10,500,2023-11-08,False,2026-03-24T00:00:00
2356,SAVEIRKVNM,5,50,2026-08-23,False,2023-12-05T00:00:00
2357,DESCQYTNN9,20,150,2026-04-14,False,2025-07-04T00:00:00
2358,PROMOUH6YD5,20,200,2024-01-27,False,2024-10-07T00:00:00
2359,TOP43VAH9,25,200,2024-10-28,False,2024-07-17T00:00:00
2360,DESC4H37ZF,40,300,2026-12-20,True,2023-03-25T00:00:00
2361,TOPB2R3CV,15,50,2023-06-23,False,2023-02-24T00:00:00
2362,SUPERDYQGNQ,40,300,2025-07-25,False,2024-02-20T00:00:00
2363,DESC3OL0A1,15,150,2026-07-28,True,2024-08-19T00:00:00
2364,OFF902IYJ,20,200,2026-08-12,True,2024-07-16T00:00:00
2365,SALEQWLOGD,5,100,2024-11-26,False,2026-02-10T00:00:00
2366,MEGAVQPAQD,10,500,2023-06-20,False,2025-03-02T00:00:00
2367,SAVEBELXLZ,5,50,2027-05-09,True,2024-07-19T00:00:00
2368,OFF2AWKS2,20,200,2024-09-16,False,2026-03-14T00:00:00
2369,SALE2A5K7X,50,300,2027-03-19,True,2025-03-18T00:00:00
2370,DESCUXJ8EG,25,200,2026-11-28,True,2026-01-31T00:00:00
2371,MEGAINIUSY,10,300,2025-11-21,False,2024-02-21T00:00:00
2372,TOPIE7AS0,10,150,2026-07-01,True,2024-03-19T00:00:00
2373,TOPT4UASU,50,500,2027-04-28,True,2024-11-08T00:00:00
2374,SALEP721EM,10,200,2024-12-15,False,2025-10-07T00:00:00
2375,DESCG1QZS7,15,150,2024-12-15,False,2025-05-28T00:00:00
2376,DESCZ6VPR9,40,500,2026-08-19,True,2024-05-21T00:00:00
2377,DESCJ5W6DH,50,50,2025-10-07,False,2024-02-27T00:00:00
2378,SALEAVGG24,10,200,2026-01-29,False,2025-05-08T00:00:00
2379,MEGAJ0LNLK,40,150,2027-07-10,False,2023-08-22T00:00:00
2380,SUPERIRWA4B,15,500,2024-08-10,False,2024-03-04T00:00:00
2381,TOPQRFU9T,20,50,2023-01-28,False,2023-08-17T00:00:00
2382,DESCQTERA9,15,50,2023-04-10,False,2026-04-04T00:00:00
2383,DESCE5KGL7,5,150,2027-09-12,False,2025-07-14T00:00:00
2384,DESCCJN44H,5,200,2023-05-06,False,2026-01-15T00:00:00
2385,SALEX0GG5F,30,50,2023-11-02,False,2026-04-30T00:00:00
2386,SAVEZ19IB0,15,50,2026-11-13,False,2024-05-23T00:00:00
2387,SAVE63R0HQ,20,200,2025-02-13,False,2024-05-24T00:00:00
2388,SAVEGZB3LW,40,500,2024-01-25,False,2025-09-16T00:00:00
2389,OFF0P3UJN,25,300,2024-01-19,False,2025-12-10T00:00:00
2390,PROMO9XDKJJ,10,150,2026-06-07,False,2026-04-06T00:00:00
2391,SALE89RJC9,50,200,2024-07-09,False,2023-05-03T00:00:00
2392,TOP74EHN4,20,100,2026-05-11,False,2023-08-31T00:00:00
2393,DESCYVOIH5,15,100,2027-03-15,True,2025-01-22T00:00:00
2394,OFF26YV1B,40,200,2025-09-14,False,2024-03-06T00:00:00
2395,SUPERGLECU0,25,100,2024-06-03,False,2025-08-20T00:00:00
2396,DESCJPBOVX,5,300,2027-11-30,True,2023-10-07T00:00:00
2397,SAVES5X53I,25,300,2027-05-19,True,2023-06-27T00:00:00
2398,OFFNVHGST,5,50,2026-10-14,True,2023-11-04T00:00:00
2399,TOP30Q61S,30,100,2023-02-13,False,2023-08-03T00:00:00
2400,DESCL1F8LH,20,100,2023-05-11,False,2023-02-01T00:00:00
2401,SALEUYF7XH,15,100,2023-03-01,False,2024-10-15T00:00:00
2402,PROMOSRXOZ5,5,50,2026-03-17,False,2023-11-28T00:00:00
2403,SUPERDSNO1O,15,500,2023-05-13,False,2024-03-08T00:00:00
2404,MEGAY7AIIP,15,200,2025-07-22,False,2025-02-24T00:00:00
2405,OFF5I3ALV,20,50,2026-12-21,True,2024-07-14T00:00:00
2406,SUPERTCIE0I,50,500,2023-12-18,False,2023-04-03T00:00:00
2407,SAVEBQTG74,10,100,2025-04-11,False,2025-07-21T00:00:00
2408,SAVE6FLOKC,10,100,2026-09-18,False,2024-12-28T00:00:00
2409,PROMOZ8PLFA,30,100,2025-06-06,False,2025-06-24T00:00:00
2410,PROMOCGKARH,10,500,2027-08-11,True,2026-06-02T00:00:00
2411,SUPER2HJ3CJ,15,500,2023-01-08,False,2025-03-23T00:00:00
2412,OFFY6L3ML,5,50,2023-03-04,False,2024-07-28T00:00:00
2413,PROMO6X8ATC,20,50,2023-08-09,False,2026-01-25T00:00:00
2414,DESCYXGE92,25,300,2027-10-25,True,2024-09-17T00:00:00
2415,SAVE29P3EV,20,150,2027-09-29,True,2023-12-01T00:00:00
2416,DESC1SCJ44,25,200,2023-11-20,False,2024-01-13T00:00:00
2417,MEGAZD30SG,20,150,2024-10-22,False,2025-06-13T00:00:00
2418,OFF21HOH8,10,50,2025-02-25,False,2024-10-25T00:00:00
2419,SALEDS2L7B,30,50,2024-12-05,False,2023-06-13T00:00:00
2420,OFFRZGITG,40,300,2024-08-31,False,2023-01-16T00:00:00
2421,SAVEAEW5TE,50,100,2023-02-13,False,2024-06-23T00:00:00
2422,MEGA8R605K,40,100,2025-06-26,False,2025-10-16T00:00:00
2423,SAVEZPZD4D,20,150,2023-11-21,False,2023-12-14T00:00:00
2424,PROMOZSWXKJ,30,150,2025-01-06,False,2024-01-22T00:00:00
2425,PROMO37V1DG,10,150,2023-08-10,False,2025-07-20T00:00:00
2426,MEGA8WX01R,50,50,2024-08-01,False,2025-12-22T00:00:00
2427,TOP5OI2NF,15,100,2026-10-13,True,2024-05-13T00:00:00
2428,TOPBKB37E,40,300,2027-11-15,False,2026-04-14T00:00:00
2429,DESC1TMKDT,5,150,2027-12-12,False,2025-06-14T00:00:00
2430,DESCYQXGEL,50,500,2023-01-22,False,2023-06-17T00:00:00
2431,SAVEOJZ43G,25,500,2026-09-30,True,2023-10-10T00:00:00
2432,SUPERR8Y9P7,50,100,2023-02-16,False,2026-05-23T00:00:00
2433,SAVEYNONIM,30,100,2024-01-14,False,2024-09-12T00:00:00
2434,MEGA0VZNIM,15,200,2027-11-10,True,2024-01-13T00:00:00
2435,TOPWFG40T,25,150,2025-02-27,False,2025-01-06T00:00:00
2436,DESCUCR2BL,15,150,2027-10-09,True,2025-12-06T00:00:00
2437,OFFVG1V2G,50,100,2025-09-09,False,2024-03-04T00:00:00
2438,SAVELGSTW7,25,100,2024-09-03,False,2026-02-23T00:00:00
2439,TOP3WLI1A,15,300,2027-04-25,True,2024-04-15T00:00:00
2440,PROMO9U6SK5,50,500,2027-10-20,False,2026-01-27T00:00:00
2441,DESCQ5U1KV,40,150,2026-02-22,False,2025-01-01T00:00:00
2442,PROMO6GIC60,25,300,2023-07-21,False,2024-05-17T00:00:00
2443,DESC9FD1IA,10,100,2024-07-10,False,2024-01-04T00:00:00
2444,DESCZDSE7G,10,300,2024-12-17,False,2025-04-07T00:00:00
2445,SALEVKU2RS,50,300,2026-11-05,False,2024-02-02T00:00:00
2446,SALEC4Y68M,10,500,2023-05-05,False,2023-07-11T00:00:00
2447,SUPEROV9FLB,15,150,2026-07-02,True,2025-07-14T00:00:00
2448,TOP4XF84P,10,500,2025-04-12,False,2023-08-20T00:00:00
2449,SAVEC1VMHK,50,300,2027-06-29,False,2023-03-07T00:00:00
2450,MEGAOYE82R,25,150,2027-10-03,True,2025-11-23T00:00:00
2451,SAVEN052BC,25,200,2025-11-03,False,2025-08-05T00:00:00
2452,SALEI9BTR2,5,500,2027-04-14,True,2025-07-02T00:00:00
2453,SAVEKEKCVC,50,50,2023-06-19,False,2024-11-16T00:00:00
2454,DESCXNTHV6,15,100,2027-12-30,False,2024-09-05T00:00:00
2455,SALE61BH9E,5,100,2026-02-15,False,2024-05-19T00:00:00
2456,DESCLCWS07,50,50,2024-12-04,False,2023-03-10T00:00:00
2457,DESCM7VRCA,50,100,2024-03-08,False,2024-11-09T00:00:00
2458,DESCR9H72R,30,200,2024-12-23,False,2024-05-13T00:00:00
2459,MEGAHBJA8M,50,150,2025-04-26,False,2026-05-20T00:00:00
2460,PROMO7PEZ05,30,200,2027-10-18,False,2024-03-08T00:00:00
2461,SAVEP0FP9A,25,200,2026-02-19,False,2023-04-12T00:00:00
2462,OFFMPNUNC,40,300,2027-07-15,True,2024-07-14T00:00:00
2463,DESCXY32XY,40,200,2026-04-13,False,2023-04-03T00:00:00
2464,MEGA0TP012,50,200,2025-12-03,False,2023-03-08T00:00:00
2465,TOPF3QGEU,50,50,2025-01-22,False,2026-06-02T00:00:00
2466,SAVEQ6WB2D,5,150,2024-06-22,False,2025-10-18T00:00:00
2467,DESCLNIAD6,30,50,2023-08-31,False,2026-01-02T00:00:00
2468,SUPER4T2713,15,100,2025-08-12,False,2024-05-18T00:00:00
2469,SAVEI5XC3J,20,150,2027-10-01,True,2025-08-30T00:00:00
2470,DESCHPMXDL,40,200,2024-01-10,False,2025-09-30T00:00:00
2471,SAVENJQ45A,15,50,2027-08-08,True,2023-08-12T00:00:00
2472,DESCNUKK90,5,500,2023-10-23,False,2023-03-09T00:00:00
2473,SAVEGLGMO0,15,200,2025-10-08,False,2023-05-05T00:00:00
2474,SAVEVF3KGA,30,150,2023-06-05,False,2026-04-05T00:00:00
2475,SALEB2Y0UI,40,100,2026-11-08,False,2025-12-03T00:00:00
2476,PROMOUF9WPL,10,500,2023-01-11,False,2023-04-01T00:00:00
2477,SAVEFQT34Y,30,150,2027-02-26,False,2023-09-25T00:00:00
2478,PROMOB6T68P,40,500,2027-12-13,True,2024-11-05T00:00:00
2479,TOPE3T4WQ,50,300,2025-09-17,False,2025-09-22T00:00:00
2480,SUPER92FNCB,10,300,2026-07-13,True,2023-06-03T00:00:00
2481,MEGA5OOS7F,20,150,2025-06-12,False,2023-11-25T00:00:00
2482,SUPERBB63TE,15,50,2024-06-09,False,2024-08-26T00:00:00
2483,OFFDL68YA,10,300,2026-10-05,True,2025-10-04T00:00:00
2484,DESC4VQAKM,20,50,2023-11-28,False,2023-12-07T00:00:00
2485,SALER53PCA,20,500,2025-05-25,False,2025-05-12T00:00:00
2486,DESC7RVNNZ,30,300,2026-06-29,False,2023-08-04T00:00:00
2487,MEGAXX2Y73,50,500,2025-01-01,False,2023-09-26T00:00:00
2488,TOPKG70C4,5,100,2025-08-29,False,2025-05-24T00:00:00
2489,DESCLR7MJF,40,300,2027-10-29,True,2025-08-31T00:00:00
2490,TOPXG071H,5,300,2024-09-25,False,2026-03-17T00:00:00
2491,OFFLM2A1Q,30,300,2023-04-27,False,2026-03-18T00:00:00
2492,SUPERYRDP3G,10,100,2027-08-04,True,2023-07-08T00:00:00
2493,MEGAK14E2F,5,300,2025-04-13,False,2026-03-31T00:00:00
2494,SAVEKZ9S2I,5,300,2027-12-02,True,2023-02-22T00:00:00
2495,TOPMECEE2,15,300,2025-05-05,False,2024-02-10T00:00:00
2496,SAVE3EVPBC,50,100,2027-03-06,True,2024-02-04T00:00:00
2497,TOP0ML3O9,20,300,2026-05-29,False,2023-02-22T00:00:00
2498,SUPERQA18LP,15,150,2026-05-03,False,2023-01-09T00:00:00
2499,DESCBVGATT,25,300,2027-01-29,True,2023-11-17T00:00:00
2500,MEGAJ1L2MR,50,500,2023-02-10,False,2024-04-23T00:00:00
2501,TOP6LCWNZ,25,500,2024-10-25,False,2026-06-02T00:00:00
2502,DESC7V5RG3,50,200,2023-08-16,False,2025-04-24T00:00:00
2503,SUPERMIV5UQ,5,500,2026-02-11,False,2024-10-09T00:00:00
2504,DESCU2QU0Q,25,300,2025-01-26,False,2025-04-12T00:00:00
2505,MEGAFLDPBV,50,100,2023-09-25,False,2025-06-12T00:00:00
2506,TOPUGJEJP,30,50,2026-07-15,True,2025-08-05T00:00:00
2507,MEGA5TX77V,10,500,2023-12-15,False,2024-11-11T00:00:00
2508,DESCVSWIVP,25,150,2027-12-31,False,2023-11-19T00:00:00
2509,MEGA5SM4KX,40,200,2027-12-25,True,2024-08-02T00:00:00
2510,OFFYF39FH,30,150,2025-08-25,False,2024-11-09T00:00:00
2511,MEGAN9TK7Y,15,200,2023-05-08,False,2025-01-02T00:00:00
2512,SAVEB6K3HW,15,50,2026-09-30,True,2026-02-09T00:00:00
2513,SAVE7FHGTE,30,300,2024-10-26,False,2025-04-19T00:00:00
2514,DESCYJX6BW,10,500,2024-04-24,False,2023-11-07T00:00:00
2515,DESC7EGRGV,10,500,2024-12-07,False,2023-08-20T00:00:00
2516,MEGA9WSKTL,25,300,2027-09-08,True,2026-04-28T00:00:00
2517,SALEDZ2OB7,5,100,2025-10-15,False,2024-07-30T00:00:00
2518,SUPERTJ89HT,10,50,2027-01-06,False,2025-08-09T00:00:00
2519,SALEYQJBTT,20,100,2026-06-28,True,2025-09-20T00:00:00
2520,DESCKO9YIL,15,500,2027-12-23,False,2024-03-10T00:00:00
2521,PROMOCBBLE4,40,150,2026-10-03,False,2025-07-21T00:00:00
2522,OFFKS9CIK,20,150,2024-02-22,False,2023-05-19T00:00:00
2523,OFFBFONSF,40,200,2025-05-08,False,2023-01-06T00:00:00
2524,SAVESV73VH,25,200,2023-06-03,False,2025-10-22T00:00:00
2525,TOPBOLDYM,20,200,2023-05-10,False,2025-06-04T00:00:00
2526,TOP5L571Z,20,50,2023-10-14,False,2025-08-07T00:00:00
2527,SALER642U1,5,500,2023-04-28,False,2025-05-27T00:00:00
2528,PROMOML3TAO,50,500,2024-07-03,False,2025-02-23T00:00:00
2529,PROMOFWDG67,40,500,2026-10-24,False,2025-03-27T00:00:00
2530,TOPYGVMR4,10,500,2026-08-31,True,2025-03-17T00:00:00
2531,SALELEZZWV,10,300,2027-11-19,False,2025-05-14T00:00:00
2532,OFFS5AFHB,25,100,2024-12-18,False,2026-04-23T00:00:00
2533,DESC384RFF,15,300,2026-09-19,True,2026-05-02T00:00:00
2534,DESC8X2ZFV,15,100,2023-08-21,False,2023-08-29T00:00:00
2535,SAVEJHISFU,5,100,2023-12-23,False,2025-04-26T00:00:00
2536,SALEGOUX4U,50,150,2025-05-26,False,2025-11-24T00:00:00
2537,TOPFVH9RA,40,500,2025-05-10,False,2025-05-29T00:00:00
2538,OFFTQDADI,40,500,2027-11-11,True,2025-02-08T00:00:00
2539,DESCKQ3DTL,40,50,2026-10-11,True,2023-09-13T00:00:00
2540,OFFLPLBS2,15,50,2023-03-16,False,2024-01-29T00:00:00
2541,MEGAG53GSQ,50,300,2027-06-09,True,2025-04-25T00:00:00
2542,PROMOBB3240,30,100,2027-06-12,True,2025-07-08T00:00:00
2543,SUPERJ8Y1OJ,20,50,2024-02-18,False,2024-08-01T00:00:00
2544,SALEDYDM1E,50,300,2026-05-13,False,2023-08-17T00:00:00
2545,SALEBBFIKC,20,50,2027-08-22,True,2023-08-15T00:00:00
2546,SALETNZPJ8,10,200,2025-06-30,False,2024-04-26T00:00:00
2547,SAVE3Y0M42,20,200,2023-05-14,False,2023-10-15T00:00:00
2548,TOPYI1MOA,25,500,2024-09-29,False,2025-06-01T00:00:00
2549,OFF2JQCY5,20,100,2026-04-23,False,2024-01-15T00:00:00
2550,SUPERF504O4,50,500,2025-12-25,False,2024-07-29T00:00:00
2551,OFFBSKZJ0,25,100,2027-12-24,True,2023-12-19T00:00:00
2552,TOP1UJ8UM,20,500,2026-01-28,False,2024-10-10T00:00:00
2553,SAVEB0O5XK,15,150,2027-07-16,True,2025-08-05T00:00:00
2554,SALEKSFDH6,40,300,2027-09-27,True,2026-03-30T00:00:00
2555,SUPERSG9N6Y,25,100,2023-06-26,False,2023-11-05T00:00:00
2556,SAVEYMPZ3F,30,200,2023-01-18,False,2025-05-20T00:00:00
2557,DESC7IHQ1W,10,100,2026-08-12,True,2023-04-04T00:00:00
2558,SUPERXLP5DC,5,100,2026-11-02,True,2023-05-31T00:00:00
2559,SAVEWTUORL,10,300,2026-10-24,True,2026-01-23T00:00:00
2560,PROMOTR501A,10,100,2024-07-09,False,2024-03-16T00:00:00
2561,SAVE21UJFU,25,200,2027-02-19,False,2025-11-28T00:00:00
2562,SALE4EO0Q6,20,500,2023-03-02,False,2024-12-10T00:00:00
2563,OFFPUXHOS,15,50,2025-08-06,False,2023-08-08T00:00:00
2564,PROMOXCBPOR,50,300,2024-10-24,False,2024-11-26T00:00:00
2565,SAVE0AQSEH,25,200,2025-09-26,False,2023-01-05T00:00:00
2566,SUPERRJ09B2,5,100,2023-12-03,False,2026-05-09T00:00:00
2567,MEGAJG10MN,15,300,2025-07-14,False,2024-10-22T00:00:00
2568,TOPMCVPTB,30,150,2023-11-05,False,2023-01-29T00:00:00
2569,PROMO7KAVFD,20,300,2023-02-04,False,2025-09-09T00:00:00
2570,SAVEU9VS97,30,100,2026-08-08,True,2023-05-18T00:00:00
2571,SALENGEF7D,25,500,2027-06-08,True,2024-05-22T00:00:00
2572,SAVE7653W5,20,100,2027-02-01,True,2026-04-06T00:00:00
2573,SUPERSGXNKF,50,150,2026-03-06,False,2024-12-23T00:00:00
2574,MEGAONLAKT,20,50,2025-04-07,False,2024-03-19T00:00:00
2575,SALEV3QF9G,20,100,2027-11-05,True,2025-11-15T00:00:00
2576,TOPZJAN6U,30,300,2026-04-15,False,2024-02-11T00:00:00
2577,SAVEO532ME,25,150,2024-09-11,False,2025-06-14T00:00:00
2578,SAVEBML3RG,20,200,2023-02-01,False,2024-07-02T00:00:00
2579,DESCGD6I4U,5,100,2023-11-18,False,2023-10-08T00:00:00
2580,TOP790EIQ,20,200,2023-10-17,False,2023-04-30T00:00:00
2581,SALE48I6ZK,15,150,2024-01-09,False,2026-05-18T00:00:00
2582,SAVEBGU9W5,25,100,2027-07-14,True,2024-05-07T00:00:00
2583,MEGAIUG8YC,5,200,2026-02-17,False,2024-09-26T00:00:00
2584,OFFZYNT63,5,150,2025-03-19,False,2026-02-20T00:00:00
2585,MEGAMP0XPO,5,50,2023-05-28,False,2024-06-25T00:00:00
2586,TOPBNWZHO,40,300,2027-05-14,True,2025-10-28T00:00:00
2587,DESC58V669,20,500,2026-12-25,False,2025-09-18T00:00:00
2588,SALEE7Y2Y0,20,200,2026-03-02,False,2023-05-29T00:00:00
2589,PROMOALTCHV,40,150,2027-01-31,True,2025-07-18T00:00:00
2590,DESC82WUPO,10,300,2023-06-26,False,2024-11-01T00:00:00
2591,TOPN690KD,20,300,2027-02-03,True,2024-05-06T00:00:00
2592,SAVE429KU6,20,150,2025-04-09,False,2024-04-01T00:00:00
2593,MEGA3FWCKQ,10,500,2025-11-24,False,2024-04-03T00:00:00
2594,SALEN1ZP7M,40,50,2027-04-14,True,2026-02-13T00:00:00
2595,MEGABVP3JN,25,300,2026-11-15,True,2026-02-18T00:00:00
2596,PROMOPK1XBU,30,500,2026-06-03,False,2026-03-06T00:00:00
2597,DESCOW0KDB,5,200,2025-04-08,False,2026-04-08T00:00:00
2598,MEGADU62N4,50,300,2024-12-30,False,2026-02-09T00:00:00
2599,SALELPU7YC,50,50,2027-04-18,False,2025-06-18T00:00:00
2600,PROMOLNHJJT,30,50,2025-10-28,False,2024-10-15T00:00:00
2601,SAVEAHAU03,5,50,2026-07-20,False,2024-06-17T00:00:00
2602,DESCHU4T0C,20,100,2027-11-02,True,2023-02-19T00:00:00
2603,SAVEEW8EM4,25,500,2023-09-13,False,2026-04-17T00:00:00
2604,SALEHMHR8N,5,150,2026-11-05,True,2024-12-09T00:00:00
2605,SALE9PFVXM,20,200,2024-11-05,False,2025-09-30T00:00:00
2606,SALERUG0RS,10,300,2024-03-03,False,2026-03-28T00:00:00
2607,DESC89XBJI,15,100,2025-02-02,False,2026-01-19T00:00:00
2608,SUPERPC6RLB,25,150,2027-02-14,True,2024-07-01T00:00:00
2609,PROMOHW5OPR,25,100,2026-06-10,False,2023-08-11T00:00:00
2610,TOPLZHXM4,10,300,2025-11-05,False,2023-08-20T00:00:00
2611,DESCGHO4E7,25,150,2026-06-07,False,2025-11-16T00:00:00
2612,SAVENOJQ33,30,100,2024-07-04,False,2025-08-03T00:00:00
2613,SAVEGWA81F,50,100,2025-02-21,False,2023-08-11T00:00:00
2614,SAVEPASRMC,5,500,2024-01-11,False,2024-09-20T00:00:00
2615,MEGAAKBFXH,25,150,2024-06-09,False,2024-08-17T00:00:00
2616,TOPKIBO32,25,300,2027-02-13,True,2024-04-01T00:00:00
2617,SUPER0G1LAA,40,150,2023-04-14,False,2024-07-13T00:00:00
2618,MEGAXM4RQJ,20,500,2026-10-16,True,2025-03-30T00:00:00
2619,MEGAS3H8PO,40,500,2026-07-05,False,2024-03-31T00:00:00
2620,SALE41PQZQ,10,100,2026-11-28,True,2026-05-09T00:00:00
2621,TOPKGS4RM,5,150,2026-09-01,True,2025-05-27T00:00:00
2622,SALE1BLJDF,25,200,2024-09-05,False,2025-05-29T00:00:00
2623,PROMOV933CA,10,200,2024-08-01,False,2024-03-30T00:00:00
2624,DESC5PDV5N,15,100,2025-12-18,False,2026-05-22T00:00:00
2625,DESC4AY3WC,50,100,2023-06-22,False,2024-06-27T00:00:00
2626,SAVE0B3V8B,10,150,2026-03-10,False,2023-05-09T00:00:00
2627,SALE0DT48V,15,500,2025-12-08,False,2023-04-23T00:00:00
2628,SALES0QPBM,50,50,2023-08-24,False,2025-04-01T00:00:00
2629,OFFQCDFP7,40,100,2024-10-15,False,2025-01-26T00:00:00
2630,TOPNBO46D,25,500,2026-05-12,False,2024-02-12T00:00:00
2631,DESCV05PUN,15,150,2026-04-01,False,2026-06-04T00:00:00
2632,TOPS18CCQ,20,100,2026-07-17,True,2024-01-12T00:00:00
2633,PROMOH5IFPR,25,150,2023-11-18,False,2024-05-21T00:00:00
2634,MEGAU14BTA,20,50,2025-09-25,False,2025-01-08T00:00:00
2635,SALECL5TMX,50,300,2025-04-02,False,2023-02-22T00:00:00
2636,SALED68ODD,25,300,2026-10-04,True,2024-09-20T00:00:00
2637,SUPERVEF1SJ,5,100,2025-05-21,False,2024-03-31T00:00:00
2638,TOPARDXNO,20,100,2023-03-16,False,2023-09-02T00:00:00
2639,PROMO3XY0VG,25,50,2025-09-24,False,2023-05-28T00:00:00
2640,TOPCJMCH6,40,150,2026-10-31,False,2023-12-17T00:00:00
2641,DESCPK5R0E,10,300,2026-05-31,False,2024-03-14T00:00:00
2642,SALEMFXHFG,20,50,2024-01-16,False,2023-01-22T00:00:00
2643,SALE511WM9,10,500,2023-03-06,False,2023-07-16T00:00:00
2644,SALEQ411Q9,50,100,2027-02-06,True,2023-01-12T00:00:00
2645,DESCWCUQPK,25,500,2025-07-04,False,2023-07-25T00:00:00
2646,DESCFI59RC,15,100,2024-03-19,False,2023-04-26T00:00:00
2647,PROMOM1PIUF,25,300,2024-02-06,False,2025-10-26T00:00:00
2648,DESCVF6FVU,15,200,2024-09-06,False,2025-05-01T00:00:00
2649,SAVEAT8HDL,15,300,2023-07-31,False,2025-04-13T00:00:00
2650,PROMOEZA8LK,15,500,2024-04-09,False,2025-04-10T00:00:00
2651,MEGAYU91I5,5,200,2024-01-01,False,2023-09-15T00:00:00
2652,TOPL863ZA,40,100,2027-12-08,True,2023-09-13T00:00:00
2653,SALELVLAWE,15,500,2024-05-15,False,2023-02-19T00:00:00
2654,TOP3G5G9W,5,50,2023-07-13,False,2025-10-27T00:00:00
2655,TOPL44BP8,15,500,2027-01-15,True,2024-09-26T00:00:00
2656,SAVEEU6B74,20,150,2024-12-29,False,2024-11-14T00:00:00
2657,DESC24YKSG,10,300,2025-07-09,False,2025-11-07T00:00:00
2658,SUPERD8UMIL,10,200,2026-05-30,False,2024-06-21T00:00:00
2659,DESCZFI0XS,40,500,2023-06-05,False,2026-06-01T00:00:00
2660,PROMOMPGD0U,20,50,2027-09-04,True,2025-03-15T00:00:00
2661,MEGATHXCGJ,30,300,2025-11-29,False,2024-07-02T00:00:00
2662,DESC3KIPEN,40,300,2023-07-17,False,2026-04-20T00:00:00
2663,SALEXTPWHQ,40,200,2025-04-09,False,2023-01-17T00:00:00
2664,OFFJUR0U9,25,200,2024-07-13,False,2024-09-01T00:00:00
2665,SAVE7195M6,30,50,2024-04-02,False,2025-12-11T00:00:00
2666,SALE6RBKFE,30,150,2025-02-15,False,2026-05-24T00:00:00
2667,SALEQ2GGO5,25,150,2025-11-22,False,2024-08-16T00:00:00
2668,DESC8BNSW3,40,200,2026-11-20,True,2026-01-06T00:00:00
2669,SAVE40Y777,40,500,2023-06-11,False,2026-03-30T00:00:00
2670,SALE0ZOEWJ,15,100,2026-11-29,True,2025-11-29T00:00:00
2671,DESCNLTLQT,20,500,2023-11-15,False,2025-03-09T00:00:00
2672,MEGAWAREN0,40,200,2027-07-28,False,2025-04-22T00:00:00
2673,MEGAM5DB4P,30,150,2027-08-19,False,2025-11-15T00:00:00
2674,OFFGX826R,40,500,2026-05-05,False,2023-11-28T00:00:00
2675,MEGAHIMSFJ,40,100,2027-10-19,True,2025-02-26T00:00:00
2676,OFFZ0FH32,15,300,2024-05-20,False,2025-11-22T00:00:00
2677,PROMOZYO8I1,20,100,2023-03-04,False,2024-02-14T00:00:00
2678,SAVETNCI6L,25,50,2024-10-02,False,2023-01-25T00:00:00
2679,DESC0QTGT2,30,500,2024-06-26,False,2025-06-11T00:00:00
2680,PROMOYARJOG,40,50,2024-11-18,False,2025-01-17T00:00:00
2681,MEGAJBC1XR,50,150,2027-04-27,True,2024-07-14T00:00:00
2682,OFF0YRXCL,30,500,2025-03-07,False,2025-05-18T00:00:00
2683,TOPIOU9Y8,20,50,2023-09-07,False,2023-05-24T00:00:00
2684,DESCF7F74L,15,50,2023-10-31,False,2024-04-09T00:00:00
2685,TOPBNXX2U,40,500,2027-10-12,False,2023-04-16T00:00:00
2686,MEGA38ICLN,15,150,2024-05-23,False,2023-02-09T00:00:00
2687,SAVEXJ0I2F,10,500,2025-07-12,False,2025-03-30T00:00:00
2688,TOPLKTCFQ,10,300,2025-04-08,False,2024-09-22T00:00:00
2689,PROMOOFN17O,10,500,2026-03-04,False,2025-10-06T00:00:00
2690,SALED952X7,15,50,2026-07-07,True,2023-05-19T00:00:00
2691,PROMO51A90E,15,50,2025-11-23,False,2023-08-03T00:00:00
2692,TOPESZQNT,50,150,2027-07-08,True,2025-11-10T00:00:00
2693,PROMOABL510,25,200,2023-10-10,False,2023-06-01T00:00:00
2694,OFFVHDZ0R,30,100,2024-06-03,False,2026-02-02T00:00:00
2695,OFFKRRKRN,25,200,2027-06-21,False,2024-11-09T00:00:00
2696,SALEY1N329,25,100,2023-05-15,False,2024-03-01T00:00:00
2697,PROMOFWEQ7U,25,200,2027-03-29,True,2025-07-07T00:00:00
2698,SALEANVYA3,15,100,2025-02-21,False,2024-03-09T00:00:00
2699,SAVE1F6N31,50,100,2023-08-23,False,2025-10-31T00:00:00
2700,DESCD09L46,15,200,2026-11-22,True,2025-10-10T00:00:00
2701,SAVE39CPA3,15,150,2023-12-18,False,2024-10-16T00:00:00
2702,SUPER1AEGEV,15,100,2025-06-27,False,2023-05-02T00:00:00
2703,PROMOIAOS6M,25,150,2024-02-18,False,2024-04-23T00:00:00
2704,DESCJTSXGY,25,100,2023-04-12,False,2025-07-17T00:00:00
2705,DESCUYSHK6,30,500,2024-09-24,False,2025-04-22T00:00:00
2706,OFFRNBBX1,15,200,2026-09-16,True,2023-12-03T00:00:00
2707,MEGA7GMX1C,50,150,2026-05-21,False,2025-08-19T00:00:00
2708,TOP1TDH2V,5,50,2025-03-31,False,2023-02-12T00:00:00
2709,DESCMWAIQT,15,100,2024-06-10,False,2024-10-21T00:00:00
2710,MEGA724M2H,10,300,2024-09-06,False,2024-05-12T00:00:00
2711,TOPGF2GGE,5,200,2025-08-07,False,2023-09-25T00:00:00
2712,SAVECBU49F,10,100,2026-11-26,False,2023-04-03T00:00:00
2713,DESCK42YDF,20,50,2024-04-26,False,2025-11-30T00:00:00
2714,PROMO981KAL,30,100,2027-03-15,True,2024-01-04T00:00:00
2715,SAVE7ITUB2,20,150,2027-01-23,True,2026-02-19T00:00:00
2716,DESC3TU0TA,25,300,2024-06-09,False,2023-11-22T00:00:00
2717,PROMOIGLCRH,5,300,2025-11-04,False,2023-08-05T00:00:00
2718,PROMOCFK66D,25,200,2025-07-11,False,2023-03-21T00:00:00
2719,MEGANCP0WF,5,300,2026-04-16,False,2023-08-05T00:00:00
2720,SUPERMA9CB5,50,300,2024-06-23,False,2026-05-10T00:00:00
2721,MEGACZCUAV,30,300,2023-10-26,False,2025-04-17T00:00:00
2722,MEGAQGPGYS,50,200,2026-06-13,True,2025-02-20T00:00:00
2723,OFFFWRZDB,20,300,2027-01-20,True,2025-03-07T00:00:00
2724,TOPTIXJZE,5,300,2024-08-06,False,2024-04-19T00:00:00
2725,TOPJDMKM4,30,100,2026-05-20,False,2025-09-14T00:00:00
2726,SALEM1FS03,40,500,2024-11-28,False,2023-06-06T00:00:00
2727,MEGA18SS6E,30,500,2027-05-19,True,2026-02-12T00:00:00
2728,SAVE3RY7CN,5,150,2024-08-19,False,2025-10-28T00:00:00
2729,DESCF1SECC,15,300,2024-01-22,False,2024-03-26T00:00:00
2730,OFFLY4U5S,20,300,2023-10-14,False,2026-02-02T00:00:00
2731,SAVEC3IGU7,50,200,2027-10-21,True,2023-05-25T00:00:00
2732,SALEB2YSZQ,25,50,2023-09-01,False,2024-07-19T00:00:00
2733,SUPERY21ICR,30,150,2026-07-17,True,2026-05-03T00:00:00
2734,TOP3JXZ39,15,300,2025-05-10,False,2026-04-26T00:00:00
2735,DESC9E25UU,25,300,2024-03-03,False,2026-01-26T00:00:00
2736,MEGAS1TVSC,25,300,2023-08-27,False,2023-10-09T00:00:00
2737,TOP51CV0K,25,150,2024-03-11,False,2024-01-20T00:00:00
2738,SAVEUVY4DV,30,150,2023-11-21,False,2024-04-15T00:00:00
2739,MEGA5KXF8U,25,50,2024-08-18,False,2023-08-04T00:00:00
2740,OFF8X3QNR,30,50,2024-11-06,False,2023-11-10T00:00:00
2741,SUPER1BR09C,25,300,2027-02-23,True,2024-11-19T00:00:00
2742,SAVE9O765B,5,100,2027-02-27,False,2023-02-16T00:00:00
2743,DESCT0YRPC,20,500,2027-04-24,False,2026-02-25T00:00:00
2744,PROMO81L2JW,30,200,2024-06-09,False,2025-12-25T00:00:00
2745,SAVERO5LJW,20,150,2026-08-24,True,2023-01-28T00:00:00
2746,SALENZZ82O,40,500,2025-07-11,False,2024-04-06T00:00:00
2747,TOPMEPSXP,20,150,2025-05-08,False,2025-02-26T00:00:00
2748,PROMO74VOJK,15,100,2027-11-19,False,2025-09-22T00:00:00
2749,TOPRFZ7O5,10,150,2024-04-29,False,2023-02-22T00:00:00
2750,SAVEUWG4AW,5,100,2024-03-27,False,2023-11-21T00:00:00
2751,SUPER60EFJA,20,500,2027-10-20,True,2025-06-23T00:00:00
2752,OFFZ05RLL,15,150,2024-12-05,False,2024-08-19T00:00:00
2753,DESCX26SSE,30,50,2026-06-12,True,2026-05-01T00:00:00
2754,SALEYFIYME,20,50,2023-02-10,False,2023-12-18T00:00:00
2755,OFFIALQRA,20,500,2027-05-09,False,2024-10-26T00:00:00
2756,SAVE5T7D74,40,50,2024-10-26,False,2025-03-18T00:00:00
2757,MEGA3K2YQ4,15,150,2026-07-16,True,2025-02-12T00:00:00
2758,DESCLYWTZL,5,50,2027-06-22,True,2023-12-24T00:00:00
2759,DESCNF9PTV,50,200,2026-10-29,True,2024-11-26T00:00:00
2760,TOPHBQJWV,5,300,2023-03-20,False,2023-01-27T00:00:00
2761,MEGAYNHH0H,10,150,2024-06-18,False,2024-06-17T00:00:00
2762,DESC5D1MXF,40,100,2025-12-15,False,2026-05-31T00:00:00
2763,PROMOO2PHQU,50,200,2027-12-31,False,2023-12-06T00:00:00
2764,SAVEZ8WEIO,5,100,2024-02-04,False,2024-11-24T00:00:00
2765,PROMOCTI9XH,10,50,2024-12-18,False,2024-03-03T00:00:00
2766,MEGA9VFI1E,30,150,2024-07-28,False,2026-05-20T00:00:00
2767,MEGA2FRV5H,10,150,2027-12-22,False,2024-05-03T00:00:00
2768,SUPERCDLUO4,20,100,2026-04-14,False,2023-12-07T00:00:00
2769,SAVEE2S95D,5,200,2024-12-03,False,2024-08-07T00:00:00
2770,OFFZZMEMX,15,150,2027-04-02,False,2025-12-06T00:00:00
2771,SUPERBFI1OT,5,200,2024-01-09,False,2023-06-12T00:00:00
2772,MEGAMFE8AV,20,50,2025-08-11,False,2023-06-03T00:00:00
2773,SAVEKE1HOJ,40,300,2026-05-12,False,2023-07-13T00:00:00
2774,SALELIZIXW,25,100,2027-10-22,True,2023-04-19T00:00:00
2775,OFFC8UR8K,15,50,2027-12-11,True,2023-04-09T00:00:00
2776,OFFK3D73L,30,50,2024-04-29,False,2024-02-25T00:00:00
2777,PROMOXK0ZDI,40,50,2026-01-21,False,2025-03-30T00:00:00
2778,OFFG3TONB,15,50,2026-09-16,False,2024-09-02T00:00:00
2779,SAVEXWQCQV,40,100,2023-04-02,False,2024-05-30T00:00:00
2780,SAVEW7H9GJ,25,150,2024-09-01,False,2024-07-07T00:00:00
2781,OFF1Z8K2J,25,300,2027-07-22,True,2025-05-18T00:00:00
2782,PROMO7R5VV5,40,200,2026-07-03,True,2023-08-21T00:00:00
2783,PROMOQ9NTUB,15,200,2026-06-20,False,2023-07-30T00:00:00
2784,DESC81MOKJ,25,100,2024-05-17,False,2024-04-09T00:00:00
2785,DESCFBWCP5,20,300,2023-12-21,False,2023-04-13T00:00:00
2786,SAVEC60PJ1,30,500,2025-01-03,False,2024-01-03T00:00:00
2787,MEGAQN3P4G,50,300,2025-03-26,False,2025-12-22T00:00:00
2788,PROMO8V9VOC,25,50,2025-12-14,False,2025-04-07T00:00:00
2789,PROMOYTVDJK,15,500,2024-10-16,False,2026-04-04T00:00:00
2790,OFFFUWPKD,30,50,2027-12-18,False,2025-10-14T00:00:00
2791,SALEHXU4VT,25,100,2024-11-26,False,2023-09-02T00:00:00
2792,DESCUAWGHR,15,500,2025-08-01,False,2025-07-29T00:00:00
2793,SAVEYMMVW1,40,50,2024-10-06,False,2025-04-23T00:00:00
2794,MEGA7CP954,40,50,2023-10-23,False,2025-05-23T00:00:00
2795,SAVE7678PX,50,300,2026-09-10,False,2026-03-12T00:00:00
2796,TOP5ZYWSJ,5,50,2025-03-07,False,2025-07-06T00:00:00
2797,DESCY36DTY,10,150,2027-07-10,True,2023-08-11T00:00:00
2798,SALEG6BV7G,25,200,2023-05-06,False,2026-03-06T00:00:00
2799,SUPERMU9R3D,10,150,2023-09-29,False,2024-03-01T00:00:00
2800,DESC46J26E,20,50,2024-09-16,False,2024-08-22T00:00:00
2801,DESCRGMNDC,50,150,2026-01-22,False,2024-05-24T00:00:00
2802,MEGAYAJQCB,25,100,2026-12-02,True,2023-12-07T00:00:00
2803,PROMOJD10OM,5,150,2026-11-12,True,2025-01-14T00:00:00
2804,MEGASAL3FO,5,200,2024-07-12,False,2023-09-18T00:00:00
2805,OFFE7VPIH,30,100,2027-12-18,True,2025-05-24T00:00:00
2806,SUPER2J5EOU,50,200,2027-06-26,False,2025-11-05T00:00:00
2807,SAVE7LGWY7,10,150,2026-01-04,False,2023-02-20T00:00:00
2808,SAVEEASJX5,20,200,2026-03-22,False,2025-11-04T00:00:00
2809,PROMOPWKYPW,10,50,2025-03-15,False,2024-10-31T00:00:00
2810,SAVE05QWCE,15,150,2025-10-05,False,2024-10-09T00:00:00
2811,DESCFTYWVX,10,200,2023-12-24,False,2024-08-01T00:00:00
2812,TOPSCMX6E,40,200,2024-10-02,False,2023-08-30T00:00:00
2813,SALE295KMM,50,500,2024-01-07,False,2023-06-08T00:00:00
2814,PROMO8HV7AD,30,100,2024-07-08,False,2023-01-27T00:00:00
2815,MEGAGIKRML,25,150,2024-09-30,False,2023-04-24T00:00:00
2816,SUPERT1VV4Y,25,50,2027-08-11,True,2024-03-28T00:00:00
2817,PROMOLFKB8D,25,200,2026-10-19,False,2025-06-02T00:00:00
2818,DESCM5B4FD,15,200,2023-03-26,False,2024-12-16T00:00:00
2819,TOPFYDGAX,50,150,2025-06-05,False,2025-06-11T00:00:00
2820,TOP2MYL0H,15,100,2024-08-10,False,2023-05-28T00:00:00
2821,SUPERIJY5D3,10,50,2024-01-21,False,2024-02-24T00:00:00
2822,OFF64CQ0M,30,200,2026-09-22,True,2023-01-07T00:00:00
2823,SUPERXJLCAK,5,50,2027-06-14,False,2023-04-26T00:00:00
2824,OFFD6OY6R,25,200,2027-05-13,True,2023-01-08T00:00:00
2825,SALEJEYQ8P,30,150,2026-12-06,True,2025-10-10T00:00:00
2826,SALEQUPEU4,20,100,2026-04-25,False,2024-10-14T00:00:00
2827,SUPERN6OCFH,5,200,2026-06-18,True,2023-04-23T00:00:00
2828,DESCG0VGFG,25,50,2023-11-03,False,2025-05-06T00:00:00
2829,MEGAU854YJ,15,50,2027-07-20,True,2023-09-20T00:00:00
2830,PROMODA12OM,25,50,2023-11-30,False,2025-11-03T00:00:00
2831,MEGAYHHK31,20,500,2026-05-24,False,2025-03-25T00:00:00
2832,SUPERR4Z21Y,40,100,2027-03-11,False,2025-02-12T00:00:00
2833,SUPERHA0HDP,10,50,2026-01-15,False,2026-02-08T00:00:00
2834,TOPS4OC4T,25,50,2027-01-31,True,2025-05-08T00:00:00
2835,MEGA1TICYJ,5,150,2024-11-26,False,2024-10-02T00:00:00
2836,SAVE2YG5TW,40,100,2026-06-27,False,2025-12-27T00:00:00
2837,MEGA6EKKAF,50,200,2023-09-25,False,2025-04-16T00:00:00
2838,SAVEE8T56T,30,50,2027-01-09,True,2025-06-14T00:00:00
2839,SALEUPJCDT,25,150,2025-09-24,False,2023-08-21T00:00:00
2840,SUPERZBVJRY,10,50,2023-11-01,False,2024-01-23T00:00:00
2841,TOPBZW5IP,20,50,2026-02-17,False,2025-07-14T00:00:00
2842,DESCQ6P7HX,40,500,2024-10-09,False,2025-03-15T00:00:00
2843,SALEG3IOM5,30,300,2023-10-30,False,2025-02-22T00:00:00
2844,SUPERPCMXVB,15,50,2025-02-03,False,2023-06-09T00:00:00
2845,MEGAW1M7AE,25,100,2024-03-22,False,2026-02-10T00:00:00
2846,SALE9VSOR5,25,300,2024-04-20,False,2023-11-14T00:00:00
2847,SUPERBU2NYJ,15,500,2024-10-09,False,2025-09-26T00:00:00
2848,SALEK7T245,30,100,2027-12-25,True,2023-12-24T00:00:00
2849,DESCF3MKQH,20,150,2025-07-03,False,2023-04-03T00:00:00
2850,DESC0RIKBW,25,200,2026-11-11,True,2025-09-15T00:00:00
2851,PROMOM0UH0A,5,200,2023-12-19,False,2024-02-20T00:00:00
2852,SAVE96BHWT,25,500,2025-11-04,False,2025-06-06T00:00:00
2853,SALEL38SAN,5,300,2025-12-23,False,2024-08-15T00:00:00
2854,PROMO43ZQUB,20,50,2027-10-21,True,2024-08-02T00:00:00
2855,SALEKMZ1YQ,10,50,2026-04-14,False,2024-03-08T00:00:00
2856,TOP0XF2UD,10,150,2024-11-28,False,2025-08-31T00:00:00
2857,OFFAFC9AE,40,500,2024-08-24,False,2024-03-03T00:00:00
2858,SAVERS17CZ,40,50,2023-02-18,False,2026-05-27T00:00:00
2859,SALEWS3MH3,30,100,2024-08-04,False,2024-07-09T00:00:00
2860,OFFIHSKDE,30,300,2027-11-28,True,2023-03-05T00:00:00
2861,TOPYQFPAP,15,200,2024-10-29,False,2024-06-13T00:00:00
2862,PROMOYFYZOY,5,50,2027-04-19,False,2023-10-28T00:00:00
2863,TOPFC2I9T,10,50,2025-12-24,False,2023-10-18T00:00:00
2864,MEGA6YSEF9,10,150,2027-01-06,False,2023-07-10T00:00:00
2865,SAVE0O3HDQ,10,150,2024-01-07,False,2024-11-11T00:00:00
2866,DESCKEOX2E,25,50,2025-08-20,False,2025-09-16T00:00:00
2867,SUPERUXIQ2B,50,300,2024-06-11,False,2023-02-06T00:00:00
2868,PROMOHVVAFI,30,500,2024-04-13,False,2023-07-01T00:00:00
2869,PROMO696ZGG,25,150,2023-10-26,False,2024-04-20T00:00:00
2870,OFFTCMWT7,50,100,2024-11-18,False,2026-01-06T00:00:00
2871,MEGAGAZG3L,25,300,2026-10-14,True,2024-03-07T00:00:00
2872,DESCKLP134,10,200,2025-11-17,False,2023-07-04T00:00:00
2873,TOPAOPXM4,25,500,2026-09-09,True,2025-03-29T00:00:00
2874,DESCO4BWE2,50,300,2024-10-29,False,2024-06-11T00:00:00
2875,SAVERSNC5W,5,500,2023-09-10,False,2026-01-07T00:00:00
2876,SAVE8YHHZF,5,500,2024-09-19,False,2023-03-31T00:00:00
2877,TOPUSZVM0,20,150,2027-06-30,False,2024-01-04T00:00:00
2878,SUPERM353VO,40,200,2026-01-07,False,2024-05-18T00:00:00
2879,MEGABESA6S,20,200,2026-06-08,False,2025-04-19T00:00:00
2880,TOPQG0K4R,20,300,2023-01-07,False,2025-05-28T00:00:00
2881,SALESZZIEH,50,500,2023-07-31,False,2023-12-21T00:00:00
2882,PROMO8S56EJ,25,50,2025-10-26,False,2023-11-18T00:00:00
2883,TOPRLDI8O,20,200,2026-04-15,False,2026-03-27T00:00:00
2884,TOP5T18P7,10,100,2027-06-09,False,2024-01-20T00:00:00
2885,SAVEELJWL4,5,150,2026-09-21,True,2024-03-14T00:00:00
2886,TOPMUVKGM,15,500,2027-10-26,True,2024-10-14T00:00:00
2887,OFFQGC5V0,5,50,2027-08-20,False,2023-06-06T00:00:00
2888,MEGAYT1EFI,50,300,2025-07-20,False,2025-09-02T00:00:00
2889,MEGAA1QQ1L,5,150,2026-10-02,False,2026-02-13T00:00:00
2890,DESCQ9IGFZ,20,100,2024-01-17,False,2024-05-14T00:00:00
2891,MEGA3VWCKO,25,300,2024-10-17,False,2025-01-28T00:00:00
2892,DESCHAKVSS,25,100,2025-10-11,False,2024-03-20T00:00:00
2893,DESC7E7NZ2,10,150,2026-02-14,False,2024-06-24T00:00:00
2894,DESCKJXGS9,30,200,2025-05-05,False,2023-05-31T00:00:00
2895,OFFX3MSP0,5,300,2026-10-18,False,2024-03-16T00:00:00
2896,SAVE7LS451,50,150,2023-07-18,False,2023-05-21T00:00:00
2897,PROMORAS5CA,25,200,2025-12-06,False,2023-09-05T00:00:00
2898,SAVE6G6YEW,10,150,2025-11-29,False,2025-08-07T00:00:00
2899,SALEQWSCJ4,40,200,2024-09-22,False,2023-09-23T00:00:00
2900,SALE055Y22,50,50,2027-01-12,True,2024-05-10T00:00:00
2901,MEGAQIJDAK,20,50,2026-03-25,False,2024-07-18T00:00:00
2902,OFFPISP0R,40,500,2025-09-29,False,2023-07-11T00:00:00
2903,SALESEVDUK,50,500,2026-12-11,True,2023-03-21T00:00:00
2904,MEGACYS0P1,10,500,2024-09-22,False,2024-08-23T00:00:00
2905,SUPERE474B2,50,300,2027-04-24,False,2025-06-30T00:00:00
2906,MEGAOWE2CV,15,500,2025-07-19,False,2024-12-20T00:00:00
2907,SAVE2CT9F8,10,500,2027-04-03,False,2025-10-21T00:00:00
2908,TOP3LF8R2,10,150,2024-11-03,False,2025-01-13T00:00:00
2909,MEGACDTCCL,30,300,2024-12-07,False,2023-01-05T00:00:00
2910,SAVEFSE70D,50,150,2027-10-14,True,2023-11-28T00:00:00
2911,MEGABC896O,40,100,2025-09-21,False,2023-05-30T00:00:00
2912,TOPUAWHSV,5,200,2023-12-04,False,2024-02-03T00:00:00
2913,SAVE6U5I3C,20,50,2025-07-12,False,2024-10-17T00:00:00
2914,SUPERU3A88X,30,200,2025-05-27,False,2025-05-10T00:00:00
2915,MEGAB9V2RV,10,200,2025-12-11,False,2025-10-30T00:00:00
2916,SAVE8FDYYC,30,200,2023-07-24,False,2023-05-23T00:00:00
2917,DESCJNSQ24,15,50,2024-11-04,False,2025-03-10T00:00:00
2918,DESCVHR671,50,100,2026-04-06,False,2024-01-15T00:00:00
2919,SUPER3J3SFX,30,300,2026-08-23,False,2023-08-04T00:00:00
2920,MEGA8QZJ4X,20,300,2023-05-30,False,2024-01-02T00:00:00
2921,SALELKF7W3,5,300,2025-04-10,False,2024-05-06T00:00:00
2922,TOPAE7FTX,25,200,2027-06-21,True,2023-04-24T00:00:00
2923,TOPTZKM95,30,500,2027-03-25,False,2025-07-09T00:00:00
2924,DESCQWNLPW,20,150,2025-01-20,False,2025-02-12T00:00:00
2925,OFFIGZI08,25,100,2023-12-18,False,2024-02-03T00:00:00
2926,SALEFV3L0X,10,200,2023-04-26,False,2023-01-30T00:00:00
2927,TOPC86VG9,15,300,2027-03-07,True,2026-05-11T00:00:00
2928,SUPER12ZAHK,10,300,2026-04-27,False,2025-06-20T00:00:00
2929,SUPER0MI7FU,30,200,2024-01-02,False,2024-12-01T00:00:00
2930,DESCG2T6M6,15,200,2025-06-22,False,2023-05-05T00:00:00
2931,SUPERPWZB3H,15,150,2024-09-21,False,2024-04-30T00:00:00
2932,SAVERKO8BI,30,50,2023-08-14,False,2023-08-14T00:00:00
2933,SUPERSMIJKX,30,150,2027-04-24,True,2025-01-30T00:00:00
2934,TOPZPJD5C,15,300,2024-11-03,False,2025-06-25T00:00:00
2935,SAVED12D24,15,100,2027-01-04,True,2023-07-31T00:00:00
2936,MEGAL3XZGS,20,150,2023-11-06,False,2026-04-09T00:00:00
2937,SALE0FCDM3,50,500,2024-03-01,False,2025-05-21T00:00:00
2938,PROMOHKL9BL,50,200,2025-12-12,False,2023-06-25T00:00:00
2939,MEGAB33ZYT,40,500,2023-12-31,False,2025-10-20T00:00:00
2940,DESCHSXFAO,15,150,2027-06-09,True,2023-08-10T00:00:00
2941,SUPERK6NUNI,10,300,2026-12-09,False,2023-05-08T00:00:00
2942,MEGAGRA23L,40,200,2025-12-30,False,2025-05-20T00:00:00
2943,OFFJUN1GH,10,300,2027-12-23,True,2024-11-30T00:00:00
2944,PROMOZACBLE,10,500,2023-04-05,False,2025-06-02T00:00:00
2945,SUPERAGNELM,10,50,2026-10-19,False,2023-05-16T00:00:00
2946,MEGAN2CEVS,10,100,2023-04-16,False,2023-01-30T00:00:00
2947,PROMOVOS2JD,5,500,2023-04-02,False,2025-06-15T00:00:00
2948,MEGA8JWN7A,30,300,2027-09-26,True,2026-03-11T00:00:00
2949,SUPERSD6FVM,40,50,2025-09-28,False,2025-12-08T00:00:00
2950,SAVE5AINQV,20,500,2023-03-20,False,2025-12-07T00:00:00
2951,TOPAHQ2OO,20,200,2023-03-16,False,2024-11-27T00:00:00
2952,DESCQ9YAL6,40,50,2027-03-19,True,2024-05-05T00:00:00
2953,SUPER1NFFTO,50,500,2024-02-18,False,2025-02-24T00:00:00
2954,TOPKGIWSJ,20,200,2026-03-13,False,2025-08-12T00:00:00
2955,SUPER8RNRAL,40,150,2024-12-10,False,2026-01-21T00:00:00
2956,PROMOTO1S9N,40,150,2023-02-13,False,2024-03-30T00:00:00
2957,PROMOOBF8P9,50,200,2024-05-17,False,2025-11-01T00:00:00
2958,OFFD6WFN7,40,200,2026-10-01,True,2023-03-20T00:00:00
2959,SALEYBMWOJ,15,500,2023-02-10,False,2025-11-10T00:00:00
2960,SAVEOOPQ45,25,50,2024-06-27,False,2025-04-08T00:00:00
2961,MEGAAHLEYQ,20,50,2024-07-13,False,2026-03-31T00:00:00
2962,SUPER8EGRWE,5,300,2025-04-13,False,2024-09-17T00:00:00
2963,PROMOREQGEF,20,500,2024-09-29,False,2025-07-29T00:00:00
2964,MEGA6JEQ29,5,50,2027-05-21,True,2023-05-13T00:00:00
2965,MEGA9JBNBB,20,300,2027-01-22,False,2024-03-15T00:00:00
2966,PROMO5GM0MM,30,300,2023-09-17,False,2026-03-16T00:00:00
2967,SAVEO1OGLJ,40,500,2026-04-19,False,2023-09-19T00:00:00
2968,PROMO3U10LG,50,300,2026-02-11,False,2026-02-11T00:00:00
2969,OFFA8131T,5,200,2027-04-23,True,2024-10-22T00:00:00
2970,PROMOSGR1PP,25,300,2025-01-30,False,2024-10-05T00:00:00
2971,SUPERPTAT6C,15,50,2025-08-30,False,2023-09-24T00:00:00
2972,SUPER6PUAAO,10,50,2023-11-06,False,2023-11-07T00:00:00
2973,MEGAVRG2QL,5,150,2027-12-07,True,2026-01-19T00:00:00
2974,PROMOKJSOMP,20,500,2023-11-13,False,2025-09-04T00:00:00
2975,SAVEX6AT9P,20,200,2026-07-20,False,2023-09-30T00:00:00
2976,DESCYNMNWM,50,100,2026-01-27,False,2023-10-04T00:00:00
2977,MEGAKIBQYG,5,200,2024-04-21,False,2023-01-04T00:00:00
2978,DESCV2SRSL,40,500,2024-08-12,False,2026-05-07T00:00:00
2979,DESCIJNO16,15,300,2026-03-17,False,2024-10-29T00:00:00
2980,DESCBDBJ0U,50,500,2025-07-03,False,2024-05-01T00:00:00
2981,SAVE13MYDJ,10,200,2024-10-24,False,2025-02-08T00:00:00
2982,DESCRIPRF1,20,100,2023-05-12,False,2023-01-07T00:00:00
2983,PROMO33X8UQ,10,100,2024-11-13,False,2026-05-22T00:00:00
2984,OFF9LAF5H,20,300,2027-04-18,True,2024-08-23T00:00:00
2985,SUPERKBAPCQ,15,50,2025-07-13,False,2024-06-02T00:00:00
2986,DESC3KQ2YG,50,100,2027-07-24,False,2025-06-20T00:00:00
2987,SALEXXUNDT,5,500,2026-03-16,False,2025-05-23T00:00:00
2988,SAVECDLYVH,15,200,2027-09-08,True,2025-10-16T00:00:00
2989,SUPERN3H0AK,20,300,2027-08-11,True,2025-02-03T00:00:00
2990,DESCJZAC3A,10,150,2026-12-11,True,2025-06-03T00:00:00
2991,PROMOTJGQ4R,40,300,2027-10-12,False,2025-12-30T00:00:00
2992,SALE275SU0,25,200,2023-07-07,False,2023-05-01T00:00:00
2993,OFF6OQ3J9,40,50,2025-10-16,False,2023-10-27T00:00:00
2994,TOPJIY9GO,25,300,2024-06-15,False,2023-11-11T00:00:00
2995,OFF9UVRUL,10,300,2023-11-29,False,2024-12-07T00:00:00
2996,DESCV0N456,40,200,2026-07-18,False,2026-01-14T00:00:00
2997,SALE9V16Z7,10,300,2023-02-04,False,2025-07-31T00:00:00
2998,SALE43Z3FY,20,50,2023-04-14,False,2023-09-02T00:00:00
2999,DESCDFRPIW,10,500,2027-06-26,True,2023-11-26T00:00:00
3000,SALEP3F9UV,5,300,2024-12-13,False,2025-02-25T00:00:00
3001,SAVEV1CXA3,40,500,2024-01-28,False,2024-03-09T00:00:00
3002,PROMOAG81E2,40,200,2027-10-15,True,2024-03-05T00:00:00
3003,TOPYNY60V,10,300,2023-02-10,False,2025-10-19T00:00:00
3004,PROMOUA6OKN,40,300,2023-10-02,False,2024-07-08T00:00:00
3005,TOPI3I6JH,5,500,2024-10-03,False,2025-08-27T00:00:00
3006,DESCO5MGUL,20,50,2024-09-14,False,2025-12-30T00:00:00
3007,OFFY10CIG,25,300,2024-10-04,False,2025-11-20T00:00:00
3008,DESC6Z9Z9U,50,100,2026-02-19,False,2025-12-17T00:00:00
3009,SAVEWDQPOK,30,150,2026-04-09,False,2025-04-11T00:00:00
3010,SUPERIIKDXS,5,500,2023-04-28,False,2025-12-22T00:00:00
3011,DESCVD6L8W,50,50,2024-02-07,False,2025-09-16T00:00:00
3012,OFFL1RC3W,15,100,2025-06-02,False,2026-05-28T00:00:00
3013,OFF7S7KRB,10,50,2026-04-25,False,2023-12-06T00:00:00
3014,PROMOFR6CJ1,5,50,2027-06-13,True,2023-10-08T00:00:00
3015,SAVEWZGUFR,10,50,2025-10-03,False,2024-01-18T00:00:00
3016,MEGAFCWFAD,25,150,2023-02-26,False,2023-09-29T00:00:00
3017,DESCQV3ACL,50,150,2027-06-21,False,2023-02-22T00:00:00
3018,SALE7ZYKMX,40,200,2024-06-22,False,2024-06-04T00:00:00
3019,PROMOSZKI37,15,500,2027-04-05,False,2026-01-17T00:00:00
3020,DESCLSR60F,25,500,2024-12-03,False,2025-01-17T00:00:00
3021,DESCYJP571,20,50,2026-07-31,True,2023-02-15T00:00:00
3022,PROMOLN69EH,50,300,2023-04-10,False,2023-12-04T00:00:00
3023,SUPERGHH6FX,20,300,2025-06-01,False,2024-06-27T00:00:00
3024,MEGA6P76G1,20,150,2024-08-08,False,2024-12-11T00:00:00
3025,SAVEA6975C,20,50,2027-12-02,True,2026-03-03T00:00:00
3026,SALEILEI69,15,100,2027-02-21,False,2026-01-24T00:00:00
3027,OFFB3NVQT,25,50,2025-12-01,False,2026-05-10T00:00:00
3028,SALEHSG7XS,30,50,2025-06-02,False,2024-04-28T00:00:00
3029,SUPERMIXJBN,5,100,2023-01-14,False,2025-09-11T00:00:00
3030,OFFL17JU6,5,500,2027-05-03,True,2023-05-01T00:00:00
3031,OFF3H6RO0,10,300,2023-11-17,False,2023-01-22T00:00:00
3032,DESC5XBFR7,20,150,2023-07-20,False,2023-08-24T00:00:00
3033,SAVEO1HITW,5,300,2024-11-03,False,2025-09-26T00:00:00
3034,SUPER5X2XE2,15,50,2025-12-03,False,2023-05-29T00:00:00
3035,PROMO6P4MJR,40,150,2023-06-15,False,2025-10-29T00:00:00
3036,SALEBO30XG,10,100,2023-10-31,False,2023-08-30T00:00:00
3037,SAVE029QLI,20,200,2025-11-17,False,2026-03-28T00:00:00
3038,SAVEK7D9NF,15,500,2026-11-05,True,2025-04-22T00:00:00
3039,SAVE6HH7GP,40,500,2023-05-24,False,2024-03-31T00:00:00
3040,OFF7OYVYV,10,300,2023-04-10,False,2025-05-30T00:00:00
3041,MEGA81ASBX,5,200,2024-03-15,False,2025-01-24T00:00:00
3042,SAVEUXRGGF,50,50,2025-07-07,False,2026-02-03T00:00:00
3043,DESC7CCMWK,40,300,2024-04-03,False,2023-12-26T00:00:00
3044,TOPX49Z8E,5,200,2026-01-05,False,2025-12-16T00:00:00
3045,SUPERY2B4EV,20,300,2023-01-13,False,2024-06-16T00:00:00
3046,TOP7FRRZ1,30,300,2023-07-23,False,2024-05-11T00:00:00
3047,OFFFLE5SJ,15,500,2023-12-13,False,2026-03-08T00:00:00
3048,SALEF4DGBX,40,150,2026-04-01,False,2025-08-28T00:00:00
3049,MEGAEFLFXD,50,100,2025-03-07,False,2024-10-07T00:00:00
3050,OFFN7BHIP,5,200,2027-02-19,False,2024-03-03T00:00:00
3051,DESCSK32L4,40,300,2023-06-20,False,2026-01-10T00:00:00
3052,PROMOO3XZZ3,50,100,2024-11-20,False,2026-06-10T00:00:00
3053,SAVE7QGHY7,15,150,2024-01-17,False,2025-01-27T00:00:00
3054,SUPER1QN1OD,15,300,2023-02-10,False,2026-04-01T00:00:00
3055,TOPQEOHGW,50,50,2023-07-26,False,2023-12-04T00:00:00
3056,MEGAS53WY9,5,50,2027-08-11,True,2023-07-23T00:00:00
3057,SAVEL415ST,30,50,2027-09-26,True,2023-08-14T00:00:00
3058,OFFXV84PY,50,100,2026-04-20,False,2026-06-10T00:00:00
3059,TOPN1QEYG,40,300,2023-03-21,False,2026-02-10T00:00:00
3060,SAVE98NW3S,50,200,2027-10-24,False,2024-09-18T00:00:00
3061,OFFFBKAQF,25,200,2024-12-03,False,2025-08-16T00:00:00
3062,SUPEREJU835,40,200,2025-09-23,False,2024-10-19T00:00:00
3063,MEGALK260K,10,150,2024-02-19,False,2024-01-25T00:00:00
3064,TOP49WJ7R,50,100,2024-08-28,False,2025-09-30T00:00:00
3065,PROMO2J3NTQ,10,300,2027-10-17,True,2024-06-25T00:00:00
3066,DESC7AID5F,25,500,2025-02-22,False,2025-12-12T00:00:00
3067,TOP8I05ZA,5,200,2025-06-27,False,2023-07-05T00:00:00
3068,SAVEL5QM6I,25,50,2026-07-26,False,2026-04-10T00:00:00
3069,TOP70OANZ,5,200,2024-01-04,False,2023-04-12T00:00:00
3070,TOPEVJCLY,50,200,2026-07-16,True,2023-05-27T00:00:00
3071,MEGAU1QADQ,25,200,2024-01-29,False,2026-02-17T00:00:00
3072,SAVE8LGEX7,40,50,2024-09-26,False,2023-06-22T00:00:00
3073,DESCEXEKED,30,500,2025-06-26,False,2025-01-18T00:00:00
3074,OFFD40FZS,10,300,2024-06-30,False,2023-11-22T00:00:00
3075,SAVEVE18LL,50,50,2027-04-05,False,2026-06-04T00:00:00
3076,SUPERV1TTM3,5,100,2027-05-08,True,2024-03-06T00:00:00
3077,PROMORSO0U7,30,200,2025-04-27,False,2023-11-27T00:00:00
3078,TOPRGLDP7,20,300,2025-04-17,False,2026-02-17T00:00:00
3079,SUPERANTV5S,10,200,2026-03-06,False,2026-03-15T00:00:00
3080,DESCICWZL9,50,100,2026-07-13,True,2025-09-11T00:00:00
3081,SAVEOA39TB,50,500,2025-04-12,False,2023-05-20T00:00:00
3082,DESCM2JAAR,25,100,2027-05-31,True,2023-07-03T00:00:00
3083,SUPERAG6EA1,30,50,2023-04-28,False,2025-12-22T00:00:00
3084,TOPWH88FI,40,150,2023-08-25,False,2023-09-05T00:00:00
3085,PROMO8HU3SK,15,100,2023-03-11,False,2024-06-06T00:00:00
3086,DESCNHUD02,5,150,2023-07-06,False,2024-11-09T00:00:00
3087,MEGARJJTLB,5,100,2026-10-21,True,2024-07-05T00:00:00
3088,TOP7K1SXN,5,150,2023-04-07,False,2025-11-05T00:00:00
3089,SAVE2VXA9N,5,200,2027-10-04,False,2023-06-28T00:00:00
3090,MEGA9J3YES,20,150,2024-03-15,False,2025-09-02T00:00:00
3091,SALEOKHMO8,15,200,2024-02-18,False,2024-09-18T00:00:00
3092,TOP3N45NK,10,500,2023-11-23,False,2026-02-03T00:00:00
3093,SAVEDR9U5Z,15,100,2027-07-14,True,2025-09-06T00:00:00
3094,PROMOSIAUNL,30,200,2025-05-11,False,2024-04-15T00:00:00
3095,PROMO6JZADE,40,150,2024-02-05,False,2025-08-26T00:00:00
3096,MEGAZQDA7C,5,200,2023-05-10,False,2025-12-12T00:00:00
3097,SUPERA7V8C2,30,50,2025-12-28,False,2025-03-22T00:00:00
3098,SUPERB90WSO,25,50,2027-03-03,False,2025-06-04T00:00:00
3099,PROMOZZZRF3,5,300,2027-12-23,True,2023-04-10T00:00:00
3100,DESCXBSQYX,25,100,2025-10-16,False,2023-07-02T00:00:00
3101,TOP5V7W5Y,40,200,2027-08-05,False,2025-08-29T00:00:00
3102,SAVE25NOXX,50,150,2024-04-14,False,2024-07-24T00:00:00
3103,MEGAZEGYX2,30,50,2027-10-16,False,2025-02-25T00:00:00
3104,MEGA5AE8I0,30,150,2026-10-25,False,2023-05-06T00:00:00
3105,TOPOHS6QM,50,300,2024-09-28,False,2026-06-07T00:00:00
3106,PROMOI8IV5M,25,500,2025-04-12,False,2023-05-17T00:00:00
3107,MEGA3NWHIT,5,300,2026-09-30,True,2025-01-27T00:00:00
3108,SAVE6VWFQO,15,500,2027-08-17,True,2023-11-23T00:00:00
3109,TOPXL83YK,10,300,2025-07-27,False,2025-10-22T00:00:00
3110,OFFSWQLR1,10,150,2027-08-24,True,2024-12-13T00:00:00
3111,OFFGNK0EL,30,500,2026-07-01,True,2024-11-25T00:00:00
3112,OFFUYHQCV,40,300,2027-01-25,False,2024-04-28T00:00:00
3113,PROMO30VF9N,50,150,2026-01-18,False,2023-04-20T00:00:00
3114,SAVEUPTRGR,10,500,2027-05-18,True,2023-03-30T00:00:00
3115,DESC4AQR9G,30,100,2027-04-06,True,2025-05-05T00:00:00
3116,SAVEPQL3ID,30,500,2027-04-06,True,2023-01-04T00:00:00
3117,OFFKOF38U,20,150,2025-06-17,False,2023-02-14T00:00:00
3118,SUPER2QG900,30,100,2023-02-02,False,2023-12-10T00:00:00
3119,PROMOGHHRX5,5,50,2023-03-03,False,2026-01-07T00:00:00
3120,SAVEGCJ6ON,40,50,2023-11-26,False,2023-06-14T00:00:00
3121,TOPT6PYLD,25,100,2026-01-30,False,2025-05-14T00:00:00
3122,SAVEX9O0YZ,5,50,2027-08-02,False,2024-08-22T00:00:00
3123,DESCLQFYYI,20,300,2024-06-25,False,2026-02-19T00:00:00
3124,SUPERC8B33H,25,50,2023-07-05,False,2023-11-26T00:00:00
3125,SALEXDJT42,50,500,2023-11-29,False,2026-04-02T00:00:00
3126,SALEXF26OV,40,300,2027-05-06,False,2026-01-03T00:00:00
3127,PROMOVVXCME,50,150,2025-05-29,False,2024-02-29T00:00:00
3128,OFF8ACL8J,5,200,2026-09-11,True,2023-10-30T00:00:00
3129,TOP4UZNJ9,15,500,2023-06-27,False,2023-08-27T00:00:00
3130,MEGAWK63R6,10,50,2024-06-03,False,2025-09-15T00:00:00
3131,TOP3OJDJF,5,150,2023-01-25,False,2026-03-09T00:00:00
3132,SUPERGF6V5Y,5,300,2023-12-02,False,2023-08-01T00:00:00
3133,OFFUZ9V6A,15,50,2025-11-11,False,2024-06-02T00:00:00
3134,OFF3SFYOK,20,50,2026-11-08,False,2025-10-09T00:00:00
3135,SUPERLL6QXL,30,300,2024-07-22,False,2023-07-01T00:00:00
3136,TOP23OO5V,5,100,2027-09-19,True,2026-02-17T00:00:00
3137,SALEME78JH,50,500,2027-04-07,True,2024-07-19T00:00:00
3138,SUPER8FQV4Q,50,150,2023-08-11,False,2026-04-19T00:00:00
3139,PROMO014SD3,30,100,2026-09-06,False,2024-12-13T00:00:00
3140,MEGAWESEOX,40,200,2024-02-17,False,2024-09-21T00:00:00
3141,SUPEROTKU9I,25,500,2027-11-01,True,2025-03-06T00:00:00
3142,OFFUS1OO1,25,500,2025-02-26,False,2023-04-25T00:00:00
3143,OFF94NG5K,30,50,2027-03-31,True,2023-10-23T00:00:00
3144,OFFIA904V,25,300,2024-07-19,False,2024-07-29T00:00:00
3145,OFFXEGPG5,40,500,2026-04-19,False,2024-07-12T00:00:00
3146,DESCZFPQDH,25,100,2023-11-13,False,2025-12-06T00:00:00
3147,PROMOPWXI3Z,20,150,2025-03-04,False,2024-03-15T00:00:00
3148,SUPERJHR57B,50,300,2025-10-05,False,2023-01-10T00:00:00
3149,OFFR54Z8E,15,100,2027-07-14,False,2023-03-05T00:00:00
3150,DESCY9T3FB,30,100,2025-12-22,False,2024-03-01T00:00:00
3151,PROMO1EEOIU,15,500,2023-02-09,False,2026-01-13T00:00:00
3152,TOPKBQIDR,10,200,2025-10-10,False,2023-03-02T00:00:00
3153,SUPER3UUN3U,40,50,2023-01-11,False,2026-01-31T00:00:00
3154,SUPEROIXGCB,5,50,2025-03-12,False,2023-03-27T00:00:00
3155,SALE404HVP,10,150,2025-12-30,False,2025-12-18T00:00:00
3156,MEGAAYP3XB,50,500,2025-09-13,False,2025-10-13T00:00:00
3157,TOPXYR2XG,5,200,2023-09-11,False,2026-06-08T00:00:00
3158,SAVEEG1LME,50,200,2023-02-20,False,2024-12-10T00:00:00
3159,SALE4DAV50,10,200,2026-08-25,True,2023-02-06T00:00:00
3160,SUPERVLCJ9K,50,500,2027-07-16,True,2025-09-02T00:00:00
3161,PROMOWFTT8P,10,500,2023-02-05,False,2023-11-03T00:00:00
3162,MEGA8B68BC,15,200,2023-10-14,False,2026-01-02T00:00:00
3163,PROMOLHOBXD,20,300,2023-01-27,False,2023-10-27T00:00:00
3164,DESCCZ66RA,5,150,2026-07-18,True,2023-12-14T00:00:00
3165,OFF6X25JE,25,200,2025-07-14,False,2024-10-16T00:00:00
3166,TOPI7X9O9,30,200,2025-02-04,False,2023-12-21T00:00:00
3167,SALEA44S4X,40,300,2023-02-24,False,2023-11-30T00:00:00
3168,PROMOPG3DTB,25,150,2026-11-27,True,2023-06-08T00:00:00
3169,SUPERWEDWR2,40,150,2023-09-20,False,2024-07-04T00:00:00
3170,TOPCFT9NL,20,500,2026-07-20,True,2023-02-14T00:00:00
3171,SALENLJDCU,40,100,2024-03-29,False,2023-03-31T00:00:00
3172,SAVE4OS2BG,10,500,2026-09-11,True,2024-11-15T00:00:00
3173,OFFQU3VMB,30,100,2023-03-31,False,2023-07-28T00:00:00
3174,TOP0V9FJ4,15,200,2024-09-23,False,2023-02-22T00:00:00
3175,SALE7XCT1K,20,100,2027-05-23,True,2024-06-25T00:00:00
3176,TOPVCJ7J6,50,100,2024-04-04,False,2023-08-07T00:00:00
3177,MEGAPCANOR,5,300,2025-06-23,False,2024-02-23T00:00:00
3178,DESC95VHAW,50,150,2024-03-01,False,2026-03-12T00:00:00
3179,PROMOJ921BT,10,100,2023-09-29,False,2026-03-13T00:00:00
3180,SUPER3WDCR8,10,200,2027-12-10,True,2024-09-21T00:00:00
3181,SUPERNPBQID,10,300,2025-10-23,False,2026-05-21T00:00:00
3182,SAVEFDD4M4,10,300,2025-03-18,False,2024-07-05T00:00:00
3183,DESCDTP5DF,20,500,2026-06-01,False,2024-11-18T00:00:00
3184,SALESBTCYT,20,50,2026-01-13,False,2026-04-30T00:00:00
3185,MEGA44Z4IT,40,300,2026-06-13,True,2024-09-10T00:00:00
3186,OFFPAX9T5,50,150,2027-06-27,False,2023-01-02T00:00:00
3187,TOP3W37B8,50,300,2025-11-03,False,2024-04-28T00:00:00
3188,DESCTHLHGE,25,150,2025-06-27,False,2025-06-29T00:00:00
3189,DESCNTD5NM,5,200,2024-04-22,False,2026-04-19T00:00:00
3190,SALEOFYUWL,40,200,2024-05-11,False,2025-03-02T00:00:00
3191,TOP1K1SZU,30,300,2024-05-17,False,2024-08-30T00:00:00
3192,MEGASQNN0E,5,100,2023-04-05,False,2024-02-21T00:00:00
3193,MEGAZYJQXZ,40,50,2026-11-01,False,2026-02-20T00:00:00
3194,MEGAD6Y6YK,10,50,2023-08-21,False,2024-08-28T00:00:00
3195,OFFH84UBC,15,500,2023-01-28,False,2025-06-01T00:00:00
3196,OFFQTAWGL,20,150,2023-02-13,False,2025-11-24T00:00:00
3197,PROMOHI14TK,20,150,2027-07-02,False,2026-02-06T00:00:00
3198,MEGAKNKQB8,40,50,2025-09-06,False,2026-05-28T00:00:00
3199,SUPERA0OMQ7,30,150,2027-05-23,False,2025-01-30T00:00:00
3200,PROMOGVCM2H,15,150,2026-12-29,True,2024-11-09T00:00:00
3201,PROMOGRY08P,40,300,2026-03-04,False,2025-09-26T00:00:00
3202,OFF35TMTS,10,150,2023-10-14,False,2025-05-07T00:00:00
3203,PROMO29SRV8,20,500,2027-04-06,True,2023-11-06T00:00:00
3204,TOPMJL94I,20,500,2026-04-01,False,2026-03-17T00:00:00
3205,SALEPI1KF6,25,100,2027-12-06,False,2023-10-02T00:00:00
3206,PROMOK0GRB9,40,300,2023-01-04,False,2023-02-17T00:00:00
3207,MEGA81MXVV,50,150,2025-10-06,False,2023-10-01T00:00:00
3208,SUPERDGXHLU,30,200,2026-05-16,False,2025-10-14T00:00:00
3209,MEGAM5HA1I,15,150,2027-06-10,True,2024-01-27T00:00:00
3210,PROMON9RQBW,5,50,2027-06-16,True,2024-04-28T00:00:00
3211,TOPYKRERP,25,100,2025-05-04,False,2024-11-09T00:00:00
3212,MEGA3FBX47,30,100,2025-12-24,False,2024-06-26T00:00:00
3213,TOPBX96CZ,40,100,2024-11-17,False,2023-08-24T00:00:00
3214,SALE13FNJM,50,50,2024-04-01,False,2025-04-22T00:00:00
3215,TOPQ0EOE7,50,150,2026-07-11,True,2024-02-15T00:00:00
3216,TOPWBWQPI,15,300,2024-08-01,False,2024-04-13T00:00:00
3217,SALEQD9R6W,30,100,2023-09-27,False,2024-06-14T00:00:00
3218,SALES20AP0,20,150,2027-01-07,False,2026-06-02T00:00:00
3219,SALE5O241A,50,200,2025-01-04,False,2023-04-07T00:00:00
3220,DESC86V113,15,200,2026-12-30,False,2023-09-25T00:00:00
3221,DESCRVX1HL,5,100,2023-09-21,False,2024-07-19T00:00:00
3222,TOPXYDXKH,20,100,2025-08-25,False,2023-09-05T00:00:00
3223,DESCELSRKN,5,500,2024-03-26,False,2023-04-13T00:00:00
3224,SUPERD13QXE,15,300,2025-09-20,False,2024-08-13T00:00:00
3225,TOPBDS8GF,50,50,2026-03-19,False,2025-05-04T00:00:00
3226,MEGA0VK5WS,15,150,2025-10-25,False,2023-01-06T00:00:00
3227,DESCLN1I23,20,500,2023-07-24,False,2023-08-22T00:00:00
3228,PROMO9T67S2,40,100,2024-04-17,False,2023-11-18T00:00:00
3229,SUPERHNABJL,10,300,2024-05-23,False,2024-03-27T00:00:00
3230,SALEZOY93J,5,100,2027-06-24,True,2023-07-02T00:00:00
3231,TOPHV9QPP,15,100,2027-01-16,False,2024-07-22T00:00:00
3232,MEGA22KX57,5,500,2026-11-17,True,2024-10-18T00:00:00
3233,MEGAHBGY1V,50,500,2026-04-05,False,2025-08-19T00:00:00
3234,SUPERGTY65E,15,100,2027-06-17,False,2023-04-07T00:00:00
3235,DESC2WDKM4,20,300,2025-10-04,False,2024-12-23T00:00:00
3236,MEGA41B3J3,15,100,2026-09-14,False,2023-11-01T00:00:00
3237,OFF7O4HO0,10,50,2023-03-18,False,2024-12-09T00:00:00
3238,OFFU8JM1O,40,150,2027-01-27,True,2024-04-07T00:00:00
3239,PROMO9HEONU,10,500,2026-12-24,True,2024-02-24T00:00:00
3240,PROMO84ESWV,50,150,2023-07-27,False,2025-06-20T00:00:00
3241,TOPGE2EKZ,25,150,2026-06-20,False,2024-01-23T00:00:00
3242,SALEPJA8GD,30,100,2027-12-14,True,2025-09-25T00:00:00
3243,PROMO5BPG70,5,100,2027-03-26,False,2024-08-19T00:00:00
3244,MEGA6P34KX,10,200,2027-08-21,False,2024-01-17T00:00:00
3245,TOPHK32XM,40,300,2025-10-30,False,2025-01-12T00:00:00
3246,SUPERA693E2,50,200,2026-07-07,False,2026-06-05T00:00:00
3247,SAVEBNJG8D,10,50,2024-01-30,False,2023-08-01T00:00:00
3248,SUPERB5QJI1,20,500,2023-08-03,False,2025-01-17T00:00:00
3249,TOPICNG8Z,50,500,2027-02-26,False,2024-02-23T00:00:00
3250,TOPBP46LU,25,50,2026-01-13,False,2025-06-17T00:00:00
3251,MEGAE2PXGH,30,100,2025-11-26,False,2025-04-13T00:00:00
3252,TOP9WI5MD,30,50,2023-07-15,False,2024-01-23T00:00:00
3253,DESCF2Z5UZ,5,100,2023-03-11,False,2025-01-25T00:00:00
3254,PROMOHKNX3U,40,300,2025-01-23,False,2024-05-27T00:00:00
3255,PROMOBEVGNL,5,50,2025-12-22,False,2024-02-14T00:00:00
3256,SAVEO7O3S8,50,200,2024-03-31,False,2025-01-16T00:00:00
3257,MEGA8AJ2QD,30,50,2024-10-26,False,2025-01-22T00:00:00
3258,SAVE7P4KFU,40,300,2023-07-28,False,2024-09-03T00:00:00
3259,PROMOP1Y009,15,200,2027-09-28,False,2024-05-04T00:00:00
3260,OFFBFOCW0,30,500,2024-10-06,False,2023-04-12T00:00:00
3261,OFFYH8V60,25,500,2025-11-15,False,2023-04-23T00:00:00
3262,SALEAWFCYC,50,300,2025-02-15,False,2023-09-08T00:00:00
3263,OFFDE57YW,30,50,2023-03-07,False,2024-06-09T00:00:00
3264,TOP2E1EVV,50,50,2027-10-18,False,2024-04-13T00:00:00
3265,TOP6TQSM4,20,500,2026-03-05,False,2026-01-03T00:00:00
3266,OFFHVN17V,20,500,2024-11-29,False,2023-01-04T00:00:00
3267,MEGARE41NW,40,100,2025-01-27,False,2023-04-25T00:00:00
3268,TOP7TG120,20,300,2023-09-13,False,2023-11-20T00:00:00
3269,SALE2HZ2W7,30,500,2024-04-05,False,2024-09-29T00:00:00
3270,OFFTNESCP,25,500,2023-08-23,False,2025-12-18T00:00:00
3271,TOPPDBA3I,10,200,2023-08-07,False,2023-04-11T00:00:00
3272,SALEBN2TXA,40,150,2026-05-29,False,2023-12-26T00:00:00
3273,SUPER1YBSSW,10,300,2024-09-01,False,2025-05-03T00:00:00
3274,TOP21CWBO,40,300,2025-02-18,False,2025-10-09T00:00:00
3275,SUPEREXVCFO,40,300,2023-12-18,False,2024-10-14T00:00:00
3276,TOPXXOSMG,30,500,2027-03-13,True,2025-06-16T00:00:00
3277,MEGARHHJX7,10,500,2027-06-01,True,2025-07-07T00:00:00
3278,SAVEB9CLDH,50,500,2025-04-25,False,2024-07-29T00:00:00
3279,OFFCPULKZ,15,150,2026-02-15,False,2023-01-03T00:00:00
3280,PROMOTNT81M,25,50,2026-06-30,False,2026-05-02T00:00:00
3281,SUPERIUS2YQ,20,500,2025-09-11,False,2026-05-19T00:00:00
3282,OFF3SNCT3,20,150,2023-04-02,False,2023-05-23T00:00:00
3283,MEGAM6IPGN,50,150,2024-11-29,False,2024-10-30T00:00:00
3284,SAVETXC89D,5,50,2027-06-23,True,2025-03-19T00:00:00
3285,SAVE1A0FBO,20,150,2027-08-30,False,2026-01-08T00:00:00
3286,SALED1F108,40,300,2024-09-05,False,2023-10-31T00:00:00
3287,SAVEI718RQ,50,50,2026-06-04,False,2025-08-24T00:00:00
3288,DESCTQOF26,15,150,2024-11-23,False,2026-01-13T00:00:00
3289,MEGAT3WFNE,30,150,2027-11-28,False,2024-03-15T00:00:00
3290,OFF1AF488,25,200,2023-04-07,False,2025-05-08T00:00:00
3291,OFFMM9V43,15,200,2025-09-18,False,2026-05-06T00:00:00
3292,SUPERPHH2V3,10,300,2024-10-14,False,2025-11-30T00:00:00
3293,SALE47KILX,15,50,2026-06-23,True,2025-06-17T00:00:00
3294,SALELK1SKP,30,150,2023-04-14,False,2023-12-01T00:00:00
3295,TOP0EK2S3,5,150,2025-12-08,False,2025-01-30T00:00:00
3296,SUPERGWN72Y,15,100,2024-12-08,False,2023-04-27T00:00:00
3297,MEGADKAIJE,5,200,2023-01-05,False,2024-01-04T00:00:00
3298,OFF9X09BL,20,150,2026-02-05,False,2023-12-23T00:00:00
3299,SUPEREUFYLX,5,300,2025-11-09,False,2025-02-12T00:00:00
3300,DESC3673F1,25,200,2025-06-04,False,2024-08-05T00:00:00
3301,PROMOJQV8FJ,40,150,2026-10-18,True,2023-03-28T00:00:00
3302,SUPERGOCL7D,5,100,2025-01-20,False,2024-10-17T00:00:00
3303,OFF5E7MSC,25,50,2023-10-19,False,2024-01-12T00:00:00
3304,SUPERW0DKK8,20,500,2023-03-27,False,2024-09-22T00:00:00
3305,MEGA2AI676,40,300,2024-04-22,False,2024-02-20T00:00:00
3306,DESCI9R1M4,10,300,2026-04-16,False,2026-05-18T00:00:00
3307,PROMORKPAEC,5,200,2024-01-14,False,2023-10-26T00:00:00
3308,TOPDMPKMP,10,300,2023-10-12,False,2026-01-08T00:00:00
3309,SALEG7VZAS,15,100,2023-08-13,False,2023-02-23T00:00:00
3310,MEGAEVMKVX,20,500,2026-12-15,True,2026-05-06T00:00:00
3311,PROMOWK5P3E,25,50,2023-03-20,False,2025-07-30T00:00:00
3312,TOPWR2UZV,5,200,2024-04-16,False,2023-05-17T00:00:00
3313,DESCZQ8OZR,10,100,2024-02-20,False,2023-03-06T00:00:00
3314,MEGAOYOODX,50,500,2025-07-29,False,2024-01-30T00:00:00
3315,TOPDCAMCZ,15,100,2026-07-08,False,2024-10-11T00:00:00
3316,OFFZPSQO6,20,150,2024-11-07,False,2026-05-22T00:00:00
3317,MEGAX5FLCW,20,500,2027-05-09,False,2025-05-04T00:00:00
3318,SALEWL65WM,5,200,2023-10-12,False,2023-05-12T00:00:00
3319,DESCTHT0ZZ,20,100,2024-01-06,False,2024-03-14T00:00:00
3320,PROMOJPZPWU,15,150,2024-10-27,False,2023-11-23T00:00:00
3321,SALERR5G40,5,300,2026-01-31,False,2026-01-27T00:00:00
3322,OFFDO1WNT,5,100,2024-06-06,False,2023-01-05T00:00:00
3323,SALEEDY9PQ,25,100,2024-10-02,False,2025-10-26T00:00:00
3324,PROMOT5601V,30,500,2024-01-30,False,2025-01-17T00:00:00
3325,DESCFGM379,25,150,2023-07-23,False,2024-01-07T00:00:00
3326,DESCROMCBS,30,500,2024-05-17,False,2024-02-14T00:00:00
3327,TOP8N5OUQ,10,500,2025-06-17,False,2024-08-01T00:00:00
3328,TOPQQXXW2,40,500,2024-04-18,False,2025-09-27T00:00:00
3329,DESC8NLXNG,15,300,2027-07-20,True,2025-11-16T00:00:00
3330,OFF5LR1B1,50,50,2025-04-22,False,2024-03-02T00:00:00
3331,SALE12IK09,40,100,2026-06-23,True,2026-05-05T00:00:00
3332,SUPERZMK1HB,15,300,2025-06-24,False,2025-06-24T00:00:00
3333,PROMO6YZ6ZU,30,50,2026-04-09,False,2023-09-13T00:00:00
3334,SUPERONDSJ0,30,50,2023-06-13,False,2024-01-25T00:00:00
3335,PROMOUK4C1D,40,300,2026-09-21,True,2024-11-04T00:00:00
3336,TOP36QW02,5,100,2026-01-29,False,2024-07-31T00:00:00
3337,MEGAV3ZIT7,10,300,2026-09-27,False,2024-07-27T00:00:00
3338,MEGA6H8J6D,40,500,2025-07-28,False,2024-07-03T00:00:00
3339,MEGAXT6J1K,30,200,2027-03-22,True,2025-06-20T00:00:00
3340,PROMOYL34NH,40,50,2024-11-30,False,2023-10-20T00:00:00
3341,SUPERFHPGTX,5,500,2024-03-18,False,2024-01-15T00:00:00
3342,DESC0IEHQQ,30,300,2024-07-18,False,2024-08-07T00:00:00
3343,MEGA68QC7O,40,300,2027-01-01,True,2026-02-01T00:00:00
3344,SAVEPQCCJD,10,100,2026-01-06,False,2023-03-30T00:00:00
3345,MEGASOOJ1K,40,150,2024-09-01,False,2026-05-01T00:00:00
3346,MEGAX4SNVU,40,100,2026-02-18,False,2024-06-26T00:00:00
3347,PROMO00GL3C,40,100,2025-06-05,False,2025-04-12T00:00:00
3348,MEGAD66CUY,20,200,2027-09-08,True,2024-05-22T00:00:00
3349,TOPOWCAP3,5,300,2023-02-15,False,2023-10-07T00:00:00
3350,SUPER2XRR4K,20,200,2025-02-07,False,2024-03-23T00:00:00
3351,MEGAED7R18,15,50,2024-11-06,False,2025-01-14T00:00:00
3352,SAVE2NW7SH,40,200,2027-03-08,True,2026-03-12T00:00:00
3353,MEGAXEI3DK,40,200,2027-08-15,True,2024-12-03T00:00:00
3354,TOPIIBOQJ,25,150,2025-07-24,False,2025-04-11T00:00:00
3355,DESCVMTXZT,15,300,2026-03-20,False,2024-10-26T00:00:00
3356,TOPN0CV40,40,100,2026-06-07,False,2024-12-03T00:00:00
3357,TOP44OYMT,40,100,2023-09-26,False,2025-08-22T00:00:00
3358,DESC9P3SG1,30,500,2023-05-24,False,2024-06-05T00:00:00
3359,MEGAC3O6HY,20,200,2025-11-04,False,2023-08-06T00:00:00
3360,MEGAJ4ER5L,50,500,2026-01-23,False,2025-10-15T00:00:00
3361,SALE8TMJSU,10,500,2025-07-02,False,2025-06-27T00:00:00
3362,SUPERU9SHJ9,50,200,2023-12-30,False,2025-08-10T00:00:00
3363,PROMO71GGS3,50,100,2027-01-10,True,2024-06-22T00:00:00
3364,DESC8FSLG9,40,500,2023-09-23,False,2025-09-26T00:00:00
3365,DESCDHAR1E,30,300,2024-04-15,False,2023-03-19T00:00:00
3366,PROMOOOATND,30,500,2025-06-02,False,2023-03-20T00:00:00
3367,PROMOGHN6S7,40,150,2023-06-09,False,2026-01-17T00:00:00
3368,SAVEB3YE6J,5,50,2025-10-13,False,2025-02-06T00:00:00
3369,SUPERL751UW,30,300,2027-09-26,False,2025-05-13T00:00:00
3370,PROMO5JRS1R,25,50,2027-01-08,True,2023-06-15T00:00:00
3371,SALEABMH82,15,300,2026-06-10,False,2024-06-26T00:00:00
3372,DESC02JROB,40,50,2026-07-03,False,2024-09-08T00:00:00
3373,SUPERIRGIR4,50,50,2023-02-27,False,2023-08-18T00:00:00
3374,SUPER799OO2,50,200,2027-06-21,True,2025-01-17T00:00:00
3375,SUPER7PYIS3,40,50,2024-12-11,False,2023-11-19T00:00:00
3376,DESC2KOM9B,30,300,2027-09-03,True,2025-04-20T00:00:00
3377,SAVEKXPSM3,40,500,2023-03-26,False,2026-04-26T00:00:00
3378,PROMON7WFWX,5,500,2024-10-09,False,2025-01-07T00:00:00
3379,SUPERNHZ2FQ,40,500,2027-04-20,True,2025-02-08T00:00:00
3380,MEGAGHFJ8U,20,150,2023-07-27,False,2024-09-07T00:00:00
3381,TOPLIVFZ6,25,200,2024-04-27,False,2024-09-01T00:00:00
3382,PROMO153B8J,50,500,2024-04-05,False,2025-11-27T00:00:00
3383,SAVERMLDO6,20,100,2023-08-09,False,2026-03-04T00:00:00
3384,SAVEIQZP7E,50,300,2026-04-20,False,2025-12-02T00:00:00
3385,OFFWD7WGD,30,500,2027-06-24,True,2025-10-10T00:00:00
3386,TOPLT3QC7,50,50,2027-04-11,True,2024-03-29T00:00:00
3387,PROMOJR2XHE,40,100,2027-05-01,True,2024-06-09T00:00:00
3388,SAVET1EYXS,50,500,2024-05-17,False,2025-09-05T00:00:00
3389,TOP4ZA7UV,5,500,2027-01-05,True,2025-08-30T00:00:00
3390,DESC8BKF0M,25,150,2026-07-10,True,2025-06-29T00:00:00
3391,SUPERM90CTH,15,150,2024-11-16,False,2024-11-16T00:00:00
3392,SUPERZ4DG5L,15,50,2023-05-26,False,2023-01-07T00:00:00
3393,PROMOYV5ZOX,15,200,2026-09-25,True,2024-04-06T00:00:00
3394,SALE256EBH,15,100,2025-07-19,False,2025-09-15T00:00:00
3395,SUPERG4UKSQ,50,300,2024-06-17,False,2023-12-03T00:00:00
3396,OFF3J0YF7,20,100,2024-11-13,False,2023-10-05T00:00:00
3397,MEGA5FQFVV,30,150,2026-09-10,False,2025-04-10T00:00:00
3398,DESCKSMUHZ,5,150,2024-10-14,False,2025-09-19T00:00:00
3399,OFF9V6LP1,30,300,2024-05-25,False,2024-11-03T00:00:00
3400,OFFZJ3K5Y,25,150,2024-07-26,False,2023-09-24T00:00:00
3401,SAVE4GQ1NX,10,50,2023-01-30,False,2025-01-19T00:00:00
3402,SUPERKI9WTT,25,500,2023-07-15,False,2023-09-12T00:00:00
3403,PROMOD18FXQ,10,500,2025-02-07,False,2026-06-11T00:00:00
3404,DESC6MAVPM,5,150,2026-03-27,False,2025-09-30T00:00:00
3405,TOPNKVVSC,5,100,2026-04-11,False,2025-04-11T00:00:00
3406,PROMOW38IAU,30,300,2026-10-30,True,2024-12-01T00:00:00
3407,DESC76QI70,10,50,2027-10-04,True,2024-02-17T00:00:00
3408,SALEESEL6R,30,150,2027-10-07,True,2026-04-01T00:00:00
3409,OFFAVKM9N,30,300,2023-02-01,False,2026-05-03T00:00:00
3410,PROMO49DD1M,40,300,2024-05-28,False,2026-01-24T00:00:00
3411,MEGAY4NYG7,15,300,2027-06-21,True,2023-05-14T00:00:00
3412,SALEGAPZJC,30,300,2024-12-16,False,2026-01-27T00:00:00
3413,MEGALM13GU,30,100,2026-06-09,False,2023-12-18T00:00:00
3414,SALELWZK50,40,200,2023-01-07,False,2024-02-07T00:00:00
3415,TOP7E479K,25,500,2023-04-06,False,2024-06-09T00:00:00
3416,SAVEKDD977,15,500,2025-10-26,False,2024-03-29T00:00:00
3417,PROMOU7Q246,40,100,2023-10-28,False,2023-08-03T00:00:00
3418,OFFHFRAH4,40,500,2025-09-03,False,2023-04-14T00:00:00
3419,TOP3NEUQ3,40,100,2024-09-17,False,2026-04-19T00:00:00
3420,SAVEHPQISG,40,500,2027-04-27,True,2023-02-04T00:00:00
3421,PROMO5UWKMO,15,50,2023-07-03,False,2023-11-19T00:00:00
3422,SAVE1DRO72,5,200,2026-07-20,True,2023-06-11T00:00:00
3423,PROMO6A9KVH,40,100,2023-12-12,False,2026-02-06T00:00:00
3424,MEGAJWMH5R,40,200,2023-09-16,False,2023-10-30T00:00:00
3425,PROMOAR60T7,20,200,2024-10-13,False,2024-01-05T00:00:00
3426,TOP2NAE7R,30,50,2026-12-15,False,2023-02-18T00:00:00
3427,MEGAZCUV3A,20,500,2026-11-14,False,2023-09-06T00:00:00
3428,SALE5YEMVR,10,300,2025-02-24,False,2025-10-10T00:00:00
3429,OFFSOR26R,50,50,2027-08-23,False,2023-04-14T00:00:00
3430,TOPBLEO7L,25,100,2026-09-30,False,2024-06-15T00:00:00
3431,TOPA4Q85H,25,300,2025-07-15,False,2024-07-05T00:00:00
3432,SUPER4L6ZVK,10,50,2025-04-25,False,2024-11-23T00:00:00
3433,SALEJTPAG5,5,500,2026-08-04,False,2023-09-15T00:00:00
3434,TOP9SG51C,5,500,2027-03-23,True,2024-02-25T00:00:00
3435,SUPERC55XQI,20,50,2025-04-03,False,2024-03-11T00:00:00
3436,SAVE9OYBU6,40,300,2026-01-31,False,2023-01-25T00:00:00
3437,SALEYSY7MF,25,300,2026-04-15,False,2026-01-18T00:00:00
3438,SALEA1KL8R,20,100,2024-06-18,False,2025-03-19T00:00:00
3439,SALE9LYPX4,10,100,2024-04-13,False,2025-06-08T00:00:00
3440,SALELSBBGY,25,200,2025-03-04,False,2023-03-28T00:00:00
3441,SUPERWPKM12,15,100,2024-03-12,False,2024-12-11T00:00:00
3442,PROMO559TQZ,50,200,2023-01-31,False,2026-01-31T00:00:00
3443,SAVESPW3XF,40,150,2027-09-06,False,2024-11-12T00:00:00
3444,SAVE3ATMJD,40,50,2024-07-20,False,2023-07-17T00:00:00
3445,SUPERX7UDCF,40,200,2023-12-06,False,2023-05-23T00:00:00
3446,SAVEN3NL2K,5,150,2025-12-05,False,2025-04-15T00:00:00
3447,PROMOQIJW3V,5,500,2024-10-12,False,2024-05-02T00:00:00
3448,OFFH2T93K,30,500,2023-09-08,False,2024-03-06T00:00:00
3449,SUPERGFWBAL,40,150,2025-01-15,False,2024-08-03T00:00:00
3450,SUPERKOJLVN,50,500,2027-04-25,True,2024-06-27T00:00:00
3451,PROMOU476EH,15,150,2026-09-14,True,2026-05-29T00:00:00
3452,SALED69JLK,25,150,2024-01-30,False,2024-01-12T00:00:00
3453,TOPONQ0R1,30,150,2025-04-30,False,2023-08-17T00:00:00
3454,DESC9XGBO3,15,300,2027-02-18,True,2023-08-27T00:00:00
3455,SALEU9P69F,40,300,2026-08-24,True,2023-06-28T00:00:00
3456,PROMOJJJTMT,10,50,2025-04-15,False,2023-01-26T00:00:00
3457,OFFALQ0K8,25,150,2024-05-29,False,2025-03-16T00:00:00
3458,PROMOQYHWX6,15,500,2027-10-05,True,2024-08-16T00:00:00
3459,PROMOHFTYXZ,50,50,2027-05-02,True,2024-07-11T00:00:00
3460,TOP1XC2MX,40,300,2026-04-26,False,2026-04-21T00:00:00
3461,OFFD8ZJ13,25,50,2024-02-22,False,2025-04-02T00:00:00
3462,SAVE1HS5OE,15,200,2027-11-10,True,2024-02-21T00:00:00
3463,SAVEMT1VHC,10,500,2023-12-14,False,2024-07-10T00:00:00
3464,MEGAAFAKS1,15,150,2027-11-17,False,2025-09-05T00:00:00
3465,PROMOZYRCXX,5,500,2024-06-25,False,2025-01-12T00:00:00
3466,SAVERSLIB7,40,50,2024-03-08,False,2025-09-29T00:00:00
3467,SUPERUEN3H7,5,300,2023-02-23,False,2023-05-13T00:00:00
3468,SALEYJLF94,15,50,2024-02-23,False,2025-03-19T00:00:00
3469,TOPJABGCW,5,100,2026-05-31,False,2026-04-27T00:00:00
3470,SAVECD5Q3V,50,50,2026-12-12,True,2025-01-04T00:00:00
3471,TOPUK26UF,25,50,2023-12-28,False,2025-07-21T00:00:00
3472,SUPERL6151N,50,500,2027-08-10,True,2025-05-06T00:00:00
3473,OFF4NG284,15,100,2025-11-23,False,2024-10-08T00:00:00
3474,TOPNMZYN1,20,200,2025-01-27,False,2026-03-17T00:00:00
3475,SUPERVUMMKG,20,50,2024-11-08,False,2025-01-24T00:00:00
3476,SUPERUC029O,30,300,2024-06-30,False,2025-07-25T00:00:00
3477,SUPERVVPBAO,30,150,2027-01-31,True,2023-05-23T00:00:00
3478,SALEZPZMMM,25,300,2027-03-14,True,2023-12-27T00:00:00
3479,SALEMU50WH,40,50,2027-07-30,False,2024-03-19T00:00:00
3480,PROMOJKY5EF,20,50,2025-04-15,False,2023-07-08T00:00:00
3481,TOPQO2WUP,20,200,2023-07-22,False,2023-06-19T00:00:00
3482,MEGAH0OCKR,10,300,2024-01-16,False,2025-05-12T00:00:00
3483,OFF46XYPB,40,100,2026-12-19,True,2025-01-24T00:00:00
3484,SUPERSH685H,30,200,2026-01-08,False,2026-02-06T00:00:00
3485,OFFE14657,15,200,2025-05-11,False,2024-03-04T00:00:00
3486,MEGA2BPT41,50,200,2026-05-25,False,2025-07-26T00:00:00
3487,MEGACKAYYP,20,150,2025-01-14,False,2024-11-27T00:00:00
3488,DESCEYV6QC,10,500,2025-09-06,False,2025-11-02T00:00:00
3489,TOPQF1OV4,10,200,2027-05-02,True,2026-04-17T00:00:00
3490,DESCFEJVJW,30,100,2024-04-10,False,2025-07-19T00:00:00
3491,OFF0SP863,5,100,2026-09-27,True,2026-06-10T00:00:00
3492,OFFXT1U0V,40,150,2024-12-20,False,2024-04-10T00:00:00
3493,PROMO109E05,15,200,2026-02-02,False,2023-05-07T00:00:00
3494,SAVEVA0N1U,15,300,2025-03-22,False,2026-06-01T00:00:00
3495,TOPP394UU,40,200,2025-02-09,False,2025-06-03T00:00:00
3496,PROMOD10E1G,5,150,2025-02-09,False,2025-02-11T00:00:00
3497,OFFBRN7JQ,20,200,2026-04-14,False,2025-05-19T00:00:00
3498,TOPWS107E,5,200,2024-02-14,False,2024-03-15T00:00:00
3499,MEGA5OJEPX,20,100,2024-11-06,False,2023-07-09T00:00:00
3500,TOP3408LR,10,500,2027-05-27,True,2025-01-08T00:00:00
3501,DESCNRQS16,15,300,2025-01-20,False,2026-02-12T00:00:00
3502,SALEVLED2K,10,300,2024-09-14,False,2025-08-01T00:00:00
3503,DESCS4P6A3,30,500,2025-05-27,False,2023-07-05T00:00:00
3504,OFFW03RET,10,300,2023-01-05,False,2026-03-14T00:00:00
3505,OFF38OBZ7,50,150,2026-11-26,True,2025-12-25T00:00:00
3506,PROMOS08X66,5,500,2024-05-06,False,2024-08-29T00:00:00
3507,MEGABD3TVM,40,500,2023-11-29,False,2024-11-17T00:00:00
3508,TOPJHCBJ6,40,200,2023-05-06,False,2023-01-19T00:00:00
3509,SAVEDZ9VFL,30,500,2027-02-25,True,2025-12-06T00:00:00
3510,PROMOLSKQXM,10,50,2023-01-22,False,2023-09-21T00:00:00
3511,SUPER24IL1P,15,200,2026-10-19,True,2024-03-16T00:00:00
3512,DESC92MAAO,15,100,2024-02-18,False,2025-10-25T00:00:00
3513,SUPER7M7H5G,40,300,2025-02-28,False,2024-05-14T00:00:00
3514,OFFM4DPEB,5,300,2023-06-25,False,2024-11-06T00:00:00
3515,SALEQ72HH9,5,200,2027-02-14,False,2025-05-20T00:00:00
3516,OFFM0Z9T0,25,150,2026-10-08,False,2023-07-10T00:00:00
3517,DESCNXO831,15,300,2025-02-10,False,2024-08-02T00:00:00
3518,PROMO8F621Z,10,200,2023-11-05,False,2026-05-18T00:00:00
3519,DESCP05L8A,10,500,2023-12-26,False,2024-10-25T00:00:00
3520,SALELTQS1N,15,300,2025-05-25,False,2025-09-01T00:00:00
3521,TOPEF3X03,25,50,2025-08-14,False,2023-09-13T00:00:00
3522,PROMOCS5DGC,40,500,2024-09-17,False,2025-02-06T00:00:00
3523,SUPERIE0RQ3,40,50,2025-11-12,False,2025-12-01T00:00:00
3524,TOPWJ26ZU,20,300,2023-08-30,False,2024-04-09T00:00:00
3525,SAVECY8SM1,40,100,2025-01-27,False,2024-11-18T00:00:00
3526,MEGAYJPLUH,5,300,2025-09-18,False,2024-06-06T00:00:00
3527,SAVE56P2WJ,30,100,2024-07-29,False,2025-08-23T00:00:00
3528,SALEE2J3KL,25,300,2023-02-14,False,2023-02-14T00:00:00
3529,TOP73JZ5W,15,500,2027-08-18,True,2024-01-08T00:00:00
3530,SALECM91TK,30,150,2024-08-26,False,2025-08-19T00:00:00
3531,PROMOJTR8C0,25,200,2025-01-13,False,2024-04-21T00:00:00
3532,SUPER6OC2T3,30,500,2026-10-28,False,2025-01-30T00:00:00
3533,SALENLOW4G,15,50,2024-10-09,False,2025-07-11T00:00:00
3534,DESC7OKBD5,30,150,2025-08-31,False,2023-10-13T00:00:00
3535,SAVEG3S014,40,100,2024-11-21,False,2026-02-23T00:00:00
3536,SAVE1D5KBY,50,100,2027-08-06,True,2025-12-07T00:00:00
3537,PROMOYAIQ28,5,50,2027-02-16,True,2024-01-07T00:00:00
3538,SAVE2LI9GG,10,200,2025-05-31,False,2025-02-28T00:00:00
3539,DESCGHZC2G,25,100,2027-09-01,False,2025-08-19T00:00:00
3540,TOPBLCI3N,25,100,2027-02-17,False,2026-06-08T00:00:00
3541,SUPERF4M8KR,50,100,2024-04-28,False,2023-01-01T00:00:00
3542,SUPERBNEDWG,20,100,2026-06-04,False,2025-04-10T00:00:00
3543,OFFCMZXI8,40,50,2027-08-16,True,2023-06-26T00:00:00
3544,DESCCNMJIH,40,500,2027-07-25,True,2024-08-23T00:00:00
3545,DESCAFWJH5,5,100,2027-02-17,False,2023-08-26T00:00:00
3546,SALEBN4ZBW,5,100,2023-04-10,False,2024-12-27T00:00:00
3547,DESCVY1A04,30,200,2023-06-25,False,2023-06-15T00:00:00
3548,SUPER6GKQTH,20,200,2023-08-08,False,2024-01-05T00:00:00
3549,OFFRP2UK6,50,200,2023-01-30,False,2023-08-19T00:00:00
3550,SUPER8D5JUT,15,100,2023-09-22,False,2023-10-27T00:00:00
3551,MEGARGP8V0,40,100,2027-11-01,True,2025-12-30T00:00:00
3552,SAVEOR7G31,15,200,2023-05-22,False,2024-07-20T00:00:00
3553,MEGAFDWJP3,30,300,2025-05-11,False,2025-01-26T00:00:00
3554,MEGAL2XK5T,15,300,2023-11-06,False,2025-10-26T00:00:00
3555,OFFV23FO5,10,200,2024-02-09,False,2023-09-29T00:00:00
3556,TOPJUNRFA,15,200,2026-08-18,True,2023-06-16T00:00:00
3557,SUPER8PUTZZ,10,100,2024-08-02,False,2024-01-30T00:00:00
3558,SAVEVDXGO0,40,200,2026-04-19,False,2023-01-10T00:00:00
3559,PROMO5B42H8,25,150,2027-07-20,False,2023-02-16T00:00:00
3560,SALENRK4D3,15,150,2026-04-10,False,2023-08-18T00:00:00
3561,TOPGVY3PT,50,150,2026-12-23,True,2024-01-28T00:00:00
3562,MEGA1O54G9,20,200,2025-08-01,False,2024-11-11T00:00:00
3563,DESC70UK8J,15,300,2025-08-01,False,2026-06-03T00:00:00
3564,TOP5CG6KU,20,150,2023-03-22,False,2023-05-06T00:00:00
3565,MEGA81KZVG,25,300,2024-02-19,False,2024-04-21T00:00:00
3566,DESC4HHEPU,10,150,2025-06-19,False,2025-08-29T00:00:00
3567,PROMO2BS7SD,5,300,2027-08-18,True,2025-07-29T00:00:00
3568,PROMOHBTW8D,40,500,2026-08-08,True,2025-02-03T00:00:00
3569,PROMO6LMRB2,30,150,2023-12-09,False,2025-05-19T00:00:00
3570,DESCCATRIS,20,200,2027-12-07,True,2026-05-30T00:00:00
3571,DESCK1Q30A,50,200,2027-11-03,True,2023-11-22T00:00:00
3572,PROMOVKU9ZQ,40,200,2024-12-09,False,2024-01-06T00:00:00
3573,SUPERT2JD8K,20,200,2024-12-13,False,2026-05-22T00:00:00
3574,DESCUNIWSZ,5,500,2026-05-05,False,2025-08-27T00:00:00
3575,OFFWKG33I,10,500,2026-08-23,False,2023-10-28T00:00:00
3576,DESC61ZI37,25,200,2023-11-09,False,2025-10-22T00:00:00
3577,OFFYP08CH,10,150,2025-04-02,False,2026-04-04T00:00:00
3578,TOPL09P7X,25,50,2026-11-23,True,2024-12-16T00:00:00
3579,SALES16EMN,10,100,2023-03-23,False,2023-03-27T00:00:00
3580,OFFIKASIK,40,500,2025-06-04,False,2025-06-09T00:00:00
3581,TOPZBMX57,10,150,2025-03-24,False,2023-03-21T00:00:00
3582,SALENM9DNJ,15,300,2023-08-25,False,2026-03-19T00:00:00
3583,OFFDKAVEQ,20,50,2024-09-08,False,2023-12-30T00:00:00
3584,TOPUSF6VK,15,150,2024-06-16,False,2026-03-13T00:00:00
3585,TOPN83WVA,40,500,2024-11-21,False,2025-03-21T00:00:00
3586,MEGA1P8T2Y,15,300,2023-11-24,False,2024-10-18T00:00:00
3587,DESCQGXVVI,25,300,2026-12-15,True,2023-11-12T00:00:00
3588,OFFVSFX1U,15,300,2025-08-26,False,2025-09-07T00:00:00
3589,OFFJEXOJU,20,200,2026-02-23,False,2026-05-03T00:00:00
3590,SUPERJ21108,5,200,2024-03-02,False,2023-09-02T00:00:00
3591,DESC3DS6EK,5,100,2027-08-10,False,2024-07-31T00:00:00
3592,MEGA26UMGD,40,200,2026-10-11,True,2024-09-17T00:00:00
3593,SALE3ZR263,10,50,2026-12-31,False,2023-12-08T00:00:00
3594,TOP0OGWP2,25,150,2023-04-23,False,2023-03-29T00:00:00
3595,PROMOL8J2B0,5,500,2025-02-28,False,2025-01-07T00:00:00
3596,SAVEWQLZQF,25,50,2023-01-03,False,2025-12-14T00:00:00
3597,SAVEXLHY5R,30,100,2023-10-05,False,2023-06-19T00:00:00
3598,SAVERGMDBX,30,50,2025-01-03,False,2025-03-06T00:00:00
3599,SALEUTITYJ,50,300,2024-11-22,False,2025-03-16T00:00:00
3600,TOP202C5Q,40,200,2026-05-29,False,2025-10-06T00:00:00
3601,DESCNLOHXV,25,100,2026-08-10,True,2024-09-06T00:00:00
3602,SAVEGS5E6L,10,300,2027-12-16,True,2025-03-18T00:00:00
3603,SAVEV3G3OA,20,50,2026-01-06,False,2024-03-17T00:00:00
3604,SALEVFOFGK,40,500,2024-03-31,False,2025-08-05T00:00:00
3605,OFFRUIS3G,20,500,2024-06-03,False,2024-01-04T00:00:00
3606,PROMO5JMAXQ,25,300,2026-07-25,True,2025-07-20T00:00:00
3607,MEGAM3RF6B,25,50,2027-01-30,True,2025-12-09T00:00:00
3608,OFFUMZ7MF,10,500,2025-09-02,False,2026-02-06T00:00:00
3609,PROMOHKFK58,30,150,2025-09-08,False,2024-08-02T00:00:00
3610,PROMOB4O2LD,50,100,2027-05-18,True,2023-03-07T00:00:00
3611,SALEISH96C,15,100,2027-02-19,True,2023-02-23T00:00:00
3612,DESCKKVLRI,5,500,2024-08-11,False,2023-09-09T00:00:00
3613,SALEH0IU6A,10,150,2026-06-19,True,2023-05-30T00:00:00
3614,SAVETC74QT,5,200,2023-07-15,False,2024-10-20T00:00:00
3615,SAVET1CZBG,10,100,2023-08-10,False,2025-12-20T00:00:00
3616,SUPERY4Q584,15,500,2023-08-05,False,2024-06-16T00:00:00
3617,DESCKCPYTL,40,150,2026-03-06,False,2023-10-17T00:00:00
3618,SUPERJ35FQ7,5,200,2027-11-29,True,2025-01-08T00:00:00
3619,MEGABPWSAE,30,500,2025-12-24,False,2023-06-12T00:00:00
3620,SAVE2US4OR,40,200,2024-10-20,False,2026-05-17T00:00:00
3621,TOPXS9UVH,30,50,2025-04-23,False,2024-07-14T00:00:00
3622,MEGA0XLECU,50,100,2024-02-09,False,2025-01-24T00:00:00
3623,OFFDSD4IH,10,500,2026-04-18,False,2025-10-14T00:00:00
3624,TOPZKHPZV,10,100,2023-09-22,False,2023-05-17T00:00:00
3625,SALEHD3RRK,15,500,2024-07-20,False,2023-09-10T00:00:00
3626,DESCI3VUPG,50,500,2025-10-19,False,2026-04-09T00:00:00
3627,TOPO7YED4,50,150,2024-07-05,False,2026-02-07T00:00:00
3628,SUPER9UHAHH,50,300,2025-05-31,False,2023-09-26T00:00:00
3629,DESC6CUGNQ,30,300,2024-06-20,False,2025-10-20T00:00:00
3630,MEGA7VR74U,40,300,2023-02-19,False,2024-08-14T00:00:00
3631,SUPERCUU25F,50,150,2027-07-27,True,2026-06-11T00:00:00
3632,SUPER2XD5JC,20,200,2027-11-02,True,2023-01-21T00:00:00
3633,OFFTC0WZA,10,150,2024-11-03,False,2023-12-30T00:00:00
3634,OFFOQHE6Q,5,100,2025-09-06,False,2024-03-16T00:00:00
3635,DESCV0DDRE,20,100,2026-04-07,False,2024-08-24T00:00:00
3636,SAVEC67GMU,5,50,2024-01-10,False,2023-05-28T00:00:00
3637,SALE5XB3W6,15,300,2027-08-30,True,2025-02-26T00:00:00
3638,OFFCVDFUE,30,500,2025-06-24,False,2024-02-07T00:00:00
3639,SALEHQ0TNB,40,100,2026-11-06,False,2025-11-21T00:00:00
3640,DESC5MU3QU,40,100,2027-12-17,True,2023-08-14T00:00:00
3641,PROMOYLPIRP,15,500,2025-04-19,False,2023-01-18T00:00:00
3642,MEGA5TB35J,20,150,2027-07-19,True,2024-05-04T00:00:00
3643,SALER3GXEY,10,100,2026-01-02,False,2023-03-14T00:00:00
3644,MEGAKXXESO,10,200,2026-09-07,False,2023-12-03T00:00:00
3645,SALESJ99IO,5,50,2025-03-21,False,2024-06-12T00:00:00
3646,OFFHT182H,20,50,2027-01-13,True,2024-06-13T00:00:00
3647,SUPER3Y80QI,20,300,2024-03-14,False,2025-08-13T00:00:00
3648,SALE5Z7GDG,40,300,2027-04-01,True,2025-10-20T00:00:00
3649,DESC7C31RX,15,300,2027-03-02,True,2025-08-08T00:00:00
3650,SALE1ABX36,20,50,2026-01-31,False,2025-09-08T00:00:00
3651,OFFFZZPF9,40,300,2027-12-05,False,2023-09-12T00:00:00
3652,MEGA50X9RG,20,50,2026-07-20,True,2026-01-16T00:00:00
3653,MEGAW9XK4Y,20,50,2024-01-23,False,2024-12-23T00:00:00
3654,SUPER45TZNF,25,300,2027-04-02,False,2026-06-02T00:00:00
3655,PROMOU0HA0O,20,100,2026-12-07,True,2025-08-04T00:00:00
3656,SALEWRCHBL,30,50,2025-03-24,False,2023-12-17T00:00:00
3657,SUPERRY2H79,15,50,2026-03-24,False,2025-04-01T00:00:00
3658,TOPPN3DCS,40,150,2023-03-29,False,2025-01-31T00:00:00
3659,SAVEE0T3C5,40,500,2027-02-15,False,2023-10-23T00:00:00
3660,SUPER1W65JR,30,300,2026-10-02,True,2023-11-26T00:00:00
3661,MEGAAPGD9F,5,150,2027-05-22,True,2025-09-16T00:00:00
3662,SALE5YPOB4,25,200,2023-08-14,False,2023-05-11T00:00:00
3663,SALE128L3O,15,100,2024-09-23,False,2026-02-20T00:00:00
3664,PROMOS3UF4O,5,150,2026-03-28,False,2025-12-03T00:00:00
3665,TOP7OWT9U,25,50,2024-12-16,False,2026-01-08T00:00:00
3666,SALE1UMTUM,20,300,2023-03-14,False,2024-07-15T00:00:00
3667,SAVER1OVHG,50,50,2026-08-05,True,2023-05-25T00:00:00
3668,TOPI1VI0L,25,150,2027-02-14,False,2023-02-25T00:00:00
3669,SUPEREPXMVB,5,100,2027-06-27,False,2024-10-13T00:00:00
3670,PROMOEDSPOJ,50,200,2023-05-18,False,2025-08-22T00:00:00
3671,TOPQAWGAK,30,200,2024-01-08,False,2025-07-13T00:00:00
3672,PROMO8EZN26,25,100,2023-12-12,False,2026-03-02T00:00:00
3673,OFFUBD9A2,40,100,2023-10-31,False,2025-10-13T00:00:00
3674,SUPER4OEOUD,15,300,2027-07-11,False,2026-01-16T00:00:00
3675,SUPERRX0C12,15,100,2026-05-15,False,2026-05-04T00:00:00
3676,TOP0FQGEX,10,200,2024-05-12,False,2025-05-28T00:00:00
3677,MEGADE5VD1,20,50,2023-08-03,False,2025-12-06T00:00:00
3678,PROMOE5026N,15,50,2023-11-12,False,2026-05-22T00:00:00
3679,DESCBZ7ACF,30,100,2026-06-05,False,2024-08-11T00:00:00
3680,DESCEEV8Y9,40,50,2023-02-02,False,2024-03-15T00:00:00
3681,MEGA4IPKWY,30,200,2023-09-05,False,2026-01-21T00:00:00
3682,SUPERRV23IH,5,200,2026-08-14,True,2026-01-31T00:00:00
3683,MEGATVIMW1,5,500,2026-09-19,True,2025-07-30T00:00:00
3684,SUPERTAL0DD,15,150,2024-05-31,False,2023-08-06T00:00:00
3685,TOP9YYYV3,15,300,2023-06-21,False,2024-07-09T00:00:00
3686,SAVEN1Q6FO,30,100,2023-07-21,False,2023-02-02T00:00:00
3687,PROMOW88NOB,40,300,2026-05-03,False,2026-04-20T00:00:00
3688,SUPER38MCUU,15,200,2025-09-23,False,2025-06-28T00:00:00
3689,MEGAPK4KX0,10,300,2024-12-15,False,2024-03-20T00:00:00
3690,PROMO5YKNNL,5,500,2027-02-12,True,2024-09-25T00:00:00
3691,SAVE02PVVB,10,300,2023-04-17,False,2025-04-28T00:00:00
3692,SALEMN2YLK,20,200,2025-12-26,False,2024-09-01T00:00:00
3693,DESC2TNUKU,15,300,2023-07-03,False,2023-03-07T00:00:00
3694,TOPIEVZAD,25,500,2025-04-13,False,2025-08-23T00:00:00
3695,PROMOYUETGY,15,100,2026-11-09,False,2025-03-29T00:00:00
3696,DESCQLP3LO,50,50,2026-08-30,True,2025-10-10T00:00:00
3697,TOP8JTGTT,20,300,2024-06-21,False,2023-03-24T00:00:00
3698,SAVEZ4W19F,10,100,2026-08-10,True,2024-12-14T00:00:00
3699,PROMOMR9D9J,10,150,2025-05-11,False,2026-02-28T00:00:00
3700,SALEQDH3EL,25,200,2023-05-15,False,2025-05-12T00:00:00
3701,SUPEROBRWH8,15,500,2025-03-30,False,2026-04-07T00:00:00
3702,OFF60LQI4,10,200,2027-12-28,True,2024-06-26T00:00:00
3703,OFFY5E6F9,20,200,2026-11-05,False,2023-06-13T00:00:00
3704,OFFVK8R80,15,200,2023-01-27,False,2023-02-22T00:00:00
3705,MEGAID6O79,50,200,2026-12-20,True,2023-12-26T00:00:00
3706,MEGAROVR0O,5,100,2025-08-11,False,2026-03-27T00:00:00
3707,PROMO7019RL,50,200,2023-09-13,False,2023-08-04T00:00:00
3708,OFF0K8LXJ,30,200,2027-11-10,True,2026-05-03T00:00:00
3709,OFFD38XDN,10,300,2024-10-18,False,2023-03-17T00:00:00
3710,PROMOYZ01L9,30,300,2027-11-23,False,2025-03-05T00:00:00
3711,SUPERI4Q7EF,20,200,2025-02-06,False,2025-12-22T00:00:00
3712,SALEF12DV2,50,300,2025-02-27,False,2026-04-09T00:00:00
3713,TOPQAMIWE,20,500,2023-05-14,False,2026-02-09T00:00:00
3714,TOP566Z5W,25,200,2025-11-07,False,2026-02-03T00:00:00
3715,SALEJRG8Y2,5,150,2024-03-01,False,2023-07-06T00:00:00
3716,OFFRU6H3I,25,300,2027-06-17,False,2023-06-06T00:00:00
3717,PROMON9RVGE,15,150,2023-12-04,False,2023-08-25T00:00:00
3718,SALEJE3SJ8,15,150,2027-05-26,True,2023-09-09T00:00:00
3719,OFF9D1JMG,20,150,2024-07-11,False,2023-03-21T00:00:00
3720,SALELKTBOC,40,300,2027-10-11,True,2025-05-10T00:00:00
3721,DESCN1JXWE,25,50,2024-10-30,False,2026-04-15T00:00:00
3722,DESCLXV6ZR,5,500,2027-01-09,True,2024-02-28T00:00:00
3723,PROMO2SKPAZ,40,200,2027-07-11,False,2024-08-20T00:00:00
3724,SALECQGOWZ,15,150,2027-12-04,False,2023-07-22T00:00:00
3725,PROMOH1AY49,30,200,2025-02-06,False,2025-06-16T00:00:00
3726,SALE4WTPF5,15,150,2025-02-06,False,2024-09-02T00:00:00
3727,PROMO5AOPW1,5,100,2023-04-11,False,2026-04-17T00:00:00
3728,SAVE4D2N7A,10,50,2024-04-09,False,2025-08-27T00:00:00
3729,SAVE1BTB67,30,50,2024-01-12,False,2024-11-21T00:00:00
3730,SAVEL890DJ,25,300,2025-01-12,False,2025-12-30T00:00:00
3731,SUPERALBU6J,5,100,2025-01-13,False,2024-03-19T00:00:00
3732,DESCBHRJQ9,25,300,2024-01-13,False,2024-05-12T00:00:00
3733,SALE1GIEA4,40,50,2027-02-16,True,2023-03-25T00:00:00
3734,OFFTVA3HU,15,50,2026-05-13,False,2023-01-20T00:00:00
3735,SAVER3XUR2,25,200,2027-11-26,True,2025-12-29T00:00:00
3736,TOPDUTJSG,40,50,2023-05-08,False,2025-09-26T00:00:00
3737,OFFIMIMSG,5,300,2023-12-02,False,2024-11-26T00:00:00
3738,SALESM6BLF,5,100,2025-05-02,False,2026-04-09T00:00:00
3739,SUPER0CR69O,10,50,2026-04-30,False,2024-02-06T00:00:00
3740,SUPER0MIDHI,30,150,2026-10-25,True,2025-02-02T00:00:00
3741,DESC33D08W,40,100,2025-09-20,False,2025-12-25T00:00:00
3742,SALEZSRMCD,50,200,2024-12-06,False,2024-12-31T00:00:00
3743,MEGA52VQ04,10,300,2023-10-23,False,2026-03-08T00:00:00
3744,SAVEGD804A,10,50,2027-12-15,True,2024-03-11T00:00:00
3745,PROMOCVB3HJ,5,300,2025-04-12,False,2024-05-12T00:00:00
3746,DESCPCYGBY,20,300,2025-05-05,False,2025-08-21T00:00:00
3747,MEGA8NGC5O,50,500,2023-11-10,False,2024-06-25T00:00:00
3748,SALE8D9O11,15,300,2027-09-25,True,2025-01-03T00:00:00
3749,SAVEYEA8OH,30,500,2023-06-30,False,2023-02-19T00:00:00
3750,TOP0Z894D,20,50,2023-01-15,False,2025-06-28T00:00:00
3751,MEGAOMYOX4,5,200,2027-12-31,True,2025-08-13T00:00:00
3752,SAVEF0HSG6,15,100,2025-04-04,False,2025-10-10T00:00:00
3753,SALEEDV0H7,40,150,2026-04-17,False,2025-12-12T00:00:00
3754,SAVEEQXKMN,20,300,2027-03-17,True,2024-12-13T00:00:00
3755,DESC6GFHDM,40,300,2023-12-25,False,2025-02-14T00:00:00
3756,PROMOXISK2T,20,200,2025-01-15,False,2023-03-13T00:00:00
3757,PROMO26C63Y,30,50,2025-06-19,False,2025-08-26T00:00:00
3758,TOP3G28CO,25,300,2023-04-06,False,2024-11-09T00:00:00
3759,PROMOYGA1GJ,50,500,2027-05-25,True,2023-07-11T00:00:00
3760,DESCTZJL3K,25,500,2025-06-19,False,2023-01-06T00:00:00
3761,OFFX4Q5LH,15,100,2025-07-10,False,2023-11-09T00:00:00
3762,TOPA3KC4T,20,50,2023-05-14,False,2023-09-24T00:00:00
3763,SALEKD3YK3,5,500,2025-07-12,False,2023-04-23T00:00:00
3764,OFF3VEPG8,10,500,2023-11-19,False,2023-10-18T00:00:00
3765,DESCE506FP,10,100,2026-04-30,False,2026-03-15T00:00:00
3766,SUPER2FR0B0,20,50,2025-05-17,False,2025-12-27T00:00:00
3767,TOPCEX8Z4,20,150,2027-09-16,True,2023-05-20T00:00:00
3768,MEGAPEK0VV,50,500,2024-06-01,False,2023-03-20T00:00:00
3769,SAVETKS4AB,10,100,2024-10-02,False,2024-07-21T00:00:00
3770,TOP1O9NV4,30,300,2027-06-24,True,2023-08-19T00:00:00
3771,DESCIGS721,20,100,2023-04-22,False,2024-06-23T00:00:00
3772,TOPTI0KYN,40,300,2023-05-06,False,2024-09-20T00:00:00
3773,DESC8R3WQO,15,50,2027-11-28,True,2024-07-20T00:00:00
3774,PROMOECSN51,5,300,2023-08-05,False,2023-05-19T00:00:00
3775,SAVEPENKSJ,10,200,2025-08-03,False,2026-03-08T00:00:00
3776,SUPERY7B03M,20,200,2023-03-15,False,2024-09-18T00:00:00
3777,PROMOQ3HJHZ,15,100,2026-01-11,False,2024-05-02T00:00:00
3778,OFFJPKMWJ,10,100,2025-05-01,False,2023-06-22T00:00:00
3779,DESCI2S6K7,15,150,2027-04-01,True,2023-03-20T00:00:00
3780,TOPKA2YTF,15,200,2026-02-02,False,2024-04-09T00:00:00
3781,SAVEW666JN,15,500,2025-06-06,False,2024-06-04T00:00:00
3782,SUPER1BU71G,20,200,2023-06-17,False,2023-04-25T00:00:00
3783,PROMOVAK2WB,5,200,2027-01-01,True,2025-09-23T00:00:00
3784,MEGA5H0WC2,20,300,2024-12-13,False,2025-11-13T00:00:00
3785,OFFRNDRRO,30,200,2026-10-24,True,2024-09-03T00:00:00
3786,SUPER9DDR7P,30,150,2025-02-20,False,2025-12-19T00:00:00
3787,OFFQPWTQP,30,200,2024-08-09,False,2025-03-06T00:00:00
3788,SAVE0JN737,40,50,2025-09-18,False,2024-12-15T00:00:00
3789,SAVE0B3XYK,20,200,2027-05-16,True,2023-10-15T00:00:00
3790,SALE8ASFAW,20,200,2027-10-26,False,2025-04-23T00:00:00
3791,OFF17Z3ST,25,100,2025-05-19,False,2026-01-13T00:00:00
3792,PROMOTP2FUU,10,200,2027-06-29,False,2023-10-22T00:00:00
3793,DESCVXW100,20,500,2025-04-12,False,2024-09-10T00:00:00
3794,TOPXYJLOM,30,150,2023-09-29,False,2024-02-08T00:00:00
3795,SALE2OBWK0,20,150,2026-09-14,True,2023-05-14T00:00:00
3796,DESCU2SS6M,40,500,2024-06-29,False,2023-02-14T00:00:00
3797,MEGASUKS22,20,200,2023-12-11,False,2025-02-18T00:00:00
3798,PROMOF9YXOM,10,50,2027-08-14,True,2024-04-05T00:00:00
3799,OFF4YDN8R,15,100,2023-04-28,False,2025-05-23T00:00:00
3800,SALEGMKKQK,50,300,2027-08-16,False,2023-04-17T00:00:00
3801,SALE9JUCCZ,40,50,2024-02-02,False,2026-04-27T00:00:00
3802,PROMOPOMCZ7,50,500,2025-11-02,False,2025-07-30T00:00:00
3803,SAVEE2U1IW,30,500,2024-01-22,False,2023-04-28T00:00:00
3804,SALEPIBJGJ,15,150,2025-10-04,False,2025-05-01T00:00:00
3805,SAVEYBXDIW,5,200,2026-09-22,True,2024-09-01T00:00:00
3806,DESCMZOXVM,25,100,2027-10-05,True,2023-11-20T00:00:00
3807,SALEKNS64X,15,500,2024-05-10,False,2023-07-11T00:00:00
3808,SALEAEY2LE,15,150,2026-09-20,True,2024-04-14T00:00:00
3809,MEGAZUGYA1,30,300,2023-10-24,False,2024-04-26T00:00:00
3810,PROMONAA7XZ,30,150,2023-03-30,False,2023-04-14T00:00:00
3811,SALEQNRJY6,20,100,2023-12-28,False,2025-11-22T00:00:00
3812,DESC42MCVC,20,100,2025-10-03,False,2025-12-12T00:00:00
3813,SALER78G88,40,150,2025-08-26,False,2023-04-27T00:00:00
3814,SUPERGME6SJ,40,300,2024-01-27,False,2026-03-07T00:00:00
3815,SALEH3N06S,5,150,2025-06-27,False,2023-02-13T00:00:00
3816,DESCCUP5WY,20,150,2026-11-15,True,2024-02-07T00:00:00
3817,PROMOOMJR23,50,300,2024-11-01,False,2026-01-21T00:00:00
3818,TOPTX22RS,5,200,2023-05-30,False,2024-09-16T00:00:00
3819,SUPER887NVW,20,500,2024-12-02,False,2024-09-23T00:00:00
3820,OFF7FM57S,30,100,2025-12-29,False,2024-11-29T00:00:00
3821,PROMOF7QI2H,5,100,2023-01-13,False,2024-08-30T00:00:00
3822,SUPERD99IHB,50,150,2023-03-24,False,2024-12-13T00:00:00
3823,SUPER8IO4Y8,5,300,2026-10-31,True,2024-04-19T00:00:00
3824,DESCJOZLJE,40,500,2024-03-16,False,2025-04-07T00:00:00
3825,SAVEVGHDHM,40,50,2025-09-06,False,2023-05-06T00:00:00
3826,SUPER4IV4O3,5,50,2024-04-27,False,2025-11-25T00:00:00
3827,DESCLCYRIW,50,50,2027-04-08,True,2025-04-05T00:00:00
3828,TOPR6YUW9,5,300,2023-07-27,False,2024-01-02T00:00:00
3829,DESCC8TFQU,30,500,2026-07-15,True,2025-05-12T00:00:00
3830,PROMOK734OD,5,50,2027-09-13,False,2023-11-01T00:00:00
3831,SAVESRRWYA,20,200,2027-08-25,True,2025-03-22T00:00:00
3832,OFF0YYZ72,10,150,2026-10-25,False,2024-07-03T00:00:00
3833,PROMOCHCPIE,5,500,2023-05-30,False,2023-10-03T00:00:00
3834,SAVECQVJM9,15,200,2025-11-15,False,2023-10-14T00:00:00
3835,PROMOVPM9BP,20,50,2023-08-20,False,2023-04-28T00:00:00
3836,SAVEB4GF6K,20,300,2024-01-12,False,2025-03-20T00:00:00
3837,PROMOY2TMJT,40,200,2026-04-22,False,2025-04-26T00:00:00
3838,SAVE4W74TZ,10,150,2025-05-17,False,2025-06-11T00:00:00
3839,SALEW7P5UA,5,200,2026-05-20,False,2025-07-08T00:00:00
3840,MEGASZELXT,25,100,2026-04-07,False,2023-08-19T00:00:00
3841,SALEKT97XK,50,500,2025-03-06,False,2025-03-31T00:00:00
3842,OFFVKPEMK,30,300,2024-04-02,False,2025-05-27T00:00:00
3843,SALE5MOHDW,10,300,2027-05-21,True,2023-03-21T00:00:00
3844,OFFIJMKJY,5,200,2025-07-28,False,2026-01-05T00:00:00
3845,PROMOLVWLBM,5,150,2024-11-11,False,2024-02-11T00:00:00
3846,TOPWKOE4U,5,500,2024-06-28,False,2023-07-26T00:00:00
3847,DESCH8JPIH,40,200,2027-06-25,True,2025-05-07T00:00:00
3848,SAVEOTMM3P,30,200,2026-08-05,True,2024-02-29T00:00:00
3849,SUPEROGC871,40,300,2027-09-10,False,2026-02-23T00:00:00
3850,MEGAKNMAD4,20,150,2024-11-14,False,2024-01-15T00:00:00
3851,TOPXEL8Q8,25,50,2027-04-15,False,2025-03-06T00:00:00
3852,OFFAL0DQ6,50,300,2023-01-26,False,2025-07-17T00:00:00
3853,SAVEFZB0XJ,30,300,2024-12-15,False,2023-06-02T00:00:00
3854,OFFC7EBI8,30,50,2027-04-03,True,2023-10-29T00:00:00
3855,DESCYPJ3YG,20,150,2023-04-14,False,2024-01-25T00:00:00
3856,SAVEIESDOC,50,100,2025-02-17,False,2023-09-27T00:00:00
3857,DESCFVS3W0,30,200,2027-09-17,False,2023-10-26T00:00:00
3858,PROMO705LMI,20,200,2023-11-18,False,2023-05-01T00:00:00
3859,OFF2Q9C3A,25,50,2023-12-05,False,2024-12-16T00:00:00
3860,TOPNR5S11,20,50,2024-11-13,False,2024-05-25T00:00:00
3861,DESCL8WOJG,40,200,2026-06-12,True,2023-01-28T00:00:00
3862,SALEX2I92S,30,200,2023-05-19,False,2023-07-02T00:00:00
3863,TOPLAU91B,25,150,2023-11-12,False,2025-03-25T00:00:00
3864,SUPER4Q10SP,10,300,2027-09-20,False,2024-08-10T00:00:00
3865,TOPATTYHP,40,100,2023-04-13,False,2026-03-23T00:00:00
3866,SUPER0FFUAZ,5,500,2023-02-16,False,2023-12-09T00:00:00
3867,SALE1DEAX6,20,300,2023-08-15,False,2026-05-02T00:00:00
3868,DESCLTSCUX,5,300,2026-05-19,False,2025-09-15T00:00:00
3869,TOP0YUCCY,15,50,2026-06-11,False,2024-11-16T00:00:00
3870,SUPERVMVC4U,50,150,2027-03-25,False,2026-02-24T00:00:00
3871,MEGAQHSGLM,40,100,2026-03-05,False,2024-04-21T00:00:00
3872,OFFDIVR39,5,100,2026-10-20,False,2023-02-18T00:00:00
3873,SUPERJRN9TN,10,500,2027-05-03,False,2024-10-17T00:00:00
3874,DESCRBHXIM,10,100,2024-12-28,False,2026-01-06T00:00:00
3875,SUPER6VE84S,40,500,2025-05-11,False,2023-12-25T00:00:00
3876,SALEJ27CA6,25,500,2027-03-02,True,2026-01-21T00:00:00
3877,SALEVT15TN,20,150,2023-04-04,False,2023-11-02T00:00:00
3878,PROMOPN4SGE,40,100,2024-04-21,False,2025-11-20T00:00:00
3879,SAVESEEPZU,5,200,2025-04-21,False,2026-03-31T00:00:00
3880,OFFGY5OHV,30,300,2024-07-03,False,2025-09-30T00:00:00
3881,DESC5EHZ3X,30,100,2023-09-10,False,2023-07-21T00:00:00
3882,MEGA3SD847,25,300,2026-03-29,False,2024-10-25T00:00:00
3883,SALE9R4LY0,40,300,2027-06-06,False,2024-09-04T00:00:00
3884,OFF6FKBDL,10,500,2024-03-07,False,2025-05-27T00:00:00
3885,SAVE50SYRA,30,500,2025-11-30,False,2023-06-04T00:00:00
3886,OFFFFOVES,30,50,2024-03-02,False,2023-10-17T00:00:00
3887,OFFEJ43YU,50,500,2023-08-28,False,2023-11-06T00:00:00
3888,TOPSZPGDT,50,300,2027-05-18,True,2023-04-20T00:00:00
3889,SALEY4G0ME,15,100,2027-03-20,True,2025-01-24T00:00:00
3890,MEGAGXNNXJ,10,50,2027-01-24,True,2026-05-29T00:00:00
3891,MEGAXAANEJ,40,50,2024-01-08,False,2023-12-31T00:00:00
3892,SUPER2ATYWM,30,200,2025-01-23,False,2024-02-02T00:00:00
3893,SAVE07MBUK,25,50,2024-01-24,False,2023-09-09T00:00:00
3894,SALEN0EPVH,25,200,2024-02-22,False,2026-02-12T00:00:00
3895,SAVECQTKAY,50,500,2025-05-01,False,2023-03-01T00:00:00
3896,MEGA44XKEO,50,300,2024-08-12,False,2026-04-23T00:00:00
3897,MEGAPP866A,15,300,2023-10-13,False,2023-08-28T00:00:00
3898,SUPERQX2RW6,10,50,2026-03-08,False,2026-05-27T00:00:00
3899,DESCWRCUZ1,25,500,2027-02-26,True,2025-06-15T00:00:00
3900,OFF6L98P5,20,300,2023-11-16,False,2023-08-06T00:00:00
3901,MEGAHVEG02,50,500,2026-05-25,False,2026-01-29T00:00:00
3902,TOPJB9UU1,10,300,2025-09-29,False,2026-06-08T00:00:00
3903,SUPERS00P1S,25,50,2023-10-30,False,2023-09-12T00:00:00
3904,DESCCNBMN6,10,500,2025-01-14,False,2025-03-02T00:00:00
3905,OFFAQ0DMJ,15,500,2026-01-29,False,2024-09-07T00:00:00
3906,DESCLSNRO2,5,50,2025-12-17,False,2023-12-07T00:00:00
3907,SAVE7A13KR,15,150,2023-05-16,False,2023-11-18T00:00:00
3908,SAVEXGN5G5,30,200,2025-04-07,False,2023-07-15T00:00:00
3909,DESCOXSXVS,5,500,2023-07-11,False,2025-05-02T00:00:00
3910,MEGA06P54Z,25,150,2026-02-01,False,2025-06-02T00:00:00
3911,SAVE2U8KKN,20,150,2027-02-15,False,2025-09-17T00:00:00
3912,OFFA0KZQ7,25,50,2024-05-01,False,2023-10-23T00:00:00
3913,MEGAH7O8TJ,15,200,2026-10-14,True,2024-04-04T00:00:00
3914,SALEF890F3,20,200,2024-02-07,False,2023-02-22T00:00:00
3915,TOP36B1SW,10,150,2023-04-04,False,2023-06-23T00:00:00
3916,DESCZPQ2ST,25,50,2024-08-29,False,2023-01-30T00:00:00
3917,DESCCR67SY,5,150,2026-08-22,True,2023-09-04T00:00:00
3918,OFFE3CTX8,50,300,2024-08-16,False,2023-09-22T00:00:00
3919,PROMO03AB0T,50,100,2023-05-18,False,2024-03-20T00:00:00
3920,OFF32J3AG,30,200,2027-09-13,False,2025-03-20T00:00:00
3921,TOP804J67,10,500,2024-02-23,False,2024-03-19T00:00:00
3922,OFFV1SGUG,5,100,2025-10-17,False,2025-06-15T00:00:00
3923,SUPERDG1EKF,10,150,2026-10-04,True,2024-02-23T00:00:00
3924,TOPSO4OZR,5,200,2026-10-25,False,2024-04-26T00:00:00
3925,OFFI17QBV,40,50,2026-08-08,True,2023-09-29T00:00:00
3926,SALETU5RSF,5,200,2026-04-19,False,2023-04-13T00:00:00
3927,TOP26EGI5,5,300,2025-06-19,False,2024-12-17T00:00:00
3928,SALEEFEO54,25,300,2026-02-13,False,2023-02-27T00:00:00
3929,SALELILN3Y,5,200,2023-05-01,False,2025-12-24T00:00:00
3930,TOPJUJSEV,5,50,2025-11-07,False,2025-10-17T00:00:00
3931,SALENXKU5D,40,150,2027-06-27,True,2023-06-05T00:00:00
3932,MEGAMC5SZO,20,50,2027-03-24,True,2026-04-23T00:00:00
3933,SALET4GOXQ,10,50,2025-10-21,False,2024-06-12T00:00:00
3934,SALEB1M04F,30,500,2027-05-07,True,2023-03-25T00:00:00
3935,PROMO4NGQUB,5,150,2026-04-30,False,2024-08-18T00:00:00
3936,PROMOAZCDE8,20,300,2023-03-18,False,2025-10-19T00:00:00
3937,DESCSLRB1O,30,50,2023-11-01,False,2026-06-04T00:00:00
3938,SALEHSHZKL,50,50,2025-05-23,False,2025-08-14T00:00:00
3939,MEGAN5Z650,50,150,2023-03-24,False,2025-12-16T00:00:00
3940,PROMODJF9V0,10,200,2025-01-30,False,2023-09-08T00:00:00
3941,DESCLIIXRP,50,50,2023-01-29,False,2025-09-10T00:00:00
3942,MEGAKG5CBR,10,150,2023-08-19,False,2025-07-21T00:00:00
3943,OFF4ZYWNA,5,500,2023-01-30,False,2025-11-18T00:00:00
3944,MEGAZXD9K1,25,300,2027-01-09,True,2026-05-29T00:00:00
3945,TOP6R8OAH,50,50,2025-10-27,False,2024-10-31T00:00:00
3946,DESC1WKA9Y,10,50,2025-09-21,False,2026-05-30T00:00:00
3947,TOP8AIEQO,25,300,2026-09-27,False,2023-11-12T00:00:00
3948,SUPER8UN7JB,10,500,2024-09-28,False,2024-10-03T00:00:00
3949,SALEPIRX1S,30,100,2024-09-17,False,2025-04-12T00:00:00
3950,PROMORXFCBL,30,300,2025-02-20,False,2026-03-21T00:00:00
3951,SALE94O9C4,5,100,2026-08-05,True,2023-01-16T00:00:00
3952,DESC1ON369,40,300,2025-11-03,False,2023-01-11T00:00:00
3953,TOPBTHGH6,10,50,2023-10-27,False,2023-07-22T00:00:00
3954,DESCT8RZON,25,150,2026-06-24,True,2023-08-20T00:00:00
3955,SUPER2M8N0Q,5,100,2026-12-03,True,2025-09-29T00:00:00
3956,OFFOBKZEB,5,200,2027-09-22,True,2024-07-01T00:00:00
3957,OFFW142FF,15,50,2026-11-18,True,2023-12-28T00:00:00
3958,SAVEBD8CRE,10,500,2025-07-03,False,2025-12-25T00:00:00
3959,PROMOR30W45,25,300,2023-10-01,False,2025-05-08T00:00:00
3960,OFFSWSNSD,40,100,2026-04-05,False,2024-06-08T00:00:00
3961,OFFFO8QH4,50,300,2025-07-18,False,2025-03-11T00:00:00
3962,OFF0FIYVB,20,150,2024-01-17,False,2024-03-04T00:00:00
3963,PROMOSTHQKM,50,100,2024-12-29,False,2024-04-12T00:00:00
3964,TOPC4RZ7B,50,500,2023-05-03,False,2024-08-13T00:00:00
3965,DESCLK4XGN,50,150,2025-12-09,False,2023-02-28T00:00:00
3966,MEGACEX4G8,5,100,2026-07-12,True,2023-05-16T00:00:00
3967,MEGAWJ1KKM,10,50,2024-11-20,False,2025-09-04T00:00:00
3968,OFF5RBKWY,10,200,2024-07-31,False,2024-06-08T00:00:00
3969,SALER5VN1O,30,100,2027-10-08,False,2024-01-05T00:00:00
3970,MEGA7EEXCT,50,300,2023-05-31,False,2026-05-15T00:00:00
3971,MEGA16LBIY,40,300,2026-09-16,True,2024-05-17T00:00:00
3972,PROMO0F7YHF,30,200,2027-11-17,False,2026-01-06T00:00:00
3973,PROMOCMEPOD,30,50,2027-09-23,True,2024-07-01T00:00:00
3974,OFFFOXH2E,5,100,2024-10-28,False,2026-04-10T00:00:00
3975,SUPERCI3ECC,15,50,2023-08-29,False,2023-03-26T00:00:00
3976,PROMO4T66W4,10,300,2024-07-14,False,2023-01-02T00:00:00
3977,TOPZXWE4F,5,500,2023-06-11,False,2024-09-29T00:00:00
3978,SAVEXRV7T7,5,150,2025-08-26,False,2023-06-24T00:00:00
3979,PROMOBMPFJG,10,150,2024-07-20,False,2026-02-22T00:00:00
3980,MEGAH4Y4TJ,25,50,2025-02-02,False,2023-10-02T00:00:00
3981,SUPERCWAHGE,5,500,2023-03-23,False,2023-07-29T00:00:00
3982,SAVE0F3ACI,10,200,2024-07-19,False,2025-06-13T00:00:00
3983,DESCY9DCWA,5,500,2027-12-30,True,2024-04-06T00:00:00
3984,MEGA4413PH,25,50,2024-03-04,False,2024-09-28T00:00:00
3985,MEGAJNU19A,15,500,2024-10-27,False,2024-11-03T00:00:00
3986,SUPERP98JC9,25,100,2023-07-29,False,2025-09-17T00:00:00
3987,SUPERMTG8B5,30,100,2025-04-12,False,2024-11-24T00:00:00
3988,MEGAG9COG8,15,200,2026-01-24,False,2025-02-16T00:00:00
3989,MEGAPO33ZN,50,200,2024-01-21,False,2023-04-20T00:00:00
3990,SALE2WS690,50,500,2026-03-09,False,2023-10-10T00:00:00
3991,TOPHYZFNA,25,500,2025-03-14,False,2023-12-15T00:00:00
3992,SUPERG835HR,15,150,2027-09-20,True,2025-04-17T00:00:00
3993,SUPERT4AO23,40,150,2023-12-22,False,2024-12-22T00:00:00
3994,SAVEXZ99KJ,50,500,2027-06-01,True,2025-08-15T00:00:00
3995,SUPER3ALKZC,50,300,2025-06-22,False,2025-09-12T00:00:00
3996,TOPM3Y178,15,150,2025-01-23,False,2024-07-01T00:00:00
3997,TOPGO1NUR,50,500,2026-04-03,False,2025-03-12T00:00:00
3998,SAVEP545SB,40,50,2026-03-18,False,2026-06-10T00:00:00
3999,SAVEO6W7EU,5,500,2023-12-30,False,2025-07-24T00:00:00
4000,TOP5LXJ8F,40,150,2027-08-15,False,2023-12-30T00:00:00
4001,PROMOG0XS3P,5,500,2027-12-10,True,2025-08-25T00:00:00
4002,SUPER36NHKT,40,200,2026-03-31,False,2023-01-08T00:00:00
4003,SAVE1TPRQA,30,100,2023-01-11,False,2024-02-23T00:00:00
4004,OFF6YXZDY,25,50,2024-01-06,False,2023-10-29T00:00:00
4005,MEGAW6KK9K,5,100,2023-10-30,False,2025-08-05T00:00:00
4006,SAVE74L0BA,50,200,2026-08-24,True,2023-10-23T00:00:00
4007,SALERKTC3X,50,150,2024-01-28,False,2026-05-25T00:00:00
4008,MEGANWGF86,30,50,2023-02-01,False,2024-08-05T00:00:00
4009,SUPERMFIFRH,30,500,2024-04-01,False,2025-07-04T00:00:00
4010,TOPC73LHE,50,200,2027-07-04,False,2025-08-08T00:00:00
4011,MEGAD17JJA,10,200,2025-12-06,False,2026-01-13T00:00:00
4012,MEGA4H0SPC,15,50,2026-03-06,False,2023-10-21T00:00:00
4013,TOPE4IZ6U,50,150,2026-08-24,False,2023-06-07T00:00:00
4014,SUPERC5Y4W3,20,150,2026-01-17,False,2025-02-17T00:00:00
4015,SALEYM9N8C,25,500,2025-10-12,False,2023-02-22T00:00:00
4016,SUPERQ8NDJC,10,200,2023-10-30,False,2023-10-08T00:00:00
4017,SAVEI0M4PZ,25,100,2024-04-27,False,2024-03-07T00:00:00
4018,SALEA0PD46,10,300,2023-07-25,False,2024-02-07T00:00:00
4019,MEGAP8I651,50,150,2025-11-09,False,2024-09-23T00:00:00
4020,MEGAPWEXHO,40,100,2027-08-10,True,2023-07-16T00:00:00
4021,TOPDWFLEH,10,500,2024-03-07,False,2023-09-01T00:00:00
4022,SALEUXFAG5,50,50,2025-06-25,False,2024-11-23T00:00:00
4023,PROMOKUDIJY,50,50,2025-03-20,False,2026-04-20T00:00:00
4024,OFFFLGB7R,15,300,2026-06-15,False,2023-07-24T00:00:00
4025,SALENBMAYO,40,300,2024-07-09,False,2024-03-06T00:00:00
4026,PROMO32NAYY,5,50,2027-06-23,True,2023-01-05T00:00:00
4027,OFFDW4N39,30,200,2025-01-28,False,2023-03-09T00:00:00
4028,TOP6EKMXV,50,50,2024-06-25,False,2023-10-03T00:00:00
4029,SAVE6222FY,10,500,2026-09-16,True,2026-02-19T00:00:00
4030,PROMO0W27EE,15,100,2023-01-05,False,2023-08-26T00:00:00
4031,SALED4O96F,50,300,2023-04-16,False,2026-01-24T00:00:00
4032,DESCMS3V95,20,200,2025-03-28,False,2023-04-13T00:00:00
4033,PROMOR1OWIO,5,50,2027-07-31,True,2023-09-08T00:00:00
4034,OFFV8T6NM,30,200,2026-04-23,False,2025-03-23T00:00:00
4035,SALE8A0ZE8,5,50,2023-04-30,False,2025-12-15T00:00:00
4036,TOP3WC2BO,40,200,2026-10-15,True,2024-01-23T00:00:00
4037,PROMOEH2A8N,15,500,2027-08-11,True,2025-12-10T00:00:00
4038,OFFW2Z9ZB,15,50,2025-11-07,False,2025-06-02T00:00:00
4039,DESCHTVU6Z,30,50,2025-01-28,False,2024-01-18T00:00:00
4040,OFFNQ5JO5,20,50,2024-03-04,False,2023-06-26T00:00:00
4041,PROMO7LF18D,20,200,2025-10-10,False,2023-05-17T00:00:00
4042,PROMOT0PNKO,50,50,2024-11-21,False,2024-05-24T00:00:00
4043,OFFN2JMGX,10,150,2023-09-10,False,2025-10-14T00:00:00
4044,SUPERV54ZH0,10,300,2024-04-18,False,2023-01-31T00:00:00
4045,SALE9QXVTM,40,50,2027-02-27,True,2024-06-14T00:00:00
4046,PROMORLS780,10,500,2025-05-26,False,2023-02-10T00:00:00
4047,PROMO4SQLE5,40,100,2025-11-17,False,2023-04-04T00:00:00
4048,OFF6A8EDY,15,100,2026-12-20,True,2024-12-10T00:00:00
4049,OFF3RHQOF,15,50,2025-09-15,False,2023-04-30T00:00:00
4050,MEGATHRI5S,40,500,2023-03-29,False,2026-04-17T00:00:00
4051,SALE61GMMV,50,150,2025-08-16,False,2025-07-29T00:00:00
4052,SAVESGX6Q2,40,300,2026-02-26,False,2023-02-09T00:00:00
4053,DESC7IICRR,10,200,2027-06-30,True,2024-03-28T00:00:00
4054,SALE2EYUNH,15,500,2023-05-30,False,2026-05-13T00:00:00
4055,MEGASWGGOH,50,300,2027-06-24,True,2025-07-04T00:00:00
4056,DESCHCWYFO,50,150,2025-06-09,False,2024-10-06T00:00:00
4057,MEGA3FY4DT,50,100,2026-03-06,False,2023-04-27T00:00:00
4058,DESCC6EOYJ,50,50,2023-10-13,False,2025-09-26T00:00:00
4059,PROMON2CFYX,30,50,2023-09-16,False,2024-08-18T00:00:00
4060,TOPNJENON,40,100,2024-08-22,False,2025-10-22T00:00:00
4061,OFFFHFJW2,30,500,2025-07-20,False,2025-01-26T00:00:00
4062,TOP0NDLM9,25,500,2026-12-18,True,2025-02-24T00:00:00
4063,SUPER5AMT7O,50,50,2025-06-27,False,2024-11-15T00:00:00
4064,PROMOCKORNA,10,300,2025-01-12,False,2024-05-19T00:00:00
4065,SAVEZTPFIS,20,500,2023-01-21,False,2026-03-08T00:00:00
4066,TOPVXQJBN,25,500,2026-10-27,True,2025-07-21T00:00:00
4067,MEGA08R9LR,50,50,2023-11-30,False,2025-06-05T00:00:00
4068,SAVEIVGGXW,25,50,2026-05-15,False,2025-03-27T00:00:00
4069,MEGANJMTLY,5,500,2024-02-04,False,2025-02-08T00:00:00
4070,SUPERFKQHLO,40,200,2026-08-02,True,2023-04-10T00:00:00
4071,OFFAU2WNL,10,50,2026-11-16,True,2026-03-26T00:00:00
4072,DESCPA79W9,50,300,2027-02-27,True,2024-06-23T00:00:00
4073,SUPERGPSDQS,40,100,2027-10-09,True,2025-02-07T00:00:00
4074,SALEL8C924,20,300,2025-12-12,False,2025-03-03T00:00:00
4075,SAVEO59KJ9,30,150,2027-12-18,True,2024-06-14T00:00:00
4076,SAVEBARRA0,50,100,2025-09-07,False,2024-02-07T00:00:00
4077,PROMO826SVD,15,50,2023-03-01,False,2023-07-26T00:00:00
4078,OFFDSL2EE,50,150,2027-03-15,False,2024-06-06T00:00:00
4079,SAVE45TUNH,30,300,2023-04-14,False,2023-12-27T00:00:00
4080,SALEA3WG9B,10,300,2023-09-08,False,2024-02-11T00:00:00
4081,SAVEMZFN2L,20,200,2024-12-24,False,2023-02-03T00:00:00
4082,SUPER4A9K34,50,300,2024-03-19,False,2025-05-09T00:00:00
4083,MEGAA6JOJC,40,150,2023-04-14,False,2025-04-19T00:00:00
4084,TOPW03E6I,50,300,2024-04-01,False,2024-01-28T00:00:00
4085,DESC99PE2T,15,200,2025-01-24,False,2026-03-21T00:00:00
4086,PROMOOH4ELN,30,50,2026-05-28,False,2025-10-15T00:00:00
4087,SAVEC3HXVG,20,500,2025-01-13,False,2023-05-21T00:00:00
4088,MEGAMNHT8U,40,100,2023-06-20,False,2023-04-01T00:00:00
4089,SAVEZ1KRU1,20,200,2023-07-17,False,2025-09-21T00:00:00
4090,SUPERF8N895,20,500,2024-04-04,False,2026-06-11T00:00:00
4091,SAVEO4S40N,5,100,2026-04-22,False,2023-07-11T00:00:00
4092,SALEVGYROI,40,50,2027-08-13,False,2025-10-26T00:00:00
4093,DESCIZB52H,5,150,2026-06-16,True,2023-08-10T00:00:00
4094,TOPSLUEHF,5,300,2026-09-14,True,2025-02-09T00:00:00
4095,SALE3B1XF9,20,500,2027-08-13,True,2024-08-14T00:00:00
4096,SAVEXT76JD,20,50,2026-05-06,False,2024-05-25T00:00:00
4097,SUPERNFIAE8,20,200,2026-11-10,True,2025-01-29T00:00:00
4098,MEGA777CCD,25,150,2023-06-18,False,2024-05-23T00:00:00
4099,SAVE2O7GQV,50,500,2024-10-25,False,2023-08-31T00:00:00
4100,SALE0KL30L,50,100,2025-03-31,False,2024-04-03T00:00:00
4101,PROMO3NCJHF,50,300,2027-06-16,False,2025-04-26T00:00:00
4102,TOP9FFREG,15,50,2025-11-07,False,2024-06-15T00:00:00
4103,DESCLBNWQH,10,100,2027-07-07,True,2026-01-13T00:00:00
4104,PROMO22BZDX,10,500,2025-10-12,False,2025-06-07T00:00:00
4105,SAVE62OHK8,20,300,2025-12-15,False,2025-03-04T00:00:00
4106,SUPER14B4BY,30,500,2026-09-07,True,2024-03-16T00:00:00
4107,SAVEHDEOXD,20,50,2025-05-19,False,2023-01-30T00:00:00
4108,MEGA0NZ50M,5,100,2027-07-17,True,2023-10-31T00:00:00
4109,PROMOU88QZ0,30,500,2025-01-08,False,2024-10-02T00:00:00
4110,SALECFEV9X,20,500,2025-09-11,False,2023-01-03T00:00:00
4111,TOPDMFJQ5,10,150,2027-07-30,True,2025-01-06T00:00:00
4112,SALEGBO3JF,50,150,2025-05-18,False,2026-06-02T00:00:00
4113,TOPQBQVY6,30,500,2025-12-10,False,2023-12-10T00:00:00
4114,SAVEGBNI2X,20,500,2024-05-20,False,2026-05-11T00:00:00
4115,PROMO8K2JMX,25,500,2025-09-29,False,2026-01-24T00:00:00
4116,TOP4KE3SH,10,300,2023-05-18,False,2024-08-05T00:00:00
4117,MEGA01829X,15,200,2027-10-04,False,2026-01-01T00:00:00
4118,OFFICS1EK,5,500,2026-11-19,True,2023-04-14T00:00:00
4119,TOPBAK78R,5,500,2024-01-14,False,2024-10-04T00:00:00
4120,DESCWWDDLW,50,300,2027-07-27,True,2025-08-29T00:00:00
4121,SALE8R3QWB,40,300,2023-01-05,False,2025-07-03T00:00:00
4122,MEGAHIQ1T5,10,500,2023-01-25,False,2024-02-15T00:00:00
4123,MEGA5WIZ3O,50,100,2024-04-02,False,2025-05-11T00:00:00
4124,MEGAWH01FP,20,200,2024-02-14,False,2024-11-05T00:00:00
4125,PROMO0RNTJ8,15,100,2024-03-07,False,2024-12-17T00:00:00
4126,SAVE56GJFA,10,300,2027-11-11,True,2025-05-31T00:00:00
4127,SALEK7DBPZ,30,50,2024-04-06,False,2023-12-15T00:00:00
4128,MEGAVR9ZME,10,100,2023-03-20,False,2024-02-13T00:00:00
4129,SAVEU3J525,25,200,2025-06-16,False,2025-02-01T00:00:00
4130,PROMOXCSLG2,40,300,2026-02-18,False,2025-02-24T00:00:00
4131,SUPERGEIUD9,5,200,2023-09-18,False,2023-01-02T00:00:00
4132,PROMOBQ3GR7,50,500,2025-01-03,False,2023-07-18T00:00:00
4133,OFFE4E2GU,30,150,2024-05-05,False,2026-04-12T00:00:00
4134,TOPSFFY1Y,50,50,2025-04-07,False,2023-03-07T00:00:00
4135,PROMOCPUDZY,30,150,2027-05-14,True,2023-09-07T00:00:00
4136,MEGAKM3OXK,10,200,2023-04-04,False,2026-03-05T00:00:00
4137,SALEQFK2K9,25,150,2027-07-26,False,2024-08-11T00:00:00
4138,DESCG0ID55,15,500,2024-07-08,False,2024-10-18T00:00:00
4139,TOPANSQLU,50,50,2023-03-29,False,2026-03-21T00:00:00
4140,SUPERH89ITL,50,100,2024-04-29,False,2023-01-20T00:00:00
4141,MEGAYFMFAD,25,300,2027-09-08,True,2023-03-06T00:00:00
4142,SAVE9FMWVR,5,500,2026-03-20,False,2023-02-24T00:00:00
4143,SALEF1OERL,30,100,2024-08-08,False,2026-03-09T00:00:00
4144,SALEFKUK1Y,25,500,2025-12-30,False,2025-08-24T00:00:00
4145,TOPDT07AY,30,300,2023-05-13,False,2024-02-22T00:00:00
4146,OFFI1UZEU,20,500,2025-06-27,False,2023-08-08T00:00:00
4147,PROMO4DZORL,10,300,2027-10-17,True,2025-09-10T00:00:00
4148,TOPZR4I6W,10,100,2027-02-23,True,2026-01-14T00:00:00
4149,SUPERR49LJN,25,150,2026-09-07,True,2025-04-03T00:00:00
4150,TOPKDL9ND,10,500,2024-11-19,False,2025-11-28T00:00:00
4151,SALE73NMGH,30,50,2024-12-13,False,2023-05-23T00:00:00
4152,SUPERDKVL9R,40,50,2025-04-10,False,2024-06-23T00:00:00
4153,SAVEISG0HQ,15,50,2027-02-01,True,2024-10-08T00:00:00
4154,PROMONI1M6N,30,50,2025-02-13,False,2023-01-21T00:00:00
4155,MEGA1SJ3E0,25,200,2027-04-02,True,2023-01-06T00:00:00
4156,SALET3COBU,30,300,2026-03-08,False,2023-09-29T00:00:00
4157,TOPVKM9CK,50,50,2024-11-04,False,2026-04-13T00:00:00
4158,TOP09B2BS,20,150,2024-03-29,False,2024-02-17T00:00:00
4159,PROMOT8TU23,15,500,2026-03-13,False,2025-04-30T00:00:00
4160,SUPERYRG9UL,15,100,2023-02-25,False,2023-04-24T00:00:00
4161,SAVET3KEYI,15,50,2024-08-22,False,2023-01-04T00:00:00
4162,MEGAPL4QIJ,15,50,2023-09-07,False,2024-07-29T00:00:00
4163,SALECULS60,30,300,2023-04-28,False,2023-05-29T00:00:00
4164,MEGAYXFOG7,15,50,2027-02-14,False,2025-10-24T00:00:00
4165,SALE4M8DFK,10,50,2024-07-21,False,2026-01-30T00:00:00
4166,SUPERMQSAYD,15,300,2025-12-05,False,2025-05-04T00:00:00
4167,SUPEROB7LXC,30,100,2027-09-10,True,2024-04-21T00:00:00
4168,DESCG31SW0,50,200,2024-04-08,False,2024-02-03T00:00:00
4169,OFF3RS8RZ,40,50,2023-03-05,False,2024-10-02T00:00:00
4170,SALEYX8XQX,50,300,2025-11-25,False,2023-12-13T00:00:00
4171,OFFN6SIW9,30,500,2023-10-21,False,2024-01-15T00:00:00
4172,TOPKHTT6O,5,150,2023-04-01,False,2023-04-17T00:00:00
4173,TOPT0DZHD,20,500,2027-04-07,True,2025-12-29T00:00:00
4174,DESCJY1W9S,50,100,2025-01-18,False,2025-11-08T00:00:00
4175,PROMOYRKTBD,30,100,2025-11-15,False,2026-01-14T00:00:00
4176,OFFK0YZZA,40,50,2026-08-20,True,2025-11-30T00:00:00
4177,SUPER1N1KAV,25,100,2027-12-07,True,2025-11-01T00:00:00
4178,SALE6JBK1R,30,200,2024-07-24,False,2026-01-25T00:00:00
4179,SUPERBCH6IL,15,200,2024-12-04,False,2023-05-17T00:00:00
4180,SALE7R63IH,15,50,2025-06-13,False,2023-06-09T00:00:00
4181,SAVECSR7ML,5,50,2023-07-14,False,2025-10-16T00:00:00
4182,MEGABR08MN,50,150,2024-10-08,False,2023-10-08T00:00:00
4183,PROMO8CB90U,50,150,2027-12-19,False,2023-06-16T00:00:00
4184,TOPH7A8C8,5,500,2025-08-10,False,2024-07-12T00:00:00
4185,DESCHMKYDB,25,50,2024-06-07,False,2023-09-21T00:00:00
4186,PROMOXIPRCG,20,500,2023-11-12,False,2026-03-24T00:00:00
4187,TOPLHIJ32,5,100,2024-11-13,False,2024-05-13T00:00:00
4188,OFFVP5RSQ,40,50,2025-06-18,False,2024-08-21T00:00:00
4189,DESCYTBHJF,10,100,2025-12-24,False,2024-03-23T00:00:00
4190,SALEG86Y1Y,5,500,2025-02-11,False,2025-09-20T00:00:00
4191,PROMO5XPF3A,25,300,2025-04-29,False,2025-02-03T00:00:00
4192,SAVEIBG8W2,50,50,2023-01-02,False,2024-03-12T00:00:00
4193,TOPKHLFQ6,40,100,2026-06-02,False,2025-11-29T00:00:00
4194,MEGARAFA9X,15,300,2024-12-14,False,2023-04-17T00:00:00
4195,PROMOXUOX7B,30,150,2024-06-08,False,2024-03-06T00:00:00
4196,MEGAL56V4M,25,100,2025-05-10,False,2024-03-08T00:00:00
4197,SAVE6X5FEB,15,50,2026-08-23,False,2025-07-16T00:00:00
4198,TOPS3B5AA,15,50,2023-09-04,False,2026-03-15T00:00:00
4199,SAVED0JYIS,10,100,2025-10-25,False,2026-04-07T00:00:00
4200,SAVE1OJPLL,15,150,2023-06-10,False,2024-01-28T00:00:00
4201,SALECM5FJ0,10,50,2026-07-23,True,2024-04-05T00:00:00
4202,PROMOI1Q92T,30,50,2025-12-15,False,2023-11-14T00:00:00
4203,TOPAY4ZX1,50,300,2027-01-10,True,2026-03-02T00:00:00
4204,MEGACCZTXK,30,100,2023-10-05,False,2025-05-08T00:00:00
4205,SALEOTQA8Z,40,100,2025-04-24,False,2025-11-11T00:00:00
4206,OFFDK3K3Z,15,500,2027-09-23,False,2026-05-02T00:00:00
4207,SALE2VPHGG,5,300,2025-06-24,False,2025-06-15T00:00:00
4208,OFFR0KSE5,15,100,2026-02-08,False,2025-12-08T00:00:00
4209,OFFZFBIT3,10,200,2024-09-21,False,2025-06-06T00:00:00
4210,SALEHXQYJY,50,150,2026-05-09,False,2023-06-04T00:00:00
4211,OFFPLI5NL,5,100,2027-11-13,True,2023-09-21T00:00:00
4212,SAVEVK9TVS,5,300,2026-04-26,False,2023-06-05T00:00:00
4213,MEGADYOT0I,50,50,2027-05-24,True,2025-02-26T00:00:00
4214,SUPERX9HOVG,5,500,2024-08-29,False,2026-03-22T00:00:00
4215,DESCYIZCY0,20,300,2023-01-03,False,2024-04-14T00:00:00
4216,TOPIVQPSV,40,500,2026-09-09,True,2023-03-18T00:00:00
4217,MEGA48LREZ,10,150,2024-10-27,False,2023-11-06T00:00:00
4218,OFFAR06F4,10,200,2025-06-05,False,2025-01-27T00:00:00
4219,MEGA63NP36,10,300,2024-03-30,False,2026-03-03T00:00:00
4220,SUPER4V2GXL,30,100,2027-02-19,False,2023-08-05T00:00:00
4221,SALE57IMDL,5,150,2024-02-13,False,2024-07-25T00:00:00
4222,MEGA10U9JQ,5,150,2025-09-08,False,2023-03-14T00:00:00
4223,MEGA45Q2DK,25,150,2023-10-30,False,2026-02-20T00:00:00
4224,SUPER1B0S8Z,5,100,2024-12-28,False,2024-08-23T00:00:00
4225,OFFV3TAD4,5,150,2025-10-17,False,2023-10-23T00:00:00
4226,SAVEGNQJY0,30,100,2025-01-08,False,2023-04-07T00:00:00
4227,MEGALUEECY,5,300,2023-01-08,False,2026-03-22T00:00:00
4228,SAVEYLQL3F,20,200,2026-09-11,False,2023-07-18T00:00:00
4229,SALETO9ZIQ,40,100,2026-06-21,True,2023-10-19T00:00:00
4230,TOP0TWKB9,25,100,2024-05-24,False,2024-09-04T00:00:00
4231,SUPER22GSU9,25,500,2027-01-21,False,2025-02-12T00:00:00
4232,PROMO3UZGIK,50,150,2023-03-05,False,2024-07-29T00:00:00
4233,SALEU47I9O,20,50,2023-11-19,False,2024-10-13T00:00:00
4234,OFF7XVDES,15,50,2023-05-11,False,2026-01-09T00:00:00
4235,SUPERVGRZFR,20,100,2026-11-27,False,2023-11-04T00:00:00
4236,MEGAUTQ7L1,20,300,2026-06-01,False,2023-02-05T00:00:00
4237,MEGAY9NRRV,15,150,2024-05-08,False,2023-09-16T00:00:00
4238,PROMOTN2ROT,20,500,2025-12-20,False,2023-12-12T00:00:00
4239,SUPERXS9YFJ,25,300,2023-03-12,False,2024-08-18T00:00:00
4240,DESCQP3KTD,15,200,2027-09-14,True,2025-11-24T00:00:00
4241,SAVEZC8UHC,10,100,2023-08-17,False,2025-11-08T00:00:00
4242,SALE22W05C,5,500,2027-04-27,True,2024-12-03T00:00:00
4243,DESC1TCI02,10,100,2027-02-23,True,2023-01-22T00:00:00
4244,MEGAC1DAYO,25,50,2024-09-05,False,2026-02-23T00:00:00
4245,SAVECHFQ32,40,100,2025-08-16,False,2025-09-18T00:00:00
4246,TOPCI04RF,25,150,2025-11-24,False,2023-10-04T00:00:00
4247,SAVEB0C59R,10,100,2024-02-02,False,2025-12-26T00:00:00
4248,MEGAHS7VFU,15,100,2026-01-22,False,2026-02-10T00:00:00
4249,SUPERQKOCX7,20,300,2024-08-08,False,2025-04-02T00:00:00
4250,TOPG56T3C,30,500,2026-07-13,True,2026-05-29T00:00:00
4251,OFFRPCJ8N,10,100,2025-01-19,False,2024-03-26T00:00:00
4252,PROMON0JT2T,30,200,2025-05-01,False,2025-05-28T00:00:00
4253,OFFIRA6U6,50,200,2024-06-22,False,2023-08-14T00:00:00
4254,PROMO0KZFG6,10,50,2025-07-30,False,2023-06-04T00:00:00
4255,OFFS1N34O,25,500,2026-01-23,False,2023-02-17T00:00:00
4256,SUPER8JID77,5,150,2027-06-19,True,2025-01-27T00:00:00
4257,SUPERW60K8K,20,100,2023-10-09,False,2025-12-21T00:00:00
4258,SALEGNDAQZ,5,50,2023-08-03,False,2023-07-27T00:00:00
4259,SUPERALAH38,20,500,2024-01-20,False,2024-02-27T00:00:00
4260,SAVEBP8YD1,15,300,2027-03-09,True,2024-03-24T00:00:00
4261,DESCR2849S,40,100,2027-06-29,True,2024-07-07T00:00:00
4262,SUPERIMW7T3,30,500,2024-08-26,False,2023-11-29T00:00:00
4263,OFFV0ORXT,10,150,2025-05-20,False,2024-11-06T00:00:00
4264,DESCYERSUG,25,300,2024-02-26,False,2024-04-11T00:00:00
4265,SUPER6DBHZ8,20,150,2027-05-11,True,2023-03-12T00:00:00
4266,SUPER5BGSVV,25,50,2025-10-06,False,2025-03-19T00:00:00
4267,TOPQDB3O2,10,100,2027-05-13,True,2025-01-02T00:00:00
4268,SUPERPMD1NG,5,200,2026-05-17,False,2024-01-12T00:00:00
4269,OFF2QNOPI,10,50,2024-10-14,False,2026-01-24T00:00:00
4270,DESCCDBRJ7,10,200,2023-12-22,False,2025-01-06T00:00:00
4271,PROMOFRRTAK,10,100,2025-09-13,False,2023-07-11T00:00:00
4272,SAVENHF928,25,300,2025-03-25,False,2023-04-13T00:00:00
4273,SAVES9DBZS,25,50,2025-11-20,False,2025-05-02T00:00:00
4274,SUPERU7BOBJ,30,500,2024-01-26,False,2024-10-19T00:00:00
4275,SAVE8C611J,5,300,2026-01-06,False,2023-10-07T00:00:00
4276,OFF4PWSOO,10,200,2025-07-02,False,2023-07-07T00:00:00
4277,SAVEAFS2FR,50,200,2025-09-26,False,2024-04-21T00:00:00
4278,PROMO9Z81RP,15,100,2024-04-01,False,2024-09-14T00:00:00
4279,MEGALY5J5C,10,300,2027-04-18,True,2024-08-10T00:00:00
4280,OFF5SBDMJ,20,100,2024-07-03,False,2024-11-12T00:00:00
4281,SALEW42GCF,15,500,2023-01-04,False,2023-07-28T00:00:00
4282,DESCC9VAWT,25,50,2027-05-02,True,2024-03-25T00:00:00
4283,OFFFNJ746,25,50,2023-07-18,False,2025-10-11T00:00:00
4284,SALE8XL6FO,25,150,2025-09-18,False,2023-08-19T00:00:00
4285,SALE9RCJF3,40,300,2027-06-08,True,2024-11-17T00:00:00
4286,SALEYA0LA7,50,50,2023-12-11,False,2024-03-06T00:00:00
4287,OFFO3BPKL,5,300,2026-10-19,True,2023-06-04T00:00:00
4288,SALEI42MH7,15,150,2024-07-10,False,2023-05-20T00:00:00
4289,TOPBLLK09,30,200,2024-07-20,False,2023-08-02T00:00:00
4290,OFFNRTOA1,15,50,2024-02-16,False,2023-12-29T00:00:00
4291,SALEAZ6DY3,50,50,2025-04-17,False,2025-09-03T00:00:00
4292,DESC6G7ZB2,20,200,2026-03-18,False,2024-11-30T00:00:00
4293,TOPET2AMR,10,500,2026-08-17,True,2025-02-22T00:00:00
4294,SUPERTUY8FW,25,200,2026-05-07,False,2023-08-22T00:00:00
4295,MEGASQX0XB,30,300,2024-05-17,False,2026-03-19T00:00:00
4296,TOPISXRRH,10,50,2026-09-29,True,2023-12-25T00:00:00
4297,TOP61JSCA,20,200,2025-07-13,False,2026-03-11T00:00:00
4298,TOPF8SRLI,10,500,2027-01-06,False,2025-11-26T00:00:00
4299,PROMO2S3KS7,30,100,2025-07-27,False,2025-05-09T00:00:00
4300,MEGAB82FYA,25,150,2026-11-06,True,2025-08-20T00:00:00
4301,PROMO6548C5,5,100,2024-07-07,False,2025-06-05T00:00:00
4302,PROMOWJT4PI,40,500,2025-10-30,False,2024-07-16T00:00:00
4303,TOPSQF8DN,10,500,2027-04-04,True,2024-09-13T00:00:00
4304,SAVERH1369,25,150,2023-07-11,False,2025-03-19T00:00:00
4305,SUPERZRNBDA,50,50,2024-08-07,False,2024-12-11T00:00:00
4306,TOPMIG5UB,50,200,2023-08-08,False,2024-04-09T00:00:00
4307,OFFRBEXKN,5,500,2023-09-12,False,2024-01-17T00:00:00
4308,OFFIMXIGP,40,500,2027-11-06,True,2023-06-08T00:00:00
4309,SAVEV805UA,30,50,2024-04-06,False,2025-11-23T00:00:00
4310,MEGAL7LLAN,40,100,2027-07-09,False,2023-01-06T00:00:00
4311,DESC7JAG5Z,40,200,2026-01-09,False,2024-01-04T00:00:00
4312,DESC4EBWO2,20,500,2024-10-28,False,2025-10-28T00:00:00
4313,OFF2ERUHL,25,50,2023-01-04,False,2024-05-19T00:00:00
4314,DESCIGC6AC,50,50,2027-02-27,True,2023-12-02T00:00:00
4315,PROMOS1AHRS,25,50,2024-09-04,False,2026-05-08T00:00:00
4316,OFFDWXMGX,40,300,2027-02-10,True,2025-11-12T00:00:00
4317,SUPERU18H9H,15,300,2024-05-04,False,2023-12-07T00:00:00
4318,SUPERLHIROI,10,500,2027-05-05,True,2023-08-27T00:00:00
4319,DESCPKLHNK,10,300,2027-06-19,True,2025-11-05T00:00:00
4320,MEGAAT9LEJ,30,500,2026-10-11,True,2025-08-07T00:00:00
4321,SAVE10H7Y4,30,200,2025-12-21,False,2023-06-20T00:00:00
4322,OFFJBQ0TO,50,100,2023-11-02,False,2024-11-30T00:00:00
4323,TOPEX1MVK,50,500,2023-09-21,False,2024-11-25T00:00:00
4324,PROMOTK8S0W,10,200,2026-01-01,False,2025-01-21T00:00:00
4325,PROMOBX0VT4,5,50,2023-11-04,False,2023-02-10T00:00:00
4326,OFFNX07L7,25,200,2027-04-16,True,2026-06-10T00:00:00
4327,DESCLL32DZ,5,50,2025-04-24,False,2026-02-02T00:00:00
4328,TOPHLFBF9,10,300,2026-08-10,True,2025-03-18T00:00:00
4329,TOPJS1UD5,50,150,2024-04-24,False,2024-09-14T00:00:00
4330,OFF3TYEV5,20,300,2027-03-11,False,2023-09-21T00:00:00
4331,MEGAOQ6EDR,25,200,2025-09-17,False,2026-02-07T00:00:00
4332,SALEKIXPQT,15,150,2024-10-16,False,2025-06-24T00:00:00
4333,MEGAII9S66,10,50,2027-12-05,True,2026-03-22T00:00:00
4334,PROMO2CYB4I,50,50,2023-01-18,False,2025-08-25T00:00:00
4335,SUPERWFCKF0,50,200,2023-05-06,False,2023-11-27T00:00:00
4336,TOPWPZL8F,30,150,2026-07-20,True,2025-09-07T00:00:00
4337,SALEK66NJK,25,200,2027-07-26,True,2024-02-05T00:00:00
4338,SAVE4TEYG1,15,500,2027-09-11,True,2024-08-17T00:00:00
4339,OFF6VQOB7,40,200,2025-01-14,False,2024-10-20T00:00:00
4340,SUPER8UBORR,25,300,2024-08-27,False,2023-12-10T00:00:00
4341,SUPER3NZQN8,10,50,2027-08-09,False,2025-01-08T00:00:00
4342,SALE4Y28PE,20,300,2024-09-23,False,2025-05-11T00:00:00
4343,PROMOBVYKGS,30,50,2025-02-16,False,2026-06-03T00:00:00
4344,SUPERWS1MZB,25,50,2024-03-08,False,2023-09-14T00:00:00
4345,SALE0N1FPO,20,150,2027-11-07,True,2024-03-04T00:00:00
4346,SALE6YRBIL,25,200,2027-10-18,True,2025-08-19T00:00:00
4347,MEGAKHQ527,15,50,2027-09-10,True,2026-01-05T00:00:00
4348,MEGAWI6NI7,20,100,2024-09-25,False,2024-08-23T00:00:00
4349,TOP7SVJFL,30,500,2025-12-19,False,2023-02-01T00:00:00
4350,TOPARBFBR,25,50,2024-04-06,False,2025-08-09T00:00:00
4351,DESCFSH9SC,40,300,2026-01-07,False,2023-05-11T00:00:00
4352,PROMOI9SMM9,30,100,2025-01-03,False,2024-04-15T00:00:00
4353,MEGAU1RNKQ,50,500,2023-10-09,False,2025-07-12T00:00:00
4354,MEGA1QZTL8,20,300,2026-06-18,True,2023-07-23T00:00:00
4355,PROMO2QX9MM,50,100,2027-06-21,False,2024-01-16T00:00:00
4356,TOPHE7S19,25,100,2023-12-31,False,2025-04-05T00:00:00
4357,MEGAOVRYGC,40,200,2026-09-29,True,2025-11-02T00:00:00
4358,SAVE20WU47,30,100,2026-07-30,True,2023-09-27T00:00:00
4359,SALE0957GL,40,500,2024-05-20,False,2024-11-13T00:00:00
4360,TOP8RRTC7,10,50,2023-01-10,False,2023-11-22T00:00:00
4361,DESCC3NO3G,40,500,2027-09-03,True,2024-03-23T00:00:00
4362,TOPDCPBCU,50,50,2024-11-03,False,2025-03-02T00:00:00
4363,SUPERSHJ81R,15,100,2027-09-03,True,2025-07-07T00:00:00
4364,SALEHVO1PN,25,200,2024-05-25,False,2026-04-26T00:00:00
4365,TOPNN0MUR,15,500,2023-01-08,False,2023-05-17T00:00:00
4366,OFFSLCWRA,30,300,2025-05-31,False,2025-10-07T00:00:00
4367,SAVEDEFSRE,40,100,2025-09-15,False,2024-06-12T00:00:00
4368,PROMOR46DWI,30,300,2024-08-14,False,2026-02-03T00:00:00
4369,SAVE9R97IS,10,150,2027-09-30,True,2025-12-25T00:00:00
4370,TOPEAOZ1Z,20,200,2025-05-06,False,2025-08-09T00:00:00
4371,SUPER5QSQKW,40,50,2023-05-29,False,2024-07-21T00:00:00
4372,TOP0Y972W,25,300,2027-02-03,True,2023-03-06T00:00:00
4373,OFFE5NZ95,15,50,2025-07-22,False,2023-10-04T00:00:00
4374,PROMOFB13DW,20,500,2025-10-24,False,2024-02-18T00:00:00
4375,DESC5ONZ2Z,15,100,2024-11-06,False,2023-01-31T00:00:00
4376,SALE8R31NZ,25,100,2023-06-29,False,2025-10-29T00:00:00
4377,TOPO45EEZ,20,300,2024-09-01,False,2024-04-30T00:00:00
4378,SALEI446RJ,10,200,2026-11-05,True,2025-09-07T00:00:00
4379,OFFCGT431,10,50,2025-05-18,False,2023-12-25T00:00:00
4380,DESC9S9KHT,10,100,2027-11-29,True,2023-10-31T00:00:00
4381,SALESMIAZF,50,500,2024-05-22,False,2025-02-15T00:00:00
4382,MEGAWX6PJY,40,50,2023-02-27,False,2023-11-05T00:00:00
4383,OFFXA2VSA,40,100,2027-12-12,True,2025-09-03T00:00:00
4384,SUPERU8OUJT,25,100,2027-07-09,True,2023-10-23T00:00:00
4385,MEGAEH3ZAH,30,500,2026-11-07,True,2024-09-28T00:00:00
4386,PROMOP8ILA7,25,150,2026-06-07,False,2023-11-24T00:00:00
4387,PROMO0DPPQX,10,300,2027-10-29,False,2023-03-15T00:00:00
4388,SUPERZTA077,30,150,2023-07-26,False,2023-09-13T00:00:00
4389,SAVEKPEBXZ,50,500,2023-10-10,False,2023-07-04T00:00:00
4390,SUPERMNERJG,50,200,2027-08-07,True,2024-04-02T00:00:00
4391,OFFUO3FHN,50,300,2025-07-19,False,2024-02-05T00:00:00
4392,OFFQ1HIA3,25,150,2023-12-26,False,2025-02-12T00:00:00
4393,TOPQ7YDTC,20,500,2023-02-08,False,2025-02-10T00:00:00
4394,MEGAKTAD1X,10,100,2025-11-24,False,2025-06-20T00:00:00
4395,SUPERCTGCIR,5,500,2023-08-14,False,2025-10-24T00:00:00
4396,SAVE3AYUJU,20,150,2027-04-15,True,2023-08-05T00:00:00
4397,SAVE0ULE8T,40,150,2023-02-25,False,2023-10-20T00:00:00
4398,SALERWAS9K,5,50,2026-10-18,True,2025-11-05T00:00:00
4399,SUPERBVDZGN,30,100,2023-04-30,False,2025-06-04T00:00:00
4400,SALEDS60LK,10,200,2024-02-27,False,2024-11-24T00:00:00
4401,SAVECJKXLB,10,50,2025-08-05,False,2025-08-21T00:00:00
4402,SUPERIHC5RK,10,200,2025-05-25,False,2025-05-12T00:00:00
4403,OFFCVFH3W,5,500,2025-12-20,False,2023-04-19T00:00:00
4404,SUPERVMEBZL,40,50,2023-07-17,False,2025-12-09T00:00:00
4405,OFFC0V4G0,5,150,2026-01-02,False,2025-11-27T00:00:00
4406,DESC7CLDZ8,5,500,2025-11-06,False,2024-05-09T00:00:00
4407,TOPSB60HS,50,100,2025-10-25,False,2025-06-24T00:00:00
4408,SALERIZWOB,10,200,2023-06-19,False,2025-12-14T00:00:00
4409,OFF4JUXMY,20,300,2027-05-31,True,2024-07-21T00:00:00
4410,SALE7EKM3W,20,200,2026-10-05,True,2024-03-05T00:00:00
4411,SAVEBK8JCY,15,200,2025-01-25,False,2025-06-28T00:00:00
4412,SALE4AZIF7,20,300,2026-12-22,True,2024-08-10T00:00:00
4413,SAVER66X7S,15,500,2024-04-15,False,2024-05-13T00:00:00
4414,OFFGSZC7M,20,200,2025-09-15,False,2024-07-19T00:00:00
4415,SAVE734F1N,30,50,2023-08-06,False,2023-05-31T00:00:00
4416,OFFYW1P8J,50,100,2027-12-17,False,2024-06-05T00:00:00
4417,SALE7JNM45,40,200,2023-01-29,False,2025-10-28T00:00:00
4418,SUPERLNZKYP,40,200,2023-02-18,False,2023-11-14T00:00:00
4419,OFFI0JZRK,5,200,2023-10-22,False,2023-06-30T00:00:00
4420,DESCS0K2VL,50,100,2026-05-29,False,2023-07-26T00:00:00
4421,OFF75X10M,50,500,2024-05-15,False,2025-10-15T00:00:00
4422,SAVE83UBCH,30,500,2024-10-15,False,2023-01-22T00:00:00
4423,PROMOO6Q6V7,15,50,2027-02-25,True,2025-03-12T00:00:00
4424,SALE904S6J,30,500,2023-04-27,False,2024-11-11T00:00:00
4425,OFFE5VISW,15,500,2025-04-22,False,2025-10-04T00:00:00
4426,DESCTZS2AV,10,200,2023-07-05,False,2025-05-16T00:00:00
4427,DESCC1A77R,50,150,2027-07-01,False,2025-03-28T00:00:00
4428,SAVEHC6TO5,25,150,2025-08-08,False,2024-06-01T00:00:00
4429,SUPERTWMDM3,30,200,2023-04-25,False,2025-10-05T00:00:00
4430,SUPERP2O25E,25,300,2026-08-07,True,2023-04-28T00:00:00
4431,PROMOX6FORT,30,200,2027-03-21,False,2023-11-09T00:00:00
4432,SALEXS9W3S,25,500,2023-03-06,False,2024-01-16T00:00:00
4433,PROMO5NJ2NO,15,50,2024-11-26,False,2025-10-16T00:00:00
4434,SALEBH9FHD,40,200,2024-07-06,False,2026-02-24T00:00:00
4435,SALE3T8QQZ,30,150,2027-07-12,True,2025-02-19T00:00:00
4436,SUPER63ARAV,5,150,2023-09-02,False,2025-08-24T00:00:00
4437,SAVEJ21HKA,40,150,2027-04-08,True,2026-06-09T00:00:00
4438,TOPA549XH,10,100,2023-08-16,False,2024-10-21T00:00:00
4439,MEGAW7S6EZ,20,100,2026-10-10,False,2025-06-13T00:00:00
4440,DESCRWQWAJ,20,500,2026-11-04,False,2023-05-18T00:00:00
4441,SUPERY1NJNW,15,500,2026-06-17,True,2023-12-05T00:00:00
4442,SUPERTC6OVI,5,50,2024-11-13,False,2024-05-05T00:00:00
4443,SAVE7B47U2,25,150,2024-04-27,False,2023-02-21T00:00:00
4444,DESCRKFYPF,25,50,2024-11-20,False,2025-01-24T00:00:00
4445,SALEN5OYID,20,300,2027-10-26,False,2024-04-20T00:00:00
4446,SUPERKP0SMC,10,500,2023-06-15,False,2025-11-01T00:00:00
4447,SALEG7BBLK,30,150,2026-12-12,False,2025-04-12T00:00:00
4448,TOPFUHPAR,5,100,2025-07-03,False,2024-12-02T00:00:00
4449,PROMO0QWG9Q,50,100,2024-02-04,False,2025-03-16T00:00:00
4450,PROMONNTM73,5,300,2027-08-31,False,2026-03-31T00:00:00
4451,PROMOK9ESO3,20,50,2023-04-22,False,2026-01-13T00:00:00
4452,SAVEWG1QLJ,50,300,2026-10-30,True,2024-07-31T00:00:00
4453,OFFXEMODX,25,150,2026-07-13,True,2025-02-17T00:00:00
4454,OFF9YD098,10,300,2023-04-09,False,2024-02-09T00:00:00
4455,PROMOKT9PQP,15,200,2025-06-29,False,2025-04-23T00:00:00
4456,SAVEUQYWYR,30,50,2026-07-17,False,2025-06-07T00:00:00
4457,MEGAK2VDNF,25,150,2025-01-25,False,2023-02-09T00:00:00
4458,SUPERBBLCW7,5,300,2025-07-30,False,2026-03-02T00:00:00
4459,SAVE8SXC2P,5,200,2023-11-27,False,2026-04-10T00:00:00
4460,SUPERMJJAAN,25,200,2026-05-25,False,2025-08-28T00:00:00
4461,SUPER7V2VN1,10,100,2026-12-30,False,2023-08-09T00:00:00
4462,MEGA3MSIPK,20,200,2024-04-19,False,2023-08-24T00:00:00
4463,SALEWUV79V,40,50,2026-02-11,False,2025-10-17T00:00:00
4464,PROMOGGGNH7,20,500,2027-05-01,True,2025-04-30T00:00:00
4465,PROMO2M511E,20,200,2026-08-03,False,2023-09-27T00:00:00
4466,OFF6JPRTM,30,50,2023-04-14,False,2026-02-14T00:00:00
4467,TOP6EW4JP,10,50,2024-08-21,False,2024-07-26T00:00:00
4468,OFF30MQD0,30,300,2024-05-16,False,2025-05-21T00:00:00
4469,MEGAR1P0T3,10,150,2024-09-01,False,2026-04-25T00:00:00
4470,SALE9JAJGC,25,50,2026-03-03,False,2024-12-25T00:00:00
4471,SUPER93YB1U,20,150,2027-12-08,True,2026-05-15T00:00:00
4472,DESC710N9V,15,50,2025-11-07,False,2025-08-12T00:00:00
4473,TOP85352M,50,200,2026-11-12,True,2024-09-16T00:00:00
4474,MEGA4OK47V,5,150,2026-01-26,False,2025-08-02T00:00:00
4475,DESCSH1IEM,50,500,2023-04-08,False,2023-01-26T00:00:00
4476,SALE7P35D4,40,500,2024-05-24,False,2025-05-27T00:00:00
4477,SUPERVUFKNJ,20,150,2024-04-05,False,2024-05-01T00:00:00
4478,PROMO0AWNMI,10,150,2023-01-03,False,2026-02-03T00:00:00
4479,DESCGQ8I57,30,100,2026-03-23,False,2024-01-29T00:00:00
4480,SAVENKFOWE,15,150,2023-03-05,False,2025-11-20T00:00:00
4481,TOPJX4M6V,50,500,2026-12-15,False,2025-03-23T00:00:00
4482,SAVE9CK7LH,5,150,2025-08-17,False,2024-07-01T00:00:00
4483,SUPERVVVBIF,20,200,2025-09-26,False,2026-04-13T00:00:00
4484,SAVEOT3OUS,40,100,2027-07-30,True,2025-03-23T00:00:00
4485,DESC26I4KH,5,150,2024-07-10,False,2025-08-29T00:00:00
4486,SUPER3PQIAA,15,100,2026-02-23,False,2025-02-27T00:00:00
4487,PROMOUDXDXJ,50,150,2025-10-12,False,2024-10-31T00:00:00
4488,DESCNO3JWM,15,200,2025-05-05,False,2025-12-23T00:00:00
4489,SALEPZI1Z7,15,300,2024-04-02,False,2024-11-24T00:00:00
4490,DESCEPUZ1B,25,100,2023-10-23,False,2023-10-31T00:00:00
4491,DESCQHPQPW,40,50,2025-10-29,False,2025-03-11T00:00:00
4492,MEGAQHS4T2,15,300,2024-03-02,False,2024-01-12T00:00:00
4493,SUPERLRFUYD,40,200,2025-04-16,False,2024-02-13T00:00:00
4494,OFFQ6217N,50,300,2024-06-30,False,2024-06-14T00:00:00
4495,SAVE965NQG,40,150,2024-09-28,False,2025-12-08T00:00:00
4496,OFF8C059T,25,500,2025-04-23,False,2024-07-13T00:00:00
4497,SUPERWETNS9,50,50,2027-08-10,True,2024-01-30T00:00:00
4498,SAVEIOAVM5,10,50,2023-09-23,False,2024-06-30T00:00:00
4499,OFFOVXKOG,5,300,2026-09-01,True,2023-01-04T00:00:00
4500,PROMO35Y2WR,15,150,2024-08-07,False,2023-07-16T00:00:00
4501,DESCH9Y2CG,25,300,2024-04-04,False,2024-07-16T00:00:00
4502,SALEKBPI9Y,5,300,2023-07-25,False,2024-10-01T00:00:00
4503,TOP6GHL4K,40,100,2025-03-25,False,2024-10-26T00:00:00
4504,DESCPCWNF2,50,300,2023-10-03,False,2025-12-13T00:00:00
4505,PROMO1V3WCP,20,500,2027-09-19,False,2026-02-27T00:00:00
4506,MEGAGCYTA8,25,150,2026-09-25,False,2026-03-25T00:00:00
4507,SALELQUTVF,50,500,2023-01-05,False,2026-03-27T00:00:00
4508,SAVE8C9UB2,25,150,2023-12-15,False,2023-08-23T00:00:00
4509,OFFG8WB9T,20,50,2023-06-09,False,2025-10-25T00:00:00
4510,TOPW1VFVJ,10,100,2026-02-26,False,2023-04-30T00:00:00
4511,DESC333N7E,40,200,2024-06-04,False,2023-11-16T00:00:00
4512,SAVE5O60PX,50,50,2026-06-01,False,2024-07-26T00:00:00
4513,SUPERS4185Q,25,100,2025-06-14,False,2025-10-06T00:00:00
4514,SAVENEXCLF,15,200,2026-12-12,True,2023-03-11T00:00:00
4515,SUPERE7TMN5,15,500,2025-04-24,False,2024-01-31T00:00:00
4516,SALEVTGM3Q,20,100,2024-04-18,False,2023-01-06T00:00:00
4517,SAVEKEN90Z,10,300,2023-04-27,False,2024-09-13T00:00:00
4518,TOP1RUU1L,15,150,2027-07-29,True,2023-05-30T00:00:00
4519,MEGAEAUUHB,15,150,2027-01-01,True,2025-03-29T00:00:00
4520,PROMOA4Y6QH,25,150,2025-06-07,False,2024-01-03T00:00:00
4521,OFFI6U0KA,10,150,2023-07-31,False,2024-06-18T00:00:00
4522,MEGADXNHK1,15,200,2026-03-16,False,2024-10-25T00:00:00
4523,SUPER3TXH4L,15,150,2025-09-25,False,2023-09-07T00:00:00
4524,MEGAE3ZR2D,20,100,2024-10-09,False,2024-08-12T00:00:00
4525,SUPERS33QHH,10,50,2026-09-03,True,2023-11-23T00:00:00
4526,OFFKYMNWF,50,150,2027-01-18,False,2024-11-06T00:00:00
4527,TOP5USW4I,20,150,2026-04-07,False,2023-08-09T00:00:00
4528,SALEORIC42,5,50,2024-01-19,False,2024-05-26T00:00:00
4529,SALE2ZHCDY,50,100,2026-05-24,False,2025-01-17T00:00:00
4530,TOPFN9GD4,25,100,2025-07-28,False,2025-04-23T00:00:00
4531,OFFELYFP6,25,150,2027-04-16,True,2023-04-12T00:00:00
4532,SUPER8G7HL4,10,100,2027-08-17,True,2025-04-30T00:00:00
4533,SUPER3O8AL3,5,150,2027-02-28,True,2025-01-04T00:00:00
4534,SALEK11IHK,50,150,2024-03-29,False,2025-06-09T00:00:00
4535,SAVEAXU612,20,500,2026-04-16,False,2023-05-29T00:00:00
4536,OFFFVQDGO,50,200,2027-12-31,True,2026-03-25T00:00:00
4537,TOP13NWH9,40,500,2024-11-29,False,2025-10-15T00:00:00
4538,MEGA0R8LPD,25,200,2027-11-24,True,2025-12-25T00:00:00
4539,MEGAJ73S2N,40,150,2027-12-23,True,2025-03-14T00:00:00
4540,SUPERT7HM1T,20,150,2024-05-30,False,2024-04-21T00:00:00
4541,SUPERD5RKQT,15,50,2027-12-15,True,2025-03-27T00:00:00
4542,SALE9LFGK3,50,150,2027-11-21,False,2026-02-26T00:00:00
4543,OFFI1VC2E,5,50,2026-05-23,False,2023-02-15T00:00:00
4544,SUPERNUS6U3,5,300,2025-10-12,False,2023-11-10T00:00:00
4545,MEGA8SVD3V,50,50,2025-06-04,False,2023-02-04T00:00:00
4546,SAVEBJSROM,20,500,2024-11-26,False,2023-08-22T00:00:00
4547,SAVED445ET,5,200,2024-11-02,False,2025-07-11T00:00:00
4548,MEGAYG923J,20,500,2025-09-13,False,2025-09-03T00:00:00
4549,DESC2ZM9ND,50,300,2025-03-10,False,2025-01-17T00:00:00
4550,SUPERRZD1PY,5,50,2024-10-31,False,2026-02-16T00:00:00
4551,SALEAJQMU4,15,500,2027-03-31,True,2025-11-21T00:00:00
4552,MEGAVIBRKC,15,300,2027-07-11,True,2026-04-14T00:00:00
4553,TOPD27WXV,30,50,2027-05-14,True,2026-04-30T00:00:00
4554,DESC3Q1HMN,5,100,2027-06-25,True,2025-07-16T00:00:00
4555,OFFD5VNVD,5,200,2025-11-09,False,2023-04-14T00:00:00
4556,PROMO9ST4JC,15,500,2027-02-26,True,2024-12-12T00:00:00
4557,MEGANVE0D2,30,50,2024-07-05,False,2025-12-01T00:00:00
4558,TOP6BRJPQ,30,50,2026-11-10,False,2025-01-15T00:00:00
4559,SAVEY7BYOD,30,150,2023-11-26,False,2025-03-01T00:00:00
4560,PROMOMEUI2D,40,500,2024-11-08,False,2023-02-28T00:00:00
4561,DESCUDQ1D0,50,200,2023-03-27,False,2025-09-18T00:00:00
4562,SUPERHSN22F,30,500,2026-05-06,False,2025-11-10T00:00:00
4563,SAVEAWZV3O,5,150,2026-01-10,False,2026-05-28T00:00:00
4564,PROMOU0GA7V,15,150,2025-02-12,False,2023-04-02T00:00:00
4565,MEGA772A6S,30,300,2023-10-11,False,2025-10-17T00:00:00
4566,OFFAKRXC3,25,50,2027-12-12,True,2025-08-16T00:00:00
4567,SALE892X82,5,300,2026-09-23,False,2024-12-05T00:00:00
4568,SALEOR7O7I,40,300,2026-04-16,False,2024-12-26T00:00:00
4569,PROMOEHJX56,10,150,2027-04-02,False,2026-03-07T00:00:00
4570,PROMOHRBQ80,40,100,2026-07-04,True,2024-09-01T00:00:00
4571,PROMO5RXU4K,30,500,2024-12-25,False,2024-12-14T00:00:00
4572,OFFDL2UMS,10,50,2023-11-04,False,2024-08-30T00:00:00
4573,DESCV0F8RI,20,150,2023-05-30,False,2026-03-19T00:00:00
4574,PROMODGVRIS,30,150,2024-07-21,False,2026-01-19T00:00:00
4575,MEGAMXU4K5,5,150,2023-08-18,False,2023-09-15T00:00:00
4576,MEGA8YFO9T,10,150,2025-05-12,False,2025-01-30T00:00:00
4577,OFF2GHT76,20,150,2027-01-14,True,2025-06-21T00:00:00
4578,SUPER5LJ3VZ,30,100,2027-01-25,False,2023-04-12T00:00:00
4579,SUPERGV1DN5,25,300,2025-08-27,False,2026-01-25T00:00:00
4580,SUPERBXCCI7,25,200,2026-05-28,False,2024-02-29T00:00:00
4581,PROMO7G19I8,50,200,2023-11-22,False,2023-08-05T00:00:00
4582,TOPCGWFKR,10,300,2024-01-10,False,2024-06-04T00:00:00
4583,TOPSMWWDO,15,100,2026-11-08,True,2025-10-21T00:00:00
4584,TOPV0GQTM,50,200,2025-01-21,False,2026-01-25T00:00:00
4585,TOPCWE3UZ,30,100,2023-11-10,False,2026-04-05T00:00:00
4586,SAVEE0T1FS,40,100,2025-03-01,False,2025-08-02T00:00:00
4587,PROMOK93LP9,20,500,2026-07-25,False,2025-09-05T00:00:00
4588,MEGAT9MV83,40,200,2023-12-12,False,2025-01-02T00:00:00
4589,SALEQD5JW4,50,100,2026-09-08,True,2024-05-24T00:00:00
4590,MEGAMM49BW,5,300,2024-01-01,False,2025-09-30T00:00:00
4591,SAVE3VYHMV,40,200,2024-03-14,False,2023-01-13T00:00:00
4592,PROMO1K05BZ,5,200,2027-10-06,True,2023-05-03T00:00:00
4593,SALESOAECO,50,150,2026-05-22,False,2025-09-01T00:00:00
4594,MEGAA67ULU,15,300,2025-08-13,False,2023-02-08T00:00:00
4595,SUPERG0K6EM,15,100,2025-06-12,False,2025-05-19T00:00:00
4596,MEGACAN8OU,50,200,2024-10-25,False,2025-06-11T00:00:00
4597,SALEXHUP5B,5,200,2024-02-11,False,2023-09-10T00:00:00
4598,SALEX8E1JN,20,100,2026-09-12,False,2024-02-19T00:00:00
4599,PROMO1GMX59,40,200,2024-05-12,False,2025-11-07T00:00:00
4600,DESCBV5VUL,25,300,2025-04-08,False,2024-09-15T00:00:00
4601,SAVEBXFAVS,50,300,2026-04-01,False,2024-12-27T00:00:00
4602,SALEO4LQND,20,50,2023-01-24,False,2024-08-26T00:00:00
4603,SUPERY1NAPR,15,100,2025-12-06,False,2023-02-25T00:00:00
4604,OFFVXK2K1,50,300,2024-08-11,False,2025-12-06T00:00:00
4605,OFFFOLZW1,10,50,2024-04-19,False,2026-04-03T00:00:00
4606,SALEH1XL7A,25,150,2025-07-26,False,2023-06-04T00:00:00
4607,DESCFFI5YM,50,50,2023-11-26,False,2026-03-03T00:00:00
4608,SUPERJL7EPA,5,150,2027-10-13,True,2025-06-08T00:00:00
4609,PROMORDV4JD,15,500,2024-01-16,False,2026-04-28T00:00:00
4610,SAVENR02EH,15,150,2025-10-09,False,2025-10-08T00:00:00
4611,SAVE76HZ1A,40,150,2023-01-26,False,2026-04-02T00:00:00
4612,DESCEE8K43,50,50,2025-03-02,False,2023-03-13T00:00:00
4613,PROMOLPJHHS,10,200,2023-01-29,False,2025-02-18T00:00:00
4614,MEGA8KFOUF,5,100,2026-05-27,False,2023-08-27T00:00:00
4615,DESCZ3IMT1,30,300,2023-03-09,False,2026-03-16T00:00:00
4616,DESC2XW3YF,30,100,2025-12-29,False,2023-05-30T00:00:00
4617,TOP35B628,10,200,2027-07-21,True,2023-05-03T00:00:00
4618,MEGAY4ES3Q,10,300,2024-11-11,False,2024-10-30T00:00:00
4619,SAVEPD9L4B,20,500,2025-10-01,False,2024-11-08T00:00:00
4620,OFF2506OI,20,50,2023-03-26,False,2024-01-22T00:00:00
4621,PROMODZFWQM,15,300,2026-06-21,True,2024-04-24T00:00:00
4622,MEGARM0WLQ,25,500,2024-11-04,False,2024-05-03T00:00:00
4623,SALE73KDTF,15,100,2027-05-14,True,2025-09-29T00:00:00
4624,OFFI7FU4A,15,200,2025-01-27,False,2025-05-20T00:00:00
4625,SUPER3JTX0J,50,300,2026-06-07,False,2023-08-04T00:00:00
4626,OFFK6SV7Z,10,500,2023-03-03,False,2023-02-23T00:00:00
4627,OFFBNGFSJ,5,300,2025-02-13,False,2024-09-18T00:00:00
4628,OFFO856GW,20,150,2023-12-21,False,2026-03-19T00:00:00
4629,TOPJLNWS2,25,150,2023-05-07,False,2024-04-23T00:00:00
4630,TOPS0RRSZ,5,500,2027-11-16,False,2026-03-17T00:00:00
4631,TOP5PY8L4,20,50,2027-09-15,False,2024-03-30T00:00:00
4632,SUPER0GPNSL,10,500,2025-12-31,False,2026-05-11T00:00:00
4633,SUPERWG2T9E,10,200,2027-12-20,False,2025-04-04T00:00:00
4634,DESCTHYRJQ,10,500,2026-05-06,False,2023-09-30T00:00:00
4635,SAVEUPZP1B,15,50,2026-09-22,True,2024-11-08T00:00:00
4636,SALEYBSENS,15,50,2027-02-24,False,2023-07-01T00:00:00
4637,MEGA0LW733,10,300,2024-05-23,False,2024-02-20T00:00:00
4638,TOP0V2JPQ,40,200,2027-02-26,True,2023-05-27T00:00:00
4639,TOP2MABTQ,40,50,2024-08-20,False,2025-11-08T00:00:00
4640,SAVEQN8NUY,50,500,2027-10-28,True,2024-12-18T00:00:00
4641,MEGAZEU9LU,10,100,2027-04-18,True,2025-02-26T00:00:00
4642,DESC8SJ0KL,5,500,2026-08-11,True,2023-03-24T00:00:00
4643,SUPER1TIWNO,20,100,2023-01-30,False,2023-10-11T00:00:00
4644,OFFBZNJIE,30,500,2027-06-17,False,2024-03-03T00:00:00
4645,DESCBGJ6BG,20,100,2025-03-20,False,2026-03-18T00:00:00
4646,TOPBXFQ9E,10,500,2023-08-16,False,2026-06-11T00:00:00
4647,DESCVL0YFH,50,50,2026-03-20,False,2023-05-08T00:00:00
4648,TOPQX8YV9,15,300,2027-10-14,True,2025-08-02T00:00:00
4649,TOPJ0G27I,10,300,2023-01-03,False,2023-08-12T00:00:00
4650,PROMO2IX5YY,20,50,2026-07-06,False,2023-02-18T00:00:00
4651,PROMOO2ZJG1,40,300,2026-09-23,True,2023-05-31T00:00:00
4652,TOPATXWLF,10,100,2025-01-21,False,2023-09-03T00:00:00
4653,SALEBJ2F1X,20,300,2026-02-12,False,2024-03-28T00:00:00
4654,SUPER5VMLRV,10,500,2024-11-10,False,2026-05-03T00:00:00
4655,DESCRCTCMK,25,150,2027-05-09,True,2025-04-07T00:00:00
4656,SAVE568ATD,10,100,2026-11-09,True,2026-03-06T00:00:00
4657,OFFAZ4MEC,25,150,2024-10-19,False,2024-04-19T00:00:00
4658,OFFOPYQG4,5,300,2026-09-21,True,2024-06-08T00:00:00
4659,SAVERN2GWR,40,300,2025-06-28,False,2023-05-22T00:00:00
4660,DESCP33L4M,10,200,2026-06-28,True,2025-05-15T00:00:00
4661,MEGANQTE0A,10,300,2025-01-14,False,2025-04-27T00:00:00
4662,SALENTRL8P,50,200,2026-07-03,False,2025-07-26T00:00:00
4663,MEGAI9MG2C,30,500,2025-12-16,False,2023-11-23T00:00:00
4664,PROMOWTV0LO,25,150,2025-06-09,False,2024-03-31T00:00:00
4665,SALETJT89K,50,200,2027-01-08,False,2025-03-17T00:00:00
4666,SAVE5PF7FU,25,50,2027-05-01,True,2023-10-15T00:00:00
4667,SUPER4N2RD3,50,300,2024-09-12,False,2025-07-27T00:00:00
4668,SAVE9PZIHV,40,300,2024-06-09,False,2025-10-31T00:00:00
4669,TOPNJ8WO7,5,500,2023-05-10,False,2025-08-12T00:00:00
4670,TOPNJ3NSB,25,100,2025-05-04,False,2024-04-21T00:00:00
4671,SALE0SC1GG,25,300,2025-11-25,False,2023-07-30T00:00:00
4672,MEGAL9PKZH,30,150,2026-10-30,True,2023-01-12T00:00:00
4673,SAVEANLG7K,50,100,2024-08-30,False,2023-06-17T00:00:00
4674,OFFI9QSVK,5,200,2027-06-03,True,2025-02-19T00:00:00
4675,OFF31JPV6,40,150,2026-04-24,False,2026-03-23T00:00:00
4676,SALE7FOQGY,40,200,2024-12-02,False,2024-11-07T00:00:00
4677,MEGAC4VZAU,50,100,2025-06-10,False,2025-02-12T00:00:00
4678,TOP5W0JW2,15,50,2023-11-14,False,2024-05-20T00:00:00
4679,OFFBIRF9V,5,200,2025-02-07,False,2024-10-04T00:00:00
4680,TOPMH76YB,20,150,2027-11-25,True,2023-06-20T00:00:00
4681,SALEKHOSW2,20,500,2026-06-23,True,2026-05-01T00:00:00
4682,PROMOAGFZUQ,5,50,2024-01-19,False,2024-04-15T00:00:00
4683,SAVEWQ93JG,25,150,2027-02-19,False,2026-03-05T00:00:00
4684,TOPUX0CFO,15,500,2027-04-19,True,2025-05-10T00:00:00
4685,SALE2WHSEH,20,300,2023-01-25,False,2024-11-16T00:00:00
4686,OFFG4N045,15,100,2026-09-11,False,2026-02-05T00:00:00
4687,TOPP4W9S2,15,150,2027-08-22,True,2025-03-27T00:00:00
4688,DESC0UPBT0,30,500,2027-05-18,True,2026-05-07T00:00:00
4689,TOPTYEVQN,15,300,2027-10-14,True,2024-02-13T00:00:00
4690,OFF713WOC,5,300,2026-02-06,False,2024-11-27T00:00:00
4691,OFF21ZRZR,25,500,2027-02-02,True,2026-03-02T00:00:00
4692,SAVE3WORJY,20,150,2023-04-25,False,2025-06-07T00:00:00
4693,SAVE78XQEK,40,300,2023-10-02,False,2024-07-13T00:00:00
4694,MEGA2XZF7Z,15,300,2027-11-22,False,2023-04-07T00:00:00
4695,SAVEO5KAPX,5,300,2025-02-21,False,2024-05-26T00:00:00
4696,OFFWFT8Y9,20,50,2024-05-24,False,2023-05-31T00:00:00
4697,MEGA5Y98YD,10,100,2023-12-28,False,2025-02-08T00:00:00
4698,OFFQX5GW5,20,500,2027-11-02,True,2023-02-12T00:00:00
4699,PROMOUOTNSM,25,300,2025-03-27,False,2024-08-04T00:00:00
4700,PROMONTY8OM,30,300,2025-11-27,False,2025-04-22T00:00:00
4701,DESCFA3V7F,15,100,2024-02-07,False,2024-10-10T00:00:00
4702,PROMO34MS1C,20,500,2025-10-01,False,2024-04-15T00:00:00
4703,SALEGO2Q67,50,150,2023-10-21,False,2025-10-20T00:00:00
4704,OFFVETYLK,40,500,2025-01-14,False,2024-05-15T00:00:00
4705,TOPUSDOPH,40,100,2023-11-18,False,2025-11-27T00:00:00
4706,TOP2FPMTC,20,200,2024-02-15,False,2023-06-22T00:00:00
4707,MEGA2O6LMT,40,300,2027-03-11,True,2023-10-15T00:00:00
4708,SUPERPPO3UK,25,150,2023-09-08,False,2025-04-13T00:00:00
4709,MEGA5XY0S9,10,150,2023-11-12,False,2024-05-31T00:00:00
4710,SAVE1ER8YR,25,100,2023-03-01,False,2023-05-05T00:00:00
4711,SALEL4WJSU,5,500,2024-03-14,False,2023-04-26T00:00:00
4712,MEGAQJ7AZ8,40,150,2026-04-30,False,2026-01-22T00:00:00
4713,SAVEK2XYE6,5,100,2026-03-12,False,2024-01-12T00:00:00
4714,SALEBUJSGX,50,100,2024-08-30,False,2024-11-20T00:00:00
4715,PROMO578MNX,50,500,2027-06-13,False,2026-03-17T00:00:00
4716,TOPE4QSCM,20,200,2027-05-11,True,2023-10-16T00:00:00
4717,TOPZNF93Z,50,150,2023-03-22,False,2024-08-29T00:00:00
4718,DESCXNR1XO,10,500,2027-03-20,False,2024-02-13T00:00:00
4719,DESCFC196G,10,100,2025-02-12,False,2025-12-08T00:00:00
4720,PROMOZYNJ7W,10,500,2023-05-21,False,2025-10-08T00:00:00
4721,SAVE7371F1,5,200,2027-11-17,True,2024-07-01T00:00:00
4722,DESCJSYH8Z,20,500,2025-04-02,False,2024-05-01T00:00:00
4723,OFFHLEMWF,30,500,2026-06-16,False,2023-11-15T00:00:00
4724,SUPERA0DFWH,20,200,2023-06-21,False,2025-12-17T00:00:00
4725,OFFRPEAVX,50,200,2023-03-10,False,2025-04-18T00:00:00
4726,SUPERPS7AII,20,200,2025-08-13,False,2024-07-27T00:00:00
4727,SUPER1ZYSIP,15,50,2023-11-28,False,2024-07-18T00:00:00
4728,SAVEED31OW,40,200,2027-11-27,True,2023-02-17T00:00:00
4729,DESC8WN4RI,25,500,2023-10-21,False,2023-05-29T00:00:00
4730,TOPE6O368,15,500,2027-06-07,True,2025-10-15T00:00:00
4731,TOP5R6C1Q,30,300,2024-10-11,False,2024-05-21T00:00:00
4732,SALE02L7GM,30,50,2023-10-08,False,2024-07-26T00:00:00
4733,MEGAHN9E19,25,200,2027-10-19,True,2025-07-30T00:00:00
4734,OFFY7SMKO,40,100,2024-04-01,False,2025-08-04T00:00:00
4735,PROMORBMYTR,30,300,2023-12-13,False,2023-06-02T00:00:00
4736,DESCVZEEYD,25,500,2027-12-25,True,2023-11-16T00:00:00
4737,DESCVXH467,10,500,2025-10-12,False,2026-04-22T00:00:00
4738,PROMOZB66P5,25,50,2023-11-01,False,2026-01-21T00:00:00
4739,TOPXM7635,50,150,2024-02-03,False,2025-01-15T00:00:00
4740,OFFKS0QWA,10,500,2025-05-09,False,2023-11-18T00:00:00
4741,MEGADF8TZA,40,100,2024-11-20,False,2023-02-21T00:00:00
4742,MEGA0WQYV9,15,200,2024-06-15,False,2023-05-06T00:00:00
4743,PROMO8WNBY9,20,100,2026-10-30,True,2025-08-29T00:00:00
4744,TOPLECYWH,15,300,2025-02-17,False,2024-10-29T00:00:00
4745,SALETAE6CW,40,300,2025-05-13,False,2025-02-24T00:00:00
4746,TOPX2PMWF,15,300,2023-05-11,False,2025-05-02T00:00:00
4747,TOPAR4A70,50,300,2023-03-09,False,2023-10-21T00:00:00
4748,SALEK2Y4FR,10,100,2027-05-07,True,2026-05-28T00:00:00
4749,SALELZ18BK,30,150,2026-11-14,False,2025-07-25T00:00:00
4750,SALEHBRQZ1,20,100,2026-01-21,False,2026-03-16T00:00:00
4751,SUPER8F9LS0,40,200,2024-08-11,False,2024-06-01T00:00:00
4752,SAVEQ45TPD,40,100,2025-12-04,False,2023-09-15T00:00:00
4753,OFFLG1ST4,50,200,2025-04-26,False,2024-08-16T00:00:00
4754,OFF7SEFPF,40,500,2025-02-27,False,2025-09-17T00:00:00
4755,OFF9RH1K2,50,50,2024-09-22,False,2025-04-13T00:00:00
4756,DESCN6B3AS,40,200,2024-02-19,False,2025-05-03T00:00:00
4757,SAVEW0F1A7,10,200,2023-11-07,False,2024-06-07T00:00:00
4758,MEGAWTXM2N,40,100,2026-02-04,False,2023-08-04T00:00:00
4759,TOP9BKYL4,50,500,2027-09-20,True,2024-03-18T00:00:00
4760,PROMOE11WDD,10,50,2023-09-22,False,2024-03-15T00:00:00
4761,MEGAYD7M4P,50,50,2023-02-13,False,2024-10-30T00:00:00
4762,SALE6GAHUN,10,500,2023-01-24,False,2025-11-25T00:00:00
4763,TOPUENYQR,30,200,2023-08-27,False,2024-03-13T00:00:00
4764,TOP1BVMAD,5,300,2023-08-03,False,2026-05-15T00:00:00
4765,TOPAHB7VG,30,50,2027-10-20,False,2023-10-02T00:00:00
4766,MEGAEGXHJ7,20,300,2026-04-06,False,2025-06-28T00:00:00
4767,DESCSNDYP4,25,100,2023-12-18,False,2025-11-17T00:00:00
4768,PROMOBY807D,30,200,2025-11-08,False,2024-02-10T00:00:00
4769,SUPERWHHF7L,20,50,2026-07-23,True,2023-07-13T00:00:00
4770,TOP52CH8I,10,500,2026-12-28,True,2023-03-26T00:00:00
4771,SUPERADMLC9,50,100,2026-03-29,False,2024-06-24T00:00:00
4772,TOPF2GBHP,25,150,2026-04-02,False,2024-08-29T00:00:00
4773,PROMO34X0O7,50,150,2023-06-26,False,2023-09-20T00:00:00
4774,SAVEGEEKS8,25,300,2026-04-09,False,2023-09-27T00:00:00
4775,SAVEBTAMMA,50,500,2023-06-07,False,2023-10-08T00:00:00
4776,DESCQU8D1Z,15,100,2026-12-15,True,2024-08-03T00:00:00
4777,SUPEREJVJ0D,50,150,2025-10-08,False,2025-12-09T00:00:00
4778,DESCGEKRD9,30,150,2027-03-14,True,2023-11-07T00:00:00
4779,SUPERL21QFI,20,50,2026-02-01,False,2024-10-07T00:00:00
4780,SUPEROLQ9O4,5,300,2025-05-27,False,2024-02-17T00:00:00
4781,OFFJSGM05,10,200,2027-09-20,False,2023-04-07T00:00:00
4782,PROMO7XFHI9,15,300,2027-04-11,False,2023-09-10T00:00:00
4783,SAVEZ0AKHB,5,50,2023-02-14,False,2024-12-27T00:00:00
4784,MEGAB5UMRW,30,100,2026-05-18,False,2024-10-02T00:00:00
4785,OFFZQ6EES,15,200,2025-12-10,False,2023-03-11T00:00:00
4786,PROMOCBY11W,40,300,2024-11-19,False,2026-06-11T00:00:00
4787,SALEK791C5,40,150,2027-05-20,True,2026-05-30T00:00:00
4788,TOP21CWGU,20,300,2023-10-07,False,2023-11-22T00:00:00
4789,OFF41PUZZ,15,200,2027-05-04,False,2023-01-09T00:00:00
4790,SAVE0XIRZD,15,200,2027-07-18,True,2023-02-14T00:00:00
4791,DESCCKZ2I4,25,300,2027-10-03,False,2024-04-02T00:00:00
4792,MEGADWO0GS,30,300,2024-05-28,False,2025-05-12T00:00:00
4793,OFFMDREV3,25,500,2027-01-11,True,2024-04-08T00:00:00
4794,OFFA5RFGV,10,200,2025-06-30,False,2023-09-12T00:00:00
4795,SAVEJ7Z541,5,150,2026-06-13,False,2025-07-10T00:00:00
4796,TOP1RHER0,40,50,2026-02-13,False,2023-01-15T00:00:00
4797,SAVE59HOOH,10,300,2024-06-10,False,2023-02-10T00:00:00
4798,OFF5BZ9KC,15,200,2023-04-28,False,2024-06-11T00:00:00
4799,SALEI4ERAS,5,50,2026-09-30,False,2025-02-23T00:00:00
4800,SALEBZD3DN,20,200,2025-02-06,False,2026-02-08T00:00:00
4801,SUPERDQVCGS,25,300,2025-05-21,False,2025-02-01T00:00:00
4802,SALE9JLPB5,25,200,2024-07-15,False,2023-09-05T00:00:00
4803,TOP5EREOH,25,150,2026-04-02,False,2026-01-31T00:00:00
4804,MEGAE83LS1,5,150,2026-07-24,True,2025-08-16T00:00:00
4805,SAVEMSD8XI,10,150,2025-12-21,False,2024-09-06T00:00:00
4806,PROMORZDRRF,5,100,2025-08-06,False,2024-04-25T00:00:00
4807,TOPGNDZJX,30,150,2023-04-24,False,2023-03-10T00:00:00
4808,SAVE3F8EPR,5,150,2023-01-21,False,2023-07-10T00:00:00
4809,SUPER7RT3EE,30,500,2024-05-07,False,2026-02-15T00:00:00
4810,SALE46TZT9,30,200,2024-02-11,False,2025-07-04T00:00:00
4811,SUPERIUARIZ,5,100,2025-10-03,False,2026-03-02T00:00:00
4812,MEGAND3G8K,25,150,2027-04-02,False,2024-05-10T00:00:00
4813,OFFWKENIZ,10,50,2024-02-28,False,2025-07-17T00:00:00
4814,SUPER5XTS1Z,30,500,2027-12-14,True,2025-04-08T00:00:00
4815,DESCWOLP46,10,300,2027-08-28,True,2023-12-16T00:00:00
4816,SALEF797DH,40,200,2027-10-03,True,2025-10-10T00:00:00
4817,TOPRJTCCM,40,500,2027-01-13,False,2024-06-05T00:00:00
4818,TOPI2VIN1,50,150,2024-12-06,False,2024-04-26T00:00:00
4819,DESC1JQED7,25,300,2023-01-24,False,2023-09-17T00:00:00
4820,OFFQQBE76,25,300,2025-01-26,False,2024-03-01T00:00:00
4821,PROMOWIWTVI,25,150,2025-05-05,False,2025-12-11T00:00:00
4822,TOPNT2EYP,5,100,2027-02-20,True,2023-07-06T00:00:00
4823,MEGAJYG3H7,10,150,2027-07-29,True,2023-10-13T00:00:00
4824,SAVEKBPF6C,20,150,2024-07-10,False,2023-09-04T00:00:00
4825,SUPER3BKO3L,40,300,2024-04-15,False,2025-12-15T00:00:00
4826,DESCIQ06QJ,30,200,2024-06-22,False,2024-07-19T00:00:00
4827,SAVEDM7ENP,20,100,2027-08-07,True,2025-03-07T00:00:00
4828,SUPER0V6GRN,10,100,2025-12-24,False,2024-12-09T00:00:00
4829,SALEOFLAB5,10,100,2026-09-05,True,2024-07-22T00:00:00
4830,SALEX0R6LG,20,500,2024-10-28,False,2025-08-25T00:00:00
4831,SUPER41PX16,40,50,2023-05-27,False,2024-05-26T00:00:00
4832,PROMO7SR33H,30,150,2026-11-16,True,2024-07-19T00:00:00
4833,OFFD0OSV7,25,150,2024-08-12,False,2025-09-18T00:00:00
4834,SUPERILU5HC,30,50,2027-06-30,True,2024-12-21T00:00:00
4835,PROMOP2AUWX,20,100,2027-04-29,True,2023-06-24T00:00:00
4836,DESCQ4Q302,15,200,2023-01-15,False,2025-08-06T00:00:00
4837,SAVEAOIKD7,15,300,2025-04-30,False,2026-05-18T00:00:00
4838,SAVECVAH86,10,200,2025-02-15,False,2024-02-26T00:00:00
4839,TOPRMTFEM,5,200,2023-06-11,False,2023-09-19T00:00:00
4840,OFF8EIC9Z,15,50,2024-01-25,False,2023-04-07T00:00:00
4841,SUPERD1E65L,20,50,2024-06-01,False,2024-10-04T00:00:00
4842,SAVEPA8M5K,50,300,2023-04-23,False,2024-12-29T00:00:00
4843,MEGAVQSCJM,40,150,2024-03-11,False,2024-05-03T00:00:00
4844,SALEGND4YO,25,50,2027-06-14,True,2024-05-01T00:00:00
4845,DESCLDNLJK,25,100,2025-10-14,False,2023-06-15T00:00:00
4846,PROMO4X69RU,10,200,2025-05-23,False,2023-06-02T00:00:00
4847,MEGAZ54JKC,10,50,2026-11-29,True,2025-08-29T00:00:00
4848,SALEENUSEN,50,150,2025-10-22,False,2024-02-11T00:00:00
4849,PROMOZ9UE55,50,300,2026-08-20,False,2025-12-27T00:00:00
4850,DESCJT3ZWG,40,100,2025-12-14,False,2023-07-15T00:00:00
4851,SUPERXEEX58,30,100,2025-04-20,False,2023-05-02T00:00:00
4852,MEGA2V4NN8,10,50,2024-04-27,False,2026-03-03T00:00:00
4853,TOPQM3062,10,50,2025-10-08,False,2024-02-28T00:00:00
4854,SALEU5R3PA,15,500,2025-05-16,False,2025-09-01T00:00:00
4855,TOPDRXFB6,40,200,2023-07-20,False,2025-04-28T00:00:00
4856,OFFDH9F3J,10,300,2024-03-08,False,2023-10-15T00:00:00
4857,SAVEINX5CB,10,200,2027-05-18,True,2024-01-14T00:00:00
4858,DESCZ53UJJ,5,150,2024-02-22,False,2025-11-11T00:00:00
4859,PROMOZRRJME,10,50,2025-10-10,False,2023-07-01T00:00:00
4860,MEGATJMH92,15,150,2024-01-31,False,2023-08-28T00:00:00
4861,DESC523TTN,40,100,2023-06-07,False,2025-02-02T00:00:00
4862,SUPERLG7QBZ,25,150,2027-10-10,False,2025-10-28T00:00:00
4863,DESC5G553O,20,100,2023-11-30,False,2026-05-09T00:00:00
4864,SAVEWG7QU9,5,300,2025-05-29,False,2025-11-22T00:00:00
4865,PROMOWF2WID,5,50,2026-04-04,False,2023-02-15T00:00:00
4866,DESCX5IVV9,15,200,2026-11-26,True,2023-04-22T00:00:00
4867,DESCMGXME2,10,300,2025-12-02,False,2025-08-22T00:00:00
4868,SALEFCBGGT,25,200,2027-12-02,True,2026-05-16T00:00:00
4869,SAVEYK35CW,10,200,2027-09-25,True,2023-11-13T00:00:00
4870,PROMOLZB32A,40,200,2027-09-24,False,2023-12-18T00:00:00
4871,SUPERYQNG4G,20,100,2026-03-27,False,2023-10-09T00:00:00
4872,SUPERXEJ3HD,50,150,2023-10-29,False,2023-11-12T00:00:00
4873,SALEVX0O8S,5,150,2025-07-12,False,2024-11-19T00:00:00
4874,DESCLNBNZG,40,50,2027-09-16,True,2025-03-20T00:00:00
4875,OFFQVJTPY,50,300,2023-08-07,False,2024-07-30T00:00:00
4876,PROMOAVOSIH,25,100,2023-07-08,False,2024-03-15T00:00:00
4877,PROMOC7HBLV,30,50,2024-09-18,False,2023-06-29T00:00:00
4878,TOPR6L6BC,50,100,2026-03-06,False,2023-05-13T00:00:00
4879,OFFOZV8M7,20,300,2023-04-16,False,2023-06-01T00:00:00
4880,SAVEX4CKOJ,10,50,2026-11-07,True,2023-10-19T00:00:00
4881,OFFV45LRF,10,50,2025-01-16,False,2024-04-11T00:00:00
4882,PROMO8Y5SYL,40,100,2027-01-15,True,2023-03-27T00:00:00
4883,SUPERBEHP6I,30,100,2024-11-02,False,2024-08-19T00:00:00
4884,DESC853KTQ,5,500,2026-10-17,True,2025-07-01T00:00:00
4885,SALEX1RO3R,5,150,2025-07-29,False,2024-08-27T00:00:00
4886,SUPERAF3MJ0,15,50,2023-02-11,False,2023-11-02T00:00:00
4887,SUPERY9A0JH,30,300,2023-08-31,False,2025-09-02T00:00:00
4888,SAVET7EPFU,50,300,2027-10-23,True,2024-10-24T00:00:00
4889,SALE8KQPYZ,50,100,2027-08-08,True,2024-03-13T00:00:00
4890,SUPER9IYB15,25,150,2023-08-18,False,2026-05-12T00:00:00
4891,DESCWXF0W6,50,150,2026-08-04,False,2024-12-14T00:00:00
4892,SUPER2ZP1H8,15,100,2023-07-26,False,2026-04-22T00:00:00
4893,SAVEFDLG5E,40,300,2027-09-19,False,2025-03-15T00:00:00
4894,MEGAYB1GBA,50,300,2023-12-13,False,2025-06-05T00:00:00
4895,OFF4GOQ7O,20,300,2023-05-04,False,2023-01-17T00:00:00
4896,SALE9R82OS,50,150,2025-09-12,False,2026-04-30T00:00:00
4897,SALEQC5LOJ,30,200,2023-12-03,False,2025-03-17T00:00:00
4898,SALENE1Q27,5,200,2023-08-09,False,2025-06-16T00:00:00
4899,OFFVY8HJE,20,500,2025-05-16,False,2026-04-14T00:00:00
4900,TOPQDML8X,40,200,2025-11-26,False,2025-01-26T00:00:00
4901,PROMO2FEGZ0,40,500,2024-02-11,False,2026-02-06T00:00:00
4902,PROMOSDRYMW,40,150,2023-12-18,False,2024-02-28T00:00:00
4903,TOPHRTVRX,50,50,2027-10-26,True,2025-01-17T00:00:00
4904,SAVEPN8AZL,5,300,2025-01-30,False,2024-09-11T00:00:00
4905,SALE8IPVV3,10,500,2024-04-12,False,2025-02-01T00:00:00
4906,SAVENGULSH,50,50,2023-10-15,False,2023-04-11T00:00:00
4907,SAVETJA4IW,20,200,2026-01-29,False,2024-05-27T00:00:00
4908,SUPERQ2EJJF,15,300,2025-10-19,False,2023-03-03T00:00:00
4909,DESCQHMBIL,15,300,2024-07-02,False,2025-01-15T00:00:00
4910,TOP8CMLI2,15,100,2026-04-07,False,2024-09-01T00:00:00
4911,PROMOIDBDEZ,20,200,2023-09-23,False,2025-01-17T00:00:00
4912,TOPTUT1X4,40,50,2026-10-30,True,2025-12-05T00:00:00
4913,OFFADDQ47,30,300,2025-10-16,False,2024-10-19T00:00:00
4914,SAVER0E0OR,5,50,2025-09-05,False,2023-12-05T00:00:00
4915,TOP8C56I5,25,100,2026-03-04,False,2026-04-24T00:00:00
4916,TOPTZMCZN,30,100,2027-07-01,True,2025-12-31T00:00:00
4917,PROMOMR5WJY,20,100,2024-04-24,False,2026-02-06T00:00:00
4918,TOPNTZDLS,30,200,2026-04-16,False,2026-06-04T00:00:00
4919,SALE1Y77GM,25,300,2025-06-27,False,2025-12-23T00:00:00
4920,SUPER23KF5O,10,200,2024-08-22,False,2023-06-28T00:00:00
4921,DESC0CGDYA,10,300,2023-06-14,False,2024-07-27T00:00:00
4922,OFFWL56I2,20,200,2025-08-28,False,2025-06-20T00:00:00
4923,TOPJ70DZ4,20,150,2027-03-27,False,2023-09-20T00:00:00
4924,SALEYZVXEM,10,100,2026-05-07,False,2023-11-08T00:00:00
4925,SAVEF7JYGT,50,500,2026-08-13,False,2024-10-31T00:00:00
4926,OFF0AFVR9,20,200,2024-02-14,False,2024-01-03T00:00:00
4927,SALECCQDCP,25,500,2027-09-15,True,2025-01-24T00:00:00
4928,OFFWA3ZBK,20,150,2026-08-14,False,2026-04-05T00:00:00
4929,SALEATSTOS,10,300,2026-07-23,False,2026-06-04T00:00:00
4930,MEGA5JIZ5A,25,200,2026-10-23,False,2023-08-14T00:00:00
4931,DESCOKCYVA,30,100,2023-05-01,False,2026-02-28T00:00:00
4932,PROMO0NSNQQ,30,150,2023-07-25,False,2025-03-27T00:00:00
4933,TOPG70WGB,40,100,2027-08-24,True,2024-08-21T00:00:00
4934,OFFWWW148,20,150,2026-01-18,False,2025-08-11T00:00:00
4935,SAVEXFKG63,40,100,2024-10-19,False,2023-10-04T00:00:00
4936,MEGAPI1IV3,10,100,2023-12-20,False,2025-07-24T00:00:00
4937,SUPERSAAE0T,15,150,2023-04-22,False,2024-07-15T00:00:00
4938,TOP9EDGZW,25,500,2027-11-12,True,2025-05-14T00:00:00
4939,SALE76M9O1,25,300,2025-12-27,False,2024-10-28T00:00:00
4940,PROMOO78HX4,10,150,2027-02-26,True,2023-01-18T00:00:00
4941,MEGAUAAF73,5,500,2025-06-01,False,2023-05-18T00:00:00
4942,OFF19RYAU,10,300,2027-03-04,True,2024-12-26T00:00:00
4943,MEGAAGLGH0,10,150,2026-11-01,True,2024-12-08T00:00:00
4944,SALE40R303,15,300,2027-10-15,True,2024-02-03T00:00:00
4945,TOPMB2VIT,40,50,2023-02-13,False,2023-11-09T00:00:00
4946,OFFCUWGN4,10,200,2024-08-05,False,2026-03-16T00:00:00
4947,TOP3ZUXOV,15,200,2025-07-03,False,2023-12-12T00:00:00
4948,SAVEEJEEAC,30,150,2026-04-08,False,2024-01-25T00:00:00
4949,SALEEIBXWY,40,500,2026-07-05,True,2024-11-26T00:00:00
4950,PROMOWGVIRS,5,50,2027-09-19,True,2024-12-17T00:00:00
4951,DESCBKWOH8,15,500,2023-08-07,False,2025-03-12T00:00:00
4952,MEGAISTQ2E,40,200,2027-07-20,True,2025-12-07T00:00:00
4953,OFFA9CUSX,40,50,2023-10-26,False,2024-02-20T00:00:00
4954,DESCAFHO6A,5,100,2025-08-26,False,2023-12-15T00:00:00
4955,DESCDZ8HOR,40,200,2023-11-06,False,2025-07-15T00:00:00
4956,SALETFMKI0,40,300,2026-06-01,False,2024-11-09T00:00:00
4957,OFFSJ06ZT,15,200,2023-01-11,False,2024-10-26T00:00:00
4958,MEGAAQ7GLH,20,50,2025-05-23,False,2023-11-06T00:00:00
4959,SUPERMKZ7JD,30,200,2024-01-21,False,2023-10-25T00:00:00
4960,OFFWSDX4Q,5,200,2023-06-08,False,2025-01-21T00:00:00
4961,TOPB00BIS,5,300,2024-09-17,False,2026-01-27T00:00:00
4962,TOP8QEY9V,20,50,2023-09-25,False,2025-06-17T00:00:00
4963,SUPERO9PVVO,40,50,2024-07-26,False,2025-03-03T00:00:00
4964,SALEWPMIFW,40,100,2023-07-25,False,2025-09-22T00:00:00
4965,SUPEREX2LB2,10,50,2027-06-04,True,2025-07-01T00:00:00
4966,SAVEYEV5N3,10,150,2023-09-01,False,2024-03-10T00:00:00
4967,SALERAZY19,5,50,2024-10-16,False,2024-03-07T00:00:00
4968,SUPERKOOP1Z,50,500,2027-05-18,False,2023-10-07T00:00:00
4969,TOP7FLV75,15,50,2024-07-28,False,2025-01-12T00:00:00
4970,SAVE9YJGGV,5,50,2024-09-27,False,2024-09-25T00:00:00
4971,SALEH1O094,40,50,2024-03-18,False,2023-06-05T00:00:00
4972,SALESQ38RS,20,50,2027-09-26,True,2025-06-20T00:00:00
4973,DESCWLMEW6,10,100,2025-05-31,False,2024-02-16T00:00:00
4974,TOP9DIUEX,15,500,2027-08-04,True,2024-02-25T00:00:00
4975,OFFX9FT48,20,500,2023-03-16,False,2024-10-18T00:00:00
4976,TOPQ9O1TG,15,100,2026-11-17,True,2026-02-11T00:00:00
4977,SAVERD097F,50,500,2024-09-01,False,2023-04-08T00:00:00
4978,PROMOJ9Q6WK,5,50,2024-01-21,False,2024-10-26T00:00:00
4979,TOPWO242A,5,500,2024-02-23,False,2023-07-06T00:00:00
4980,SALELHRFJM,5,50,2027-03-26,True,2026-01-09T00:00:00
4981,MEGA54E2WY,5,300,2025-03-23,False,2024-05-29T00:00:00
4982,SALENNK57J,10,500,2024-02-04,False,2024-12-04T00:00:00
4983,SUPERTV29MZ,50,150,2026-06-13,False,2025-08-15T00:00:00
4984,OFFRJ4O1T,50,200,2026-06-27,True,2026-05-04T00:00:00
4985,SAVENK8535,25,100,2027-04-19,True,2023-03-30T00:00:00
4986,DESC2A4A0B,50,500,2024-05-27,False,2025-01-15T00:00:00
4987,PROMO8AUS8V,15,100,2023-02-05,False,2023-07-19T00:00:00
4988,MEGAC7QG2M,30,150,2023-12-20,False,2023-04-05T00:00:00
4989,DESCN6DJ1Z,40,300,2023-04-07,False,2023-08-25T00:00:00
4990,MEGAEUGM3Y,5,50,2023-10-15,False,2023-09-23T00:00:00
4991,SUPERCDA0PB,50,100,2027-12-07,True,2025-08-07T00:00:00
4992,SALESSJRC3,10,300,2024-07-22,False,2026-01-30T00:00:00
4993,TOPMJE13O,30,200,2024-01-23,False,2025-12-18T00:00:00
4994,TOPKBPAPK,15,500,2025-04-02,False,2025-04-01T00:00:00
4995,SAVE0Y7QRQ,15,50,2024-11-17,False,2024-06-15T00:00:00
4996,TOP5DF6IO,10,100,2026-12-27,True,2025-10-05T00:00:00
4997,TOPLD9UNW,30,500,2026-10-05,True,2025-01-20T00:00:00
4998,SUPERZLR0B3,20,300,2024-08-26,False,2025-06-04T00:00:00
4999,OFFPZVK2I,30,150,2025-07-13,False,2024-04-02T00:00:00
5000,SALENMVEUL,50,150,2023-07-12,False,2024-06-28T00:00:00
5001,TOPWGAPY8,25,100,2025-04-24,False,2023-01-27T00:00:00
5002,SAVEJJZ3G5,40,200,2023-07-28,False,2023-02-14T00:00:00
5003,MEGAEOVP21,15,500,2023-01-14,False,2026-02-10T00:00:00
5004,DESC2OVDB8,20,50,2023-02-09,False,2026-05-06T00:00:00
5005,SAVERPXJRQ,10,50,2025-08-19,False,2025-06-12T00:00:00
5006,PROMOLNWX2S,20,150,2027-02-13,False,2023-01-04T00:00:00
5007,SAVEYH4426,30,150,2026-08-09,True,2024-07-06T00:00:00
5008,OFFW1VZFB,40,100,2026-08-26,False,2026-05-21T00:00:00
5009,OFFY5DVYE,40,150,2026-07-23,False,2023-04-13T00:00:00
5010,DESCG0FYB5,25,100,2026-12-01,True,2024-03-09T00:00:00
5011,DESCL2JJKV,15,300,2026-01-14,False,2026-03-26T00:00:00
5012,SUPER93SC3J,10,200,2024-12-22,False,2023-06-18T00:00:00
5013,DESCR8ESKG,40,150,2026-08-21,True,2023-10-07T00:00:00
5014,SUPERQ78DN1,50,500,2024-06-22,False,2023-10-18T00:00:00
5015,SAVERN7WCF,5,300,2027-03-30,True,2024-07-13T00:00:00
5016,TOPPPMZ8I,10,300,2027-09-15,False,2025-03-05T00:00:00
5017,PROMOK1YMQ9,25,500,2024-03-11,False,2023-08-17T00:00:00
5018,OFFI2RUQN,10,50,2025-11-24,False,2023-09-29T00:00:00
5019,MEGAANL735,40,300,2024-03-21,False,2023-10-13T00:00:00
5020,MEGACSA7PC,15,300,2023-08-09,False,2024-09-01T00:00:00
5021,MEGAT3DQWZ,50,200,2027-08-12,True,2023-11-12T00:00:00
5022,TOPSGCT2W,50,150,2023-03-13,False,2023-08-05T00:00:00
5023,TOPZ8ML7Y,25,150,2023-03-04,False,2026-04-30T00:00:00
5024,SALEF9LZ11,5,50,2026-03-25,False,2024-03-17T00:00:00
5025,SALERFCCDJ,15,200,2027-01-31,True,2024-11-13T00:00:00
5026,SALEDXGW5S,30,200,2025-07-29,False,2023-12-08T00:00:00
5027,TOPOLHA4G,10,300,2027-05-09,True,2025-09-10T00:00:00
5028,MEGA94CHCN,30,300,2024-10-27,False,2025-03-21T00:00:00
5029,OFFYZDOCM,15,200,2026-09-13,True,2025-09-09T00:00:00
5030,SUPERA5AVG8,20,150,2024-06-04,False,2024-08-15T00:00:00
5031,SALECT3C5J,20,500,2025-05-22,False,2025-11-29T00:00:00
5032,SAVE6BTFWA,10,300,2026-08-18,True,2025-04-12T00:00:00
5033,SAVENMWXDO,20,150,2024-05-25,False,2023-11-02T00:00:00
5034,OFFI01OOT,5,200,2027-05-04,True,2023-10-05T00:00:00
5035,SUPERXTQSR2,10,500,2026-10-21,False,2023-04-27T00:00:00
5036,OFFJV1OV4,20,150,2026-10-03,False,2025-06-05T00:00:00
5037,TOPKN1LM4,5,200,2026-10-12,True,2025-03-12T00:00:00
5038,SAVENGOH72,20,500,2025-02-02,False,2025-12-14T00:00:00
5039,DESCS0G3R2,10,500,2025-05-09,False,2025-06-11T00:00:00
5040,OFFLWTNJP,50,50,2023-01-20,False,2025-02-10T00:00:00
5041,SALE5MJK9Y,10,150,2024-11-19,False,2025-03-03T00:00:00
5042,SUPERB7V4O2,40,150,2023-12-16,False,2024-10-19T00:00:00
5043,SAVE1MRFYL,15,200,2027-08-27,False,2025-07-10T00:00:00
5044,SUPERQUMRX9,5,100,2027-02-23,True,2023-08-15T00:00:00
5045,DESCHXJHDK,40,50,2027-01-19,True,2023-08-28T00:00:00
5046,MEGAUN0B9M,40,500,2027-12-15,False,2024-09-26T00:00:00
5047,DESCRR7R4C,50,50,2026-09-18,False,2026-05-06T00:00:00
5048,SAVEKJ9MMU,5,50,2027-12-28,False,2024-01-18T00:00:00
5049,MEGAY474BK,15,100,2024-11-12,False,2026-03-01T00:00:00
5050,OFFOJSA91,25,300,2026-02-07,False,2023-05-30T00:00:00
5051,OFFQBOLOC,5,100,2023-02-12,False,2026-05-25T00:00:00
5052,OFF2TQ36T,20,150,2025-01-17,False,2025-11-22T00:00:00
5053,DESCYQCH65,5,500,2025-04-08,False,2024-06-19T00:00:00
5054,OFFH18TR4,40,50,2027-11-24,False,2024-11-12T00:00:00
5055,MEGA6H6NV9,50,150,2023-10-18,False,2023-02-17T00:00:00
5056,OFFC7SXEC,10,200,2023-01-06,False,2023-09-22T00:00:00
5057,SALE8YY7UM,25,200,2027-05-23,True,2025-05-20T00:00:00
5058,SALEF5E9T2,50,500,2023-09-11,False,2023-12-13T00:00:00
5059,SALE27M4SL,5,300,2024-10-28,False,2026-05-31T00:00:00
5060,TOPZSPKES,40,50,2023-08-08,False,2023-06-25T00:00:00
5061,MEGAB45J5C,50,200,2023-02-28,False,2025-04-21T00:00:00
5062,OFFRXNOQO,20,50,2024-04-11,False,2023-06-09T00:00:00
5063,TOPNUI2F2,10,200,2027-06-22,False,2023-05-15T00:00:00
5064,SAVEE2JVON,50,500,2023-01-14,False,2024-01-16T00:00:00
5065,MEGAG3Y9UZ,25,200,2024-09-17,False,2025-06-20T00:00:00
5066,SAVENDMEOH,20,300,2027-11-11,True,2024-03-05T00:00:00
5067,TOPP58OA5,10,50,2026-02-12,False,2023-07-12T00:00:00
5068,OFFTKDAFP,25,500,2027-03-16,True,2025-07-08T00:00:00
5069,DESCA7CFTI,40,500,2024-01-07,False,2024-08-14T00:00:00
5070,DESC6FP63Y,40,100,2024-08-21,False,2023-12-01T00:00:00
5071,SUPER4TT36F,30,200,2023-11-03,False,2025-03-08T00:00:00
5072,SAVE5H5G7S,50,150,2023-01-22,False,2025-11-06T00:00:00
5073,SALE7PADSO,20,300,2024-03-11,False,2023-10-28T00:00:00
5074,MEGAKPGMIU,20,500,2026-09-28,True,2024-07-06T00:00:00
5075,PROMOS277H8,30,200,2027-03-06,True,2026-01-04T00:00:00
5076,SALEQ4VVCT,20,500,2023-03-23,False,2025-10-08T00:00:00
5077,SUPERJA9KGG,5,100,2027-12-12,True,2024-01-21T00:00:00
5078,TOPC6OKKJ,50,100,2027-04-03,True,2023-08-07T00:00:00
5079,SALEBV59F9,50,100,2023-06-19,False,2023-12-21T00:00:00
5080,SALEL1381D,20,100,2023-04-15,False,2026-03-30T00:00:00
5081,MEGA4SEQEL,20,500,2027-12-08,False,2024-08-26T00:00:00
5082,DESCDLUIQ2,10,500,2026-05-25,False,2023-11-06T00:00:00
5083,MEGARU5OPQ,40,200,2025-05-22,False,2024-03-01T00:00:00
5084,DESCF6FP3P,5,300,2025-05-13,False,2024-05-30T00:00:00
5085,OFFLCBKSD,50,50,2025-05-17,False,2023-05-16T00:00:00
5086,TOPDWB8FH,10,300,2025-06-07,False,2026-03-22T00:00:00
5087,MEGAM49JHJ,40,100,2027-11-29,True,2024-06-21T00:00:00
5088,OFFFH8OX3,15,50,2024-11-18,False,2026-02-03T00:00:00
5089,SAVEP0J8MV,5,200,2025-05-05,False,2023-05-22T00:00:00
5090,DESCMOZXJK,50,150,2026-05-02,False,2024-10-15T00:00:00
5091,PROMOMR4C43,5,50,2026-12-04,True,2024-10-17T00:00:00
5092,MEGAJ42COE,20,300,2026-02-17,False,2023-08-10T00:00:00
5093,PROMOGOXTQ8,10,150,2025-05-06,False,2026-05-29T00:00:00
5094,OFFKKER04,40,200,2023-09-01,False,2023-11-08T00:00:00
5095,SAVEKBY3TW,30,50,2023-01-28,False,2024-01-27T00:00:00
5096,PROMOYSSPRC,25,50,2026-02-19,False,2024-04-29T00:00:00
5097,DESCD8F5TE,50,500,2026-06-10,False,2025-06-20T00:00:00
5098,OFF749AXY,15,150,2025-06-29,False,2025-06-16T00:00:00
5099,OFFHBH7DP,30,300,2026-02-18,False,2024-12-24T00:00:00
5100,SUPER6A4ULT,15,500,2023-01-29,False,2026-03-25T00:00:00
5101,PROMOUBFONI,20,200,2025-07-11,False,2024-12-10T00:00:00
5102,SALE464CFM,15,500,2026-07-25,True,2024-11-28T00:00:00
5103,DESC9TNWNL,20,100,2027-09-29,True,2025-05-23T00:00:00
5104,PROMO4AMSFE,40,50,2024-06-26,False,2025-08-28T00:00:00
5105,SALE6YS9B0,25,50,2023-08-23,False,2023-05-16T00:00:00
5106,OFF3TU213,25,200,2023-12-19,False,2024-12-05T00:00:00
5107,TOPD8SWFD,5,500,2023-01-01,False,2024-05-04T00:00:00
5108,OFFQS36CQ,20,50,2025-08-22,False,2025-02-24T00:00:00
5109,TOPEP5KG2,25,300,2026-08-24,True,2026-06-11T00:00:00
5110,DESCUZ5MJA,10,100,2027-03-08,True,2023-06-12T00:00:00
5111,SUPERNEJN1Q,30,50,2027-09-14,True,2025-10-23T00:00:00
5112,MEGAK5YYR5,40,150,2025-04-02,False,2025-07-10T00:00:00
5113,TOPND41S3,20,300,2024-10-16,False,2023-06-01T00:00:00
5114,TOP9TF903,10,500,2023-05-05,False,2024-06-04T00:00:00
5115,OFFSAQJ5D,15,300,2023-04-23,False,2024-12-14T00:00:00
5116,MEGA3Z3RPB,40,500,2023-07-22,False,2025-07-26T00:00:00
5117,MEGAIQLJAA,10,500,2025-04-12,False,2025-06-19T00:00:00
5118,SUPERKIIGMB,10,300,2027-03-23,True,2026-01-12T00:00:00
5119,PROMOTLJDM7,20,500,2025-02-25,False,2025-02-14T00:00:00
5120,SALECL6D6B,25,100,2027-04-29,True,2024-12-26T00:00:00
5121,PROMOO83CCE,40,150,2024-05-27,False,2024-10-08T00:00:00
5122,SAVEOSUKHW,10,50,2027-06-21,True,2026-04-08T00:00:00
5123,DESCKS2DIL,5,500,2025-06-26,False,2024-04-20T00:00:00
5124,MEGAT6FXFA,5,500,2025-04-11,False,2025-08-30T00:00:00
5125,OFFCYKQUN,25,200,2026-10-25,True,2023-10-17T00:00:00
5126,PROMO3C8693,40,100,2025-09-26,False,2023-10-02T00:00:00
5127,SALE23ZL1C,30,100,2024-11-16,False,2025-11-27T00:00:00
5128,SAVEXH1T9V,15,150,2024-09-27,False,2024-03-21T00:00:00
5129,DESCTQLCTS,20,100,2026-06-18,True,2024-05-12T00:00:00
5130,SUPERO46X8O,20,200,2027-04-02,True,2023-08-18T00:00:00
5131,MEGAD03B8E,10,150,2026-06-03,False,2024-07-31T00:00:00
5132,SAVET7YRER,25,500,2026-03-24,False,2023-03-02T00:00:00
5133,PROMORZLSGI,50,500,2026-07-09,False,2024-10-27T00:00:00
5134,SALEOEK5SK,20,150,2027-11-22,False,2023-08-09T00:00:00
5135,SAVE7EYG1Y,15,500,2025-03-26,False,2024-12-04T00:00:00
5136,SALE8DB9IL,10,150,2025-10-30,False,2024-12-02T00:00:00
5137,DESCN1J1NE,25,300,2027-11-06,True,2023-01-05T00:00:00
5138,OFFIR0DRE,50,50,2024-08-17,False,2025-03-03T00:00:00
5139,TOP3ERKMD,30,300,2023-05-17,False,2026-02-02T00:00:00
5140,MEGAINJPNX,50,50,2023-09-01,False,2024-07-07T00:00:00
5141,TOPBL70ES,5,100,2024-04-27,False,2025-03-25T00:00:00
5142,SALEEBO7NY,10,100,2027-04-13,False,2024-10-11T00:00:00
5143,SALEUCVURA,30,150,2023-12-16,False,2023-10-01T00:00:00
5144,SUPERY9N33G,5,100,2023-09-19,False,2024-02-15T00:00:00
5145,PROMO8CXHHF,40,500,2027-02-19,True,2025-01-12T00:00:00
5146,SAVEN95DLP,50,50,2026-05-17,False,2024-10-14T00:00:00
5147,SALEOSYD8Y,20,150,2025-05-02,False,2025-09-14T00:00:00
5148,PROMOT1Y619,25,200,2024-10-09,False,2024-01-09T00:00:00
5149,SALEW5O551,40,300,2024-02-28,False,2024-10-04T00:00:00
5150,OFF9ZX25R,15,300,2023-05-03,False,2025-03-28T00:00:00
5151,TOPNANDNW,5,300,2023-07-08,False,2024-10-29T00:00:00
5152,OFF36508X,25,300,2023-07-19,False,2024-05-15T00:00:00
5153,PROMOO1VTPZ,30,300,2027-10-29,True,2023-06-04T00:00:00
5154,TOPAY1J81,15,150,2023-03-26,False,2026-04-12T00:00:00
5155,SALEKMD1Z0,5,100,2023-11-05,False,2023-01-22T00:00:00
5156,MEGAWLTST8,10,200,2024-04-26,False,2025-04-06T00:00:00
5157,SALEA73UBY,10,200,2025-01-11,False,2024-12-18T00:00:00
5158,PROMOUINKLX,10,150,2024-10-31,False,2025-11-11T00:00:00
5159,MEGAVCH76S,20,50,2023-02-13,False,2024-12-02T00:00:00
5160,PROMO724ZAP,15,100,2024-01-09,False,2025-10-11T00:00:00
5161,SAVEGDTTIU,40,200,2026-12-06,True,2024-08-17T00:00:00
5162,PROMOIQ1UXR,15,50,2023-08-06,False,2024-07-09T00:00:00
5163,TOPCK8IKK,20,200,2027-08-21,True,2025-01-11T00:00:00
5164,PROMONF7JP0,25,100,2023-06-06,False,2023-09-23T00:00:00
5165,SAVE5RRSIU,40,50,2023-11-25,False,2024-08-31T00:00:00
5166,OFFA9R1QP,40,200,2023-11-22,False,2023-11-18T00:00:00
5167,OFFSB3AN0,10,300,2025-03-05,False,2025-09-16T00:00:00
5168,SALE2KS2TF,40,500,2026-01-09,False,2024-08-08T00:00:00
5169,DESC6P5NMI,5,50,2023-12-30,False,2024-07-06T00:00:00
5170,SAVEE9RTPS,20,100,2025-06-19,False,2024-02-10T00:00:00
5171,SALETV1LWG,30,200,2023-04-13,False,2025-08-06T00:00:00
5172,MEGAVY4M64,5,150,2025-09-13,False,2024-11-24T00:00:00
5173,MEGA0SRWV8,5,50,2026-06-23,False,2025-06-08T00:00:00
5174,SUPERKZUO1V,50,50,2026-03-19,False,2025-10-12T00:00:00
5175,SALETR9SU1,25,50,2026-11-08,False,2025-09-24T00:00:00
5176,SAVED41Z4B,5,200,2027-12-29,True,2024-08-14T00:00:00
5177,DESCE6UHOE,10,500,2025-11-20,False,2023-10-08T00:00:00
5178,SUPERT2LW2F,50,100,2026-02-18,False,2023-03-20T00:00:00
5179,PROMOCJPXCU,25,50,2027-08-01,False,2023-12-04T00:00:00
5180,PROMOXRJY6C,50,50,2026-12-13,True,2024-02-21T00:00:00
5181,OFFFKHASL,15,500,2026-01-05,False,2024-07-24T00:00:00
5182,MEGARS2QUW,20,50,2024-10-16,False,2024-07-31T00:00:00
5183,SUPER76NKGG,5,150,2027-05-29,True,2023-03-31T00:00:00
5184,TOPCMD9NN,10,200,2023-12-23,False,2023-08-10T00:00:00
5185,SAVELUG18X,10,300,2024-07-19,False,2025-10-15T00:00:00
5186,SUPERVC15AD,50,500,2026-11-12,True,2023-05-06T00:00:00
5187,DESCJ0RNW0,50,200,2026-04-08,False,2024-06-08T00:00:00
5188,DESCQUVUPF,50,200,2024-03-12,False,2025-11-04T00:00:00
5189,SUPERMGDPEZ,30,150,2027-02-20,True,2024-02-24T00:00:00
5190,SAVEAU4Z7N,30,200,2026-03-17,False,2024-07-19T00:00:00
5191,MEGAIFK223,10,150,2024-06-26,False,2023-02-11T00:00:00
5192,SAVET6XGCV,30,300,2025-05-12,False,2025-09-20T00:00:00
5193,SALEOCAX22,40,150,2027-12-03,True,2025-04-15T00:00:00
5194,MEGAHIGXCR,10,50,2027-08-18,True,2024-02-02T00:00:00
5195,TOP8G6C45,25,500,2025-05-18,False,2025-12-04T00:00:00
5196,MEGA0EW5EA,5,200,2026-01-13,False,2023-12-01T00:00:00
5197,TOPY85VGG,30,50,2024-02-17,False,2025-04-25T00:00:00
5198,SUPER6M10EB,25,300,2027-12-20,True,2024-01-27T00:00:00
5199,DESC7BIC3H,10,200,2027-10-06,True,2026-05-09T00:00:00
5200,DESCCQ3BT6,40,150,2026-05-20,False,2023-07-11T00:00:00
5201,TOPL497BX,30,150,2023-02-15,False,2024-10-25T00:00:00
5202,SUPERLTW65X,15,50,2023-10-13,False,2025-01-15T00:00:00
5203,TOP0DHGHX,30,100,2026-07-20,True,2026-05-12T00:00:00
5204,TOP9DTHQU,30,100,2023-08-12,False,2024-08-26T00:00:00
5205,TOPQZ8BGI,5,50,2024-10-15,False,2023-01-12T00:00:00
5206,MEGAT0AEKL,10,150,2026-11-03,True,2025-04-09T00:00:00
5207,TOPO2Z00P,40,150,2024-10-11,False,2023-12-06T00:00:00
5208,OFFQV6NUH,25,150,2027-03-09,False,2023-07-20T00:00:00
5209,OFF4LIT0K,30,50,2025-02-11,False,2025-06-26T00:00:00
5210,SALEK0RFPM,50,50,2026-10-05,False,2025-11-09T00:00:00
5211,OFF27YBV6,10,500,2025-08-08,False,2023-08-28T00:00:00
5212,TOP088RCI,15,50,2027-08-13,True,2025-01-02T00:00:00
5213,SAVEA0N9BF,15,300,2026-01-14,False,2024-03-09T00:00:00
5214,SALE2MXT9S,50,200,2027-05-07,True,2024-08-03T00:00:00
5215,SUPER5YC4CY,40,500,2024-11-16,False,2023-02-16T00:00:00
5216,DESC2YZHCO,15,200,2025-05-04,False,2026-05-11T00:00:00
5217,TOP2BT4LG,25,100,2023-06-06,False,2024-11-24T00:00:00
5218,TOPMROZGK,10,150,2027-07-16,True,2026-04-08T00:00:00
5219,TOPZICTWO,15,500,2023-09-19,False,2024-05-12T00:00:00
5220,PROMOO38FEV,40,200,2025-01-02,False,2024-12-03T00:00:00
5221,PROMO9DLJYA,20,300,2027-12-29,True,2026-01-16T00:00:00
5222,SALEYVJP45,40,500,2024-02-15,False,2023-06-25T00:00:00
5223,TOPEEH7UH,40,100,2024-11-20,False,2023-09-30T00:00:00
5224,TOP6INKMV,15,300,2026-03-18,False,2023-10-10T00:00:00
5225,PROMO7G3SA9,50,50,2026-12-12,True,2024-07-23T00:00:00
5226,PROMOYOF16C,50,50,2023-02-22,False,2023-07-17T00:00:00
5227,PROMO7NCFJ2,30,300,2026-08-08,False,2024-11-26T00:00:00
5228,PROMOPL30F1,10,100,2026-10-28,True,2024-05-29T00:00:00
5229,PROMOZADVNH,20,500,2027-11-27,True,2025-11-21T00:00:00
5230,SALEF393CQ,10,150,2023-06-10,False,2023-04-03T00:00:00
5231,PROMO2M8ZT8,50,100,2026-10-01,False,2023-03-12T00:00:00
5232,SALEGOF1NR,30,200,2025-12-29,False,2025-09-19T00:00:00
5233,TOPZENDHL,5,100,2024-08-17,False,2024-08-01T00:00:00
5234,MEGAG004YP,15,500,2024-10-05,False,2024-02-27T00:00:00
5235,MEGAL9O7VP,20,300,2026-05-13,False,2024-08-22T00:00:00
5236,TOPKPDJ7W,50,50,2027-01-24,True,2023-03-22T00:00:00
5237,SAVEXD9VU2,20,500,2027-12-21,False,2023-05-11T00:00:00
5238,SUPERXM4EXQ,20,300,2025-10-06,False,2024-08-04T00:00:00
5239,MEGAEM42WQ,25,200,2026-12-02,True,2025-06-14T00:00:00
5240,PROMON6QZE5,20,200,2024-07-16,False,2026-05-30T00:00:00
5241,TOP3HTRPM,50,100,2023-02-21,False,2026-03-18T00:00:00
5242,DESCU90DLH,25,150,2023-09-19,False,2024-05-20T00:00:00
5243,PROMON7NKPX,15,50,2027-10-05,True,2023-01-05T00:00:00
5244,OFFHI64ZA,50,500,2026-08-10,True,2025-06-08T00:00:00
5245,TOPMQLAL1,5,150,2023-01-19,False,2026-03-12T00:00:00
5246,SUPERP8UR0Y,25,500,2027-08-28,True,2025-06-22T00:00:00
5247,DESC5JDVJO,40,100,2026-06-09,False,2023-05-24T00:00:00
5248,SAVEFZJ1OQ,15,300,2027-12-16,True,2025-04-20T00:00:00
5249,DESCCOQB8M,10,150,2026-05-19,False,2024-09-08T00:00:00
5250,DESCMVZD9S,15,500,2026-11-21,False,2023-04-11T00:00:00
5251,SAVEU676W3,50,500,2026-01-01,False,2023-11-30T00:00:00
5252,MEGAQMACY2,20,150,2023-06-25,False,2025-06-27T00:00:00
5253,MEGAGEVH23,30,50,2025-09-29,False,2024-11-11T00:00:00
5254,OFF41LFX6,5,100,2023-10-13,False,2024-12-28T00:00:00
5255,SAVE206CG8,30,100,2026-12-27,True,2023-12-18T00:00:00
5256,SAVE5MAWPQ,5,50,2023-07-01,False,2023-06-05T00:00:00
5257,MEGA0WK1PN,15,300,2023-01-17,False,2024-10-16T00:00:00
5258,DESC9FYFVU,40,100,2024-03-18,False,2024-11-12T00:00:00
5259,TOPNOWLPR,5,200,2024-03-17,False,2024-03-20T00:00:00
5260,SALEUI4YTP,30,500,2023-01-05,False,2026-05-29T00:00:00
5261,SAVEGQO45R,20,50,2027-09-26,False,2025-01-05T00:00:00
5262,TOPLMWT1T,30,50,2027-08-31,True,2024-10-21T00:00:00
5263,SAVE8J4DM0,5,200,2026-05-09,False,2024-11-15T00:00:00
5264,MEGAYSLMPP,30,150,2026-02-14,False,2024-11-01T00:00:00
5265,OFFNZU6XV,20,100,2027-11-09,False,2024-08-05T00:00:00
5266,SAVEFWDJ6W,40,500,2024-04-01,False,2024-02-05T00:00:00
5267,TOPCVSKV9,40,100,2026-04-30,False,2023-01-12T00:00:00
5268,PROMOLRY5J6,20,100,2024-01-03,False,2024-02-13T00:00:00
5269,SALERAOS80,5,100,2024-03-28,False,2023-03-07T00:00:00
5270,DESCRQYLHU,30,150,2027-09-08,True,2026-05-24T00:00:00
5271,SALEK3AC9E,10,150,2027-10-18,False,2024-09-06T00:00:00
5272,SUPER4QVSDE,20,200,2024-09-20,False,2023-09-14T00:00:00
5273,DESC2JAHCM,50,500,2024-10-04,False,2026-03-23T00:00:00
5274,SALEQ1QG0N,20,150,2024-11-04,False,2025-08-10T00:00:00
5275,TOPQW3PVJ,15,100,2024-05-24,False,2025-01-06T00:00:00
5276,DESCUO7PJ0,50,150,2025-08-08,False,2026-05-10T00:00:00
5277,MEGAO9P5GY,10,500,2025-03-05,False,2023-07-27T00:00:00
5278,SAVEMKWZ0K,15,200,2026-06-29,True,2024-06-06T00:00:00
5279,MEGASZRFCN,30,150,2023-09-24,False,2026-03-07T00:00:00
5280,MEGAHMR194,40,50,2027-04-14,True,2025-09-01T00:00:00
5281,DESCSDHLNX,30,500,2026-02-06,False,2024-05-11T00:00:00
5282,PROMO7WDL6S,5,200,2026-12-13,False,2024-07-13T00:00:00
5283,PROMOPPP6WN,25,300,2026-09-29,True,2026-04-03T00:00:00
5284,SUPEREJRKV2,15,200,2024-11-10,False,2024-06-25T00:00:00
5285,SALE3Z7IMA,25,100,2025-02-14,False,2023-04-07T00:00:00
5286,MEGARVFMPT,20,100,2026-11-08,True,2025-09-07T00:00:00
5287,MEGAWXFNCK,25,100,2025-03-01,False,2024-01-04T00:00:00
5288,MEGA7PWFTJ,30,500,2025-08-30,False,2026-03-26T00:00:00
5289,TOPMCMATJ,40,500,2023-11-08,False,2026-01-04T00:00:00
5290,SUPERNKI4ZB,20,150,2023-05-04,False,2025-11-10T00:00:00
5291,TOP193B20,10,500,2026-01-05,False,2026-04-07T00:00:00
5292,SAVEUP7D7J,30,500,2027-12-11,False,2023-04-02T00:00:00
5293,SAVEQW8EEB,30,150,2025-09-15,False,2025-06-15T00:00:00
5294,TOP0SXHNE,10,500,2023-05-29,False,2024-04-16T00:00:00
5295,PROMO42KXM8,30,100,2024-08-09,False,2026-01-08T00:00:00
5296,DESCU1L2NW,5,500,2023-06-13,False,2025-03-12T00:00:00
5297,SALE3LA2OL,10,300,2025-05-09,False,2025-03-14T00:00:00
5298,TOPAM9CMN,50,150,2026-03-03,False,2026-02-03T00:00:00
5299,SALEO6L2UB,40,200,2025-01-31,False,2023-10-03T00:00:00
5300,DESCZXIEJ4,10,300,2024-02-29,False,2026-03-20T00:00:00
5301,PROMOSTZ520,50,200,2024-02-29,False,2023-12-10T00:00:00
5302,SALEK7N1QQ,10,100,2024-04-28,False,2023-05-12T00:00:00
5303,TOPJ1FVVN,50,100,2026-07-31,True,2024-03-18T00:00:00
5304,OFFMX8C73,5,50,2026-06-08,False,2025-09-07T00:00:00
5305,OFFCYSADE,15,300,2026-03-28,False,2023-11-11T00:00:00
5306,TOP695MMH,30,200,2025-08-27,False,2024-12-07T00:00:00
5307,SUPER9FV1B7,5,300,2026-12-13,True,2025-12-21T00:00:00
5308,MEGAR3E9ZR,25,200,2024-11-28,False,2025-03-27T00:00:00
5309,DESCJSX2OW,40,200,2027-04-06,True,2023-11-20T00:00:00
5310,SALEDNX96N,10,500,2024-03-11,False,2025-03-12T00:00:00
5311,SAVE97C9U3,15,200,2026-08-02,False,2024-06-03T00:00:00
5312,SAVEVE4XQB,15,150,2027-03-22,False,2024-03-04T00:00:00
5313,PROMOCBUICN,25,300,2027-03-30,False,2024-03-18T00:00:00
5314,SUPERXVS5XF,10,300,2027-08-01,True,2024-03-16T00:00:00
5315,PROMOIIHNM8,50,150,2023-05-26,False,2024-01-26T00:00:00
5316,TOP1H8JEW,50,50,2025-09-16,False,2025-02-20T00:00:00
5317,SAVE6NUFVT,40,150,2025-10-26,False,2023-12-19T00:00:00
5318,DESCPR9S26,40,200,2024-04-05,False,2025-02-11T00:00:00
5319,SALEILBNG0,5,200,2025-12-16,False,2024-11-11T00:00:00
5320,OFF9NUM56,20,150,2027-08-19,True,2025-03-21T00:00:00
5321,OFFR2RCIG,50,300,2027-06-27,True,2025-03-14T00:00:00
5322,SALE645PZ1,40,150,2025-04-26,False,2025-10-07T00:00:00
5323,DESC0CY3A7,5,200,2024-07-25,False,2023-02-03T00:00:00
5324,TOPESBQV6,25,200,2023-05-28,False,2024-06-29T00:00:00
5325,MEGACY5MJ0,30,100,2027-09-14,True,2023-02-02T00:00:00
5326,SUPERWD00SD,30,300,2025-07-21,False,2024-07-16T00:00:00
5327,MEGAQ8I5DP,40,200,2027-09-07,True,2024-11-04T00:00:00
5328,SALEOMMX94,40,500,2024-11-16,False,2023-02-07T00:00:00
5329,OFFR4TZAL,10,50,2026-02-06,False,2024-12-05T00:00:00
5330,SAVE348ENI,25,300,2026-02-26,False,2023-01-15T00:00:00
5331,SALEGY5RCN,40,100,2024-08-17,False,2024-10-04T00:00:00
5332,SAVER2YEIS,50,200,2026-10-01,True,2024-08-05T00:00:00
5333,MEGAIQ7S02,40,500,2025-03-29,False,2026-05-12T00:00:00
5334,MEGAS0GI5T,25,100,2027-05-21,False,2025-10-23T00:00:00
5335,TOP6X2KDL,30,200,2023-09-15,False,2025-09-02T00:00:00
5336,OFFFV20Q5,20,50,2026-06-01,False,2024-02-04T00:00:00
5337,SAVEBO4SYY,30,150,2026-09-24,False,2026-04-11T00:00:00
5338,OFFP3RABX,20,200,2026-10-22,False,2023-02-05T00:00:00
5339,OFFJ5KUJ3,15,150,2026-06-22,True,2024-03-28T00:00:00
5340,SAVERCYCXX,10,200,2026-03-14,False,2024-09-11T00:00:00
5341,OFFD7LAER,10,150,2024-12-29,False,2024-07-11T00:00:00
5342,MEGASIO8XX,40,150,2023-10-25,False,2026-05-04T00:00:00
5343,SALEYBXYG7,20,50,2023-10-03,False,2026-02-22T00:00:00
5344,SAVEULSO5U,30,150,2025-02-03,False,2024-06-18T00:00:00
5345,SUPER6RV95F,50,150,2025-05-13,False,2023-10-30T00:00:00
5346,PROMOA5PJCY,15,300,2026-01-03,False,2026-04-13T00:00:00
5347,TOPBT8ZB5,10,500,2024-12-18,False,2024-04-10T00:00:00
5348,SAVEVR6ZP5,50,300,2024-01-22,False,2025-01-09T00:00:00
5349,SAVEHYS43R,40,200,2024-02-05,False,2024-12-18T00:00:00
5350,PROMO95Z9HO,15,50,2026-10-02,True,2025-06-07T00:00:00
5351,TOP0AVZMD,50,500,2023-12-27,False,2024-04-17T00:00:00
5352,SALEBFKI2N,25,50,2025-12-19,False,2023-10-05T00:00:00
5353,TOPJ26585,15,300,2026-08-12,True,2024-02-19T00:00:00
5354,SUPERHJC3WW,15,50,2024-06-28,False,2023-04-15T00:00:00
5355,SALER0N5CV,10,100,2025-03-16,False,2025-11-10T00:00:00
5356,MEGADP3P6L,15,50,2023-01-11,False,2026-05-26T00:00:00
5357,DESCSYUJBM,20,150,2024-06-20,False,2025-05-27T00:00:00
5358,DESCK7VI2T,50,50,2023-05-23,False,2024-05-30T00:00:00
5359,PROMOO3N09J,50,150,2027-05-14,False,2023-03-12T00:00:00
5360,SALEAOER05,15,200,2026-11-19,True,2024-08-21T00:00:00
5361,DESCY4V8ZP,20,500,2023-02-05,False,2024-09-28T00:00:00
5362,DESCAKIYM4,15,50,2027-07-01,True,2024-12-27T00:00:00
5363,SUPERTWT74I,20,500,2025-10-05,False,2025-05-23T00:00:00
5364,DESCJN9263,50,300,2023-05-03,False,2023-04-04T00:00:00
5365,MEGAR2VZFL,25,200,2023-02-12,False,2026-01-27T00:00:00
5366,PROMOCPWPMJ,10,300,2024-09-29,False,2024-05-03T00:00:00
5367,SAVEDWQX0C,20,150,2027-09-05,True,2026-06-09T00:00:00
5368,SALEYJG2L1,10,100,2023-07-05,False,2025-09-06T00:00:00
5369,DESC2I04GO,30,500,2027-07-30,False,2023-06-23T00:00:00
5370,OFF9TPVNC,50,500,2025-01-20,False,2024-10-08T00:00:00
5371,TOP3V50QQ,10,50,2024-08-13,False,2024-05-24T00:00:00
5372,SAVEY3YAUB,50,50,2026-03-01,False,2026-03-26T00:00:00
5373,SAVEZF5Q09,10,200,2026-03-17,False,2025-01-15T00:00:00
5374,DESCE9V4UP,50,50,2025-05-13,False,2025-07-23T00:00:00
5375,SUPERDGA0BO,15,100,2026-12-18,True,2023-08-26T00:00:00
5376,DESCLKSQTT,50,200,2025-07-31,False,2023-12-06T00:00:00
5377,OFF2TE0C9,10,200,2027-11-21,True,2023-09-29T00:00:00
5378,MEGAEJZ0VL,10,300,2023-10-27,False,2024-05-10T00:00:00
5379,SAVESVAWIC,40,200,2025-08-17,False,2023-11-01T00:00:00
5380,TOPFHFEOA,50,500,2024-06-28,False,2025-11-29T00:00:00
5381,PROMOY0BW6E,15,500,2026-11-18,True,2024-05-28T00:00:00
5382,PROMO2TWOMN,10,500,2026-09-08,False,2024-04-09T00:00:00
5383,DESC9VAAG4,25,100,2024-10-03,False,2024-05-03T00:00:00
5384,SALESYCS6E,20,200,2027-05-09,False,2025-04-02T00:00:00
5385,SALEK0LRZT,15,300,2024-08-03,False,2024-12-13T00:00:00
5386,MEGA47JM2O,25,50,2025-09-29,False,2025-03-19T00:00:00
5387,OFFZYTU9S,10,500,2025-02-14,False,2023-09-29T00:00:00
5388,MEGAS2ZHY4,10,500,2025-04-07,False,2026-04-19T00:00:00
5389,DESC8Y9M6C,40,200,2024-06-06,False,2023-09-08T00:00:00
5390,SAVE2NC3O5,5,200,2025-02-09,False,2026-03-19T00:00:00
5391,MEGAP4HGTJ,20,200,2023-07-30,False,2026-01-23T00:00:00
5392,PROMOUUHIII,20,300,2025-06-02,False,2023-11-30T00:00:00
5393,OFFCTBK01,10,300,2023-12-17,False,2023-01-29T00:00:00
5394,PROMOESTPFR,30,300,2026-02-02,False,2023-09-15T00:00:00
5395,SALEDYPTP2,50,200,2027-10-16,True,2026-04-04T00:00:00
5396,SAVEVXNGOH,10,300,2027-04-29,True,2024-03-31T00:00:00
5397,SALE3FT6RZ,10,50,2026-06-15,False,2026-03-24T00:00:00
5398,OFFC1BYUM,5,150,2023-11-04,False,2026-02-01T00:00:00
5399,TOP2YJXHI,30,300,2024-03-09,False,2025-09-22T00:00:00
5400,SUPERIKW4B5,25,150,2024-12-13,False,2025-10-14T00:00:00
5401,SUPERNW0AJQ,30,200,2023-06-05,False,2025-09-19T00:00:00
5402,SUPERTEDZNW,50,100,2025-12-30,False,2025-03-09T00:00:00
5403,TOPKRHYLM,5,150,2023-06-13,False,2023-05-28T00:00:00
5404,MEGAZ0EOOF,30,150,2024-10-19,False,2024-10-04T00:00:00
5405,SUPERQROVXI,5,50,2026-07-18,True,2023-06-13T00:00:00
5406,DESCTR6ZCE,50,200,2025-01-11,False,2023-03-31T00:00:00
5407,SUPERWFAVBV,30,300,2023-02-11,False,2024-01-14T00:00:00
5408,PROMOX4YE0D,5,100,2025-11-17,False,2025-10-19T00:00:00
5409,MEGAERP487,40,100,2024-08-24,False,2025-06-05T00:00:00
5410,SUPEREM0YW5,10,50,2023-08-15,False,2024-01-27T00:00:00
5411,PROMOG0WHMQ,40,150,2026-12-27,True,2024-06-09T00:00:00
5412,TOPT5RKXI,20,150,2027-08-29,True,2023-07-04T00:00:00
5413,SALE3R83O8,50,50,2025-02-07,False,2024-08-19T00:00:00
5414,TOPXMZ84F,30,200,2027-03-09,True,2025-05-16T00:00:00
5415,TOPZ31E3V,20,100,2024-03-11,False,2025-08-09T00:00:00
5416,TOP96AOP4,50,300,2023-06-01,False,2024-02-07T00:00:00
5417,OFFXZV86S,5,300,2025-06-15,False,2024-11-03T00:00:00
5418,SAVE06NFQX,15,100,2025-03-05,False,2025-09-13T00:00:00
5419,DESC8P7WXX,50,150,2027-06-25,True,2026-04-22T00:00:00
5420,SAVE472LJ0,5,300,2026-08-17,False,2025-05-31T00:00:00
5421,SALEL745AD,30,50,2025-06-11,False,2024-09-13T00:00:00
5422,MEGA6SPAG6,5,500,2023-08-20,False,2026-02-22T00:00:00
5423,OFF7N35GB,15,150,2027-02-17,False,2023-07-24T00:00:00
5424,DESC3VFLGH,15,50,2027-07-27,True,2026-04-02T00:00:00
5425,SALEGNZH3W,30,200,2024-08-26,False,2025-08-08T00:00:00
5426,OFFRFP6L1,30,200,2024-10-24,False,2024-01-09T00:00:00
5427,OFFD0FVIV,5,500,2027-04-02,True,2026-01-03T00:00:00
5428,SUPERR8BDMW,20,100,2024-07-30,False,2024-02-11T00:00:00
5429,SALEWZFAJC,25,100,2027-08-12,True,2026-04-21T00:00:00
5430,SUPER1LSPHF,50,200,2027-10-26,False,2024-11-26T00:00:00
5431,OFFXODUDK,40,50,2027-04-07,False,2026-06-09T00:00:00
5432,DESCS7I2VS,20,50,2023-01-15,False,2025-11-09T00:00:00
5433,SALE5KFRWT,15,50,2027-02-05,True,2023-04-09T00:00:00
5434,TOP30UMM0,50,100,2025-05-29,False,2023-01-28T00:00:00
5435,TOPPR5EVZ,15,50,2025-04-21,False,2026-02-24T00:00:00
5436,PROMOQ4SEBC,40,200,2024-11-29,False,2024-07-02T00:00:00
5437,SAVED8DQUM,10,100,2027-11-12,True,2024-03-12T00:00:00
5438,SALEPL8WAO,5,50,2025-02-16,False,2026-03-23T00:00:00
5439,OFFP6U0BR,10,150,2023-11-27,False,2023-01-02T00:00:00
5440,SALEL2OG9R,5,300,2027-11-22,True,2024-04-18T00:00:00
5441,OFFY79OLM,50,500,2027-09-04,False,2023-04-11T00:00:00
5442,PROMOOUL116,5,200,2026-09-02,False,2023-06-30T00:00:00
5443,PROMOJNZYPW,15,500,2023-09-19,False,2025-05-12T00:00:00
5444,SALE99ALVG,50,500,2026-03-19,False,2024-10-04T00:00:00
5445,MEGA7QUPTY,30,100,2027-03-06,True,2023-10-26T00:00:00
5446,OFFJJBYXI,15,100,2026-05-19,False,2024-06-22T00:00:00
5447,SAVE3R1A1J,15,150,2023-10-24,False,2024-03-21T00:00:00
5448,SAVEOI7HG5,5,300,2025-09-26,False,2023-10-28T00:00:00
5449,TOPO10OVX,15,150,2026-09-13,False,2024-09-01T00:00:00
5450,SUPERKO6C4M,15,500,2026-10-20,True,2024-03-08T00:00:00
5451,SAVE8H5HL3,20,100,2025-03-05,False,2025-07-20T00:00:00
5452,SAVE4NPDD7,20,200,2025-04-01,False,2025-10-29T00:00:00
5453,DESCZ9JKFI,10,500,2026-09-12,True,2024-07-18T00:00:00
5454,SAVE80IRE5,15,50,2026-12-06,True,2023-11-28T00:00:00
5455,SUPER14QWPU,50,500,2023-06-01,False,2024-01-17T00:00:00
5456,SUPER77CXGK,10,500,2024-09-26,False,2025-01-29T00:00:00
5457,DESCTPVM9M,5,500,2027-08-26,True,2026-02-18T00:00:00
5458,SUPERSOGOR4,10,200,2024-11-28,False,2024-08-09T00:00:00
5459,SUPER1WSMQS,50,50,2025-06-30,False,2024-03-27T00:00:00
5460,OFFPDY4BL,30,500,2025-09-10,False,2024-12-23T00:00:00
5461,SAVEIKTPHR,15,50,2026-11-15,True,2025-04-21T00:00:00
5462,MEGA79JS3I,30,150,2023-09-17,False,2025-05-29T00:00:00
5463,TOPFJYVIW,10,500,2024-05-10,False,2025-11-26T00:00:00
5464,DESCRUVUUA,20,150,2026-11-08,False,2024-12-02T00:00:00
5465,MEGAYJ967I,30,500,2026-07-17,False,2023-07-28T00:00:00
5466,MEGAKC0XAF,20,100,2023-02-07,False,2025-08-29T00:00:00
5467,SAVE20R769,15,200,2026-01-22,False,2024-03-22T00:00:00
5468,SUPERG0AR4N,30,50,2025-08-26,False,2025-07-17T00:00:00
5469,TOPNEY7A4,50,100,2027-03-15,True,2025-08-28T00:00:00
5470,DESC7VERK7,15,200,2027-11-29,True,2025-01-10T00:00:00
5471,SUPERRVBTWJ,25,500,2026-12-26,True,2023-02-20T00:00:00
5472,SUPERE4NJQ3,15,300,2026-09-12,False,2025-08-05T00:00:00
5473,MEGA5YCZ59,20,300,2023-12-13,False,2024-01-26T00:00:00
5474,TOPVZG438,50,200,2025-10-19,False,2025-12-17T00:00:00
5475,SUPERXMJLE3,40,300,2025-07-19,False,2024-08-05T00:00:00
5476,DESCPHW1DT,50,500,2027-03-12,True,2023-05-05T00:00:00
5477,OFFI668EO,10,500,2027-07-26,True,2023-10-18T00:00:00
5478,OFFAHA03S,20,500,2024-06-26,False,2025-02-03T00:00:00
5479,PROMOQS6TND,50,50,2023-11-12,False,2024-03-12T00:00:00
5480,MEGAQ3RPF7,15,150,2023-03-17,False,2025-03-20T00:00:00
5481,TOPHIUXRN,20,200,2026-08-16,False,2023-11-18T00:00:00
5482,SAVEBWZ0PA,15,100,2024-04-26,False,2026-04-09T00:00:00
5483,TOP5PFEVG,5,300,2027-05-11,True,2025-09-06T00:00:00
5484,OFFUQR8OB,5,50,2026-11-05,True,2023-04-23T00:00:00
5485,MEGATYU12N,25,300,2024-04-20,False,2024-09-26T00:00:00
5486,SALEFO3JAD,5,50,2024-09-05,False,2024-03-27T00:00:00
5487,SUPERX0I8CH,25,50,2027-11-10,True,2025-10-19T00:00:00
5488,TOPJOEGM7,5,300,2025-07-13,False,2026-04-20T00:00:00
5489,SALE2T45L0,15,100,2024-11-18,False,2023-07-02T00:00:00
5490,TOP1CWN46,40,150,2023-04-21,False,2023-10-28T00:00:00
5491,OFF0YKJ6N,5,200,2025-11-22,False,2026-03-07T00:00:00
5492,MEGAFFZGJ7,30,300,2024-07-31,False,2025-03-16T00:00:00
5493,SAVEBOATVV,25,500,2023-10-20,False,2025-03-16T00:00:00
5494,SAVEJNJBL9,10,300,2025-06-30,False,2025-03-05T00:00:00
5495,OFFYMGTS2,5,50,2023-05-14,False,2025-03-25T00:00:00
5496,SAVE1LBVWL,10,100,2026-07-17,False,2024-02-17T00:00:00
5497,OFFCJ9OLS,40,50,2025-02-21,False,2025-11-20T00:00:00
5498,SALE44N3VZ,25,50,2024-01-20,False,2025-10-26T00:00:00
5499,OFFVJ6C85,40,300,2023-09-05,False,2024-04-06T00:00:00
5500,SAVES4HUT1,10,500,2024-07-24,False,2024-12-30T00:00:00
5501,SUPERZAS6VF,25,100,2024-02-19,False,2023-12-10T00:00:00
5502,DESC5P418M,20,150,2026-12-14,True,2025-01-20T00:00:00
5503,OFFF0YIMV,15,100,2027-04-05,True,2023-11-23T00:00:00
5504,SUPERR6H8X4,5,200,2024-12-25,False,2025-07-13T00:00:00
5505,SALE5GDEPX,50,50,2024-07-14,False,2023-11-21T00:00:00
5506,SALEHX6SWP,25,50,2024-10-23,False,2025-01-14T00:00:00
5507,SAVEL047NV,15,150,2023-08-12,False,2024-12-28T00:00:00
5508,SAVEQS3WIT,30,100,2026-04-15,False,2026-05-02T00:00:00
5509,DESC18GAKT,10,150,2024-05-28,False,2025-05-15T00:00:00
5510,SUPERIZWPHU,40,50,2024-10-31,False,2024-03-06T00:00:00
5511,SALEZWAX3F,10,100,2024-04-12,False,2024-03-06T00:00:00
5512,SALEGKEF3G,10,100,2027-07-22,True,2024-03-18T00:00:00
5513,TOP3LLI8J,40,500,2027-07-24,True,2024-04-23T00:00:00
5514,TOPLQURDE,10,200,2025-04-02,False,2025-07-08T00:00:00
5515,PROMOBMVGS7,40,50,2027-05-27,False,2024-05-31T00:00:00
5516,TOP8E5JFM,30,300,2023-07-19,False,2025-06-20T00:00:00
5517,TOPYCN4YH,5,500,2023-11-14,False,2025-04-04T00:00:00
5518,MEGAFL2AOY,15,500,2026-04-16,False,2024-11-26T00:00:00
5519,OFFFD4JCA,50,100,2027-08-16,True,2025-09-02T00:00:00
5520,PROMOWYHJ5Y,5,150,2024-11-06,False,2025-01-04T00:00:00
5521,SAVELQ5RMV,15,200,2025-06-09,False,2024-09-24T00:00:00
5522,TOPIQSZK2,10,200,2026-07-04,True,2023-03-30T00:00:00
5523,MEGAODGOYY,25,50,2027-05-30,True,2023-03-05T00:00:00
5524,SUPERQA7SPY,40,200,2023-08-30,False,2026-04-13T00:00:00
5525,SAVENFUGPT,15,200,2026-02-19,False,2024-04-18T00:00:00
5526,SAVE3RA2QU,5,200,2024-09-20,False,2024-10-06T00:00:00
5527,SAVEN47PMI,40,50,2025-09-14,False,2025-09-03T00:00:00
5528,OFF486294,10,50,2024-12-05,False,2024-06-17T00:00:00
5529,TOPU4F9VQ,30,100,2027-06-08,True,2025-04-15T00:00:00
5530,SUPERKJZHHQ,30,150,2023-08-06,False,2025-05-21T00:00:00
5531,MEGAZ0L7XA,40,300,2024-01-19,False,2025-04-15T00:00:00
5532,SUPER8AS8OL,5,100,2024-07-15,False,2023-06-05T00:00:00
5533,DESC492GDA,10,50,2024-11-13,False,2023-05-21T00:00:00
5534,SALEFKMSTG,20,500,2026-07-24,True,2026-02-27T00:00:00
5535,SUPERH19PY5,10,500,2024-05-05,False,2023-01-03T00:00:00
5536,SAVEAOFR6X,50,200,2023-02-23,False,2023-11-15T00:00:00
5537,MEGAFMQFAF,15,50,2023-01-06,False,2023-11-10T00:00:00
5538,SUPERDPB86C,25,200,2027-05-03,True,2024-03-29T00:00:00
5539,MEGAM72FBD,50,500,2027-06-05,False,2024-09-23T00:00:00
5540,MEGA54RED7,10,150,2024-02-12,False,2024-10-27T00:00:00
5541,SALEG6H5N5,50,100,2023-04-18,False,2026-01-15T00:00:00
5542,SALEQBRM64,15,500,2027-04-15,True,2026-03-31T00:00:00
5543,SUPERQOJM8K,20,50,2026-04-19,False,2024-11-30T00:00:00
5544,SAVEKD4931,15,200,2024-03-01,False,2023-01-02T00:00:00
5545,SALE8ES8VE,25,200,2026-10-05,True,2024-03-07T00:00:00
5546,PROMO19GTBV,50,100,2027-02-04,False,2024-07-20T00:00:00
5547,SAVE53HSCL,10,300,2026-04-15,False,2025-11-09T00:00:00
5548,SUPERV2QNVY,25,500,2026-06-22,False,2024-08-24T00:00:00
5549,SAVERO37G9,40,50,2026-07-28,False,2025-11-11T00:00:00
5550,SAVEUT14QR,30,150,2025-12-19,False,2026-05-21T00:00:00
5551,DESCP88L2A,50,500,2024-07-02,False,2025-05-17T00:00:00
5552,SALEFU0IQD,50,50,2027-11-08,True,2023-12-21T00:00:00
5553,SAVE8PXTRD,50,50,2023-09-09,False,2023-02-28T00:00:00
5554,DESCYC7K1Z,30,200,2024-02-18,False,2025-03-16T00:00:00
5555,SAVE8EXD00,20,300,2024-04-12,False,2025-08-17T00:00:00
5556,MEGABTWK95,20,50,2026-11-23,True,2024-10-24T00:00:00
5557,TOP0I7UN9,15,200,2027-01-12,True,2024-02-16T00:00:00
5558,OFFK5KJGR,10,50,2027-07-17,False,2023-01-09T00:00:00
5559,MEGAHDJ4GN,15,50,2023-11-10,False,2025-04-22T00:00:00
5560,SUPER0ZBQ57,15,500,2025-11-14,False,2023-01-17T00:00:00
5561,DESCTKXWJV,25,200,2025-07-13,False,2026-04-06T00:00:00
5562,OFFPIGFA2,30,150,2026-03-14,False,2026-04-26T00:00:00
5563,OFFAZZ1D3,50,100,2024-09-21,False,2025-03-02T00:00:00
5564,SAVEGERRVN,10,100,2024-10-17,False,2026-06-10T00:00:00
5565,MEGA9ZE5YK,10,300,2025-03-25,False,2023-11-28T00:00:00
5566,SUPERVGI7ZB,20,200,2024-04-17,False,2023-04-04T00:00:00
5567,OFFF0KDCC,10,200,2023-12-01,False,2026-05-01T00:00:00
5568,SAVEUAS4Y1,15,500,2024-09-29,False,2025-03-09T00:00:00
5569,MEGAKEFNID,5,200,2024-11-30,False,2026-06-05T00:00:00
5570,SUPERUPDIZS,10,50,2027-09-28,True,2023-07-22T00:00:00
5571,SALEVWZSBT,15,200,2026-11-16,False,2024-11-13T00:00:00
5572,TOP7H22H1,40,200,2027-12-02,True,2024-03-06T00:00:00
5573,TOP9OEODF,30,500,2026-10-25,False,2023-12-26T00:00:00
5574,OFFX7FHQZ,15,150,2025-03-05,False,2023-01-11T00:00:00
5575,MEGAFU0DOS,20,100,2027-08-10,True,2024-02-28T00:00:00
5576,PROMOC1MFU5,50,300,2025-03-12,False,2023-02-09T00:00:00
5577,OFF44L9Y1,50,50,2024-07-16,False,2025-11-11T00:00:00
5578,MEGA4FVPQ3,5,100,2025-07-12,False,2025-07-16T00:00:00
5579,SALEGKCQ2F,5,150,2023-03-07,False,2023-12-13T00:00:00
5580,SAVEJ3J350,50,50,2027-12-29,False,2023-11-08T00:00:00
5581,OFFB1HAV0,10,150,2024-06-25,False,2023-12-17T00:00:00
5582,OFF1BATN6,30,200,2025-09-10,False,2024-02-03T00:00:00
5583,SALEY6J2ZK,40,300,2023-12-14,False,2023-01-19T00:00:00
5584,SALE70SVL8,5,500,2025-11-17,False,2024-08-27T00:00:00
5585,MEGAEEBJHX,25,200,2024-06-16,False,2025-05-14T00:00:00
5586,SALELN2749,40,100,2023-07-06,False,2025-09-04T00:00:00
5587,MEGAKP28H5,5,200,2024-09-16,False,2025-03-31T00:00:00
5588,SAVEBDGSLC,40,300,2024-11-23,False,2025-05-31T00:00:00
5589,TOPOAKH5M,15,100,2025-11-03,False,2023-12-23T00:00:00
5590,OFFR2NDF0,10,150,2024-04-10,False,2023-03-17T00:00:00
5591,OFFISVOLK,30,100,2025-09-27,False,2025-11-05T00:00:00
5592,PROMOL4W12B,50,50,2026-09-28,False,2024-12-29T00:00:00
5593,PROMOYCFK8Y,40,200,2023-01-04,False,2024-09-25T00:00:00
5594,DESCGI53BS,10,100,2023-05-31,False,2026-04-20T00:00:00
5595,MEGAZCXE6I,5,50,2023-09-19,False,2024-05-09T00:00:00
5596,TOPAH3S66,25,50,2027-05-28,True,2025-10-14T00:00:00
5597,SAVEIPA86O,30,500,2024-03-19,False,2025-05-13T00:00:00
5598,TOP9LZIBI,5,500,2025-10-08,False,2023-05-19T00:00:00
5599,SALERT8TYY,25,500,2024-05-21,False,2023-01-28T00:00:00
5600,PROMOZBRTON,5,300,2026-10-15,True,2024-11-27T00:00:00
5601,SUPERE21WDG,25,100,2023-10-20,False,2024-07-28T00:00:00
5602,MEGAUPUI36,10,150,2025-12-06,False,2026-01-04T00:00:00
5603,TOPFSQKR6,50,200,2025-03-18,False,2024-02-17T00:00:00
5604,PROMOGSWCU5,40,50,2024-10-06,False,2025-07-12T00:00:00
5605,SAVE04H1K6,10,100,2025-08-25,False,2023-07-17T00:00:00
5606,OFFOPTLG0,40,300,2027-12-19,True,2023-03-20T00:00:00
5607,PROMOGI6S6O,20,150,2027-12-30,True,2023-10-27T00:00:00
5608,SALEKJQSXB,15,300,2026-05-03,False,2026-06-01T00:00:00
5609,PROMOC5DJY5,15,300,2025-09-18,False,2026-02-02T00:00:00
5610,OFFZYYOGU,15,300,2025-01-24,False,2023-09-07T00:00:00
5611,OFFB3JJKD,25,100,2023-01-11,False,2024-04-18T00:00:00
5612,SALEQF7PK2,15,150,2024-12-27,False,2023-10-09T00:00:00
5613,MEGA1W03L5,10,200,2023-12-18,False,2024-04-08T00:00:00
5614,PROMOWCEN0K,15,100,2027-02-03,True,2025-05-14T00:00:00
5615,PROMOLMNH14,30,100,2027-04-29,False,2023-06-03T00:00:00
5616,OFFXH66V4,20,100,2026-01-29,False,2023-10-12T00:00:00
5617,PROMOVU14PX,5,300,2026-06-06,False,2024-03-09T00:00:00
5618,DESCSHRCXM,25,100,2025-03-05,False,2023-06-08T00:00:00
5619,SALEABCB2S,30,500,2026-02-25,False,2023-10-03T00:00:00
5620,DESCVCI4HX,40,300,2025-07-23,False,2025-12-08T00:00:00
5621,SAVEI53SZQ,5,150,2027-07-06,True,2025-10-07T00:00:00
5622,OFFGVXEXQ,10,100,2025-01-30,False,2023-04-26T00:00:00
5623,MEGAJ2ZJYU,15,500,2024-10-13,False,2024-07-15T00:00:00
5624,SALEWQ4VG9,50,50,2027-04-19,True,2025-03-15T00:00:00
5625,DESCKQFWVE,40,50,2027-09-11,True,2024-04-30T00:00:00
5626,PROMONL53CR,20,100,2023-12-29,False,2024-03-16T00:00:00
5627,SAVERJFARA,40,50,2026-02-01,False,2024-11-08T00:00:00
5628,OFFRSLAA6,5,150,2026-04-17,False,2023-01-12T00:00:00
5629,MEGAC1PQEE,40,300,2025-03-27,False,2024-08-07T00:00:00
5630,DESCTPJ6OU,15,50,2026-06-27,False,2023-01-29T00:00:00
5631,PROMOP9QZHA,15,100,2027-01-26,True,2023-11-01T00:00:00
5632,MEGAX52GYZ,25,300,2026-04-22,False,2023-06-24T00:00:00
5633,PROMOOOUT73,15,50,2025-07-31,False,2024-10-30T00:00:00
5634,MEGATA2F7W,10,100,2026-12-19,True,2024-12-24T00:00:00
5635,TOPTCT8PV,30,200,2026-03-26,False,2023-01-14T00:00:00
5636,PROMO1IUF5Z,5,200,2023-07-23,False,2024-09-25T00:00:00
5637,OFF14SW32,10,50,2023-02-22,False,2024-04-08T00:00:00
5638,OFF4Y7V6E,50,500,2023-03-22,False,2024-04-19T00:00:00
5639,SAVE47ANNI,5,100,2026-06-15,True,2024-12-27T00:00:00
5640,OFF1G10RQ,10,100,2025-07-16,False,2023-01-04T00:00:00
5641,MEGA414LZ6,50,50,2024-02-13,False,2024-08-05T00:00:00
5642,DESC0SUX0F,5,100,2025-05-09,False,2023-09-13T00:00:00
5643,OFFTS1ECO,40,150,2024-12-07,False,2024-05-25T00:00:00
5644,TOPVPHH2Z,30,50,2023-08-18,False,2023-04-01T00:00:00
5645,SAVE0SKLW3,30,50,2025-09-23,False,2024-12-19T00:00:00
5646,SALEFUQMDZ,40,300,2025-05-07,False,2024-11-26T00:00:00
5647,TOP1N418E,50,150,2025-11-11,False,2026-06-08T00:00:00
5648,PROMOYM72YG,50,50,2023-02-03,False,2025-09-29T00:00:00
5649,SUPERNIO7GT,25,100,2023-04-04,False,2025-04-20T00:00:00
5650,PROMOEJ5BE4,20,300,2025-10-08,False,2025-02-07T00:00:00
5651,SALERH5483,40,200,2025-12-06,False,2023-03-23T00:00:00
5652,PROMOF20YLJ,10,50,2025-12-19,False,2024-02-03T00:00:00
5653,MEGA1098JS,15,100,2025-11-14,False,2025-11-17T00:00:00
5654,OFF4H7C23,50,100,2024-10-24,False,2023-03-18T00:00:00
5655,SALEQ62MZ2,10,50,2026-12-21,True,2024-09-28T00:00:00
5656,SALECOVBIL,20,300,2024-04-19,False,2024-01-28T00:00:00
5657,SAVE6NPHEG,5,300,2024-08-15,False,2025-12-21T00:00:00
5658,TOPZLGB3F,15,300,2026-09-28,True,2025-04-10T00:00:00
5659,OFFOMVJF7,50,300,2026-05-14,False,2024-10-22T00:00:00
5660,DESCRN1HBN,10,200,2024-04-01,False,2025-03-04T00:00:00
5661,SUPERY6FGQC,50,500,2024-08-18,False,2026-06-02T00:00:00
5662,SUPERQP5XR9,15,150,2026-08-18,True,2026-03-08T00:00:00
5663,SAVE7GSEPZ,25,150,2026-05-27,False,2025-05-17T00:00:00
5664,TOP561AS9,15,300,2024-11-19,False,2024-04-12T00:00:00
5665,SAVECAYNJZ,5,100,2023-07-18,False,2026-04-04T00:00:00
5666,SALE67CEKB,15,200,2023-05-11,False,2024-04-27T00:00:00
5667,SALE6RHH5Z,10,500,2025-12-06,False,2023-03-30T00:00:00
5668,SALEA5CCFK,10,100,2027-06-16,True,2023-06-27T00:00:00
5669,PROMOEWN64K,30,300,2024-10-15,False,2026-03-10T00:00:00
5670,PROMOND0KBY,30,150,2024-08-31,False,2026-01-28T00:00:00
5671,DESCVN64FO,5,300,2025-03-27,False,2025-02-09T00:00:00
5672,PROMOWNY46V,50,200,2025-05-18,False,2025-10-05T00:00:00
5673,OFFUHPPK6,25,500,2025-01-28,False,2025-03-07T00:00:00
5674,SUPER10JL4I,10,150,2027-03-05,False,2023-02-22T00:00:00
5675,PROMOPZOQ9M,50,300,2024-05-23,False,2025-05-16T00:00:00
5676,TOPCYPMCG,10,200,2024-05-09,False,2023-11-15T00:00:00
5677,SAVEIETA4V,20,500,2024-03-14,False,2025-06-12T00:00:00
5678,SAVEIQ8M7X,10,500,2024-10-25,False,2023-11-16T00:00:00
5679,OFF5IULJ7,5,300,2024-09-11,False,2023-03-02T00:00:00
5680,PROMOM93TE3,5,500,2026-03-31,False,2025-02-05T00:00:00
5681,TOP9KSLPB,15,150,2027-03-27,True,2025-12-12T00:00:00
5682,TOP9IAEJV,10,150,2026-06-20,True,2023-07-26T00:00:00
5683,DESCZO1HQK,20,50,2025-01-19,False,2024-03-12T00:00:00
5684,DESCNKBQ6N,40,50,2023-08-28,False,2024-09-14T00:00:00
5685,SAVENRQSU5,10,300,2027-04-13,True,2025-10-13T00:00:00
5686,OFFAWMFXY,25,150,2026-05-11,False,2025-08-08T00:00:00
5687,SALEQVAMU0,10,500,2023-10-26,False,2026-04-18T00:00:00
5688,PROMOFELSFZ,25,500,2024-07-01,False,2023-09-02T00:00:00
5689,SAVE75CZJQ,15,150,2026-01-24,False,2025-04-11T00:00:00
5690,SUPERIE0048,5,100,2027-11-27,True,2025-09-23T00:00:00
5691,SAVEDS16OL,5,150,2027-01-26,True,2023-06-27T00:00:00
5692,PROMO7PLL27,50,100,2027-09-29,True,2024-05-23T00:00:00
5693,SAVEDXP6C5,15,200,2025-09-13,False,2026-05-04T00:00:00
5694,SUPERWYIN9R,10,50,2024-11-12,False,2023-04-06T00:00:00
5695,MEGAL2D7G9,20,150,2026-05-11,False,2024-08-26T00:00:00
5696,MEGAGYS4KR,10,150,2025-03-11,False,2023-04-25T00:00:00
5697,OFFB9WVT6,5,500,2026-07-07,True,2025-09-15T00:00:00
5698,DESC1WISG2,50,300,2023-07-09,False,2026-06-07T00:00:00
5699,DESCZP2OVE,30,100,2027-05-21,True,2025-01-22T00:00:00
5700,SUPERLGL5MD,5,100,2023-11-07,False,2023-03-23T00:00:00
5701,PROMO3H9ELN,30,300,2027-10-01,True,2023-02-27T00:00:00
5702,PROMO43G5H8,30,150,2027-04-19,False,2025-02-14T00:00:00
5703,OFFNMLR76,20,150,2023-10-27,False,2026-04-08T00:00:00
5704,OFFUV09KV,20,50,2026-06-23,True,2024-11-13T00:00:00
5705,MEGARM4OBK,20,300,2027-04-21,False,2024-06-14T00:00:00
5706,PROMO192OST,25,100,2025-05-16,False,2023-09-15T00:00:00
5707,TOPJBZN6U,50,300,2024-07-03,False,2024-01-06T00:00:00
5708,SUPERSRVMIU,50,300,2024-01-07,False,2024-05-28T00:00:00
5709,OFF606S66,40,150,2024-12-25,False,2023-01-15T00:00:00
5710,PROMOZ87CTI,10,200,2024-08-10,False,2024-02-12T00:00:00
5711,DESC40DS6T,5,100,2026-02-23,False,2024-04-15T00:00:00
5712,TOPKM4VAJ,10,300,2026-08-07,True,2024-06-06T00:00:00
5713,DESCP40TX2,40,150,2026-09-22,True,2023-08-24T00:00:00
5714,PROMOVN57NZ,25,100,2026-02-12,False,2024-12-16T00:00:00
5715,SAVEWQD60B,50,150,2026-04-25,False,2024-05-16T00:00:00
5716,SUPERAD8RWH,30,150,2026-05-09,False,2023-01-27T00:00:00
5717,DESCL4TNR7,30,50,2023-08-04,False,2023-05-10T00:00:00
5718,PROMORWNIFN,50,200,2027-02-01,True,2024-05-27T00:00:00
5719,TOPLYYI8X,40,100,2023-05-01,False,2023-01-03T00:00:00
5720,SAVE1LH09C,50,500,2026-02-05,False,2023-10-09T00:00:00
5721,PROMOT8RILC,40,500,2024-05-26,False,2024-10-22T00:00:00
5722,SUPER6MYLYI,30,300,2023-07-19,False,2026-04-12T00:00:00
5723,SUPERA33DEG,10,100,2027-07-05,True,2024-05-08T00:00:00
5724,SALE606X6E,30,150,2026-05-06,False,2024-03-08T00:00:00
5725,MEGAK6ABV2,5,150,2027-12-02,True,2025-01-05T00:00:00
5726,OFFQIZ787,50,100,2024-11-08,False,2025-02-20T00:00:00
5727,TOPQQ6PVD,10,100,2027-12-18,False,2026-01-02T00:00:00
5728,OFF2L192G,5,200,2024-12-26,False,2023-07-31T00:00:00
5729,SUPERKNXO5W,40,300,2023-11-28,False,2024-11-28T00:00:00
5730,SUPERY2PAES,40,150,2025-08-24,False,2023-11-24T00:00:00
5731,SAVEGX1U4R,20,100,2026-03-11,False,2026-01-29T00:00:00
5732,PROMO1DUIAN,50,500,2027-10-19,False,2023-08-22T00:00:00
5733,OFFCOJYUM,10,200,2024-02-13,False,2026-01-08T00:00:00
5734,DESC2VPTDO,50,500,2027-11-28,False,2024-05-06T00:00:00
5735,DESCXLLAKM,40,100,2025-08-04,False,2025-05-06T00:00:00
5736,OFF34AX31,25,100,2023-03-20,False,2024-10-24T00:00:00
5737,SALEDRZJ4L,30,100,2026-02-15,False,2024-06-23T00:00:00
5738,SUPERMTCO1Z,10,50,2027-12-31,False,2025-02-10T00:00:00
5739,SUPER1CWC1T,50,300,2025-12-18,False,2025-08-09T00:00:00
5740,TOPX8CKDZ,40,300,2023-07-25,False,2026-04-16T00:00:00
5741,OFFP51FYK,5,200,2026-10-19,True,2026-04-05T00:00:00
5742,OFF9QTC9I,30,150,2025-08-10,False,2023-10-31T00:00:00
5743,SAVE5D4MRD,40,500,2026-06-23,False,2024-01-16T00:00:00
5744,PROMO4AQVMO,15,500,2024-08-12,False,2026-04-05T00:00:00
5745,DESCXWQE5F,25,50,2024-11-29,False,2023-07-15T00:00:00
5746,MEGAPSSU9W,50,200,2027-08-12,False,2024-01-19T00:00:00
5747,MEGAK0781G,50,200,2027-09-12,True,2023-01-23T00:00:00
5748,SAVE4UH22Q,5,150,2023-01-25,False,2024-04-16T00:00:00
5749,SAVE40CGBQ,5,50,2026-03-09,False,2023-06-27T00:00:00
5750,SAVEXNT27J,5,500,2026-05-22,False,2025-04-08T00:00:00
5751,PROMOSXTS24,25,200,2027-01-31,True,2023-12-29T00:00:00
5752,DESC7ND785,20,200,2024-06-25,False,2024-10-12T00:00:00
5753,TOPES2EMD,5,150,2025-12-14,False,2023-09-05T00:00:00
5754,OFF0Y2HGW,30,500,2024-06-12,False,2024-02-28T00:00:00
5755,DESCD2TUNO,25,100,2027-08-29,True,2026-03-18T00:00:00
5756,SALE4HYXNF,40,150,2025-08-21,False,2023-01-07T00:00:00
5757,MEGAWFYLKM,5,500,2025-09-24,False,2023-04-26T00:00:00
5758,DESC5WDQ0U,5,500,2026-05-16,False,2023-03-13T00:00:00
5759,DESCG0LP0Q,25,500,2025-10-15,False,2024-11-13T00:00:00
5760,DESCBOYLVU,5,200,2025-06-12,False,2026-04-03T00:00:00
5761,SALE5TDF59,30,150,2026-08-14,True,2023-01-01T00:00:00
5762,PROMON8TMX0,40,150,2024-09-24,False,2025-04-03T00:00:00
5763,SUPERQ76VQY,25,200,2024-07-24,False,2023-02-23T00:00:00
5764,DESCRCM0H9,5,500,2024-09-12,False,2024-01-21T00:00:00
5765,MEGADHKVBZ,15,150,2025-07-19,False,2024-03-04T00:00:00
5766,OFFKVGJ9M,5,100,2024-01-27,False,2024-04-17T00:00:00
5767,TOPUJ87ZL,10,100,2024-06-20,False,2023-01-20T00:00:00
5768,SAVE4AA5BY,10,50,2026-02-20,False,2025-05-10T00:00:00
5769,OFFCZO66A,40,500,2023-08-06,False,2024-06-18T00:00:00
5770,PROMOC19TJ6,10,200,2024-08-31,False,2025-10-15T00:00:00
5771,SALEZXQWAW,5,300,2024-09-23,False,2026-02-09T00:00:00
5772,DESC6A4JK5,10,50,2024-01-02,False,2026-06-03T00:00:00
5773,DESC90RAGR,20,100,2027-12-05,False,2024-09-16T00:00:00
5774,SUPER3I2LTQ,15,200,2025-12-10,False,2026-05-17T00:00:00
5775,OFFUAIZ5L,25,100,2025-12-05,False,2024-04-24T00:00:00
5776,DESCONAT2L,40,200,2026-09-04,False,2024-09-30T00:00:00
5777,DESC0JJPFA,50,300,2025-03-11,False,2024-08-08T00:00:00
5778,OFFTLLCQQ,40,200,2027-09-22,True,2023-09-08T00:00:00
5779,OFFMQUX0Q,10,200,2026-07-13,True,2023-05-20T00:00:00
5780,PROMO16RKMB,50,200,2023-01-29,False,2023-11-19T00:00:00
5781,OFFGG129K,30,300,2023-06-24,False,2024-05-18T00:00:00
5782,PROMON16K6N,40,150,2026-02-24,False,2024-10-31T00:00:00
5783,TOP6GCQKV,40,500,2025-08-14,False,2025-05-17T00:00:00
5784,SALEFTMZ28,25,50,2026-02-19,False,2025-12-30T00:00:00
5785,SALE91KSA2,40,300,2024-05-31,False,2024-06-26T00:00:00
5786,TOPNWF2VD,50,100,2026-05-02,False,2026-01-29T00:00:00
5787,SAVEN8H8HP,40,100,2024-12-05,False,2026-04-27T00:00:00
5788,MEGA61WH0R,25,500,2026-04-15,False,2023-09-20T00:00:00
5789,MEGAXY3K6A,50,500,2023-01-30,False,2025-02-12T00:00:00
5790,TOPEHOIL0,25,150,2023-08-04,False,2024-09-26T00:00:00
5791,DESCF6JQX6,50,300,2024-08-20,False,2025-03-08T00:00:00
5792,DESCYOT9VW,5,50,2026-07-03,True,2023-10-17T00:00:00
5793,DESCHY63FJ,10,100,2026-09-29,True,2025-12-05T00:00:00
5794,MEGAO0SHTN,25,50,2023-10-12,False,2026-03-27T00:00:00
5795,SAVEVJADER,20,200,2027-05-28,True,2024-02-28T00:00:00
5796,TOPB5NEC2,25,200,2026-01-27,False,2025-02-19T00:00:00
5797,SALELM5NV5,25,500,2024-09-20,False,2023-07-23T00:00:00
5798,TOPE9ICFK,25,100,2026-05-22,False,2026-02-28T00:00:00
5799,SALEU5QJCN,25,300,2023-02-06,False,2023-06-03T00:00:00
5800,OFF3KNYRJ,40,500,2023-07-18,False,2025-11-27T00:00:00
5801,DESCB9BL1N,50,150,2024-09-13,False,2026-04-01T00:00:00
5802,DESC2ZZWCH,15,50,2027-10-29,True,2024-03-19T00:00:00
5803,SALEHOFVJ4,50,150,2024-08-30,False,2023-12-30T00:00:00
5804,SUPERT1LAGU,15,50,2026-01-03,False,2024-08-09T00:00:00
5805,SUPERNGYSQH,5,500,2027-08-14,True,2024-06-23T00:00:00
5806,SUPERMHQ7UI,25,500,2024-01-21,False,2024-11-10T00:00:00
5807,DESC9DH0K4,15,200,2026-08-05,True,2024-05-23T00:00:00
5808,PROMOD37XW0,15,100,2027-09-30,False,2023-04-20T00:00:00
5809,MEGA5JYI72,20,200,2026-03-26,False,2023-02-24T00:00:00
5810,SALEWXNCMN,40,50,2027-09-15,True,2024-04-18T00:00:00
5811,OFFTYN2NA,30,50,2023-09-16,False,2024-05-29T00:00:00
5812,DESC97DA4T,50,100,2025-12-01,False,2025-01-01T00:00:00
5813,OFFWHOJ4M,25,150,2024-05-19,False,2023-04-29T00:00:00
5814,MEGA8SG0I6,10,200,2025-04-21,False,2024-10-05T00:00:00
5815,SUPERB6J17G,30,200,2024-12-29,False,2023-10-11T00:00:00
5816,SUPERK6MJ83,15,150,2026-03-31,False,2023-09-01T00:00:00
5817,OFFA66Z42,15,150,2026-10-03,True,2024-02-24T00:00:00
5818,OFFH3MV3G,25,150,2027-04-04,False,2026-04-09T00:00:00
5819,SALELKWIQ9,15,50,2023-11-24,False,2025-10-23T00:00:00
5820,PROMOJSOAMX,50,100,2024-07-05,False,2024-08-09T00:00:00
5821,TOP4W5AYN,50,100,2023-06-02,False,2025-07-29T00:00:00
5822,PROMOYT5GN7,10,100,2023-12-19,False,2023-01-27T00:00:00
5823,SAVE0NBHII,5,50,2025-09-19,False,2023-10-06T00:00:00
5824,TOPK95Z8L,15,100,2024-04-22,False,2025-09-17T00:00:00
5825,SALEGSPE5F,40,50,2025-06-10,False,2024-04-05T00:00:00
5826,SAVE78MXAK,5,50,2027-06-12,True,2023-05-15T00:00:00
5827,MEGAO4VSI5,20,150,2025-06-22,False,2025-04-30T00:00:00
5828,DESCZJWORY,25,300,2024-01-25,False,2025-06-03T00:00:00
5829,OFFP9D7W9,30,100,2027-12-27,True,2025-04-27T00:00:00
5830,SUPER5E1D5Y,40,200,2025-09-17,False,2024-01-28T00:00:00
5831,SALESEQE19,15,100,2025-09-07,False,2024-03-10T00:00:00
5832,SALEO0I9OG,10,150,2024-01-30,False,2025-10-31T00:00:00
5833,SAVE3NB5TR,20,200,2024-07-26,False,2024-05-29T00:00:00
5834,DESCBLQEOZ,25,200,2027-02-07,False,2023-09-17T00:00:00
5835,OFFV9PIEU,20,300,2027-11-02,True,2025-03-31T00:00:00
5836,PROMO7MJFKQ,5,150,2024-03-11,False,2025-07-28T00:00:00
5837,DESC99DOQK,15,150,2026-11-02,False,2025-01-25T00:00:00
5838,OFFY0OFXE,15,50,2023-09-01,False,2025-08-27T00:00:00
5839,PROMOT12XZ5,25,500,2026-06-30,True,2026-01-25T00:00:00
5840,SALEUOCDSO,40,50,2026-12-14,True,2026-06-11T00:00:00
5841,SUPER1SOPY2,30,500,2027-11-25,True,2024-09-26T00:00:00
5842,SUPERB4H0AU,25,100,2027-08-13,True,2025-09-07T00:00:00
5843,SUPERSKR74Y,10,150,2027-01-28,True,2024-09-29T00:00:00
5844,SUPERIAUJDT,5,100,2025-11-27,False,2024-07-02T00:00:00
5845,SUPERNFI5S7,30,300,2026-12-05,True,2024-11-15T00:00:00
5846,DESCG3X8EX,40,50,2024-10-01,False,2026-03-04T00:00:00
5847,DESC6HQL02,25,200,2026-09-01,False,2023-07-31T00:00:00
5848,PROMOLPOPGN,30,100,2024-04-22,False,2023-04-04T00:00:00
5849,SAVETBMKO4,30,200,2027-03-16,False,2024-01-10T00:00:00
5850,PROMOJZYV5W,30,150,2024-08-27,False,2024-03-26T00:00:00
5851,PROMOTHSE62,5,100,2024-12-14,False,2024-11-21T00:00:00
5852,DESC44KPAW,50,50,2026-03-26,False,2025-01-21T00:00:00
5853,SUPERN8584J,50,300,2025-05-01,False,2024-03-24T00:00:00
5854,SALEY7EKRH,25,200,2026-04-13,False,2025-11-16T00:00:00
5855,SAVEL543AG,40,150,2023-05-12,False,2025-08-08T00:00:00
5856,MEGA91N028,50,300,2026-11-10,True,2024-12-20T00:00:00
5857,SALEA79QJ3,5,100,2025-09-05,False,2026-01-03T00:00:00
5858,SUPERZVHJWE,20,200,2023-12-25,False,2024-03-14T00:00:00
5859,DESCTNF12M,20,200,2027-04-20,True,2026-05-01T00:00:00
5860,OFFIAM397,40,150,2023-03-11,False,2024-01-12T00:00:00
5861,SALES6VNE4,5,500,2026-01-21,False,2025-05-21T00:00:00
5862,TOPMQWCUU,5,300,2026-07-06,True,2025-12-10T00:00:00
5863,SAVEC6F3ZS,10,150,2023-06-22,False,2025-09-25T00:00:00
5864,SAVE3PP6UE,15,150,2024-08-09,False,2023-01-25T00:00:00
5865,PROMOMJPIH1,10,200,2023-12-04,False,2024-06-01T00:00:00
5866,SAVEO0YOZE,10,300,2027-05-29,True,2023-04-01T00:00:00
5867,SALEYHC2WD,10,500,2023-07-20,False,2026-02-14T00:00:00
5868,SALEPOSUFZ,20,150,2024-01-08,False,2025-09-02T00:00:00
5869,PROMOH2RU96,40,300,2025-12-29,False,2025-11-10T00:00:00
5870,SALE0QMAA6,5,150,2026-05-26,False,2025-03-31T00:00:00
5871,SUPER7GLZ5Z,40,200,2026-10-12,True,2026-05-11T00:00:00
5872,MEGAIQURT1,5,50,2025-10-07,False,2026-03-25T00:00:00
5873,DESCX0WEZJ,50,200,2027-05-30,False,2023-07-16T00:00:00
5874,SAVEXNL4V4,40,300,2025-01-13,False,2023-04-23T00:00:00
5875,SUPER2Z6TWY,50,500,2025-10-30,False,2024-09-22T00:00:00
5876,SAVE44448I,30,50,2026-07-27,True,2024-04-08T00:00:00
5877,MEGA8E1BJC,30,500,2024-11-11,False,2026-04-20T00:00:00
5878,TOPL477PK,40,100,2024-01-31,False,2025-10-03T00:00:00
5879,TOP0CIZJG,15,50,2027-01-09,True,2023-06-01T00:00:00
5880,SALETA2Q2H,50,100,2027-12-17,True,2024-10-12T00:00:00
5881,OFFL08OS2,30,200,2024-07-20,False,2024-04-19T00:00:00
5882,SALEQEFPZ3,5,300,2023-01-16,False,2024-01-26T00:00:00
5883,OFFPNXEOE,20,200,2026-07-03,False,2024-08-21T00:00:00
5884,MEGA85VQ71,25,100,2027-08-30,True,2026-06-05T00:00:00
5885,SALE5H7J2L,25,300,2023-05-31,False,2025-02-15T00:00:00
5886,MEGAJYPWNL,15,300,2025-09-05,False,2024-03-18T00:00:00
5887,OFFLQVYG6,10,500,2025-07-13,False,2024-06-14T00:00:00
5888,DESC5BVM3M,10,500,2023-04-11,False,2023-09-16T00:00:00
5889,DESCYDH9RC,10,200,2023-10-27,False,2023-12-27T00:00:00
5890,SALEI1KMKL,10,50,2026-12-08,False,2025-04-28T00:00:00
5891,MEGANBM41C,20,500,2025-08-09,False,2023-04-22T00:00:00
5892,TOPOPAEBN,5,50,2026-11-18,True,2025-06-16T00:00:00
5893,MEGA3MFI50,50,500,2026-01-23,False,2025-09-19T00:00:00
5894,SALEAH93I4,5,150,2025-11-24,False,2023-07-24T00:00:00
5895,SUPER1UA6MY,20,500,2025-03-31,False,2023-05-26T00:00:00
5896,SALEUL5X2P,50,100,2027-10-29,True,2024-08-20T00:00:00
5897,SUPERBQH7BJ,50,300,2023-03-26,False,2023-05-29T00:00:00
5898,SAVE06C57S,10,150,2024-11-16,False,2024-12-02T00:00:00
5899,OFF73UQ97,20,300,2025-07-25,False,2026-03-24T00:00:00
5900,MEGAAYW62T,50,150,2027-11-09,True,2023-02-02T00:00:00
5901,DESCA8B2SV,10,150,2025-10-11,False,2023-01-19T00:00:00
5902,TOPL2Z4MP,20,150,2025-01-21,False,2025-01-29T00:00:00
5903,OFF035STV,5,300,2024-12-13,False,2025-06-27T00:00:00
5904,SAVEOMCACJ,10,100,2025-12-22,False,2026-03-09T00:00:00
5905,PROMOGOC3KT,50,200,2024-03-26,False,2025-07-26T00:00:00
5906,MEGANEFZYA,20,300,2027-11-06,True,2024-02-02T00:00:00
5907,DESCN0WUTT,50,100,2025-01-10,False,2023-01-27T00:00:00
5908,SUPERYB9RZM,50,200,2026-09-05,False,2023-12-01T00:00:00
5909,MEGASZD538,10,300,2025-12-22,False,2025-09-29T00:00:00
5910,OFF88RCOG,50,50,2024-11-16,False,2023-10-01T00:00:00
5911,SAVECUF8IV,10,100,2023-04-27,False,2024-09-11T00:00:00
5912,TOPZ0N9HX,5,300,2025-09-02,False,2024-03-04T00:00:00
5913,OFF3RQQAB,15,50,2027-11-16,True,2023-11-22T00:00:00
5914,SUPERL8S18U,5,300,2026-01-21,False,2023-05-24T00:00:00
5915,SAVEVHUCA0,50,150,2026-01-15,False,2026-01-11T00:00:00
5916,DESCTU495G,25,300,2023-07-15,False,2024-11-01T00:00:00
5917,SAVESVM9KK,5,150,2025-05-14,False,2024-07-23T00:00:00
5918,SALEX450BR,20,50,2027-07-05,True,2023-11-11T00:00:00
5919,SALEB9QE01,15,150,2026-06-26,True,2026-05-13T00:00:00
5920,SUPER0LOEW6,50,100,2024-12-20,False,2023-05-15T00:00:00
5921,DESCQJUFG4,15,150,2024-10-01,False,2023-01-14T00:00:00
5922,OFFOXPTNQ,20,150,2025-04-24,False,2024-04-12T00:00:00
5923,DESC3XV2JM,25,500,2023-07-15,False,2025-06-30T00:00:00
5924,SUPERP9XBPU,20,500,2026-02-21,False,2024-12-20T00:00:00
5925,TOP2IAB5U,10,150,2023-05-30,False,2023-04-23T00:00:00
5926,SUPERLSND8Y,5,500,2026-07-06,True,2024-04-02T00:00:00
5927,PROMONIMI12,30,150,2023-03-08,False,2023-12-27T00:00:00
5928,TOPBEWJX7,5,300,2023-01-29,False,2023-04-22T00:00:00
5929,MEGA28LFAK,10,300,2023-09-04,False,2024-11-29T00:00:00
5930,SUPERVGIR6H,30,50,2025-07-29,False,2024-11-01T00:00:00
5931,TOP8ONH0N,40,100,2027-04-30,False,2023-05-13T00:00:00
5932,OFFRGEMRW,50,50,2026-04-10,False,2025-03-24T00:00:00
5933,SUPERC413E2,15,300,2024-01-02,False,2023-07-28T00:00:00
5934,SALETT8S4M,40,300,2025-01-16,False,2024-01-31T00:00:00
5935,PROMOJ2Q0UT,40,150,2026-01-11,False,2025-06-13T00:00:00
5936,MEGADCR1PC,20,50,2025-03-31,False,2025-06-19T00:00:00
5937,OFFMH61CZ,5,200,2024-02-07,False,2024-12-03T00:00:00
5938,SAVEA5OSJ2,15,500,2026-04-07,False,2023-11-21T00:00:00
5939,SAVEDCX1LR,50,100,2027-04-21,True,2025-07-02T00:00:00
5940,DESCLJ5NO3,15,300,2023-08-12,False,2023-10-03T00:00:00
5941,MEGAG47AB2,5,500,2024-06-18,False,2023-05-25T00:00:00
5942,SALENN8TXN,20,100,2024-02-11,False,2026-03-21T00:00:00
5943,MEGA56CXXN,20,100,2024-03-21,False,2024-03-28T00:00:00
5944,SAVEZ8CMEK,10,200,2025-08-04,False,2024-04-15T00:00:00
5945,MEGAE6C9IZ,10,50,2023-11-28,False,2025-09-30T00:00:00
5946,MEGAW6VALQ,50,200,2024-05-29,False,2024-01-05T00:00:00
5947,DESC77CZXM,50,300,2024-01-30,False,2025-10-22T00:00:00
5948,PROMOVT3ODY,5,300,2024-02-01,False,2023-01-19T00:00:00
5949,PROMOR233C6,40,150,2023-02-19,False,2025-10-20T00:00:00
5950,SUPERNZ9QNV,5,150,2026-04-09,False,2023-06-16T00:00:00
5951,SUPERUT7HLT,50,100,2027-03-12,True,2024-09-24T00:00:00
5952,TOPVWP2SV,20,200,2024-06-14,False,2025-04-19T00:00:00
5953,TOPZJBFWL,40,200,2025-01-28,False,2024-10-02T00:00:00
5954,SALENX2P4H,10,500,2027-02-02,True,2023-07-02T00:00:00
5955,MEGA0JVDIW,30,100,2023-01-23,False,2025-09-28T00:00:00
5956,PROMO46IQJC,30,100,2024-06-05,False,2023-06-23T00:00:00
5957,TOPZSM0EU,40,150,2026-06-15,True,2023-03-04T00:00:00
5958,DESC1EK4C0,30,50,2025-08-06,False,2023-08-31T00:00:00
5959,SUPERACYYCM,5,300,2025-03-18,False,2024-07-07T00:00:00
5960,MEGASJZAUS,30,200,2023-03-04,False,2023-12-16T00:00:00
5961,TOPV73QXT,10,50,2026-05-31,False,2023-06-13T00:00:00
5962,PROMOC0OPR6,50,300,2023-10-25,False,2025-02-27T00:00:00
5963,OFFQ82CGF,10,150,2025-06-19,False,2025-05-05T00:00:00
5964,DESCBSXUWE,30,300,2027-08-02,True,2025-05-30T00:00:00
5965,PROMOHA196U,10,300,2023-07-04,False,2025-10-08T00:00:00
5966,SUPERVII90T,5,150,2024-11-08,False,2024-09-04T00:00:00
5967,PROMOD8XSPX,15,200,2026-10-17,True,2023-08-10T00:00:00
5968,MEGAE95CSU,50,500,2023-12-11,False,2024-05-24T00:00:00
5969,DESCXEI6X0,15,100,2025-12-16,False,2025-06-21T00:00:00
5970,SAVEUDHZL2,10,50,2026-02-09,False,2023-04-08T00:00:00
5971,PROMOPIK9HI,20,500,2025-10-20,False,2024-03-25T00:00:00
5972,TOPUSIANC,20,200,2023-05-24,False,2023-05-28T00:00:00
5973,MEGALYRE73,10,500,2027-11-01,True,2023-07-29T00:00:00
5974,OFFBU1WFC,25,150,2024-01-05,False,2024-10-22T00:00:00
5975,DESCGS1SV6,15,150,2027-01-19,False,2026-05-03T00:00:00
5976,PROMOBAS7M3,5,300,2026-06-09,False,2025-08-15T00:00:00
5977,MEGASDBVR5,40,50,2026-11-08,False,2026-04-26T00:00:00
5978,SAVEEX7IDV,30,150,2027-08-29,True,2025-06-16T00:00:00
5979,TOPID4R6L,20,500,2023-09-22,False,2024-04-03T00:00:00
5980,OFFGV2QEH,40,100,2026-01-02,False,2024-03-05T00:00:00
5981,DESCZR5BNU,15,50,2023-02-17,False,2024-12-11T00:00:00
5982,SUPEROSU0H6,50,500,2024-09-16,False,2024-11-18T00:00:00
5983,TOPLSGB0L,40,300,2023-06-27,False,2024-05-23T00:00:00
5984,SUPEREEOX50,30,50,2025-04-28,False,2023-05-21T00:00:00
5985,OFF9G8V3M,30,300,2027-06-21,False,2024-12-04T00:00:00
5986,SAVE9447QH,25,50,2025-10-28,False,2025-03-26T00:00:00
5987,OFFVBG3V1,20,100,2026-04-09,False,2025-02-10T00:00:00
5988,OFFBIHDGE,20,100,2026-04-25,False,2025-03-20T00:00:00
5989,PROMORDEYZM,5,100,2024-02-28,False,2026-02-21T00:00:00
5990,MEGAIV8V1H,20,150,2024-03-13,False,2023-04-05T00:00:00
5991,TOPDQOOCA,40,100,2024-02-19,False,2026-01-01T00:00:00
5992,TOPNOU8FW,40,100,2025-11-03,False,2024-04-29T00:00:00
5993,SUPER53E2NS,40,300,2027-04-04,True,2024-11-11T00:00:00
5994,PROMON302M4,10,50,2026-05-11,False,2023-05-11T00:00:00
5995,DESCT0IE62,50,500,2027-06-24,False,2026-03-04T00:00:00
5996,OFFANJ0M9,50,100,2025-02-28,False,2025-06-20T00:00:00
5997,SALEVQ4JP2,50,50,2024-07-21,False,2024-01-17T00:00:00
5998,PROMOJ1JCDS,50,300,2025-08-09,False,2026-04-17T00:00:00
5999,SALEP3NSWD,30,150,2023-06-06,False,2026-01-05T00:00:00
6000,OFFQUK5N3,30,50,2024-12-11,False,2025-02-05T00:00:00
6001,SUPER360OVK,10,300,2023-06-08,False,2025-06-11T00:00:00
6002,PROMOZUGG43,20,500,2026-12-10,True,2025-06-21T00:00:00
6003,MEGAXJ5324,40,100,2026-08-09,True,2025-08-25T00:00:00
6004,SUPEREKIGMD,5,50,2026-06-08,False,2025-11-25T00:00:00
6005,DESC2C5Y5J,30,200,2023-08-16,False,2023-11-27T00:00:00
6006,PROMOGPSTYP,20,50,2024-04-08,False,2025-09-28T00:00:00
6007,TOPDR7B69,20,300,2025-12-25,False,2024-09-08T00:00:00
6008,DESCOMHUH4,5,150,2023-01-10,False,2026-06-03T00:00:00
6009,DESCN4H6HU,50,100,2026-07-26,True,2024-12-23T00:00:00
6010,PROMOUI2HXU,40,300,2027-06-05,True,2024-02-16T00:00:00
6011,SALEQ8C56N,30,500,2023-04-07,False,2023-06-02T00:00:00
6012,OFFKZHJ5D,40,500,2024-02-03,False,2023-07-04T00:00:00
6013,SALEHIK0G8,40,500,2026-10-22,False,2023-09-25T00:00:00
6014,SALED0QDXA,20,50,2026-12-28,True,2025-01-17T00:00:00
6015,DESCN0E5AQ,5,50,2025-09-22,False,2026-02-15T00:00:00
6016,TOPWG23CP,20,100,2026-12-11,True,2023-06-05T00:00:00
6017,PROMOE6FL7T,40,300,2027-05-19,True,2024-07-01T00:00:00
6018,TOP7R3SFJ,10,500,2026-11-14,True,2025-01-13T00:00:00
6019,PROMOPAH1B9,30,150,2027-04-10,False,2026-05-13T00:00:00
6020,TOPUD7H9F,10,300,2025-09-04,False,2025-08-27T00:00:00
6021,SUPERS4Y272,40,50,2027-10-30,False,2024-11-28T00:00:00
6022,MEGAJ6G8IO,50,50,2026-06-18,False,2025-03-18T00:00:00
6023,MEGAMOT1KX,25,100,2025-09-08,False,2024-07-01T00:00:00
6024,OFFEKK2N0,5,100,2026-10-24,True,2023-06-25T00:00:00
6025,DESCU16G6Q,25,50,2025-03-21,False,2023-10-23T00:00:00
6026,MEGAXM7Z9Q,50,200,2024-05-24,False,2023-10-04T00:00:00
6027,DESCKKQ4XH,25,50,2027-09-01,True,2024-03-11T00:00:00
6028,SAVE3NQSTD,20,100,2027-03-20,True,2024-06-17T00:00:00
6029,SALERQGQIC,40,50,2027-11-22,False,2025-12-01T00:00:00
6030,PROMO4RP7S7,30,200,2023-03-29,False,2026-05-21T00:00:00
6031,DESCW61C0Y,30,200,2023-08-02,False,2025-07-01T00:00:00
6032,MEGAXY9GDG,25,150,2027-03-19,True,2024-11-18T00:00:00
6033,MEGAV2LNSC,15,500,2026-05-09,False,2023-11-11T00:00:00
6034,DESC3I8YSE,20,100,2024-02-28,False,2023-06-13T00:00:00
6035,SUPER24SVQY,25,500,2023-04-08,False,2026-02-04T00:00:00
6036,MEGA7S6SGB,50,200,2025-12-13,False,2024-05-03T00:00:00
6037,TOPOS70OD,25,300,2024-07-24,False,2025-05-19T00:00:00
6038,PROMO7YHTCB,25,50,2024-11-27,False,2023-05-09T00:00:00
6039,TOPF7HJSP,10,150,2023-02-18,False,2025-05-25T00:00:00
6040,DESCQKLETV,30,100,2027-03-18,True,2025-06-06T00:00:00
6041,OFFYTRZUD,10,100,2025-05-24,False,2024-08-13T00:00:00
6042,TOPCGABGO,5,200,2027-08-04,True,2023-03-20T00:00:00
6043,MEGA4JF9LY,15,500,2024-07-22,False,2024-05-30T00:00:00
6044,SALEJSVX4S,10,500,2026-03-09,False,2023-02-09T00:00:00
6045,DESCL76ZUM,40,500,2026-01-25,False,2024-09-24T00:00:00
6046,SALEIIQS01,30,100,2024-04-20,False,2024-03-26T00:00:00
6047,OFFRJTCMM,10,150,2024-05-01,False,2025-03-25T00:00:00
6048,SAVEKDTT4W,15,100,2025-03-10,False,2025-09-10T00:00:00
6049,OFFO80RCX,15,300,2026-08-27,False,2023-01-09T00:00:00
6050,SAVEVWH0I6,5,50,2024-04-17,False,2025-07-31T00:00:00
6051,OFFJ0SLUO,50,100,2027-11-24,True,2025-03-20T00:00:00
6052,SUPER4KPAGT,10,500,2026-06-08,False,2025-07-23T00:00:00
6053,DESC3VPMGE,5,150,2024-05-06,False,2023-09-14T00:00:00
6054,TOPS235IH,30,300,2026-08-09,False,2024-05-18T00:00:00
6055,SAVEZE23HM,10,200,2027-11-26,True,2023-04-15T00:00:00
6056,DESC6OCOMS,40,300,2023-11-12,False,2023-02-12T00:00:00
6057,SUPER66WGTT,30,500,2023-11-07,False,2025-09-10T00:00:00
6058,MEGAC11CTX,15,150,2026-08-28,True,2025-12-22T00:00:00
6059,SALEV2YSRW,20,150,2026-08-10,True,2024-06-02T00:00:00
6060,MEGAH29GG0,10,300,2024-04-12,False,2024-06-17T00:00:00
6061,PROMO8VYIX1,5,300,2024-03-29,False,2025-06-03T00:00:00
6062,DESC6UNERG,5,200,2023-05-02,False,2024-08-14T00:00:00
6063,PROMO95EPKP,25,100,2025-07-17,False,2024-04-19T00:00:00
6064,TOPM2H4QF,20,300,2027-12-23,True,2024-03-17T00:00:00
6065,SUPER5U3NFM,10,100,2026-12-26,True,2026-04-15T00:00:00
6066,OFFMMD2BX,40,50,2023-03-08,False,2024-09-08T00:00:00
6067,MEGAZXF9QV,40,200,2024-05-25,False,2023-03-20T00:00:00
6068,PROMOOHAQ11,15,200,2027-10-26,True,2023-11-24T00:00:00
6069,SAVEY7HMQM,5,200,2026-06-26,False,2026-06-08T00:00:00
6070,DESCWZP0C8,25,50,2023-12-03,False,2026-05-11T00:00:00
6071,DESCD4HQXT,5,150,2026-03-06,False,2023-10-17T00:00:00
6072,MEGA07YCPU,40,150,2026-10-14,True,2023-07-16T00:00:00
6073,DESC90CRCW,30,150,2023-05-11,False,2024-12-15T00:00:00
6074,PROMOVCEKC8,5,200,2024-01-23,False,2025-04-28T00:00:00
6075,SUPER169OEZ,30,200,2027-11-28,False,2024-01-12T00:00:00
6076,SUPERCNTLLT,25,150,2023-06-19,False,2024-06-23T00:00:00
6077,TOP10ZMUT,25,100,2026-07-13,True,2026-02-21T00:00:00
6078,OFF98EGTX,40,100,2027-11-08,False,2023-07-10T00:00:00
6079,SUPEROLDFYP,15,150,2023-05-05,False,2025-07-19T00:00:00
6080,TOPFKZQN8,50,50,2026-09-28,True,2024-06-30T00:00:00
6081,OFF2WX9C2,30,300,2023-05-23,False,2025-06-10T00:00:00
6082,PROMOCE5Z8Y,15,100,2026-02-13,False,2023-02-25T00:00:00
6083,SALEEV13M9,50,200,2026-12-22,False,2023-09-12T00:00:00
6084,SAVEZ8JA77,20,200,2023-07-30,False,2024-01-03T00:00:00
6085,SALEDGQDNK,20,150,2026-10-14,True,2026-04-02T00:00:00
6086,OFF1TR8SB,50,200,2027-06-09,True,2023-05-08T00:00:00
6087,PROMO3TDRAC,30,500,2024-08-09,False,2024-05-14T00:00:00
6088,PROMOYX5UR8,50,300,2023-03-06,False,2025-02-25T00:00:00
6089,MEGAKNVTEG,10,200,2025-07-22,False,2023-07-25T00:00:00
6090,MEGAXK09WR,25,500,2026-01-11,False,2023-03-07T00:00:00
6091,SUPERAOW429,25,50,2024-12-25,False,2024-03-20T00:00:00
6092,OFFQIUD8R,25,500,2026-08-31,False,2024-04-09T00:00:00
6093,DESCLH0V5E,10,500,2027-05-23,True,2023-11-19T00:00:00
6094,SALEMGVWVJ,30,50,2024-04-01,False,2025-07-06T00:00:00
6095,MEGABCAS69,25,50,2025-11-25,False,2023-08-27T00:00:00
6096,MEGAWMEL3I,50,200,2023-06-18,False,2024-09-27T00:00:00
6097,PROMO0L2CKJ,20,100,2023-11-05,False,2024-04-21T00:00:00
6098,MEGATBAPU8,40,500,2025-02-16,False,2023-05-12T00:00:00
6099,SUPERM6PD49,40,50,2026-07-02,False,2023-01-06T00:00:00
6100,SAVE5JIZ5S,20,150,2024-08-11,False,2025-11-04T00:00:00
6101,DESCC8W7W1,10,500,2023-10-11,False,2025-05-30T00:00:00
6102,TOP8MHBUE,30,50,2024-10-31,False,2023-07-17T00:00:00
6103,OFF3QASLT,50,100,2026-09-20,False,2025-05-28T00:00:00
6104,OFFCAPP33,25,200,2024-05-13,False,2025-05-30T00:00:00
6105,OFFGES59I,15,100,2025-06-04,False,2026-05-24T00:00:00
6106,SALETKHP6A,50,500,2023-03-04,False,2023-08-12T00:00:00
6107,SAVE9G4YDI,5,500,2027-12-09,True,2025-12-16T00:00:00
6108,SALE1ZLZ47,25,200,2023-10-26,False,2023-11-09T00:00:00
6109,SAVECQLONW,5,150,2025-06-27,False,2025-09-10T00:00:00
6110,SALEJ91GGL,30,500,2026-01-03,False,2025-04-06T00:00:00
6111,PROMO5PS020,15,500,2023-11-05,False,2025-03-19T00:00:00
6112,SUPERRH71BF,10,150,2023-08-08,False,2024-04-20T00:00:00
6113,SUPERWS0LOI,20,150,2026-01-17,False,2025-06-11T00:00:00
6114,TOPB01H39,50,50,2025-05-11,False,2025-09-30T00:00:00
6115,SAVEL1H5LR,30,100,2026-12-22,False,2025-11-01T00:00:00
6116,TOPHGS9J3,50,300,2026-08-12,False,2025-01-15T00:00:00
6117,SAVEWJCJQ3,50,500,2025-11-03,False,2025-07-04T00:00:00
6118,SUPER3YRLHJ,25,100,2024-08-12,False,2024-09-15T00:00:00
6119,SALEM46762,10,100,2023-02-06,False,2026-03-11T00:00:00
6120,SUPER3C6QFI,50,150,2023-05-04,False,2023-05-06T00:00:00
6121,SAVEL4Q54X,25,150,2025-05-30,False,2025-01-19T00:00:00
6122,SAVE178AIH,50,100,2025-09-17,False,2026-02-21T00:00:00
6123,MEGAB3BJII,30,500,2027-03-08,True,2025-05-11T00:00:00
6124,SAVEE7NSW4,25,300,2025-01-16,False,2025-02-19T00:00:00
6125,MEGAT7XH1V,25,500,2025-12-06,False,2024-08-28T00:00:00
6126,MEGAPNVGX6,5,500,2023-12-20,False,2023-04-28T00:00:00
6127,DESCLH5D82,25,200,2024-08-22,False,2023-02-27T00:00:00
6128,MEGA649CAD,50,50,2025-08-24,False,2025-01-21T00:00:00
6129,PROMOEBBA3P,5,200,2024-09-28,False,2025-10-21T00:00:00
6130,SAVEBETOI4,20,100,2025-11-14,False,2023-07-10T00:00:00
6131,TOP0MO4LL,25,150,2026-10-19,True,2023-11-17T00:00:00
6132,TOPGORI90,5,150,2023-02-07,False,2025-01-30T00:00:00
6133,TOPE555M6,30,100,2025-11-22,False,2025-09-04T00:00:00
6134,MEGAOZI5NJ,10,150,2026-10-24,False,2024-03-23T00:00:00
6135,PROMOHZ51KI,10,200,2026-08-02,True,2023-04-03T00:00:00
6136,PROMO9I5MXR,50,300,2023-07-08,False,2025-03-25T00:00:00
6137,PROMOBLL1JZ,25,300,2026-10-19,False,2026-03-14T00:00:00
6138,SUPERC2NPOP,50,50,2023-06-11,False,2023-10-11T00:00:00
6139,MEGAXEZLDG,40,50,2027-08-09,True,2023-10-19T00:00:00
6140,DESCMS1MRB,5,150,2026-12-28,True,2023-11-08T00:00:00
6141,SUPER26VVCJ,25,500,2026-09-23,True,2024-07-25T00:00:00
6142,DESCI40NW8,40,100,2026-10-22,True,2025-02-05T00:00:00
6143,SAVEGCBONL,30,500,2025-05-26,False,2025-04-30T00:00:00
6144,DESCRH14UF,20,100,2027-01-04,True,2023-09-28T00:00:00
6145,MEGAW8X2LY,20,150,2023-03-14,False,2024-03-13T00:00:00
6146,SUPER07UBXO,30,150,2023-05-15,False,2026-01-06T00:00:00
6147,TOP558VCR,5,500,2027-07-05,False,2025-06-07T00:00:00
6148,MEGASYF2TE,25,100,2026-08-06,False,2025-04-12T00:00:00
6149,SALED9PNFR,15,500,2026-07-09,False,2024-03-26T00:00:00
6150,DESC1IQB8E,25,500,2027-06-24,True,2026-02-12T00:00:00
6151,SUPER8K5CIW,40,500,2024-01-15,False,2024-11-18T00:00:00
6152,TOPHYNH2M,30,300,2026-09-18,True,2024-01-28T00:00:00
6153,PROMOX74V6N,15,150,2025-07-30,False,2025-12-02T00:00:00
6154,MEGARNAE9R,5,100,2023-09-09,False,2025-04-11T00:00:00
6155,SALEJ6KTJB,25,200,2027-03-07,False,2026-02-13T00:00:00
6156,SALE0MXS59,25,50,2026-09-26,False,2024-10-24T00:00:00
6157,SUPERKYAQIX,10,200,2023-05-23,False,2024-11-17T00:00:00
6158,MEGA41FJP7,5,100,2023-01-09,False,2023-11-13T00:00:00
6159,TOP0N6Q85,30,150,2027-02-28,True,2023-04-09T00:00:00
6160,SALE85VE3A,25,500,2024-02-01,False,2025-01-20T00:00:00
6161,MEGACVDPQX,15,500,2026-07-15,True,2023-12-21T00:00:00
6162,OFFLHGOSV,25,300,2024-12-21,False,2023-11-03T00:00:00
6163,MEGAIHSFIU,15,100,2023-09-01,False,2025-06-16T00:00:00
6164,TOPXHMSAN,30,300,2026-02-21,False,2026-02-18T00:00:00
6165,SALE8IAIHV,20,300,2026-02-12,False,2024-12-31T00:00:00
6166,PROMO7J7O6Y,5,300,2026-01-23,False,2025-07-20T00:00:00
6167,SUPERE7O4HH,20,500,2026-08-31,True,2025-08-11T00:00:00
6168,OFF824OH1,20,50,2025-03-31,False,2025-05-21T00:00:00
6169,TOP08C5L2,5,300,2025-11-30,False,2023-03-28T00:00:00
6170,SALELV7HJX,30,100,2025-03-23,False,2024-11-30T00:00:00
6171,SALEE828RL,10,50,2025-10-19,False,2025-10-14T00:00:00
6172,OFFCTSYUF,20,500,2024-03-01,False,2024-07-07T00:00:00
6173,SUPER5DFKDN,15,50,2023-09-29,False,2024-04-07T00:00:00
6174,TOPWWROXE,10,50,2025-01-18,False,2023-12-23T00:00:00
6175,SAVEG7LA54,20,100,2026-06-13,True,2025-11-25T00:00:00
6176,DESCAYI5HW,40,200,2025-06-01,False,2023-04-14T00:00:00
6177,MEGAQECZ0Q,40,200,2023-03-30,False,2025-06-19T00:00:00
6178,TOPEW09OG,25,50,2025-08-03,False,2025-09-12T00:00:00
6179,SUPERY8ZPV4,10,150,2026-11-18,True,2025-08-21T00:00:00
6180,DESC2J884I,50,100,2027-03-18,True,2025-08-26T00:00:00
6181,MEGATOPVRK,50,500,2023-04-22,False,2023-12-31T00:00:00
6182,PROMOG7HF45,20,300,2024-04-07,False,2023-02-25T00:00:00
6183,SAVESSOZSN,30,200,2024-01-23,False,2025-07-29T00:00:00
6184,SALEKHTO3I,25,300,2024-10-13,False,2023-07-11T00:00:00
6185,SALEWY1YUS,25,300,2027-07-07,True,2023-12-01T00:00:00
6186,DESCWAIEGJ,5,500,2023-06-23,False,2025-11-26T00:00:00
6187,PROMOQOWL36,50,100,2025-12-26,False,2025-10-23T00:00:00
6188,SAVEQWBJ3K,40,50,2025-02-13,False,2024-04-10T00:00:00
6189,MEGA7XGEA1,15,50,2027-05-23,False,2023-03-07T00:00:00
6190,SAVEHCNF4K,50,500,2025-06-14,False,2025-04-04T00:00:00
6191,DESCBK9A5L,30,150,2027-12-13,False,2023-12-20T00:00:00
6192,TOP90JSEV,50,50,2023-03-26,False,2023-10-08T00:00:00
6193,PROMOL7UUYI,50,500,2025-09-05,False,2025-04-06T00:00:00
6194,SALEE5FQZD,25,50,2026-12-11,True,2024-02-05T00:00:00
6195,MEGAZDTU8M,25,500,2024-01-12,False,2025-05-17T00:00:00
6196,SALE6T3OED,15,150,2025-03-03,False,2025-05-05T00:00:00
6197,MEGAIZ2M9H,25,300,2027-12-26,True,2025-12-10T00:00:00
6198,TOPQX7E0W,30,200,2025-05-17,False,2023-12-03T00:00:00
6199,TOPYUMBTR,40,200,2027-06-20,True,2023-01-17T00:00:00
6200,DESCWAHBUF,10,50,2026-01-26,False,2023-01-14T00:00:00
6201,SUPERZ9FX03,25,100,2026-07-26,True,2023-03-08T00:00:00
6202,DESCZPRAFR,10,200,2024-12-28,False,2023-01-12T00:00:00
6203,SUPERA73FPG,30,100,2026-12-26,True,2023-07-27T00:00:00
6204,TOP90OIS2,30,150,2024-12-15,False,2025-07-20T00:00:00
6205,PROMOQ1ZXUD,10,150,2026-09-06,True,2025-11-01T00:00:00
6206,PROMO0KZWGL,10,150,2025-02-26,False,2025-10-08T00:00:00
6207,TOPEDNGJ3,10,50,2024-03-18,False,2025-06-06T00:00:00
6208,MEGAQK3HK9,15,200,2026-09-14,False,2024-10-22T00:00:00
6209,OFFL5OO84,40,50,2026-01-30,False,2025-07-06T00:00:00
6210,SAVE4WAR0M,30,500,2026-07-18,False,2023-07-02T00:00:00
6211,SALET4PD6K,40,50,2025-09-03,False,2023-03-04T00:00:00
6212,SALEJO2AJB,50,300,2027-03-09,True,2023-04-17T00:00:00
6213,MEGAE3CEZG,5,200,2024-03-10,False,2026-03-20T00:00:00
6214,OFF5EOX2T,10,50,2026-04-21,False,2024-05-31T00:00:00
6215,SUPERNPQM5L,30,200,2025-06-01,False,2025-07-16T00:00:00
6216,TOPR9X58E,5,150,2024-06-16,False,2024-07-03T00:00:00
6217,PROMOK10LHK,20,300,2027-07-09,False,2025-07-01T00:00:00
6218,SUPERUO36W9,50,200,2023-04-15,False,2023-08-30T00:00:00
6219,SAVEHPDXDK,30,150,2027-03-08,False,2025-02-22T00:00:00
6220,DESCJ31KLN,20,500,2024-08-23,False,2023-01-07T00:00:00
6221,SALEQ180HW,15,300,2026-06-05,False,2023-06-14T00:00:00
6222,TOPGPP3Q6,15,100,2025-11-23,False,2024-05-31T00:00:00
6223,MEGAV0XKWN,5,300,2027-01-07,True,2024-07-27T00:00:00
6224,SALEW3ASZG,5,100,2027-03-22,True,2025-05-06T00:00:00
6225,PROMOMBLOKV,15,100,2024-01-09,False,2024-02-04T00:00:00
6226,DESCRB3VJQ,30,50,2025-12-20,False,2023-03-31T00:00:00
6227,SALETSG1EP,10,50,2025-04-06,False,2025-10-24T00:00:00
6228,DESCRUCNU9,5,500,2026-11-16,True,2025-01-14T00:00:00
6229,OFFBLOX5P,50,300,2026-11-15,True,2025-10-19T00:00:00
6230,DESCDRB36Y,10,300,2027-08-26,False,2024-07-04T00:00:00
6231,SALE8A3HI7,40,200,2025-03-10,False,2024-12-04T00:00:00
6232,SAVEW4E17O,10,500,2026-11-19,False,2025-08-28T00:00:00
6233,MEGAC1GEYB,50,100,2025-12-13,False,2025-11-07T00:00:00
6234,DESCKS27F8,5,300,2023-11-06,False,2023-12-15T00:00:00
6235,OFFEXIGUI,15,300,2027-08-10,True,2023-08-30T00:00:00
6236,SUPERNGZIMB,50,50,2023-12-20,False,2026-05-10T00:00:00
6237,SALECK78DR,20,300,2025-05-11,False,2023-10-08T00:00:00
6238,SALET0KRZU,25,500,2027-11-03,True,2024-09-01T00:00:00
6239,DESCO47RQU,10,200,2026-03-31,False,2023-10-25T00:00:00
6240,PROMONTX7N6,40,50,2027-01-19,True,2024-03-06T00:00:00
6241,SUPERKUZF8D,15,50,2027-11-30,True,2023-03-18T00:00:00
6242,SUPEREXO9JQ,10,50,2026-11-05,False,2025-09-17T00:00:00
6243,SUPERUJ23W4,30,500,2025-07-28,False,2024-03-27T00:00:00
6244,DESCITS0I3,10,100,2027-04-12,True,2026-03-05T00:00:00
6245,PROMO0PJZ60,10,100,2025-06-08,False,2025-10-04T00:00:00
6246,DESCCJR9HN,5,500,2027-02-21,False,2023-12-29T00:00:00
6247,PROMO8WWL1F,10,200,2023-11-21,False,2024-11-15T00:00:00
6248,MEGAZPRTU8,30,100,2023-10-14,False,2025-08-08T00:00:00
6249,TOPO4QNZA,5,200,2024-12-27,False,2023-04-01T00:00:00
6250,SUPERVUXQPL,10,200,2023-12-19,False,2026-01-23T00:00:00
6251,DESCSU749V,50,500,2023-06-02,False,2023-12-11T00:00:00
6252,PROMO4NE4EU,40,150,2027-10-10,True,2023-03-07T00:00:00
6253,MEGA5B4ZMS,10,50,2024-12-17,False,2026-01-13T00:00:00
6254,SALEE1X84R,40,300,2027-01-28,False,2023-04-18T00:00:00
6255,DESCMSA9R4,5,200,2024-01-11,False,2026-03-25T00:00:00
6256,OFFO12XBX,50,200,2025-05-19,False,2026-01-07T00:00:00
6257,MEGAOTXB0O,30,500,2023-04-06,False,2024-12-04T00:00:00
6258,SAVE57ILAU,25,200,2025-12-03,False,2024-09-09T00:00:00
6259,SALENT6ORQ,20,200,2023-08-20,False,2026-05-06T00:00:00
6260,SALEO8MMEO,25,300,2026-04-12,False,2023-12-04T00:00:00
6261,OFF8AH0C7,25,50,2024-02-10,False,2024-12-18T00:00:00
6262,TOPK6BLRA,5,300,2024-01-14,False,2025-05-20T00:00:00
6263,OFFZUIF56,40,300,2024-02-08,False,2025-09-09T00:00:00
6264,DESCCJKDCK,40,300,2027-11-01,True,2025-06-01T00:00:00
6265,SUPERJAZ5F7,25,300,2026-04-18,False,2026-02-08T00:00:00
6266,OFFT1X2LU,30,500,2025-02-01,False,2023-07-11T00:00:00
6267,DESCPGCFE3,5,200,2027-12-30,True,2025-12-19T00:00:00
6268,SALECGP7T6,25,200,2026-04-27,False,2024-04-06T00:00:00
6269,SUPERGJHWEA,5,100,2026-10-07,False,2025-11-17T00:00:00
6270,SALEI534BA,50,200,2024-09-09,False,2023-12-31T00:00:00
6271,DESCW3UYIU,5,100,2023-11-09,False,2025-11-19T00:00:00
6272,SUPER1J9QGX,20,100,2027-06-05,True,2025-04-27T00:00:00
6273,SALETRZ5ZZ,30,150,2027-06-29,False,2023-12-25T00:00:00
6274,OFFUB7XKG,50,150,2025-08-13,False,2024-04-03T00:00:00
6275,SALEWL42ED,10,200,2025-01-05,False,2023-04-14T00:00:00
6276,TOPIDIZLE,50,100,2026-12-25,True,2026-02-02T00:00:00
6277,MEGAAB3F2P,30,50,2027-03-01,True,2026-02-17T00:00:00
6278,MEGAY811QR,20,200,2024-07-13,False,2024-11-27T00:00:00
6279,DESCLTILST,25,500,2023-02-22,False,2023-01-20T00:00:00
6280,SAVEWNJ6DB,25,150,2023-09-11,False,2025-11-16T00:00:00
6281,OFF66J7WA,15,150,2024-05-24,False,2023-09-30T00:00:00
6282,DESCVGVZ6B,10,150,2027-10-27,True,2025-06-03T00:00:00
6283,SALEN12VUP,15,200,2026-09-19,True,2023-07-02T00:00:00
6284,OFFSP1L32,20,200,2027-01-17,True,2025-05-24T00:00:00
6285,SAVE4PUW43,20,300,2027-05-13,False,2025-07-09T00:00:00
6286,MEGAIHIMNH,40,100,2024-12-24,False,2026-03-03T00:00:00
6287,MEGABWAFJO,10,300,2023-04-09,False,2024-09-04T00:00:00
6288,PROMOYGGNMS,50,300,2025-07-28,False,2024-12-08T00:00:00
6289,SUPERUTMTZ2,5,300,2027-07-10,True,2023-01-08T00:00:00
6290,PROMOESSAME,15,500,2024-01-03,False,2026-04-20T00:00:00
6291,SUPER6OHQQ6,20,200,2024-06-29,False,2025-02-12T00:00:00
6292,SUPERS7EK1Q,20,150,2024-06-04,False,2024-06-24T00:00:00
6293,TOPN8KVTD,5,100,2027-03-18,True,2025-02-05T00:00:00
6294,SALEVVH6X7,50,100,2025-03-12,False,2026-05-04T00:00:00
6295,MEGATTPQKN,50,50,2026-11-29,True,2026-04-16T00:00:00
6296,PROMOTEQ7ZC,25,500,2026-10-21,False,2023-08-18T00:00:00
6297,TOPAFYZLI,20,150,2023-03-25,False,2024-08-29T00:00:00
6298,OFF9OYUZI,25,300,2026-12-29,False,2026-03-17T00:00:00
6299,DESCM4X4GV,5,200,2023-09-26,False,2025-02-16T00:00:00
6300,PROMO875NXS,10,200,2023-10-14,False,2025-03-09T00:00:00
6301,SAVEIA7QYL,5,100,2025-12-01,False,2025-08-18T00:00:00
6302,DESCFVQ2FK,40,100,2027-05-29,True,2025-03-24T00:00:00
6303,SUPERR47NZ9,25,100,2027-11-27,False,2024-09-11T00:00:00
6304,TOP26WV1S,20,100,2025-09-17,False,2024-12-29T00:00:00
6305,TOPO1TOFY,20,200,2024-07-19,False,2025-10-20T00:00:00
6306,SUPERQ26BCH,20,300,2026-01-05,False,2023-07-23T00:00:00
6307,MEGA7702NI,50,50,2023-05-29,False,2024-11-03T00:00:00
6308,SAVE83FSE5,20,500,2025-03-11,False,2025-06-08T00:00:00
6309,PROMO0DXQZZ,25,100,2027-05-15,True,2023-07-26T00:00:00
6310,SAVEUOI9AW,15,200,2025-08-04,False,2024-12-31T00:00:00
6311,PROMOT0TRHX,15,200,2026-11-13,True,2023-09-01T00:00:00
6312,PROMO4IXLH5,10,50,2027-11-30,True,2026-05-16T00:00:00
6313,SALEPOOH7C,50,200,2023-12-02,False,2024-06-11T00:00:00
6314,OFF75SOQ8,50,500,2023-01-20,False,2024-07-16T00:00:00
6315,PROMO5CKLI8,10,150,2023-04-20,False,2025-12-05T00:00:00
6316,SAVEDU3FM4,15,200,2027-01-13,False,2024-05-20T00:00:00
6317,TOPJYF4I9,15,300,2023-10-01,False,2025-04-18T00:00:00
6318,SUPERA81O2G,50,200,2023-03-10,False,2023-08-15T00:00:00
6319,PROMOP6SXLH,15,300,2024-11-17,False,2024-10-07T00:00:00
6320,DESC5GWBNY,15,300,2024-11-03,False,2025-12-17T00:00:00
6321,OFFW1D7XZ,25,200,2024-07-24,False,2023-01-04T00:00:00
6322,MEGAJGV2ZX,25,500,2024-09-07,False,2024-07-20T00:00:00
6323,SALEIBDFFS,10,200,2027-05-26,True,2026-02-08T00:00:00
6324,MEGABVMQ14,30,50,2023-06-07,False,2024-05-14T00:00:00
6325,DESCW1LP0I,30,500,2025-04-21,False,2026-05-18T00:00:00
6326,SALE2DH3YX,5,150,2024-02-26,False,2024-07-15T00:00:00
6327,SUPERXXP51F,15,300,2024-09-25,False,2023-01-20T00:00:00
6328,SALEQNZN2H,30,200,2023-12-08,False,2023-06-21T00:00:00
6329,SALETW6DXF,40,100,2025-05-09,False,2024-02-02T00:00:00
6330,OFFVDA8U1,30,500,2027-08-04,False,2026-03-15T00:00:00
6331,MEGAVRV1TQ,5,150,2027-05-10,True,2025-07-04T00:00:00
6332,TOP2PXM5S,30,500,2024-05-11,False,2024-02-08T00:00:00
6333,PROMO3PT7HI,15,300,2027-04-22,True,2024-12-06T00:00:00
6334,MEGAIUNOFH,20,100,2024-09-10,False,2025-05-11T00:00:00
6335,SUPER59T3WH,20,300,2027-05-10,True,2023-02-09T00:00:00
6336,SALEBU8PTN,10,500,2027-11-16,True,2025-04-29T00:00:00
6337,SUPERMZDKT6,5,200,2023-01-16,False,2024-03-25T00:00:00
6338,SUPERKDWF3A,5,500,2024-06-28,False,2025-09-12T00:00:00
6339,OFF91KOBU,15,500,2026-03-11,False,2025-12-22T00:00:00
6340,DESC5Z3WB1,40,500,2026-09-05,True,2026-04-26T00:00:00
6341,DESCX09XAS,10,500,2026-12-27,False,2025-11-04T00:00:00
6342,SUPERCNIJXW,10,200,2023-02-26,False,2025-01-02T00:00:00
6343,PROMOWVET8F,10,100,2026-01-04,False,2025-11-19T00:00:00
6344,SAVEKZ98IX,20,100,2023-10-26,False,2025-10-09T00:00:00
6345,SUPERCFJXLM,25,100,2027-09-14,True,2023-02-20T00:00:00
6346,SUPERXPVRW9,40,200,2026-04-14,False,2023-02-11T00:00:00
6347,TOP5MYOK5,30,300,2023-08-27,False,2023-08-18T00:00:00
6348,SALEJO7EIM,20,100,2027-06-16,True,2026-01-10T00:00:00
6349,OFF257X2Z,50,50,2024-11-12,False,2023-08-24T00:00:00
6350,DESCDLP7RR,10,500,2023-03-21,False,2024-08-07T00:00:00
6351,SALEC4S50R,30,100,2024-02-16,False,2024-09-14T00:00:00
6352,SALESJ7YNA,15,100,2023-07-05,False,2024-06-11T00:00:00
6353,TOP7SYVBK,50,300,2024-04-06,False,2023-08-08T00:00:00
6354,PROMO7T3T54,40,100,2023-10-10,False,2025-09-21T00:00:00
6355,SUPERJXZ82B,15,500,2026-09-28,False,2024-11-09T00:00:00
6356,TOPWT6VEU,15,500,2023-03-16,False,2026-02-21T00:00:00
6357,SAVE8HSV00,15,200,2027-10-26,False,2026-02-27T00:00:00
6358,MEGANJ1URQ,40,150,2026-08-15,False,2023-11-17T00:00:00
6359,DESC367MKU,25,500,2026-01-31,False,2024-10-30T00:00:00
6360,PROMOIU3P2S,20,100,2027-04-18,False,2026-03-12T00:00:00
6361,SAVE5AO59Z,5,200,2024-08-23,False,2025-11-07T00:00:00
6362,MEGA2UBIPE,5,50,2027-04-02,False,2023-10-19T00:00:00
6363,DESCC3RHFI,5,50,2026-10-10,True,2024-11-02T00:00:00
6364,SUPER4C3TDZ,50,100,2024-08-27,False,2025-07-31T00:00:00
6365,TOPMH17ID,20,300,2025-01-16,False,2025-11-13T00:00:00
6366,SUPER6I00M8,25,200,2026-05-29,False,2023-10-09T00:00:00
6367,OFFT505VG,15,300,2027-03-15,True,2023-03-13T00:00:00
6368,TOP2JGZAA,40,100,2024-06-21,False,2024-07-16T00:00:00
6369,TOPR21XPH,10,50,2023-07-02,False,2023-08-16T00:00:00
6370,PROMOYQNCGL,15,50,2026-11-23,True,2023-05-21T00:00:00
6371,DESCGDKQ90,5,100,2025-08-18,False,2024-08-06T00:00:00
6372,SUPER1W7MG3,25,300,2023-12-08,False,2024-12-15T00:00:00
6373,SAVECNT41W,25,150,2025-02-24,False,2024-03-31T00:00:00
6374,MEGAAVDL6F,5,500,2025-11-16,False,2024-05-29T00:00:00
6375,OFFWQCQL3,50,50,2027-03-11,True,2025-05-26T00:00:00
6376,OFFHSF03S,50,500,2024-10-15,False,2026-05-12T00:00:00
6377,OFFS5PADN,15,150,2023-07-08,False,2024-12-26T00:00:00
6378,OFFG3J3LE,30,150,2027-07-30,True,2024-05-06T00:00:00
6379,SAVEF4C6T0,40,200,2024-03-05,False,2023-07-06T00:00:00
6380,SALE1KY3G4,15,50,2027-03-10,True,2024-02-17T00:00:00
6381,TOPEU4WJR,25,150,2027-04-05,True,2026-05-09T00:00:00
6382,PROMOSEWYDB,40,50,2025-05-17,False,2023-12-31T00:00:00
6383,SUPERMO2NSV,5,150,2027-08-01,False,2025-12-23T00:00:00
6384,MEGAKWTM5M,20,500,2024-06-02,False,2025-05-26T00:00:00
6385,MEGACBO3B3,15,150,2023-09-21,False,2023-04-06T00:00:00
6386,SAVEG3NN59,10,150,2027-04-08,True,2024-10-08T00:00:00
6387,OFFSZZD0W,15,150,2023-03-16,False,2023-08-20T00:00:00
6388,TOPN25AFJ,40,50,2024-01-16,False,2024-10-24T00:00:00
6389,MEGAZJT2UI,30,150,2025-03-23,False,2026-05-27T00:00:00
6390,PROMOLWQX2Z,40,500,2024-06-25,False,2024-05-07T00:00:00
6391,SALE8COBIM,10,150,2027-11-09,False,2025-10-01T00:00:00
6392,TOPGBBWYG,30,50,2023-09-12,False,2024-07-23T00:00:00
6393,TOPHEW1DO,15,50,2026-01-31,False,2026-01-04T00:00:00
6394,PROMOD0MIS8,20,300,2025-09-14,False,2026-05-30T00:00:00
6395,MEGAB6G29Y,20,300,2025-08-21,False,2025-09-06T00:00:00
6396,PROMODRP5SE,50,300,2024-05-02,False,2025-12-27T00:00:00
6397,TOP2WG4SP,30,50,2026-04-25,False,2023-01-25T00:00:00
6398,PROMOQ64E4O,50,100,2027-05-26,True,2023-02-09T00:00:00
6399,SALESNU5HV,15,150,2027-07-28,False,2025-03-28T00:00:00
6400,DESCCXDG4P,30,150,2026-09-02,True,2025-12-21T00:00:00
6401,TOPJNHU8F,30,500,2027-12-04,True,2024-10-17T00:00:00
6402,SAVE0OQJPZ,20,200,2025-07-28,False,2025-07-11T00:00:00
6403,DESCL5WAAX,15,200,2027-11-20,True,2024-04-05T00:00:00
6404,SALENKT8UT,30,200,2026-06-19,False,2025-09-01T00:00:00
6405,SUPER9PHRGX,5,150,2027-07-24,True,2025-01-31T00:00:00
6406,SALEMRDF6N,50,50,2024-05-28,False,2024-07-16T00:00:00
6407,SAVEA4PW8P,30,500,2027-12-21,True,2026-03-23T00:00:00
6408,PROMO5FOJAJ,10,500,2027-09-13,True,2023-02-20T00:00:00
6409,TOPSJXP8G,5,200,2026-12-31,False,2024-12-12T00:00:00
6410,PROMOFHOYUD,10,300,2027-09-11,False,2023-01-09T00:00:00
6411,SUPER99V5XU,30,150,2025-10-03,False,2025-10-19T00:00:00
6412,OFFBFWGC5,15,300,2024-12-21,False,2025-08-27T00:00:00
6413,TOPVD4KTC,40,200,2026-12-30,True,2024-02-16T00:00:00
6414,SALEX0AAR6,20,150,2024-10-12,False,2024-06-01T00:00:00
6415,OFFXAYEXD,10,50,2023-12-05,False,2026-02-26T00:00:00
6416,SALEMCISKK,5,500,2025-01-07,False,2025-08-26T00:00:00
6417,SUPER18W0MF,15,200,2024-08-09,False,2024-06-08T00:00:00
6418,OFFC491TE,15,150,2026-04-15,False,2024-04-02T00:00:00
6419,SALERSKF0B,30,300,2027-12-31,False,2026-04-26T00:00:00
6420,PROMOBRKT53,40,500,2025-11-17,False,2025-06-24T00:00:00
6421,SALEHWJXMP,20,50,2023-04-03,False,2025-08-03T00:00:00
6422,OFFUIFOME,5,500,2024-12-26,False,2024-07-28T00:00:00
6423,MEGAM226U5,40,200,2025-03-14,False,2025-09-05T00:00:00
6424,OFFOBGZMX,30,150,2023-02-18,False,2023-10-10T00:00:00
6425,SAVEVKNV5A,20,500,2023-05-17,False,2026-02-28T00:00:00
6426,TOPOHW1BE,10,200,2024-09-18,False,2026-01-18T00:00:00
6427,TOP5BPIUB,15,300,2023-09-12,False,2024-02-23T00:00:00
6428,DESCXA8QRR,15,50,2023-10-16,False,2024-05-18T00:00:00
6429,MEGATLABJ3,40,200,2027-03-06,True,2024-12-18T00:00:00
6430,TOPGCHPWI,40,150,2027-03-22,True,2024-02-21T00:00:00
6431,SUPERIFLZE4,20,300,2025-03-08,False,2025-03-20T00:00:00
6432,DESCEHZAP2,15,150,2026-09-28,False,2024-05-09T00:00:00
6433,SALENLKG4I,50,300,2026-09-19,True,2025-06-19T00:00:00
6434,SAVE6L233J,40,50,2024-02-23,False,2023-01-26T00:00:00
6435,TOP2HEZLL,40,100,2025-08-26,False,2023-01-26T00:00:00
6436,TOP8KIFD1,40,500,2027-04-16,False,2023-10-30T00:00:00
6437,MEGAO3STKN,5,50,2024-12-19,False,2024-04-30T00:00:00
6438,TOPJI2NBE,30,500,2024-06-12,False,2024-12-18T00:00:00
6439,SUPER5G9Q6E,50,200,2023-11-22,False,2025-06-19T00:00:00
6440,SUPERSHHQ6G,5,300,2027-07-30,True,2025-07-26T00:00:00
6441,PROMO8X44CT,10,300,2023-10-16,False,2026-03-26T00:00:00
6442,MEGAUCT0JO,50,50,2027-12-06,False,2023-09-26T00:00:00
6443,PROMOJGVLY5,40,150,2025-02-17,False,2026-01-05T00:00:00
6444,OFF88AGAL,50,50,2024-04-10,False,2024-03-18T00:00:00
6445,DESCVBTEI8,20,50,2023-04-01,False,2025-06-16T00:00:00
6446,SUPER5GU9MV,20,50,2023-02-11,False,2024-02-05T00:00:00
6447,SALEZF621F,5,50,2026-08-21,False,2025-04-19T00:00:00
6448,DESCGCUSP0,50,200,2023-11-11,False,2024-01-28T00:00:00
6449,MEGAIQ636E,50,150,2024-09-17,False,2025-05-06T00:00:00
6450,TOPER69QQ,5,50,2026-06-28,False,2024-08-30T00:00:00
6451,PROMO11W5P2,25,150,2026-04-03,False,2023-10-15T00:00:00
6452,PROMOG2ECP1,5,150,2025-10-21,False,2024-05-26T00:00:00
6453,PROMO5JQ4XU,5,200,2027-06-22,False,2024-07-23T00:00:00
6454,OFF6RGIGW,15,200,2026-02-23,False,2026-05-18T00:00:00
6455,DESC2TLDYC,50,50,2025-11-21,False,2024-07-03T00:00:00
6456,MEGA07QJ35,50,100,2025-10-12,False,2026-04-16T00:00:00
6457,MEGAUUT95B,30,150,2023-11-02,False,2023-02-13T00:00:00
6458,SALEDI58CM,25,150,2025-01-04,False,2024-08-20T00:00:00
6459,TOPSFG3BR,15,100,2025-05-08,False,2023-02-14T00:00:00
6460,PROMOTMG1HN,10,300,2026-11-11,True,2024-12-12T00:00:00
6461,PROMOIR9YRY,50,300,2026-02-28,False,2023-08-07T00:00:00
6462,MEGAN7LTRS,50,100,2023-02-15,False,2023-02-23T00:00:00
6463,TOPW0GBY1,30,50,2027-02-13,True,2025-07-01T00:00:00
6464,SALEWUBVPB,10,100,2024-07-13,False,2023-05-20T00:00:00
6465,SUPERIPXO3Q,10,50,2026-04-07,False,2025-02-07T00:00:00
6466,SAVENND9E1,25,150,2027-01-06,True,2026-03-05T00:00:00
6467,DESCZQXXYJ,20,100,2025-09-17,False,2023-09-02T00:00:00
6468,SALEFWDYIZ,5,200,2024-11-14,False,2023-09-15T00:00:00
6469,TOP48KT17,30,50,2025-02-04,False,2025-07-23T00:00:00
6470,SUPER8C5ZX8,15,200,2027-01-01,True,2024-12-03T00:00:00
6471,OFFXZ8OTU,50,300,2025-06-23,False,2025-03-13T00:00:00
6472,SAVEPL8TB0,5,500,2024-07-15,False,2023-10-16T00:00:00
6473,DESC8DZDV8,10,200,2027-11-26,True,2026-03-29T00:00:00
6474,SALEO2Y065,30,150,2026-01-23,False,2026-05-30T00:00:00
6475,SAVEFO45FL,25,500,2023-11-19,False,2025-11-09T00:00:00
6476,OFFAN7A7S,10,500,2024-05-05,False,2025-09-26T00:00:00
6477,MEGA1Y4Z22,30,300,2027-06-19,True,2023-07-29T00:00:00
6478,MEGAJ9NSLA,40,200,2023-05-18,False,2023-06-29T00:00:00
6479,PROMODDCCI0,20,500,2026-05-22,False,2025-10-17T00:00:00
6480,OFFPELRAR,50,50,2023-05-17,False,2023-09-03T00:00:00
6481,SAVEGQK70O,10,300,2027-03-21,False,2024-01-13T00:00:00
6482,SAVENZYDFV,50,50,2023-05-24,False,2026-04-05T00:00:00
6483,MEGASGXGTD,15,150,2023-01-31,False,2024-11-05T00:00:00
6484,SALETKE1VG,30,500,2023-02-26,False,2026-03-17T00:00:00
6485,TOPO6TNT2,40,100,2023-06-23,False,2025-02-12T00:00:00
6486,SUPERWT1R9N,50,500,2023-10-10,False,2024-09-29T00:00:00
6487,SUPERBB1IPB,40,50,2024-01-16,False,2023-03-24T00:00:00
6488,PROMOFNSNBM,25,150,2024-05-23,False,2024-12-01T00:00:00
6489,OFF1OMT5B,10,50,2025-11-09,False,2023-01-22T00:00:00
6490,TOPQRR0O9,20,150,2026-12-28,False,2023-12-12T00:00:00
6491,MEGAYHMQJ8,40,300,2026-09-01,True,2024-09-22T00:00:00
6492,PROMOILHZHU,40,50,2026-07-18,False,2023-11-15T00:00:00
6493,SALE8VAQM2,10,200,2025-05-13,False,2025-09-09T00:00:00
6494,PROMO6N120O,10,500,2023-09-04,False,2023-10-22T00:00:00
6495,TOPF1Z4X7,15,50,2026-04-27,False,2023-02-06T00:00:00
6496,MEGAVOPKTH,20,300,2026-03-05,False,2024-12-10T00:00:00
6497,PROMOZVZ5CV,50,300,2025-02-15,False,2023-04-15T00:00:00
6498,MEGASVZTI2,10,200,2023-04-06,False,2025-05-17T00:00:00
6499,MEGAMSQ3J3,40,500,2024-07-04,False,2023-04-29T00:00:00
6500,SUPERR1NJ69,40,500,2024-03-07,False,2023-03-08T00:00:00
6501,TOPIFYYA1,40,50,2027-08-23,True,2023-03-04T00:00:00
6502,MEGA168X96,20,200,2025-09-10,False,2023-07-07T00:00:00
6503,DESCI96532,5,150,2027-11-09,False,2024-04-05T00:00:00
6504,SAVEERQ99N,15,100,2026-11-17,False,2023-10-28T00:00:00
6505,DESCB58J55,30,150,2027-05-23,True,2026-05-27T00:00:00
6506,MEGA1T4YPV,30,300,2026-07-21,True,2024-07-26T00:00:00
6507,OFFNA0J0S,40,100,2027-07-09,True,2025-05-15T00:00:00
6508,TOP89VI88,15,500,2026-11-16,True,2026-01-29T00:00:00
6509,OFFDSMWYA,50,500,2026-09-01,True,2025-09-11T00:00:00
6510,OFF3VQXJG,5,100,2026-02-27,False,2024-12-08T00:00:00
6511,OFFP8CLW2,10,150,2026-05-24,False,2024-11-07T00:00:00
6512,MEGA1FYJK2,5,150,2025-09-22,False,2025-02-06T00:00:00
6513,TOPIDE54A,5,150,2024-08-28,False,2025-04-28T00:00:00
6514,MEGAZGKNZY,10,300,2025-07-24,False,2023-08-08T00:00:00
6515,PROMOEZT8LA,15,50,2026-07-21,True,2023-01-04T00:00:00
6516,SUPERW7YMWY,15,300,2024-02-09,False,2025-06-07T00:00:00
6517,SALEDCVGUA,30,150,2024-06-17,False,2023-08-01T00:00:00
6518,SUPERCI5OKR,15,150,2024-11-22,False,2024-04-10T00:00:00
6519,DESCR8PBO1,50,50,2026-01-07,False,2023-11-13T00:00:00
6520,OFFTLISGT,5,200,2025-11-04,False,2025-09-12T00:00:00
6521,SALEHNKQ0Q,10,150,2024-11-11,False,2024-12-06T00:00:00
6522,OFF4UNP79,20,500,2024-10-20,False,2025-05-13T00:00:00
6523,MEGA2YIQ63,10,200,2025-09-25,False,2025-07-17T00:00:00
6524,SALET3OY2C,5,50,2027-08-04,True,2024-12-22T00:00:00
6525,SUPERBWQ043,20,150,2024-05-21,False,2024-11-27T00:00:00
6526,MEGAUTYHEY,5,100,2026-11-10,True,2025-03-06T00:00:00
6527,TOPN9BZR0,30,50,2027-03-13,True,2025-06-25T00:00:00
6528,SALE6FQD0J,10,500,2026-02-01,False,2025-12-26T00:00:00
6529,PROMO0YDP75,30,200,2024-03-07,False,2023-08-12T00:00:00
6530,SUPERASO18P,30,150,2023-07-08,False,2023-06-22T00:00:00
6531,SAVEWPRZ5R,30,500,2023-04-25,False,2026-05-28T00:00:00
6532,SUPER32OQML,20,300,2024-12-23,False,2023-04-20T00:00:00
6533,SUPERYBJPWN,50,100,2023-02-17,False,2025-12-25T00:00:00
6534,MEGAFQYUPB,30,500,2026-06-10,False,2025-10-29T00:00:00
6535,MEGAHYD2EA,30,500,2027-02-21,True,2023-11-28T00:00:00
6536,TOPIYQ30O,20,300,2027-07-06,True,2024-03-25T00:00:00
6537,MEGATM4VHK,25,500,2027-04-20,True,2025-12-17T00:00:00
6538,SAVECZ1HU9,20,200,2027-12-20,True,2024-04-10T00:00:00
6539,PROMOHUQ980,15,50,2024-11-19,False,2023-08-20T00:00:00
6540,SALENSRV7A,50,200,2025-02-25,False,2026-06-10T00:00:00
6541,SUPERJ7TMHF,5,200,2026-03-10,False,2025-04-21T00:00:00
6542,OFF5YGJZK,20,200,2023-06-21,False,2023-07-26T00:00:00
6543,SUPERT83EG2,15,500,2027-07-08,True,2026-02-20T00:00:00
6544,SUPERMZ2YT1,5,200,2026-11-19,False,2025-09-17T00:00:00
6545,DESCE58GAE,5,300,2025-03-02,False,2023-07-21T00:00:00
6546,TOPZBPFNZ,20,300,2024-06-26,False,2024-05-30T00:00:00
6547,PROMO7PLCKK,50,150,2026-04-06,False,2024-06-03T00:00:00
6548,TOP22865V,15,50,2024-07-22,False,2025-08-28T00:00:00
6549,SUPER5AKM7T,25,100,2025-03-23,False,2026-03-20T00:00:00
6550,PROMO6APOVC,5,150,2025-01-25,False,2025-06-06T00:00:00
6551,OFFTJ30GS,30,50,2026-03-07,False,2025-03-24T00:00:00
6552,SAVE09D8GU,40,50,2024-01-19,False,2025-05-26T00:00:00
6553,SAVE1QMEPV,25,150,2025-10-06,False,2025-10-19T00:00:00
6554,TOPLSJPQX,40,300,2023-01-06,False,2023-03-16T00:00:00
6555,OFFM7U2QZ,10,50,2023-01-19,False,2026-04-10T00:00:00
6556,SUPER113LJI,15,50,2024-04-19,False,2026-05-08T00:00:00
6557,TOPI4XEHE,10,150,2023-08-01,False,2026-04-26T00:00:00
6558,MEGAF98EL3,20,150,2023-10-12,False,2025-01-09T00:00:00
6559,OFF5NJ9QE,40,200,2026-05-14,False,2023-04-28T00:00:00
6560,SAVEZNLLP7,50,500,2025-08-02,False,2026-02-03T00:00:00
6561,SAVE7EWLCA,20,300,2026-05-13,False,2023-08-07T00:00:00
6562,SALEJQGRG4,25,300,2027-12-17,True,2023-01-13T00:00:00
6563,OFFJ3SXCX,50,150,2026-06-14,True,2024-07-30T00:00:00
6564,SALE89T8HG,25,100,2025-04-12,False,2025-05-19T00:00:00
6565,TOPJVYQ22,20,300,2026-06-25,True,2023-04-29T00:00:00
6566,DESC3GZWBJ,25,50,2025-05-15,False,2025-06-09T00:00:00
6567,MEGA5UR31L,40,50,2023-04-21,False,2023-01-02T00:00:00
6568,OFF6RZM0C,30,50,2023-08-26,False,2024-10-28T00:00:00
6569,OFF4Y5KDX,25,500,2025-07-27,False,2025-01-16T00:00:00
6570,TOPXJ7HIU,30,100,2025-02-01,False,2025-02-04T00:00:00
6571,PROMOO0PF0P,50,150,2025-01-20,False,2024-05-27T00:00:00
6572,PROMO1D16JI,5,300,2023-01-11,False,2023-07-02T00:00:00
6573,TOP01YREQ,5,200,2024-02-29,False,2024-05-26T00:00:00
6574,PROMOTKSNKN,15,500,2026-11-04,False,2025-02-03T00:00:00
6575,SALECAN74Y,30,150,2023-06-30,False,2024-12-01T00:00:00
6576,DESCTY1VMX,20,100,2025-12-09,False,2023-07-24T00:00:00
6577,DESCLAK6R3,30,500,2023-05-16,False,2024-03-21T00:00:00
6578,SUPER6126VC,50,500,2026-05-14,False,2025-10-08T00:00:00
6579,SALECL6ZAK,10,300,2024-11-07,False,2023-08-20T00:00:00
6580,OFFIYIV9A,25,200,2024-10-15,False,2024-12-04T00:00:00
6581,PROMO2DSNQ7,20,150,2026-04-13,False,2024-09-12T00:00:00
6582,SUPER4MDA0W,20,300,2024-12-21,False,2026-01-11T00:00:00
6583,SAVEG0MEYE,25,300,2024-04-23,False,2026-06-01T00:00:00
6584,PROMOM98KCZ,25,100,2026-12-19,True,2026-04-29T00:00:00
6585,MEGA7AGSXR,20,200,2025-01-18,False,2026-04-16T00:00:00
6586,DESC0UR7I0,20,500,2023-03-05,False,2025-08-21T00:00:00
6587,PROMOHJPKA9,10,300,2024-12-07,False,2026-01-25T00:00:00
6588,PROMOEBS4SE,30,150,2026-05-12,False,2023-09-01T00:00:00
6589,PROMOKZBSQQ,50,100,2023-12-01,False,2023-09-12T00:00:00
6590,SAVE5Y3E1X,30,500,2025-08-13,False,2023-05-29T00:00:00
6591,SAVEOAMHVZ,10,500,2023-07-11,False,2023-09-30T00:00:00
6592,DESCTSLO6Q,30,500,2027-08-09,True,2025-02-09T00:00:00
6593,TOP19VN8H,5,150,2023-12-10,False,2025-06-02T00:00:00
6594,SAVE26KAB0,15,200,2024-08-20,False,2026-05-21T00:00:00
6595,TOP83204Y,50,50,2026-01-01,False,2026-04-24T00:00:00
6596,TOP8B7VRX,40,300,2026-11-08,True,2024-03-27T00:00:00
6597,OFFB3GC4V,40,100,2024-12-05,False,2023-04-08T00:00:00
6598,SALEA9AIQO,15,500,2027-09-08,True,2024-06-25T00:00:00
6599,OFF0ELW18,15,500,2026-08-14,True,2025-06-17T00:00:00
6600,DESCTYEBJE,5,500,2026-10-22,True,2025-08-11T00:00:00
6601,TOPONMO6F,20,300,2024-05-17,False,2023-12-22T00:00:00
6602,SUPERQFTW5C,40,50,2027-08-14,False,2023-08-14T00:00:00
6603,SAVEKU4XM1,50,300,2026-04-07,False,2023-11-05T00:00:00
6604,DESCK0MW0H,30,150,2026-12-11,True,2024-11-21T00:00:00
6605,MEGAKLJU0C,10,150,2027-12-16,False,2024-06-30T00:00:00
6606,SUPER90PMSF,20,500,2025-07-04,False,2024-02-17T00:00:00
6607,PROMOVRCNOM,5,50,2026-08-08,False,2025-11-16T00:00:00
6608,PROMO8P54X6,25,150,2027-10-11,False,2024-05-04T00:00:00
6609,OFFMWNZWW,5,500,2023-10-25,False,2026-03-23T00:00:00
6610,MEGA4791DI,5,150,2023-07-28,False,2024-01-08T00:00:00
6611,SALE2BSB84,30,300,2026-07-28,True,2025-04-08T00:00:00
6612,PROMOS7RETR,50,50,2024-04-01,False,2024-06-18T00:00:00
6613,MEGAILLRCG,30,150,2024-12-06,False,2023-10-07T00:00:00
6614,SALEQ1YBNO,15,50,2025-03-15,False,2025-11-24T00:00:00
6615,SAVEG3PSBI,25,200,2024-04-11,False,2025-01-29T00:00:00
6616,SAVE5U2TL4,10,100,2026-11-20,True,2024-03-06T00:00:00
6617,SUPER5JN6EN,50,150,2023-11-21,False,2024-04-27T00:00:00
6618,OFF59Y6C0,20,300,2025-08-08,False,2025-06-26T00:00:00
6619,SUPERZ6Y2SJ,50,150,2025-05-01,False,2024-08-02T00:00:00
6620,TOP77GTIL,40,500,2027-02-04,True,2025-11-20T00:00:00
6621,SUPERQ0G3BQ,5,200,2026-02-22,False,2026-02-26T00:00:00
6622,PROMOUTSU9W,30,150,2027-09-15,True,2025-07-13T00:00:00
6623,SAVEHAL71F,5,500,2023-12-28,False,2025-09-01T00:00:00
6624,SALE86WC8B,10,150,2027-09-19,True,2024-01-20T00:00:00
6625,SALEOSSNQB,40,50,2025-11-04,False,2025-09-17T00:00:00
6626,TOP8PAG45,20,100,2023-10-09,False,2024-12-10T00:00:00
6627,TOPO5PYNF,10,100,2026-09-19,True,2024-07-21T00:00:00
6628,SUPERO29FCJ,10,100,2026-02-24,False,2025-09-17T00:00:00
6629,SALEHCQHGE,50,500,2025-06-28,False,2024-11-16T00:00:00
6630,SUPERE2SWD0,15,200,2027-11-19,True,2023-05-31T00:00:00
6631,MEGATL7SBN,25,200,2025-03-13,False,2025-01-15T00:00:00
6632,DESCCDW2XM,40,50,2024-11-20,False,2024-09-09T00:00:00
6633,SAVEUHAPGG,25,150,2023-11-23,False,2025-06-12T00:00:00
6634,DESCLL88HH,20,200,2024-05-10,False,2025-04-10T00:00:00
6635,OFFP8TVAW,10,150,2025-11-28,False,2024-08-14T00:00:00
6636,SUPERFWA0VB,40,100,2027-10-11,True,2023-12-29T00:00:00
6637,MEGA41FWKT,5,200,2023-06-13,False,2025-06-30T00:00:00
6638,SUPER6KRS8N,30,50,2023-07-10,False,2023-09-03T00:00:00
6639,PROMOYBV09G,50,200,2027-05-18,False,2024-08-25T00:00:00
6640,SAVES6JE15,15,500,2027-06-27,True,2024-10-14T00:00:00
6641,OFF5SKBD1,40,150,2026-10-16,True,2026-04-04T00:00:00
6642,PROMOGB01AK,50,50,2027-05-25,True,2024-02-23T00:00:00
6643,DESC0W675N,30,500,2027-04-18,False,2023-12-16T00:00:00
6644,SUPERF9NPZI,15,50,2023-06-26,False,2026-01-22T00:00:00
6645,TOPZUZQMY,40,300,2024-10-14,False,2026-03-24T00:00:00
6646,OFF5WIIPG,50,200,2024-04-28,False,2024-12-21T00:00:00
6647,SALE4MVMF2,15,200,2023-08-23,False,2024-04-15T00:00:00
6648,SALERJPTAE,10,300,2026-11-04,False,2025-12-18T00:00:00
6649,SAVEHTX3W2,25,200,2023-03-24,False,2025-05-10T00:00:00
6650,TOPOED18H,50,500,2024-02-07,False,2023-11-17T00:00:00
6651,SAVENMEWZG,10,200,2025-01-25,False,2024-11-24T00:00:00
6652,SALER4SSA3,15,500,2026-02-09,False,2024-02-01T00:00:00
6653,MEGA21NA7Z,40,150,2023-12-29,False,2025-11-07T00:00:00
6654,PROMO00QAJ0,50,200,2025-06-03,False,2026-03-09T00:00:00
6655,OFFG6ARCJ,50,50,2027-03-24,True,2023-07-11T00:00:00
6656,SALEC9Y8ZC,15,200,2027-02-25,True,2026-03-07T00:00:00
6657,SALEX8U2TJ,5,100,2023-03-07,False,2024-06-02T00:00:00
6658,MEGAXS5SL2,20,150,2027-03-22,False,2023-09-22T00:00:00
6659,MEGAO2YNMS,30,50,2027-03-15,False,2025-09-07T00:00:00
6660,PROMOPZVP1B,30,500,2026-03-03,False,2024-12-21T00:00:00
6661,PROMO743ZJ0,30,100,2027-07-10,True,2023-08-24T00:00:00
6662,PROMOWJV8CT,15,200,2024-04-23,False,2025-12-15T00:00:00
6663,SAVET0P55S,50,300,2023-07-12,False,2026-02-13T00:00:00
6664,OFFPWYBNL,5,150,2025-04-15,False,2025-10-21T00:00:00
6665,SUPEREEAIOM,10,300,2024-06-01,False,2026-05-11T00:00:00
6666,SAVEYSWFZ0,40,300,2024-03-26,False,2023-12-10T00:00:00
6667,TOPILQW93,30,150,2027-08-13,True,2024-10-19T00:00:00
6668,OFF7UF8PK,50,50,2027-02-02,True,2023-11-02T00:00:00
6669,PROMOW3AYU3,40,150,2024-08-24,False,2025-01-04T00:00:00
6670,MEGAQT1B0S,20,500,2027-01-05,True,2023-04-03T00:00:00
6671,TOP6I68P3,15,50,2024-07-26,False,2025-09-12T00:00:00
6672,SAVEUWN2TX,50,150,2025-07-03,False,2026-05-20T00:00:00
6673,DESCUK65J8,30,150,2026-09-20,True,2024-07-11T00:00:00
6674,PROMOMJGA2Y,50,100,2026-08-22,True,2023-01-04T00:00:00
6675,DESCYF03ZC,15,50,2023-01-06,False,2024-10-10T00:00:00
6676,SAVEVLVRXD,30,50,2025-11-05,False,2026-02-09T00:00:00
6677,SUPERVVKPB8,10,500,2027-10-21,True,2026-02-10T00:00:00
6678,DESCNZ2EI5,25,50,2027-04-28,True,2023-02-25T00:00:00
6679,SUPERB714F6,50,100,2024-11-08,False,2025-01-07T00:00:00
6680,PROMOX8R2UW,10,300,2025-01-22,False,2025-05-16T00:00:00
6681,PROMOCT0CJL,50,500,2023-03-14,False,2025-03-27T00:00:00
6682,PROMOQI5443,5,300,2027-11-17,True,2023-01-25T00:00:00
6683,SALEZ9MWR2,10,150,2023-08-12,False,2023-10-12T00:00:00
6684,DESC8KG37Q,50,500,2023-07-30,False,2024-07-02T00:00:00
6685,SALEOAC65I,40,500,2025-09-26,False,2025-07-24T00:00:00
6686,MEGA4YSZAJ,50,300,2026-12-20,True,2026-03-04T00:00:00
6687,OFFBO9YSF,25,300,2023-07-15,False,2026-04-10T00:00:00
6688,SALE12WKBN,10,150,2025-03-15,False,2025-04-29T00:00:00
6689,SUPERJEQS0Z,15,200,2023-07-04,False,2024-08-17T00:00:00
6690,PROMOL4XD3H,25,500,2024-04-09,False,2025-01-31T00:00:00
6691,DESC0TIMLI,15,50,2027-12-31,True,2025-11-06T00:00:00
6692,MEGAH932HV,25,500,2024-08-14,False,2024-12-04T00:00:00
6693,MEGA712FY2,50,300,2026-08-25,True,2025-10-17T00:00:00
6694,SUPER5NY4WH,30,300,2025-11-20,False,2023-04-24T00:00:00
6695,OFFJ2LGM0,25,300,2027-09-10,False,2024-12-27T00:00:00
6696,SAVEB32ZE2,10,100,2026-05-13,False,2026-03-02T00:00:00
6697,DESC9R8CFY,50,50,2024-04-12,False,2025-09-08T00:00:00
6698,OFF4NIRW2,10,500,2027-05-25,False,2024-12-11T00:00:00
6699,MEGAOZFJQF,40,500,2024-05-27,False,2023-08-18T00:00:00
6700,SUPERYCJFAF,20,150,2024-05-16,False,2023-02-25T00:00:00
6701,TOPQYYNXK,40,150,2025-09-09,False,2023-12-22T00:00:00
6702,TOPNGVYAO,15,200,2025-08-25,False,2023-10-11T00:00:00
6703,OFFJ3RUUI,30,150,2027-10-07,False,2026-03-05T00:00:00
6704,DESC8OMEVQ,50,300,2026-06-03,False,2025-01-16T00:00:00
6705,PROMOJUDCXZ,40,100,2025-02-14,False,2024-10-15T00:00:00
6706,DESC0SWXKH,10,200,2023-06-28,False,2023-01-20T00:00:00
6707,SAVEKHN0VE,50,500,2027-07-17,True,2025-11-04T00:00:00
6708,SALERSPJE2,20,50,2026-03-23,False,2025-04-06T00:00:00
6709,SAVE4OXSZC,50,100,2025-06-23,False,2025-12-29T00:00:00
6710,PROMOXA1BIS,10,200,2027-09-13,False,2025-03-27T00:00:00
6711,OFFZ9GF3P,15,200,2025-09-30,False,2023-06-01T00:00:00
6712,MEGA0DLTMI,40,100,2025-04-18,False,2023-03-15T00:00:00
6713,DESC3MMGT5,5,50,2024-11-06,False,2026-03-30T00:00:00
6714,SAVEK1F10Z,15,100,2026-07-13,False,2024-01-20T00:00:00
6715,SALEVR3E5E,15,300,2025-08-06,False,2025-01-18T00:00:00
6716,SALEGAZVSM,20,200,2024-07-23,False,2025-02-11T00:00:00
6717,PROMO6NKT3Q,50,100,2025-09-26,False,2023-11-12T00:00:00
6718,MEGAZR1935,25,500,2027-10-15,False,2024-01-26T00:00:00
6719,SALE5AXGFE,20,300,2026-06-03,False,2026-04-25T00:00:00
6720,TOPXZLKPQ,10,150,2025-09-30,False,2024-02-23T00:00:00
6721,DESCHC086A,50,200,2025-08-25,False,2024-12-31T00:00:00
6722,OFFZ112L7,25,200,2027-01-04,True,2023-03-02T00:00:00
6723,SUPERDCPA5U,5,500,2027-09-10,True,2023-02-06T00:00:00
6724,PROMO3RAYG7,40,200,2024-06-30,False,2023-09-21T00:00:00
6725,DESC3Y8L2F,15,200,2024-04-13,False,2024-05-16T00:00:00
6726,SALE2EAX5A,20,150,2024-07-12,False,2023-02-11T00:00:00
6727,OFFHKMEP1,30,200,2026-03-22,False,2025-05-27T00:00:00
6728,SAVEP9EWLT,5,200,2025-04-17,False,2023-08-21T00:00:00
6729,SUPERA79F44,40,100,2024-05-24,False,2025-10-20T00:00:00
6730,TOPI0XVVB,30,150,2023-05-18,False,2024-06-19T00:00:00
6731,DESCHQSRJW,25,300,2027-01-25,True,2025-12-03T00:00:00
6732,DESCACUX89,30,300,2026-02-14,False,2025-07-17T00:00:00
6733,MEGAAZLQWR,20,200,2024-11-22,False,2025-06-27T00:00:00
6734,SUPERY2K7LF,40,100,2026-02-17,False,2023-11-20T00:00:00
6735,MEGAXW31LC,50,300,2024-07-08,False,2024-07-16T00:00:00
6736,TOPP2KS7U,15,200,2025-06-08,False,2025-07-27T00:00:00
6737,SALEUB6FJC,20,300,2026-09-11,True,2024-04-30T00:00:00
6738,SAVEED74EP,10,50,2026-11-25,True,2024-12-25T00:00:00
6739,OFFJON6O1,15,200,2026-09-30,True,2023-08-18T00:00:00
6740,MEGAJ9KWJC,25,100,2024-04-01,False,2025-12-24T00:00:00
6741,SUPERJZ2AM1,50,300,2026-12-28,False,2024-04-07T00:00:00
6742,SALES6VIMO,10,500,2023-06-21,False,2024-01-08T00:00:00
6743,TOPAH2NZ8,25,200,2023-12-19,False,2025-08-01T00:00:00
6744,SALE9S83UO,30,50,2023-01-15,False,2025-10-01T00:00:00
6745,MEGAIV6HAF,50,100,2023-01-17,False,2024-05-29T00:00:00
6746,OFF695NKG,50,50,2023-08-19,False,2024-10-08T00:00:00
6747,PROMOGS2Z14,20,150,2025-01-15,False,2024-10-08T00:00:00
6748,SUPERLRH6KJ,5,100,2024-02-26,False,2023-11-19T00:00:00
6749,SALEMMGBZO,30,150,2027-01-29,True,2023-10-20T00:00:00
6750,SUPER1Q8RD2,40,200,2026-06-03,False,2023-12-05T00:00:00
6751,SUPER49E509,5,500,2027-03-05,False,2025-03-14T00:00:00
6752,MEGA9ZMYX0,40,100,2026-08-19,True,2025-09-17T00:00:00
6753,OFF816KAO,10,50,2024-03-09,False,2024-08-10T00:00:00
6754,OFFXDY48L,40,300,2023-11-06,False,2023-07-02T00:00:00
6755,PROMOYKCAXJ,30,150,2023-06-08,False,2024-02-23T00:00:00
6756,SALE6GEDXQ,15,50,2026-10-08,True,2023-09-09T00:00:00
6757,TOPSXQU4M,50,200,2025-01-31,False,2026-01-08T00:00:00
6758,SUPER8PFODK,15,150,2027-01-22,True,2023-06-17T00:00:00
6759,MEGAORWY84,20,100,2026-10-20,True,2024-12-20T00:00:00
6760,SALED7RGFO,10,300,2024-03-09,False,2023-04-19T00:00:00
6761,OFFTR6VDZ,25,50,2025-08-20,False,2023-03-03T00:00:00
6762,TOPUPAMFC,30,300,2023-04-15,False,2024-10-11T00:00:00
6763,PROMOXKNLGG,50,100,2025-12-21,False,2024-08-27T00:00:00
6764,OFF7IATJZ,5,300,2025-10-23,False,2023-11-24T00:00:00
6765,OFFEC5KZ9,5,300,2026-10-26,True,2023-01-28T00:00:00
6766,SUPERFHT94H,30,500,2025-09-03,False,2024-07-25T00:00:00
6767,PROMO7XTSHB,10,150,2024-03-25,False,2023-02-01T00:00:00
6768,DESCZZ7MPG,25,100,2026-11-23,True,2025-08-17T00:00:00
6769,SALET6R1JZ,25,50,2027-03-07,True,2026-06-08T00:00:00
6770,DESCZ1CFYK,15,300,2024-03-01,False,2026-04-14T00:00:00
6771,SUPERLC2SGW,5,300,2025-02-04,False,2024-10-16T00:00:00
6772,OFFRJDKNB,25,150,2023-06-27,False,2023-02-27T00:00:00
6773,SALE0PU7TW,50,200,2025-03-20,False,2024-01-16T00:00:00
6774,PROMO9RMNN8,5,300,2025-10-13,False,2026-01-30T00:00:00
6775,OFFO3K97D,5,50,2025-10-20,False,2024-12-30T00:00:00
6776,OFFXFCP44,50,500,2024-10-07,False,2024-10-31T00:00:00
6777,TOPS2S3FS,30,300,2027-08-22,False,2023-09-26T00:00:00
6778,MEGAB6DINY,50,150,2027-05-28,True,2023-03-20T00:00:00
6779,SAVEOOEL8G,50,150,2025-08-25,False,2023-03-19T00:00:00
6780,SAVE8QT8AM,5,150,2027-11-04,True,2023-02-27T00:00:00
6781,SUPER2ZWISW,5,500,2024-05-30,False,2024-10-23T00:00:00
6782,SUPERN2755T,15,300,2024-11-30,False,2023-08-25T00:00:00
6783,SAVEI5GG5O,10,100,2023-03-05,False,2024-11-05T00:00:00
6784,PROMO327C4Z,30,200,2023-04-02,False,2025-05-31T00:00:00
6785,TOP2RV74G,5,150,2025-06-27,False,2024-07-27T00:00:00
6786,PROMO3F3P6U,15,50,2024-02-21,False,2023-11-09T00:00:00
6787,DESCE0BKYU,10,300,2027-07-03,False,2025-03-15T00:00:00
6788,MEGA4ZSGSA,5,300,2023-05-26,False,2023-06-24T00:00:00
6789,PROMOIBM7Q4,15,200,2024-08-22,False,2026-04-12T00:00:00
6790,SALEPNZ7UV,15,100,2023-02-04,False,2023-10-03T00:00:00
6791,OFFBDVDRR,50,50,2024-02-07,False,2024-09-28T00:00:00
6792,DESCZ9Y78Z,15,300,2025-09-14,False,2024-09-12T00:00:00
6793,TOPIGGZGS,25,100,2026-08-15,True,2024-07-25T00:00:00
6794,SAVEELSAFW,10,150,2025-04-03,False,2024-06-03T00:00:00
6795,SALEGJ9R4W,50,150,2023-01-26,False,2026-05-09T00:00:00
6796,OFFRC1XKW,5,200,2027-10-06,True,2025-11-30T00:00:00
6797,SALEN5SZ97,50,50,2025-03-09,False,2024-03-11T00:00:00
6798,SAVEVCLZLF,50,300,2026-08-13,True,2023-03-12T00:00:00
6799,SALELZ8FSX,40,500,2027-11-30,True,2025-05-17T00:00:00
6800,MEGA5N61C5,10,50,2023-04-11,False,2025-07-08T00:00:00
6801,SALENKSIGR,30,200,2024-04-27,False,2024-06-13T00:00:00
6802,MEGAKF5G6Q,20,50,2026-10-08,True,2025-06-02T00:00:00
6803,OFFYGG9E8,20,50,2027-10-16,True,2025-03-11T00:00:00
6804,SALEKC2UD5,30,150,2024-05-26,False,2025-03-15T00:00:00
6805,SAVEFHUOPZ,25,150,2025-06-01,False,2023-06-04T00:00:00
6806,DESCOY84LK,5,150,2025-03-23,False,2024-07-29T00:00:00
6807,TOPMHWYA5,5,150,2026-02-23,False,2025-01-11T00:00:00
6808,OFFLZFRDB,40,200,2023-12-19,False,2026-04-28T00:00:00
6809,DESCINBNNP,15,500,2027-11-28,True,2024-06-10T00:00:00
6810,SUPERGZI9KZ,50,150,2023-01-14,False,2026-03-31T00:00:00
6811,SUPEREN2DDF,30,300,2024-05-20,False,2023-12-24T00:00:00
6812,SALE07JN9K,20,100,2024-06-08,False,2023-12-05T00:00:00
6813,SALEJD12OK,40,100,2023-08-21,False,2025-07-25T00:00:00
6814,MEGAQJMR73,20,100,2026-10-04,True,2023-08-03T00:00:00
6815,PROMOYQ69HV,50,100,2025-06-19,False,2024-09-08T00:00:00
6816,DESCY2C9G8,5,500,2027-06-26,False,2024-05-24T00:00:00
6817,TOPPCRPGE,40,300,2026-05-10,False,2024-02-21T00:00:00
6818,TOPSDPY9B,5,100,2024-08-10,False,2025-11-04T00:00:00
6819,DESC3OTXO6,50,50,2025-12-18,False,2025-03-19T00:00:00
6820,PROMO0HT0VK,50,150,2024-09-29,False,2026-03-24T00:00:00
6821,TOPOUKFOK,25,300,2025-05-28,False,2025-01-31T00:00:00
6822,SALE41C3VQ,10,200,2026-05-22,False,2025-01-04T00:00:00
6823,DESCM93NI6,40,50,2024-01-25,False,2025-05-18T00:00:00
6824,PROMOT2T8BW,50,50,2025-01-08,False,2025-04-07T00:00:00
6825,SALENMCQII,15,100,2023-08-19,False,2024-04-25T00:00:00
6826,PROMOSRKPP4,5,100,2026-04-13,False,2023-05-02T00:00:00
6827,SAVEQ9KTQ4,10,100,2023-10-24,False,2024-02-04T00:00:00
6828,OFF6IRSJ8,20,200,2027-04-03,True,2023-06-27T00:00:00
6829,SUPER0S0FBB,20,500,2027-06-11,True,2023-02-06T00:00:00
6830,SUPERMF0V7L,15,500,2024-07-15,False,2024-06-05T00:00:00
6831,DESCPUVB05,20,100,2025-04-13,False,2023-01-19T00:00:00
6832,MEGA2T8W4G,30,100,2024-01-19,False,2026-03-28T00:00:00
6833,SALE7EQ2AB,5,100,2027-07-11,True,2024-09-13T00:00:00
6834,OFFWA7XPB,15,200,2027-09-15,False,2025-05-31T00:00:00
6835,SUPERBW4PAM,15,50,2025-05-16,False,2026-03-10T00:00:00
6836,SAVE6M86A5,40,300,2027-03-29,False,2026-03-26T00:00:00
6837,OFFBA5GBU,30,50,2026-04-07,False,2024-03-24T00:00:00
6838,MEGAH7NXTB,30,50,2023-04-19,False,2024-08-08T00:00:00
6839,TOPMY6OLB,15,150,2023-04-10,False,2024-01-15T00:00:00
6840,OFF4KM20S,25,200,2027-03-11,True,2025-08-15T00:00:00
6841,SALE9CAVSQ,10,500,2024-07-02,False,2023-10-21T00:00:00
6842,SAVEL34C0Z,40,150,2027-12-16,True,2023-09-10T00:00:00
6843,TOPVMICZP,15,500,2025-11-09,False,2023-12-30T00:00:00
6844,SAVEBY6O4E,50,150,2023-10-17,False,2023-05-28T00:00:00
6845,MEGAHY7WT3,5,100,2027-12-28,True,2025-07-30T00:00:00
6846,TOPV9SILX,40,50,2023-01-03,False,2023-12-08T00:00:00
6847,MEGAMRPF0E,40,200,2025-04-24,False,2025-07-28T00:00:00
6848,PROMOD7HQ4F,15,150,2023-08-15,False,2024-08-29T00:00:00
6849,PROMOTTV94W,40,200,2025-08-25,False,2023-10-15T00:00:00
6850,SAVEM3MYX6,20,300,2027-06-28,False,2024-02-05T00:00:00
6851,OFFARSV33,20,50,2023-09-26,False,2023-09-18T00:00:00
6852,SAVERGAKED,10,200,2027-09-30,True,2023-02-09T00:00:00
6853,PROMO3HVVLA,15,200,2026-01-05,False,2025-05-11T00:00:00
6854,SUPERL8FQ2X,30,100,2026-11-26,True,2023-10-05T00:00:00
6855,OFFR5W8CZ,10,150,2024-09-20,False,2024-10-24T00:00:00
6856,MEGAE16JTJ,50,150,2026-10-28,False,2023-07-29T00:00:00
6857,DESCE5UHB4,25,100,2024-06-28,False,2024-01-31T00:00:00
6858,OFFQTQI7O,25,500,2027-01-23,True,2024-05-22T00:00:00
6859,PROMO8B8HAL,40,100,2023-04-24,False,2026-01-28T00:00:00
6860,SAVEG78QWZ,50,300,2026-03-01,False,2024-07-10T00:00:00
6861,SAVE89B0X4,25,500,2027-12-10,False,2025-06-18T00:00:00
6862,SUPERO3QD6K,30,150,2026-11-06,False,2024-01-11T00:00:00
6863,DESC1H4WJM,50,150,2023-10-14,False,2026-02-03T00:00:00
6864,PROMOBCKF71,5,150,2023-05-31,False,2025-12-29T00:00:00
6865,TOPUXL5FM,10,300,2025-01-28,False,2024-08-18T00:00:00
6866,TOPPGHJ9F,30,150,2027-06-20,True,2025-10-30T00:00:00
6867,PROMOEYYLZK,50,500,2027-03-21,False,2026-05-23T00:00:00
6868,PROMOHUJXGB,25,500,2025-07-06,False,2024-11-16T00:00:00
6869,MEGATTMNFP,40,50,2024-12-04,False,2024-05-06T00:00:00
6870,DESCWRUOWR,30,200,2026-12-29,False,2025-05-12T00:00:00
6871,SALEUHHSZT,20,50,2026-03-06,False,2023-01-25T00:00:00
6872,SALEXMVOBJ,10,100,2023-03-18,False,2026-02-18T00:00:00
6873,SAVE2L0XQC,30,100,2023-08-16,False,2024-05-22T00:00:00
6874,DESCV9Q40A,25,500,2023-10-03,False,2023-05-17T00:00:00
6875,SALEOPOF5Q,25,200,2023-01-05,False,2024-02-07T00:00:00
6876,PROMOGYHIDM,5,50,2024-08-15,False,2025-10-13T00:00:00
6877,SUPERVVVW5L,25,500,2024-03-16,False,2026-03-24T00:00:00
6878,DESCRHM9UL,20,500,2023-07-25,False,2024-03-03T00:00:00
6879,DESCX66HVT,30,50,2023-09-03,False,2024-04-01T00:00:00
6880,PROMO1X5D2R,25,300,2026-07-03,True,2023-09-17T00:00:00
6881,DESC718OR3,25,150,2026-11-02,True,2023-03-17T00:00:00
6882,SAVEQURAVN,10,500,2023-09-25,False,2024-12-06T00:00:00
6883,DESCLOTHIL,15,500,2026-01-31,False,2026-05-18T00:00:00
6884,TOP7XFO7E,25,300,2026-09-16,True,2026-03-30T00:00:00
6885,TOP7K98HF,20,200,2023-04-03,False,2023-12-23T00:00:00
6886,SAVEKO10BR,30,150,2024-06-27,False,2023-09-28T00:00:00
6887,SAVEG8TI0N,50,50,2026-11-24,True,2023-12-13T00:00:00
6888,DESCTR2EZT,15,150,2027-01-14,False,2023-01-13T00:00:00
6889,SALEGIZCJS,30,100,2026-04-28,False,2025-07-13T00:00:00
6890,SALEROOYE8,10,300,2024-02-26,False,2025-08-13T00:00:00
6891,OFF6J4GWX,15,50,2026-06-16,True,2024-07-08T00:00:00
6892,SALE1R0W6V,15,300,2023-12-04,False,2025-01-24T00:00:00
6893,SALEGW4E80,30,200,2024-10-21,False,2026-04-25T00:00:00
6894,DESCUM6Y6E,15,50,2023-11-27,False,2025-07-18T00:00:00
6895,OFFS9NTYP,20,100,2023-03-07,False,2023-10-13T00:00:00
6896,SUPERKK9BEV,5,500,2024-09-16,False,2025-02-04T00:00:00
6897,OFF31JI2A,40,100,2025-11-28,False,2024-07-23T00:00:00
6898,DESCHQJHOQ,15,200,2027-12-19,True,2023-10-05T00:00:00
6899,SALEKGOCI3,40,150,2025-08-27,False,2026-02-24T00:00:00
6900,PROMO883XLT,20,50,2024-12-25,False,2025-11-11T00:00:00
6901,DESCR0ZUVI,20,500,2024-02-16,False,2025-11-14T00:00:00
6902,PROMOYJQ171,40,500,2024-10-22,False,2024-06-23T00:00:00
6903,DESCHCL0LF,20,200,2025-11-21,False,2024-12-18T00:00:00
6904,SAVEN1V0YE,20,300,2025-06-21,False,2026-04-28T00:00:00
6905,MEGAHV6VBN,20,500,2026-09-23,True,2023-06-22T00:00:00
6906,SAVE3LYQX3,20,200,2023-09-28,False,2024-01-21T00:00:00
6907,TOP8O1K3S,15,200,2024-08-04,False,2026-04-14T00:00:00
6908,PROMOWNKG2Q,5,500,2027-07-08,True,2025-11-13T00:00:00
6909,OFFRZMYOW,40,50,2024-03-27,False,2024-07-11T00:00:00
6910,MEGA0771I7,5,150,2026-10-09,True,2023-01-19T00:00:00
6911,OFF9P9IUB,20,50,2026-06-19,True,2024-12-10T00:00:00
6912,PROMO4GCN0Q,20,300,2025-06-20,False,2024-03-02T00:00:00
6913,SALE0DUN7P,40,50,2024-03-24,False,2024-06-21T00:00:00
6914,SALEEKG1AJ,30,100,2026-11-12,True,2023-09-04T00:00:00
6915,PROMOX18O4K,5,500,2025-04-09,False,2023-03-27T00:00:00
6916,OFF6LLNJ0,10,500,2027-01-19,True,2024-11-01T00:00:00
6917,MEGAD0685B,20,150,2024-08-31,False,2024-12-11T00:00:00
6918,PROMORRKICL,50,500,2025-05-17,False,2026-05-02T00:00:00
6919,SAVEX02VTO,30,50,2025-04-26,False,2026-01-07T00:00:00
6920,MEGA39DEJF,30,150,2027-12-23,True,2024-12-17T00:00:00
6921,MEGAE34LO0,5,300,2026-10-15,True,2025-09-13T00:00:00
6922,MEGAOROUJB,5,100,2025-05-28,False,2025-09-03T00:00:00
6923,OFF6URHRA,15,200,2023-01-26,False,2025-09-25T00:00:00
6924,OFFGG017T,25,500,2027-09-08,True,2023-09-07T00:00:00
6925,TOPT2K678,40,50,2023-04-13,False,2023-08-06T00:00:00
6926,PROMO9Y4X87,40,50,2025-10-04,False,2026-06-11T00:00:00
6927,TOPR94TZK,10,50,2027-06-21,True,2025-05-16T00:00:00
6928,SALEM5KACE,50,150,2024-04-11,False,2023-06-10T00:00:00
6929,TOPAYATRK,25,300,2025-02-04,False,2025-06-23T00:00:00
6930,MEGA1WGNK2,50,100,2025-01-21,False,2023-05-13T00:00:00
6931,PROMO4P1MGA,40,50,2023-03-02,False,2026-02-21T00:00:00
6932,TOP7T9NVT,50,500,2024-03-07,False,2024-10-24T00:00:00
6933,DESC7929IV,15,50,2026-05-29,False,2023-01-16T00:00:00
6934,SAVE8PI039,20,300,2025-12-12,False,2026-05-29T00:00:00
6935,SUPER8OZXSU,30,500,2027-01-22,True,2025-08-10T00:00:00
6936,SALEJGFZUJ,10,300,2024-06-05,False,2024-04-24T00:00:00
6937,PROMOIDPN1R,40,300,2024-09-07,False,2024-06-06T00:00:00
6938,MEGASGZFSQ,20,50,2027-02-26,False,2024-10-30T00:00:00
6939,TOPP75VXQ,30,100,2027-01-05,False,2026-01-05T00:00:00
6940,SAVE5L8TGA,15,150,2027-07-05,False,2024-03-11T00:00:00
6941,SALETIRQRL,30,100,2023-12-04,False,2023-01-29T00:00:00
6942,OFF3CE26N,5,500,2025-12-23,False,2026-01-06T00:00:00
6943,TOPF0TIRE,15,200,2027-01-31,False,2023-06-29T00:00:00
6944,TOPQ24AMS,15,300,2024-01-21,False,2025-12-18T00:00:00
6945,PROMO9GNO3P,15,300,2026-11-28,True,2023-09-28T00:00:00
6946,TOP58OL4J,50,50,2026-03-09,False,2023-04-09T00:00:00
6947,PROMO8RKNOK,40,300,2025-04-26,False,2024-01-01T00:00:00
6948,DESC2WEFTO,50,50,2024-12-30,False,2025-05-11T00:00:00
6949,OFFU6D8M4,10,50,2026-07-26,True,2024-01-14T00:00:00
6950,SALEU3URMS,30,300,2026-03-28,False,2024-11-28T00:00:00
6951,MEGADG1EPM,50,500,2024-07-10,False,2024-12-09T00:00:00
6952,DESCZ9TK6U,20,100,2027-09-26,False,2024-06-27T00:00:00
6953,OFFF3NGEV,40,50,2025-09-25,False,2026-05-03T00:00:00
6954,DESCXJ4UZD,15,500,2026-06-15,False,2025-04-18T00:00:00
6955,SUPER6WQM3G,30,100,2023-12-27,False,2023-05-31T00:00:00
6956,PROMONO9I8D,15,300,2027-01-18,True,2023-08-28T00:00:00
6957,PROMOPLMGTJ,50,200,2023-02-06,False,2026-02-07T00:00:00
6958,SAVEYT3CYN,15,100,2025-02-20,False,2025-07-22T00:00:00
6959,MEGA6VY2U3,10,50,2024-12-30,False,2024-04-05T00:00:00
6960,DESCGNPG7G,15,100,2023-02-15,False,2023-12-12T00:00:00
6961,DESC2ESWZ8,30,150,2024-07-10,False,2024-10-08T00:00:00
6962,SUPER2SFHRB,10,150,2024-11-28,False,2024-08-01T00:00:00
6963,MEGAGC951C,30,100,2026-09-17,True,2023-07-09T00:00:00
6964,OFF4Z5TJ6,10,300,2027-08-21,False,2025-06-01T00:00:00
6965,SAVEA50SZT,40,200,2023-12-24,False,2026-01-05T00:00:00
6966,SAVEVS1S5I,30,100,2024-10-17,False,2023-06-19T00:00:00
6967,PROMOJ1S96X,20,500,2026-05-02,False,2025-12-23T00:00:00
6968,SUPERBUP3GY,25,300,2026-05-20,False,2024-10-16T00:00:00
6969,MEGAUJDDQ0,10,300,2025-10-29,False,2023-04-06T00:00:00
6970,MEGAK47OBP,10,300,2026-09-19,True,2025-01-22T00:00:00
6971,SUPERYEF29Q,50,150,2027-02-02,True,2023-01-26T00:00:00
6972,DESC3YHCA0,20,50,2027-03-31,False,2023-07-17T00:00:00
6973,MEGA6OQXD3,15,100,2024-04-29,False,2025-02-18T00:00:00
6974,SUPERVPR6ZS,20,500,2024-01-26,False,2023-12-20T00:00:00
6975,PROMOS6W4Q4,30,100,2025-07-26,False,2025-11-26T00:00:00
6976,TOP8RG5AR,5,300,2027-09-23,True,2023-10-10T00:00:00
6977,SUPERLVFSK6,40,500,2024-07-28,False,2023-06-18T00:00:00
6978,TOPZ9VPSX,25,300,2025-12-17,False,2026-01-05T00:00:00
6979,SAVEG5TN76,5,150,2025-10-29,False,2023-05-22T00:00:00
6980,MEGA1I24B8,10,100,2025-05-16,False,2025-02-20T00:00:00
6981,PROMOLLB9NB,5,50,2024-01-24,False,2023-07-16T00:00:00
6982,PROMOD421RX,10,50,2026-08-06,True,2026-05-28T00:00:00
6983,SALE9KDWNN,25,50,2027-07-10,True,2025-01-11T00:00:00
6984,DESCTCSKD6,50,100,2026-08-26,False,2025-06-14T00:00:00
6985,SAVEKBRPJ6,40,200,2024-08-13,False,2025-04-27T00:00:00
6986,DESCAXOQE4,5,500,2023-05-11,False,2024-06-22T00:00:00
6987,SALEM4RKL1,10,300,2025-08-14,False,2023-09-04T00:00:00
6988,OFFVMOH3W,25,150,2027-07-12,True,2025-07-07T00:00:00
6989,PROMODME0SR,30,300,2023-12-13,False,2025-05-02T00:00:00
6990,SALEZNXVQH,10,100,2025-08-27,False,2024-12-04T00:00:00
6991,SALE8KXE4Z,20,50,2023-10-05,False,2024-01-03T00:00:00
6992,TOPERZ471,20,300,2023-11-06,False,2025-09-11T00:00:00
6993,OFFPODHJ9,50,200,2024-05-28,False,2024-05-11T00:00:00
6994,PROMOGKT1ZQ,5,150,2024-02-07,False,2023-06-05T00:00:00
6995,PROMO4W0ZMN,30,100,2023-01-31,False,2023-05-08T00:00:00
6996,SUPER9W8PDD,10,100,2023-03-01,False,2025-01-02T00:00:00
6997,MEGAMU6VAO,40,50,2027-08-04,True,2025-03-30T00:00:00
6998,OFFQ9PIUV,25,200,2024-11-20,False,2024-11-02T00:00:00
6999,DESC06RXYE,20,150,2025-05-14,False,2026-01-05T00:00:00
7000,OFF5IAHFK,5,500,2025-01-06,False,2024-08-26T00:00:00
7001,TOPVRV7Q9,25,200,2024-03-14,False,2026-06-10T00:00:00
7002,DESCE3H6KE,30,100,2026-04-12,False,2024-08-05T00:00:00
7003,DESCM6WI20,25,100,2023-05-26,False,2026-04-18T00:00:00
7004,SUPERF00MGS,30,500,2026-07-03,True,2025-03-23T00:00:00
7005,TOP71RXPL,10,50,2025-10-14,False,2024-02-07T00:00:00
7006,OFFY53PWE,50,150,2025-02-25,False,2026-03-10T00:00:00
7007,SAVEWSJZ3L,10,300,2027-11-20,True,2025-12-27T00:00:00
7008,SAVEQHPVL7,15,300,2026-04-21,False,2025-05-08T00:00:00
7009,MEGA6HPJB7,40,300,2027-05-19,True,2025-02-03T00:00:00
7010,OFF0C6EXZ,5,50,2025-05-27,False,2023-09-29T00:00:00
7011,SUPER3WWEFJ,40,300,2025-03-09,False,2025-01-07T00:00:00
7012,DESC5Z9PPE,5,200,2026-07-02,True,2023-03-24T00:00:00
7013,DESCBDPUCF,10,200,2026-06-15,True,2023-11-05T00:00:00
7014,TOPW7EI2U,25,500,2025-10-01,False,2026-05-02T00:00:00
7015,DESCWHH5IV,50,300,2025-06-26,False,2024-05-31T00:00:00
7016,SAVE3XNN4I,30,300,2024-05-14,False,2023-11-04T00:00:00
7017,MEGAJJMTIV,5,50,2026-10-13,True,2024-09-06T00:00:00
7018,SUPERSA8QJR,40,50,2025-12-20,False,2025-03-04T00:00:00
7019,OFF76KWRU,5,150,2023-12-02,False,2025-02-22T00:00:00
7020,DESC4JI7I2,5,50,2025-03-29,False,2023-06-21T00:00:00
7021,TOP70DK2X,5,300,2023-04-14,False,2024-12-10T00:00:00
7022,DESCC4ZWEX,20,300,2024-10-18,False,2023-07-26T00:00:00
7023,SAVEDZ4ULI,40,150,2025-05-10,False,2026-05-18T00:00:00
7024,DESCV2RW2G,20,500,2023-03-01,False,2024-08-14T00:00:00
7025,OFFSQQTBC,30,300,2026-11-30,True,2023-01-20T00:00:00
7026,OFFOY8DEQ,10,300,2026-12-04,True,2024-12-25T00:00:00
7027,SAVE3D886R,15,50,2027-09-25,True,2026-05-14T00:00:00
7028,MEGAQ0PUWZ,15,300,2024-03-05,False,2026-03-10T00:00:00
7029,OFFRNNMRT,20,500,2027-02-14,True,2023-10-15T00:00:00
7030,TOP76O0BH,50,50,2023-01-25,False,2026-04-11T00:00:00
7031,SALE07LCC0,25,500,2023-05-02,False,2025-09-27T00:00:00
7032,TOPVOCID2,15,50,2025-06-27,False,2023-06-04T00:00:00
7033,DESC6OXCJX,40,150,2023-11-13,False,2024-06-08T00:00:00
7034,OFFIHPUWT,5,300,2025-02-08,False,2024-12-09T00:00:00
7035,OFFQRGW1R,30,150,2027-08-09,True,2025-03-29T00:00:00
7036,PROMOCNRZV3,50,150,2027-02-10,True,2024-01-01T00:00:00
7037,SAVEECWXDT,30,200,2026-04-20,False,2024-07-22T00:00:00
7038,MEGAEQIITS,20,150,2024-01-16,False,2025-04-23T00:00:00
7039,PROMOHBWNTD,5,200,2026-06-16,True,2025-02-02T00:00:00
7040,PROMOZUOE35,5,500,2026-11-19,True,2023-09-01T00:00:00
7041,SAVE13QIML,20,100,2025-10-26,False,2024-02-08T00:00:00
7042,TOPPYPIDN,5,200,2026-12-29,True,2023-07-23T00:00:00
7043,SAVEFYX58W,15,300,2025-11-08,False,2023-07-02T00:00:00
7044,TOP5OUMYK,15,500,2023-01-03,False,2025-10-23T00:00:00
7045,PROMO1KUW43,10,100,2025-05-08,False,2023-04-29T00:00:00
7046,PROMOX8TAY1,5,500,2023-06-25,False,2024-03-06T00:00:00
7047,SAVEKO5L6M,25,100,2025-09-21,False,2024-09-11T00:00:00
7048,TOPHSSW7N,20,500,2024-02-26,False,2023-08-07T00:00:00
7049,OFFRJ094G,25,150,2026-04-02,False,2026-02-16T00:00:00
7050,SAVEE481II,15,200,2024-08-30,False,2026-02-17T00:00:00
7051,DESCHWI8PH,15,300,2024-08-30,False,2025-07-29T00:00:00
7052,SAVEPETYUI,5,200,2023-02-04,False,2023-09-22T00:00:00
7053,PROMOZN6Y7K,30,300,2024-02-27,False,2025-01-30T00:00:00
7054,OFFFH05ZK,25,100,2023-10-12,False,2023-08-08T00:00:00
7055,SUPER1TZNHP,40,50,2024-02-11,False,2026-02-20T00:00:00
7056,OFF1RJXJH,10,200,2025-10-16,False,2023-08-11T00:00:00
7057,DESCMLHJLG,50,500,2027-02-08,True,2025-06-14T00:00:00
7058,DESCGPZE22,50,500,2025-06-05,False,2023-11-05T00:00:00
7059,SAVEA6SRRQ,5,300,2027-11-24,True,2023-11-27T00:00:00
7060,SALERDRA2L,5,150,2026-08-10,True,2023-04-01T00:00:00
7061,DESC5NR7O3,5,300,2025-07-16,False,2025-11-12T00:00:00
7062,PROMOOC3IOJ,15,150,2025-12-23,False,2025-11-09T00:00:00
7063,DESC5FSELO,30,300,2023-01-02,False,2023-05-11T00:00:00
7064,OFFWAQMMT,25,300,2023-09-13,False,2024-06-20T00:00:00
7065,SALEY99ZZI,20,200,2027-01-15,False,2024-05-29T00:00:00
7066,PROMOLLKGBV,50,300,2024-10-23,False,2024-02-29T00:00:00
7067,OFFNQA6SS,40,150,2026-05-05,False,2025-08-17T00:00:00
7068,MEGATZANJ6,30,300,2025-10-21,False,2025-11-13T00:00:00
7069,MEGAFIRFGT,30,300,2023-10-20,False,2023-01-12T00:00:00
7070,PROMO72LT63,30,50,2023-07-12,False,2025-04-22T00:00:00
7071,SUPERCZ80X4,40,500,2025-10-19,False,2024-01-28T00:00:00
7072,MEGAGWCYLQ,10,500,2023-01-19,False,2025-11-05T00:00:00
7073,MEGAT5JOBE,10,500,2027-03-12,False,2024-11-18T00:00:00
7074,SAVEFFT1QB,15,100,2027-04-01,True,2025-12-22T00:00:00
7075,SUPERKU1ONF,10,50,2026-05-16,False,2023-01-23T00:00:00
7076,SAVEJUQZY6,40,50,2024-09-09,False,2025-03-24T00:00:00
7077,SAVE1497HX,10,150,2025-08-02,False,2024-06-05T00:00:00
7078,SALE3KZJOQ,40,100,2023-08-11,False,2023-10-08T00:00:00
7079,DESCMOU4DF,10,200,2024-09-06,False,2026-02-20T00:00:00
7080,DESCQ30ORY,15,500,2026-06-30,True,2025-05-04T00:00:00
7081,SAVEVANMMG,25,50,2025-01-05,False,2023-08-11T00:00:00
7082,SUPERE9EU5U,50,150,2023-12-20,False,2024-04-04T00:00:00
7083,MEGAJQD56Q,10,300,2024-07-07,False,2024-11-26T00:00:00
7084,SAVELOELZS,5,200,2024-05-30,False,2023-03-09T00:00:00
7085,DESCQ3KUJA,30,300,2024-12-18,False,2025-12-06T00:00:00
7086,SALESNCZUX,25,500,2024-05-01,False,2026-06-09T00:00:00
7087,TOPWQPQYG,20,300,2024-06-10,False,2026-02-18T00:00:00
7088,MEGADYXQCV,25,500,2024-08-11,False,2026-04-17T00:00:00
7089,SUPERL7KF1R,5,50,2023-04-06,False,2023-09-22T00:00:00
7090,MEGA8KPME9,20,150,2026-10-05,True,2023-01-01T00:00:00
7091,MEGAW9B1MV,30,150,2024-05-13,False,2025-05-02T00:00:00
7092,PROMOC7XLQ3,25,300,2024-10-24,False,2024-03-04T00:00:00
7093,OFFB9FQYR,30,100,2023-02-22,False,2025-03-14T00:00:00
7094,MEGAPELY74,20,150,2025-11-03,False,2024-02-08T00:00:00
7095,SUPERARJ11P,40,50,2027-05-19,True,2025-04-10T00:00:00
7096,OFF6B7VQH,20,150,2026-11-07,True,2023-05-10T00:00:00
7097,SALEVDO4IV,40,50,2023-07-07,False,2026-04-29T00:00:00
7098,PROMOZUQHHS,15,50,2025-11-27,False,2024-02-08T00:00:00
7099,SAVE6KMSPK,15,200,2024-10-10,False,2025-12-28T00:00:00
7100,SALENLX5E7,30,200,2025-07-10,False,2025-10-18T00:00:00
7101,SUPERDN6ONP,30,200,2025-07-15,False,2024-01-24T00:00:00
7102,SAVEQMQ0NM,10,150,2023-07-05,False,2024-12-29T00:00:00
7103,SAVE5HFEEJ,30,100,2024-01-30,False,2025-02-06T00:00:00
7104,SAVEOV12VO,30,100,2026-03-14,False,2023-12-29T00:00:00
7105,SUPER7IM3G1,50,500,2024-09-08,False,2023-07-04T00:00:00
7106,OFF6XDM41,25,200,2026-12-28,False,2024-07-01T00:00:00
7107,SUPER5PV2J9,30,500,2023-01-07,False,2023-06-05T00:00:00
7108,SALESHWZT7,50,300,2026-08-24,True,2026-05-12T00:00:00
7109,OFF0MZOQE,10,100,2023-10-04,False,2025-05-18T00:00:00
7110,OFFK6RVWZ,30,200,2023-09-14,False,2026-03-09T00:00:00
7111,TOP60N9ZE,20,500,2025-09-03,False,2026-06-02T00:00:00
7112,TOP0HYA1H,10,500,2024-10-03,False,2025-09-14T00:00:00
7113,PROMOOSSCRN,40,200,2026-05-16,False,2024-09-19T00:00:00
7114,DESC2VNPBW,40,500,2027-09-02,True,2025-09-26T00:00:00
7115,TOP3YBIEH,15,100,2026-02-03,False,2023-06-10T00:00:00
7116,SUPER21LGJU,15,150,2026-08-04,False,2024-01-05T00:00:00
7117,PROMOWDW415,25,200,2025-07-30,False,2024-01-01T00:00:00
7118,SAVEEQEA8Z,40,100,2025-09-21,False,2024-08-09T00:00:00
7119,SAVEVVHTTH,40,500,2027-05-18,True,2026-05-22T00:00:00
7120,SAVE35ZXPE,50,150,2023-10-01,False,2025-02-20T00:00:00
7121,DESCTNTIVE,50,50,2027-08-23,False,2023-09-25T00:00:00
7122,DESCVPZNGQ,25,200,2026-05-15,False,2023-02-08T00:00:00
7123,MEGAKMWNU2,50,500,2027-05-30,True,2023-11-06T00:00:00
7124,TOPPJQ5TE,20,150,2024-08-25,False,2026-06-10T00:00:00
7125,OFF0TNVIV,15,300,2026-03-18,False,2023-08-16T00:00:00
7126,TOPQA0NTZ,20,100,2027-04-19,True,2026-02-18T00:00:00
7127,SALE01ZAEU,25,500,2024-12-02,False,2025-03-12T00:00:00
7128,PROMOBFJWVJ,40,50,2023-12-07,False,2024-11-21T00:00:00
7129,TOPL2BDGD,50,100,2027-04-11,True,2025-12-08T00:00:00
7130,DESC28KCSZ,10,150,2026-05-13,False,2025-03-22T00:00:00
7131,TOP8B3EAH,5,200,2027-03-28,True,2023-11-09T00:00:00
7132,SUPERAUW6HN,40,200,2026-04-29,False,2025-12-09T00:00:00
7133,SAVE14ZWXU,30,150,2025-05-16,False,2024-02-13T00:00:00
7134,SALE6WNBF2,15,150,2027-06-26,True,2024-07-29T00:00:00
7135,SAVEORPKC7,15,200,2023-11-03,False,2025-06-05T00:00:00
7136,OFF93Z117,40,150,2026-07-10,True,2025-03-24T00:00:00
7137,DESCNS0EDN,10,50,2026-11-05,True,2024-08-28T00:00:00
7138,TOPYPF3IB,25,100,2023-04-07,False,2023-10-27T00:00:00
7139,DESCZIHRDA,20,200,2024-12-01,False,2026-03-11T00:00:00
7140,SAVER8J851,15,150,2025-10-19,False,2025-05-06T00:00:00
7141,OFFJNXNRT,50,500,2027-09-17,True,2023-04-04T00:00:00
7142,DESCPXQP58,5,200,2027-11-18,True,2026-05-16T00:00:00
7143,SAVEL9C8PW,10,500,2027-04-27,True,2023-07-14T00:00:00
7144,OFFXXOMYD,50,500,2026-12-28,False,2024-06-24T00:00:00
7145,TOP85AG4L,30,100,2025-08-31,False,2026-04-21T00:00:00
7146,SAVENLH9G5,50,500,2024-12-18,False,2024-12-19T00:00:00
7147,OFFT0VDMB,20,50,2027-11-02,True,2025-05-09T00:00:00
7148,TOP5ZVOB5,50,300,2027-03-09,True,2025-09-29T00:00:00
7149,MEGARO69DV,50,300,2026-02-17,False,2023-05-18T00:00:00
7150,MEGAV8IETX,5,200,2024-02-22,False,2023-08-24T00:00:00
7151,TOPVCIGAH,15,200,2025-07-06,False,2025-06-23T00:00:00
7152,DESC9XXHH1,50,150,2023-11-27,False,2026-02-27T00:00:00
7153,SAVEY9B0E8,40,100,2025-05-10,False,2025-08-03T00:00:00
7154,DESCMG0SVB,15,150,2025-07-17,False,2026-03-07T00:00:00
7155,TOPIX5MPG,20,200,2026-10-10,True,2025-09-19T00:00:00
7156,SAVEV86RZL,40,500,2025-07-15,False,2024-01-11T00:00:00
7157,DESC7WDJH5,5,500,2025-06-05,False,2023-02-26T00:00:00
7158,SAVEYEO5L9,30,100,2027-01-27,False,2025-08-29T00:00:00
7159,TOPPCHQ8K,15,300,2023-10-30,False,2023-02-11T00:00:00
7160,MEGAIE7UCD,40,100,2026-05-04,False,2024-07-19T00:00:00
7161,SAVEFI8U92,30,50,2026-06-29,False,2024-03-08T00:00:00
7162,SALE40AIQZ,20,150,2027-10-13,True,2023-04-10T00:00:00
7163,SAVEETYD64,25,50,2027-08-19,True,2024-12-05T00:00:00
7164,DESCB2X2PI,30,500,2026-09-25,False,2025-02-05T00:00:00
7165,TOPAI53G2,30,500,2026-02-01,False,2024-08-25T00:00:00
7166,MEGAO91Y6I,15,500,2024-09-13,False,2026-06-06T00:00:00
7167,MEGADGGX75,50,50,2023-10-29,False,2025-02-12T00:00:00
7168,OFFFQZKHU,5,200,2027-03-04,True,2024-06-13T00:00:00
7169,SALEBOI2N9,40,500,2025-06-25,False,2023-09-07T00:00:00
7170,PROMOHS6T6J,15,200,2025-06-12,False,2026-06-03T00:00:00
7171,PROMOVWAJKZ,10,100,2023-07-24,False,2025-09-06T00:00:00
7172,PROMONAW8ND,30,300,2024-07-28,False,2024-07-27T00:00:00
7173,SALEWU3X91,50,300,2027-03-17,True,2024-12-28T00:00:00
7174,PROMOOPTMI5,10,200,2024-08-02,False,2024-12-26T00:00:00
7175,SALEUT91D4,30,200,2026-03-10,False,2023-05-12T00:00:00
7176,MEGAQPEM98,25,500,2027-07-09,True,2023-11-20T00:00:00
7177,MEGAQ9C8OI,30,500,2023-04-22,False,2023-01-14T00:00:00
7178,OFFGEE7UY,10,100,2024-08-10,False,2023-06-05T00:00:00
7179,DESCYTB80Z,15,100,2023-11-27,False,2024-11-11T00:00:00
7180,SUPERV3ONJE,50,150,2026-01-02,False,2024-10-30T00:00:00
7181,DESCW1G1YL,50,150,2026-07-19,True,2024-07-23T00:00:00
7182,PROMOCXMSC3,30,300,2027-01-15,True,2023-12-15T00:00:00
7183,OFFHC5LC8,15,150,2023-05-02,False,2025-07-31T00:00:00
7184,TOPRZOGB8,10,300,2025-07-30,False,2023-09-01T00:00:00
7185,MEGAU7AF6G,25,300,2024-12-25,False,2024-09-11T00:00:00
7186,TOPF408Q4,40,200,2024-12-05,False,2025-07-12T00:00:00
7187,SAVEZAAP8P,40,300,2027-09-09,False,2024-11-04T00:00:00
7188,TOP8CEUU3,15,300,2026-09-11,True,2024-01-05T00:00:00
7189,OFF79636A,15,300,2023-06-28,False,2025-10-21T00:00:00
7190,OFFCU9JS1,25,100,2026-07-11,True,2024-04-23T00:00:00
7191,MEGAQQ3B2F,40,300,2027-08-26,False,2025-07-27T00:00:00
7192,SUPER9BFMY9,40,500,2024-10-01,False,2024-12-17T00:00:00
7193,TOP2BAQ94,20,150,2023-11-02,False,2023-04-27T00:00:00
7194,OFFKSBR1R,15,300,2024-10-29,False,2025-12-10T00:00:00
7195,SUPEREHAYKH,30,200,2023-03-06,False,2026-05-15T00:00:00
7196,TOPBV9TCE,50,100,2026-09-10,True,2025-02-11T00:00:00
7197,SAVETFNV4N,5,500,2026-08-12,True,2023-07-24T00:00:00
7198,TOPVBN9ED,30,300,2024-11-26,False,2025-04-10T00:00:00
7199,SALEAGU6L5,30,100,2026-07-14,False,2026-01-22T00:00:00
7200,OFF44W9T5,20,50,2024-12-04,False,2025-02-04T00:00:00
7201,MEGA7A4LN4,30,300,2027-08-31,True,2024-12-05T00:00:00
7202,SALEU4876P,5,500,2026-04-28,False,2023-12-30T00:00:00
7203,SALEW2ZMVK,40,300,2025-10-17,False,2026-03-30T00:00:00
7204,SUPERXXV0VH,25,500,2024-06-18,False,2026-03-06T00:00:00
7205,MEGAHFPF5U,40,50,2024-06-11,False,2024-09-15T00:00:00
7206,MEGADJN6XC,40,200,2026-06-19,True,2023-02-14T00:00:00
7207,PROMOLVTWLJ,20,200,2027-08-25,True,2024-04-14T00:00:00
7208,PROMOIEC57S,15,50,2025-07-09,False,2023-06-24T00:00:00
7209,TOPA0ZBPE,30,150,2023-12-24,False,2025-09-30T00:00:00
7210,SALEC7KFP8,40,200,2025-04-14,False,2024-03-03T00:00:00
7211,SALED83CBL,50,100,2024-05-24,False,2023-01-19T00:00:00
7212,SUPERK1E52Q,5,100,2026-05-25,False,2025-05-06T00:00:00
7213,SALE7WCTU9,25,100,2026-12-20,False,2023-04-15T00:00:00
7214,PROMO5U7RRS,15,100,2025-07-29,False,2023-05-15T00:00:00
7215,SUPER13V9AY,50,50,2026-04-04,False,2023-01-22T00:00:00
7216,MEGAK63LVC,20,100,2026-11-24,True,2025-11-23T00:00:00
7217,OFF6ZE1UL,20,300,2027-10-24,False,2023-10-21T00:00:00
7218,SUPERSVJ22L,10,300,2024-03-17,False,2025-07-14T00:00:00
7219,SUPER4UP45W,10,200,2024-08-19,False,2023-02-16T00:00:00
7220,OFF8EGW7O,25,500,2025-08-18,False,2024-06-22T00:00:00
7221,PROMO5TG5Y9,40,300,2026-02-24,False,2023-05-27T00:00:00
7222,DESC4IGTZ9,20,200,2024-05-28,False,2026-04-30T00:00:00
7223,SUPERJSD14A,25,50,2024-01-30,False,2024-01-22T00:00:00
7224,SALEIZSOFR,25,100,2027-11-24,False,2025-01-07T00:00:00
7225,SALEKV5HO1,30,150,2026-02-01,False,2023-08-16T00:00:00
7226,SAVEBDTW5W,20,150,2024-03-12,False,2023-11-28T00:00:00
7227,SAVENNEHH5,20,150,2025-04-08,False,2024-08-27T00:00:00
7228,PROMO6G4J01,10,200,2027-09-18,True,2025-06-20T00:00:00
7229,SAVE9YM57X,15,500,2024-10-04,False,2026-05-19T00:00:00
7230,TOPTITZX3,20,500,2026-04-21,False,2025-06-05T00:00:00
7231,SALE8LVE4S,25,200,2026-10-24,True,2025-01-14T00:00:00
7232,PROMO919QRR,40,150,2027-09-30,True,2023-09-01T00:00:00
7233,SALETDWSR4,25,100,2027-08-06,False,2024-04-27T00:00:00
7234,PROMONXD472,30,200,2023-08-28,False,2023-12-25T00:00:00
7235,SALE36UVYT,20,150,2023-06-06,False,2025-06-08T00:00:00
7236,SALE4PAQUI,40,100,2026-02-21,False,2025-06-30T00:00:00
7237,OFFLIJ0PX,25,100,2024-03-25,False,2025-05-12T00:00:00
7238,SUPERGW0X6S,50,50,2024-09-01,False,2025-06-23T00:00:00
7239,DESCU8F03F,40,500,2027-04-09,False,2023-07-21T00:00:00
7240,SUPER197EVH,5,300,2024-12-20,False,2024-02-24T00:00:00
7241,OFF3MF3YH,5,200,2025-04-12,False,2024-05-11T00:00:00
7242,SALERTRNZR,10,150,2024-09-21,False,2024-07-17T00:00:00
7243,SAVEF18NN9,40,100,2023-10-25,False,2024-03-23T00:00:00
7244,MEGA77XU2Y,40,500,2024-08-12,False,2025-05-11T00:00:00
7245,TOP7U8ZQD,10,200,2023-03-19,False,2024-03-27T00:00:00
7246,SAVEO4B4BN,30,200,2025-05-31,False,2024-03-08T00:00:00
7247,OFFF256NX,20,200,2027-05-28,True,2026-01-23T00:00:00
7248,TOP4EQP82,20,500,2025-12-05,False,2024-07-21T00:00:00
7249,DESC4859OV,50,150,2027-03-10,True,2024-07-11T00:00:00
7250,SUPER6JH97Q,5,100,2024-01-20,False,2023-07-08T00:00:00
7251,OFF2NYWMS,15,150,2023-05-30,False,2025-02-01T00:00:00
7252,DESCZ4RE4K,50,50,2025-06-02,False,2024-05-10T00:00:00
7253,OFFRILU2X,5,150,2026-02-10,False,2024-11-30T00:00:00
7254,OFFX99VHR,25,50,2023-03-27,False,2024-05-28T00:00:00
7255,MEGA7RV97H,50,150,2024-10-06,False,2023-09-18T00:00:00
7256,OFFQHLU6Y,30,100,2026-02-03,False,2023-11-16T00:00:00
7257,OFFP08D9Z,10,500,2026-10-21,False,2025-05-23T00:00:00
7258,TOP3NY2XO,50,50,2027-06-13,True,2023-08-16T00:00:00
7259,TOPBBDWOI,10,200,2024-01-18,False,2026-04-06T00:00:00
7260,PROMOCZ24NY,5,50,2025-04-18,False,2023-04-11T00:00:00
7261,MEGA1PMT7A,20,50,2024-09-01,False,2024-10-03T00:00:00
7262,MEGA7V2HPB,50,150,2026-01-12,False,2024-11-21T00:00:00
7263,SAVEO3130X,50,300,2024-06-01,False,2025-06-27T00:00:00
7264,DESCQFWUI2,40,150,2027-08-20,False,2024-05-10T00:00:00
7265,DESCNKZ07L,10,100,2025-05-05,False,2026-05-12T00:00:00
7266,SUPEREHOWD9,40,150,2025-03-09,False,2025-08-09T00:00:00
7267,SAVE8DBCX3,50,500,2024-09-01,False,2026-01-25T00:00:00
7268,SUPER977UBT,10,50,2023-06-30,False,2023-06-21T00:00:00
7269,TOPBERIRN,5,200,2027-04-09,True,2025-02-02T00:00:00
7270,PROMOKOB6JV,5,300,2026-07-09,False,2024-10-05T00:00:00
7271,SUPERR6HZL1,15,50,2025-11-22,False,2024-10-13T00:00:00
7272,SALEW1WAZS,5,50,2025-11-08,False,2024-08-06T00:00:00
7273,OFFMSWN2U,20,100,2027-05-21,True,2025-05-12T00:00:00
7274,SAVE9TKGPM,15,100,2027-10-09,False,2023-04-08T00:00:00
7275,TOPFGXXY2,20,150,2026-09-08,True,2025-03-01T00:00:00
7276,PROMOSNPLQZ,40,150,2026-01-16,False,2026-01-07T00:00:00
7277,MEGAFDFAMV,50,50,2023-10-08,False,2024-01-19T00:00:00
7278,OFFQ8QRS4,10,100,2024-05-16,False,2024-11-19T00:00:00
7279,SALE6V1UAN,10,200,2023-12-26,False,2024-02-04T00:00:00
7280,TOPBB7599,50,150,2027-05-16,True,2023-08-08T00:00:00
7281,SAVELZN03E,20,100,2025-12-31,False,2026-05-01T00:00:00
7282,TOPTB9QD9,15,100,2024-01-20,False,2024-01-04T00:00:00
7283,SALEVXHOEI,50,150,2027-05-06,True,2023-12-24T00:00:00
7284,MEGAGRVTLS,10,200,2025-02-13,False,2025-09-27T00:00:00
7285,TOP040KKM,10,150,2023-05-30,False,2023-05-11T00:00:00
7286,DESCMGOKR0,25,150,2027-09-20,True,2023-06-20T00:00:00
7287,MEGAQ4CKV8,5,200,2023-08-08,False,2024-08-02T00:00:00
7288,SUPERN1N1Q3,5,200,2024-12-28,False,2025-08-27T00:00:00
7289,SAVEPFILI4,15,150,2026-12-26,True,2024-11-20T00:00:00
7290,PROMOX8KCAG,15,100,2024-09-11,False,2023-03-25T00:00:00
7291,OFFJ9GPET,50,200,2026-02-11,False,2024-12-30T00:00:00
7292,DESCJZ8CQF,15,50,2026-08-24,False,2023-11-23T00:00:00
7293,MEGALT3922,15,50,2024-07-14,False,2024-11-05T00:00:00
7294,OFFH4LAA4,20,500,2025-10-18,False,2023-02-11T00:00:00
7295,SALEWPPMWF,50,50,2025-11-05,False,2025-03-10T00:00:00
7296,OFFZE3PZ0,15,100,2024-06-14,False,2025-03-15T00:00:00
7297,SALE9BV3KO,30,200,2027-01-04,True,2025-07-20T00:00:00
7298,TOP5JWJJL,15,50,2026-04-30,False,2025-02-25T00:00:00
7299,SAVERRRYD0,30,300,2027-08-10,True,2023-10-12T00:00:00
7300,OFFZZ11WR,25,200,2027-10-20,True,2023-05-17T00:00:00
7301,TOP316C3R,5,150,2026-05-06,False,2023-04-29T00:00:00
7302,MEGAJKW7C3,50,300,2023-01-21,False,2025-05-12T00:00:00
7303,OFF928KNN,5,200,2024-11-27,False,2024-07-21T00:00:00
7304,TOPVCSLYC,25,200,2027-04-09,True,2025-10-02T00:00:00
7305,DESC6GDW6X,10,50,2023-10-11,False,2023-06-22T00:00:00
7306,TOP0J9MHO,15,200,2024-12-18,False,2025-10-14T00:00:00
7307,TOP21Y8KW,20,100,2023-12-17,False,2024-08-02T00:00:00
7308,OFFHU4YTJ,40,150,2023-04-24,False,2024-01-12T00:00:00
7309,TOPV7I4XE,15,100,2027-03-17,True,2026-01-19T00:00:00
7310,SAVE9U51KF,40,300,2024-07-05,False,2023-12-09T00:00:00
7311,SUPER48AVRO,5,50,2024-11-11,False,2024-06-14T00:00:00
7312,SALEKFIVNF,50,50,2025-02-14,False,2025-09-14T00:00:00
7313,SAVEYW2ONL,30,150,2025-08-30,False,2023-08-27T00:00:00
7314,SUPERCA0RKV,15,150,2023-01-22,False,2024-05-23T00:00:00
7315,TOPP0LDWJ,50,300,2024-02-13,False,2025-04-04T00:00:00
7316,OFFXSZPYM,20,50,2026-02-18,False,2024-01-05T00:00:00
7317,SALERFXOCL,30,50,2025-10-26,False,2023-05-01T00:00:00
7318,SAVEIGQU31,10,50,2024-09-22,False,2023-04-28T00:00:00
7319,TOPL3ONX0,15,150,2025-02-14,False,2023-08-05T00:00:00
7320,SAVE5UVCVB,40,50,2024-01-18,False,2025-03-01T00:00:00
7321,DESCP7VQ53,10,50,2023-12-07,False,2024-03-21T00:00:00
7322,SALE67XU2E,50,300,2024-11-03,False,2023-06-28T00:00:00
7323,TOPDMWYC2,30,50,2023-09-17,False,2025-09-26T00:00:00
7324,DESCRLXGUO,40,100,2026-07-16,True,2023-02-21T00:00:00
7325,DESC63YG9Y,50,150,2025-10-10,False,2024-06-24T00:00:00
7326,OFFTTMWIL,25,50,2027-04-03,False,2023-07-15T00:00:00
7327,SUPERY6ZSBY,40,200,2026-11-07,False,2023-01-27T00:00:00
7328,PROMO88IAD3,50,200,2023-06-05,False,2026-05-04T00:00:00
7329,SUPERN40MTG,40,300,2026-12-13,True,2025-03-29T00:00:00
7330,SAVEBA0S8A,5,150,2024-04-03,False,2025-02-05T00:00:00
7331,SALEDDR8NN,10,50,2023-09-05,False,2023-07-09T00:00:00
7332,MEGA8D6A8X,25,50,2027-12-04,True,2025-10-07T00:00:00
7333,MEGAN2V45Y,10,150,2025-07-24,False,2024-11-20T00:00:00
7334,SAVEFNFWV5,30,300,2025-01-01,False,2023-05-13T00:00:00
7335,SUPERTZQFXI,10,50,2025-08-10,False,2024-09-21T00:00:00
7336,SUPER80PHHS,25,300,2025-01-29,False,2023-02-02T00:00:00
7337,PROMO2228FO,15,500,2024-05-18,False,2024-03-22T00:00:00
7338,DESCGZHHP1,25,150,2024-05-03,False,2026-01-01T00:00:00
7339,SUPERULAY4L,20,150,2026-08-23,True,2024-02-12T00:00:00
7340,PROMO3HC26W,10,50,2026-12-17,True,2026-01-16T00:00:00
7341,TOP573VAB,50,150,2023-11-11,False,2025-06-02T00:00:00
7342,SAVEGK9G58,50,150,2024-03-04,False,2024-10-23T00:00:00
7343,SUPERUGI4HW,30,100,2025-02-17,False,2023-10-13T00:00:00
7344,SALED7Q99Z,10,50,2023-05-26,False,2023-05-24T00:00:00
7345,MEGANPZETQ,50,300,2026-09-04,True,2024-10-20T00:00:00
7346,SUPERWH7GZF,5,50,2026-12-20,True,2025-03-16T00:00:00
7347,SUPERCNUWIM,25,100,2027-08-11,True,2026-02-18T00:00:00
7348,SALED4FKN9,5,100,2026-01-19,False,2024-12-25T00:00:00
7349,MEGA32MPGU,10,200,2023-05-13,False,2025-05-04T00:00:00
7350,SALECEEHLG,20,150,2026-02-22,False,2023-09-26T00:00:00
7351,SALECU2YZO,50,200,2024-05-17,False,2025-06-09T00:00:00
7352,MEGAT4536U,15,150,2024-09-05,False,2025-03-21T00:00:00
7353,PROMO331QY4,40,100,2027-08-07,True,2024-09-13T00:00:00
7354,PROMO3AJ4HC,30,50,2024-08-18,False,2023-05-12T00:00:00
7355,PROMOWPU5GV,40,500,2025-01-19,False,2026-06-06T00:00:00
7356,TOPZKB7PI,5,50,2026-09-16,False,2024-05-16T00:00:00
7357,OFF4SW5Y1,40,150,2027-03-11,True,2025-10-06T00:00:00
7358,DESCGOWN2V,30,50,2024-04-26,False,2024-10-28T00:00:00
7359,OFFM93ZOJ,40,200,2024-02-17,False,2024-08-08T00:00:00
7360,OFFBG4XB7,25,200,2023-10-15,False,2026-02-17T00:00:00
7361,DESCTI04ZF,10,500,2025-08-08,False,2025-11-14T00:00:00
7362,SALERGWW10,50,300,2025-11-04,False,2024-08-08T00:00:00
7363,PROMOWUB3NQ,15,200,2025-03-05,False,2026-04-01T00:00:00
7364,MEGAOCPLBT,50,150,2023-10-15,False,2024-08-12T00:00:00
7365,DESCFCP963,50,150,2023-09-23,False,2023-12-09T00:00:00
7366,TOP1Y5XIF,20,50,2024-04-25,False,2025-12-02T00:00:00
7367,DESC2LXACG,50,300,2025-03-08,False,2026-06-10T00:00:00
7368,OFFFMMM57,50,300,2025-01-07,False,2026-03-29T00:00:00
7369,SAVE5CDHNS,20,300,2023-11-07,False,2025-04-10T00:00:00
7370,PROMOSLI9Y6,30,200,2024-01-12,False,2023-08-14T00:00:00
7371,SALEELX537,10,300,2026-02-20,False,2023-03-20T00:00:00
7372,SALETWR4Z0,40,200,2023-12-07,False,2023-05-28T00:00:00
7373,MEGA3S032F,10,300,2027-10-18,False,2025-12-30T00:00:00
7374,SALE5FBO6J,30,100,2024-07-07,False,2025-10-09T00:00:00
7375,TOPOTNY4T,10,50,2024-07-31,False,2026-02-20T00:00:00
7376,MEGASKZR19,30,150,2024-05-04,False,2026-02-22T00:00:00
7377,PROMOVY66GJ,30,300,2024-01-31,False,2024-11-24T00:00:00
7378,SAVEZUV1L0,40,500,2026-02-03,False,2024-03-21T00:00:00
7379,PROMOB4A2R1,10,100,2026-07-07,True,2024-07-19T00:00:00
7380,MEGASL28ZR,15,100,2023-02-07,False,2025-03-13T00:00:00
7381,DESC3R0RT5,15,200,2023-09-30,False,2023-03-30T00:00:00
7382,SUPERHLOF45,5,100,2027-03-18,False,2023-12-15T00:00:00
7383,PROMOO00MFN,25,100,2023-10-14,False,2025-06-06T00:00:00
7384,SAVE6LAEUX,10,50,2027-04-16,True,2023-08-22T00:00:00
7385,SAVEUUQHHK,20,200,2024-03-15,False,2024-02-23T00:00:00
7386,SUPERBI0UOL,5,200,2023-02-08,False,2025-08-10T00:00:00
7387,TOP0GRXWP,25,200,2024-04-05,False,2023-03-17T00:00:00
7388,SALE3QTNI1,10,300,2026-09-13,False,2023-12-06T00:00:00
7389,SUPER73H1RH,20,300,2025-07-05,False,2026-02-24T00:00:00
7390,OFFKQUAML,20,150,2027-07-31,False,2023-04-16T00:00:00
7391,TOP4D1HBO,10,300,2024-11-26,False,2024-07-23T00:00:00
7392,OFFUEMC5E,50,200,2023-07-13,False,2025-04-05T00:00:00
7393,SALESHAT2F,20,100,2023-07-06,False,2024-11-22T00:00:00
7394,SALE405Q72,10,100,2024-09-29,False,2025-02-03T00:00:00
7395,SUPERJ3O5E5,20,500,2027-12-22,True,2023-07-30T00:00:00
7396,OFFAZASLJ,40,500,2026-08-16,True,2024-06-15T00:00:00
7397,OFFBYNDYA,15,500,2024-09-07,False,2025-10-18T00:00:00
7398,PROMONT4TPD,10,500,2025-10-18,False,2023-12-17T00:00:00
7399,TOPYJEPCD,20,50,2024-04-14,False,2026-04-10T00:00:00
7400,SAVE6CJ37H,40,50,2026-06-30,True,2024-01-06T00:00:00
7401,MEGA5VATQ6,20,150,2024-09-09,False,2023-04-22T00:00:00
7402,TOPLQ8V8M,5,500,2027-07-01,False,2024-06-15T00:00:00
7403,OFFZLKJMZ,50,200,2026-11-26,True,2026-03-13T00:00:00
7404,TOPICUHMT,20,50,2027-06-28,True,2026-03-08T00:00:00
7405,TOPSS7VX0,10,100,2025-04-18,False,2025-05-03T00:00:00
7406,OFFQMF705,5,100,2026-05-05,False,2024-04-21T00:00:00
7407,SAVEW2N5D7,50,100,2027-06-29,False,2026-02-06T00:00:00
7408,MEGAET4NXI,20,150,2023-01-15,False,2023-03-14T00:00:00
7409,MEGAGQO6B7,30,150,2025-07-20,False,2025-06-08T00:00:00
7410,OFFB0KQ5E,10,100,2026-10-31,True,2023-02-18T00:00:00
7411,DESC25THZT,10,50,2024-12-25,False,2026-05-22T00:00:00
7412,SAVERO4P1N,30,300,2025-09-02,False,2025-09-16T00:00:00
7413,TOP95TPDC,30,150,2026-05-11,False,2023-01-14T00:00:00
7414,OFF4P440E,40,50,2027-07-24,True,2023-09-05T00:00:00
7415,OFFMTKVSW,25,300,2026-02-17,False,2024-10-28T00:00:00
7416,SALE74JQMM,40,150,2026-09-04,True,2024-02-21T00:00:00
7417,OFFES0OXE,5,150,2027-07-27,True,2026-05-25T00:00:00
7418,DESC88RQAL,30,50,2027-05-07,True,2023-01-23T00:00:00
7419,TOPAN2E6J,30,200,2023-04-09,False,2026-04-22T00:00:00
7420,SALEXY501Q,50,300,2025-11-05,False,2023-11-23T00:00:00
7421,SAVE1B9AIR,40,200,2027-02-07,True,2024-07-05T00:00:00
7422,SUPER1GILQ6,25,100,2026-06-06,False,2023-09-30T00:00:00
7423,PROMOGW386Y,30,200,2027-07-04,True,2025-01-01T00:00:00
7424,SAVEGTGFI5,50,200,2027-12-22,False,2026-03-10T00:00:00
7425,DESCE5TJOJ,25,150,2024-07-06,False,2025-01-10T00:00:00
7426,OFF79LR4O,5,50,2025-08-16,False,2024-08-22T00:00:00
7427,OFFWQ6GPS,40,100,2023-05-26,False,2025-03-02T00:00:00
7428,MEGAB1YNY0,50,100,2024-08-17,False,2023-03-20T00:00:00
7429,SUPERA1WGZG,10,500,2024-01-01,False,2025-11-26T00:00:00
7430,MEGARNI01G,50,500,2023-02-04,False,2023-01-09T00:00:00
7431,DESCDSRE19,30,300,2024-12-29,False,2025-11-19T00:00:00
7432,TOPFKWS8D,5,500,2026-09-07,True,2023-10-13T00:00:00
7433,OFFJNDIT1,40,150,2025-02-12,False,2025-06-04T00:00:00
7434,SALEPD9IU2,10,150,2027-11-22,True,2025-01-08T00:00:00
7435,TOPVOQZK5,15,500,2025-05-20,False,2023-01-08T00:00:00
7436,PROMO4058AB,10,50,2025-10-01,False,2025-12-21T00:00:00
7437,MEGASTTLD9,50,300,2027-08-16,True,2023-01-19T00:00:00
7438,OFFQMZ6YU,50,500,2025-04-14,False,2023-11-08T00:00:00
7439,SAVEW9JM84,15,500,2025-03-04,False,2026-03-16T00:00:00
7440,DESCHF08PT,25,50,2027-01-28,True,2023-03-01T00:00:00
7441,PROMOGS0SVN,20,50,2025-11-05,False,2024-07-24T00:00:00
7442,SALE74NF3I,15,100,2023-09-24,False,2025-05-11T00:00:00
7443,SAVE9YNZW3,20,100,2023-12-11,False,2024-02-24T00:00:00
7444,SAVEJN548L,10,200,2027-07-10,True,2025-04-17T00:00:00
7445,SALEII0V6B,10,150,2023-03-24,False,2025-02-07T00:00:00
7446,PROMOUINFNE,20,200,2023-11-22,False,2025-08-17T00:00:00
7447,MEGA5LNZF8,5,300,2026-02-08,False,2024-11-19T00:00:00
7448,TOPL5C1KX,20,100,2024-10-31,False,2023-11-24T00:00:00
7449,OFFLHSJ5I,10,500,2024-11-01,False,2023-09-15T00:00:00
7450,MEGA7WF7PJ,30,150,2023-03-16,False,2023-10-25T00:00:00
7451,DESC3UNHJJ,5,100,2026-12-26,True,2025-01-23T00:00:00
7452,SALEZCT1A5,15,50,2025-01-04,False,2024-01-17T00:00:00
7453,SUPERMJ98RS,50,50,2025-05-10,False,2023-09-09T00:00:00
7454,SALEV97V1P,30,300,2027-08-12,True,2023-07-21T00:00:00
7455,DESC40SNMK,20,100,2027-01-29,True,2024-08-30T00:00:00
7456,SALEK87LFY,50,300,2026-11-27,True,2025-08-01T00:00:00
7457,TOP46KWRU,5,300,2027-03-08,True,2024-11-05T00:00:00
7458,TOPI7E66H,25,50,2023-10-19,False,2024-02-03T00:00:00
7459,TOPFI4U1H,50,500,2025-09-20,False,2023-03-12T00:00:00
7460,OFFTDICSG,50,150,2025-03-03,False,2025-11-30T00:00:00
7461,PROMOF5E4OF,20,500,2027-08-15,True,2024-07-06T00:00:00
7462,SALEIMA3TU,30,100,2026-06-07,False,2023-06-08T00:00:00
7463,DESCVW6VYU,20,500,2023-08-03,False,2024-04-02T00:00:00
7464,MEGAMPJSLZ,20,200,2026-03-16,False,2026-05-10T00:00:00
7465,SAVEMDLKFV,30,200,2027-08-05,True,2026-04-27T00:00:00
7466,MEGA7RXPHT,15,150,2027-11-28,True,2024-04-24T00:00:00
7467,PROMOMK4ZBA,40,50,2027-04-12,False,2023-07-12T00:00:00
7468,TOP4X6PON,25,200,2025-10-19,False,2023-03-29T00:00:00
7469,MEGAU9RAYA,25,500,2023-06-10,False,2026-05-13T00:00:00
7470,OFFOBP4K2,10,500,2025-07-12,False,2025-07-19T00:00:00
7471,SAVEFAMWXV,25,300,2023-08-09,False,2026-01-02T00:00:00
7472,OFFR25SYN,25,100,2027-09-30,True,2023-08-30T00:00:00
7473,OFFIRA366,20,500,2024-04-09,False,2026-05-01T00:00:00
7474,SUPERVXMFO9,50,300,2026-02-17,False,2025-10-02T00:00:00
7475,SALE4YNR57,50,50,2027-07-16,False,2024-07-26T00:00:00
7476,DESC9C7Z50,20,300,2026-03-27,False,2024-07-17T00:00:00
7477,PROMOHOFZ3O,5,150,2024-04-12,False,2026-01-09T00:00:00
7478,OFF3H8BMZ,15,200,2025-08-14,False,2025-08-13T00:00:00
7479,TOPYZBMY1,50,50,2024-02-16,False,2024-07-03T00:00:00
7480,SALEAIWZUU,40,300,2025-05-17,False,2025-10-23T00:00:00
7481,MEGA3G7GIO,10,300,2027-05-29,False,2023-08-12T00:00:00
7482,TOP3SQLV3,15,150,2024-10-03,False,2023-07-08T00:00:00
7483,SAVEH9OBSV,50,300,2025-04-17,False,2023-05-19T00:00:00
7484,OFFICMBPY,30,300,2024-11-23,False,2025-02-06T00:00:00
7485,TOP3T9OW9,20,150,2027-01-31,True,2024-04-06T00:00:00
7486,SALE3OUUYV,20,300,2025-03-19,False,2024-04-26T00:00:00
7487,SUPERXYWVAV,40,100,2024-07-27,False,2025-12-20T00:00:00
7488,MEGABFPIZK,10,500,2024-01-16,False,2026-03-19T00:00:00
7489,SAVE7HGY17,40,100,2023-11-02,False,2025-09-13T00:00:00
7490,PROMO1Y71IK,30,150,2023-06-07,False,2024-03-27T00:00:00
7491,SALEZSJUYQ,30,500,2027-12-16,True,2024-10-22T00:00:00
7492,SUPER9PVPEN,20,500,2026-11-12,True,2024-07-06T00:00:00
7493,PROMO7KOPV4,30,150,2026-11-03,False,2023-09-20T00:00:00
7494,SUPER9TBML4,50,300,2025-05-07,False,2025-12-24T00:00:00
7495,SAVE75NB4G,30,100,2024-04-21,False,2024-01-14T00:00:00
7496,SAVEP5J1VL,40,150,2026-11-13,True,2023-04-11T00:00:00
7497,TOP8OPXHX,5,100,2026-09-27,False,2023-07-04T00:00:00
7498,DESCPC9DD7,30,150,2026-05-11,False,2023-09-17T00:00:00
7499,DESCLKSAVR,10,100,2026-03-10,False,2023-08-06T00:00:00
7500,DESC1UE44P,15,200,2023-05-01,False,2023-04-14T00:00:00
7501,SUPERYIOAOT,50,150,2023-10-29,False,2025-05-31T00:00:00
7502,PROMOFLMO3M,20,100,2025-07-21,False,2026-02-13T00:00:00
7503,SAVE2YCBEA,20,100,2027-12-02,True,2025-04-26T00:00:00
7504,TOPNGSZXY,25,100,2023-01-02,False,2025-09-16T00:00:00
7505,OFF36TSO2,20,100,2024-06-30,False,2024-02-16T00:00:00
7506,OFFNS2Y9K,15,50,2025-02-10,False,2024-08-14T00:00:00
7507,OFF6L67V8,25,500,2026-01-21,False,2023-01-30T00:00:00
7508,SUPERZHS6AB,10,50,2023-04-03,False,2023-06-19T00:00:00
7509,MEGAND8XZW,40,200,2023-11-29,False,2024-09-29T00:00:00
7510,TOPHPX1T1,25,50,2023-05-27,False,2025-08-19T00:00:00
7511,SUPERQSYXQS,30,50,2024-06-14,False,2023-06-12T00:00:00
7512,DESCJVTX3Y,30,150,2026-04-05,False,2024-12-15T00:00:00
7513,SUPERILC7TN,15,100,2023-07-28,False,2024-06-04T00:00:00
7514,PROMOWISNPN,15,100,2023-07-15,False,2024-01-14T00:00:00
7515,SUPERQ90I5H,20,50,2027-04-26,True,2025-01-02T00:00:00
7516,SALEPYJRCG,10,500,2024-03-27,False,2023-08-31T00:00:00
7517,MEGAZ4EQU4,25,200,2027-11-01,False,2024-05-12T00:00:00
7518,SUPERKFLH1S,40,300,2026-12-18,False,2024-03-07T00:00:00
7519,PROMOBXH5WK,25,300,2027-04-11,True,2026-05-02T00:00:00
7520,SAVE631XF4,15,500,2024-04-15,False,2026-04-20T00:00:00
7521,DESCOYF4TK,50,500,2027-02-23,False,2023-06-21T00:00:00
7522,OFF3ZH6K2,10,150,2023-01-17,False,2026-03-31T00:00:00
7523,DESC3OIVSG,15,50,2026-02-09,False,2024-11-15T00:00:00
7524,SALE51Q8YK,5,50,2026-04-23,False,2024-08-17T00:00:00
7525,MEGAVI2JAT,15,300,2023-09-02,False,2024-02-04T00:00:00
7526,PROMOG063OB,40,150,2027-01-25,True,2023-10-20T00:00:00
7527,TOPMW1FVY,15,50,2026-02-22,False,2024-08-18T00:00:00
7528,TOP9FHED3,40,100,2025-02-15,False,2023-01-28T00:00:00
7529,SUPEREOCNAV,25,200,2026-04-17,False,2024-01-31T00:00:00
7530,TOPP96V6Z,20,500,2024-12-27,False,2023-12-25T00:00:00
7531,SAVEPYJXDD,20,500,2026-01-16,False,2024-02-23T00:00:00
7532,SAVEPBUGQU,15,150,2023-07-09,False,2024-09-24T00:00:00
7533,TOPQS4LWI,30,300,2026-06-08,False,2024-08-23T00:00:00
7534,TOPFXMYL5,40,200,2023-08-04,False,2024-02-13T00:00:00
7535,OFFFNGC84,50,200,2024-10-26,False,2025-08-11T00:00:00
7536,SAVE7Z8YSW,10,300,2026-11-25,True,2025-10-29T00:00:00
7537,SALETR324N,30,200,2023-08-19,False,2023-06-13T00:00:00
7538,DESCGY3GTH,10,500,2026-01-06,False,2026-01-31T00:00:00
7539,PROMOYQIDO9,50,150,2023-09-08,False,2023-12-05T00:00:00
7540,SAVEZX9NPG,50,500,2027-08-19,True,2023-09-29T00:00:00
7541,MEGA9TFED4,50,300,2027-09-11,True,2024-03-16T00:00:00
7542,SUPER1R2LGR,30,100,2025-07-27,False,2023-07-20T00:00:00
7543,PROMOWFZISA,5,150,2026-10-13,False,2024-02-08T00:00:00
7544,TOP4G7YR9,25,50,2025-03-15,False,2025-12-03T00:00:00
7545,DESCTFT14Y,5,50,2026-03-31,False,2023-08-28T00:00:00
7546,SUPERLFMV5E,20,150,2026-09-09,True,2025-07-23T00:00:00
7547,SAVEJ0EQ25,40,300,2023-10-13,False,2025-12-24T00:00:00
7548,TOPULYL32,15,100,2024-08-17,False,2025-12-16T00:00:00
7549,SUPEROM8XBZ,15,100,2027-10-08,True,2023-10-20T00:00:00
7550,OFFDLJVIF,40,200,2023-05-28,False,2023-03-26T00:00:00
7551,SUPERGPO246,20,150,2025-01-20,False,2023-01-06T00:00:00
7552,MEGAIP0W95,40,50,2027-12-19,True,2026-02-21T00:00:00
7553,MEGA3IK9WR,25,150,2025-01-04,False,2026-04-14T00:00:00
7554,OFF5ERSFF,15,300,2026-07-14,True,2025-03-12T00:00:00
7555,SUPERSLAW3A,10,50,2025-03-31,False,2025-10-20T00:00:00
7556,DESCZL5MVV,30,100,2026-08-27,True,2025-12-17T00:00:00
7557,SAVEHA9YCI,25,100,2026-01-01,False,2023-06-12T00:00:00
7558,SUPERXNV81E,30,100,2026-03-05,False,2026-04-18T00:00:00
7559,DESCI83NDP,10,500,2027-03-07,True,2025-12-21T00:00:00
7560,SAVED54360,30,500,2025-05-18,False,2023-05-20T00:00:00
7561,PROMOMN5G77,30,100,2025-05-23,False,2025-04-03T00:00:00
7562,MEGAOXVN5F,50,500,2025-07-09,False,2025-11-26T00:00:00
7563,TOPXJND1S,50,100,2027-05-19,True,2024-02-02T00:00:00
7564,TOPUVDUBZ,20,500,2027-12-06,False,2026-01-11T00:00:00
7565,PROMOW7FHXH,20,50,2026-11-12,True,2025-10-02T00:00:00
7566,PROMOU5YFJM,25,100,2023-04-08,False,2025-12-22T00:00:00
7567,TOPZ6JY70,50,150,2024-02-29,False,2024-09-22T00:00:00
7568,SAVEYM86ZG,25,200,2027-10-29,False,2025-06-12T00:00:00
7569,OFFU05C5Q,50,150,2025-01-07,False,2025-11-09T00:00:00
7570,SUPERKO7H1P,40,200,2025-09-13,False,2025-05-18T00:00:00
7571,SAVEFWZ1ZX,10,50,2024-03-17,False,2025-02-09T00:00:00
7572,OFFKVPKP1,20,50,2027-11-02,False,2023-04-26T00:00:00
7573,PROMOK5APJM,15,200,2027-10-06,True,2024-04-29T00:00:00
7574,SALEBWK28S,5,150,2025-09-11,False,2025-04-16T00:00:00
7575,TOPK1T4S2,25,200,2025-07-28,False,2025-08-22T00:00:00
7576,MEGAFAYGLN,40,150,2024-08-06,False,2023-08-13T00:00:00
7577,PROMO5CYCR3,40,500,2026-04-25,False,2023-04-18T00:00:00
7578,OFF1OBXYV,25,300,2026-08-27,True,2024-05-02T00:00:00
7579,DESC8OOHF9,10,100,2026-08-11,False,2024-10-24T00:00:00
7580,TOPM7BESK,50,50,2026-11-13,True,2023-05-01T00:00:00
7581,SALEIQHAMA,25,50,2024-08-11,False,2026-02-01T00:00:00
7582,MEGA7UEJ4G,15,50,2023-02-11,False,2023-12-04T00:00:00
7583,MEGAV8A5CK,20,200,2023-10-31,False,2023-03-26T00:00:00
7584,MEGAR9KQWF,10,200,2023-10-24,False,2026-04-14T00:00:00
7585,SUPERVFSVRS,30,200,2024-04-24,False,2025-08-23T00:00:00
7586,DESCP6TOPY,25,50,2027-07-19,True,2023-12-26T00:00:00
7587,SAVEDJ4DMZ,30,100,2026-03-03,False,2023-05-10T00:00:00
7588,MEGA5UQWSQ,30,100,2025-10-19,False,2024-01-26T00:00:00
7589,PROMOS9EZ5L,30,100,2027-12-05,False,2025-07-31T00:00:00
7590,PROMO0XLFDU,30,150,2026-12-27,False,2025-09-29T00:00:00
7591,MEGA7ITHFL,20,500,2027-06-20,True,2025-03-17T00:00:00
7592,SAVE33QXHQ,15,200,2025-09-26,False,2026-01-05T00:00:00
7593,TOP87P7LJ,20,50,2024-09-30,False,2025-10-05T00:00:00
7594,PROMOU4ZYNI,30,50,2024-04-21,False,2025-08-29T00:00:00
7595,DESCG7WVX4,15,500,2024-05-29,False,2023-09-25T00:00:00
7596,PROMOAJ635H,25,50,2027-01-20,True,2024-05-24T00:00:00
7597,TOP7KYLZX,25,150,2026-01-05,False,2024-08-06T00:00:00
7598,OFF85GLSB,10,150,2024-12-27,False,2024-04-12T00:00:00
7599,SUPERI13T27,25,300,2024-09-15,False,2024-02-24T00:00:00
7600,SUPERCM80FV,40,300,2023-09-08,False,2024-08-13T00:00:00
7601,MEGAMNX6XI,40,50,2023-09-17,False,2026-06-01T00:00:00
7602,OFFDD9GSM,50,500,2025-01-08,False,2023-11-17T00:00:00
7603,DESCF5S4R2,15,100,2027-10-12,False,2024-11-03T00:00:00
7604,PROMOPKWL6I,5,100,2023-06-09,False,2024-12-25T00:00:00
7605,MEGAWC10JP,30,100,2024-12-18,False,2025-10-26T00:00:00
7606,PROMOE4AABT,25,200,2025-02-07,False,2024-06-12T00:00:00
7607,SUPERJR8EFI,20,50,2023-02-09,False,2024-04-06T00:00:00
7608,TOP1CI4M5,30,50,2023-10-12,False,2024-07-11T00:00:00
7609,SALEUQH5ZO,40,500,2025-11-25,False,2023-10-04T00:00:00
7610,SALEIN8CUQ,5,50,2025-10-15,False,2025-12-30T00:00:00
7611,TOPTF6VQ3,30,200,2024-08-25,False,2025-12-09T00:00:00
7612,SALE5XS9ZP,10,200,2025-12-20,False,2023-08-08T00:00:00
7613,SALE0O9O2D,50,100,2026-05-21,False,2024-09-13T00:00:00
7614,SUPERBBQUIY,10,200,2026-04-03,False,2023-02-16T00:00:00
7615,SALEFLV4FI,50,200,2027-09-11,True,2024-09-30T00:00:00
7616,TOPE3LN9L,20,300,2023-06-05,False,2024-02-28T00:00:00
7617,MEGAPY6H71,40,300,2026-11-22,True,2024-10-10T00:00:00
7618,SALEXOAJNZ,20,150,2024-11-10,False,2026-01-22T00:00:00
7619,OFFCCONS3,5,150,2026-12-10,True,2024-07-06T00:00:00
7620,TOPV5KUEX,50,150,2023-05-06,False,2023-06-10T00:00:00
7621,TOPGEEXWD,30,100,2023-10-18,False,2024-05-03T00:00:00
7622,SALEJQIK0J,30,150,2023-12-23,False,2024-11-12T00:00:00
7623,DESCPO8BIN,50,200,2025-03-02,False,2024-09-13T00:00:00
7624,MEGAKQ6OUS,30,500,2027-08-17,True,2024-03-30T00:00:00
7625,SALE7M64VS,50,50,2023-08-17,False,2023-03-21T00:00:00
7626,DESCXD0CJ1,15,300,2025-05-30,False,2023-12-24T00:00:00
7627,SALE326ITU,25,50,2025-03-10,False,2026-04-28T00:00:00
7628,DESCDO0PTX,5,50,2024-06-14,False,2023-08-15T00:00:00
7629,SUPERDRX070,15,500,2027-06-16,True,2024-12-29T00:00:00
7630,SALETA1QDF,50,300,2027-05-28,True,2025-03-30T00:00:00
7631,SALE0PYHLN,30,300,2027-04-15,True,2023-01-20T00:00:00
7632,SUPERFZEH7U,50,200,2027-02-21,False,2023-06-04T00:00:00
7633,SUPER1GKQEO,30,300,2026-03-22,False,2025-11-15T00:00:00
7634,TOPVU3AL8,50,200,2024-10-27,False,2024-07-11T00:00:00
7635,MEGAMBNLSD,40,100,2023-09-28,False,2026-03-11T00:00:00
7636,PROMOM895GE,10,50,2025-06-25,False,2026-04-05T00:00:00
7637,MEGAPXUMZY,50,150,2023-11-12,False,2023-11-20T00:00:00
7638,SUPER3JHL6U,10,300,2025-07-10,False,2025-02-19T00:00:00
7639,PROMOAD9R7E,25,150,2023-11-09,False,2024-10-16T00:00:00
7640,MEGAURSQ71,20,500,2024-03-10,False,2023-01-14T00:00:00
7641,DESC2B5PIT,40,150,2025-03-18,False,2026-03-18T00:00:00
7642,SAVEZ98T87,50,200,2023-11-12,False,2023-08-15T00:00:00
7643,SAVEMJW0UZ,5,200,2024-09-08,False,2023-03-05T00:00:00
7644,OFFUE1UXT,5,50,2023-07-27,False,2023-08-18T00:00:00
7645,DESCFCUU59,25,100,2027-08-03,False,2023-03-22T00:00:00
7646,DESCUOEGTC,30,300,2025-03-24,False,2024-11-08T00:00:00
7647,SALEHX1JPX,50,300,2026-04-12,False,2025-11-29T00:00:00
7648,SAVEEVABHX,25,150,2027-09-09,False,2023-06-17T00:00:00
7649,SUPERFF386B,10,200,2026-12-22,True,2025-05-05T00:00:00
7650,DESCUKF9CQ,40,200,2025-05-12,False,2023-06-14T00:00:00
7651,DESCI0GHVB,15,150,2024-09-27,False,2024-02-29T00:00:00
7652,PROMOXCLRMP,10,200,2025-11-01,False,2025-03-06T00:00:00
7653,MEGAHZPK9D,25,50,2026-02-28,False,2023-09-20T00:00:00
7654,MEGA9PB5TI,10,300,2027-12-30,True,2024-08-21T00:00:00
7655,OFFE0MG7C,30,50,2025-09-20,False,2024-09-18T00:00:00
7656,SALE7BE01B,5,200,2025-02-21,False,2023-05-01T00:00:00
7657,TOPXQNKAU,30,150,2026-12-13,True,2023-01-01T00:00:00
7658,DESCUTG5SY,10,500,2027-08-17,False,2023-11-13T00:00:00
7659,TOPCSFR4Y,25,200,2026-11-13,True,2025-10-17T00:00:00
7660,SAVEXTQ4Y4,15,200,2027-12-09,True,2025-06-24T00:00:00
7661,OFFD94ENQ,5,150,2026-12-04,True,2023-02-13T00:00:00
7662,DESC2GED8E,20,200,2025-06-10,False,2023-04-12T00:00:00
7663,SUPERMKTSHN,20,200,2023-09-28,False,2025-07-19T00:00:00
7664,OFFTE2YEW,20,150,2024-06-01,False,2024-12-23T00:00:00
7665,SAVES0XY2R,15,200,2025-04-26,False,2023-12-03T00:00:00
7666,SUPER5KQS0V,25,100,2026-11-08,False,2026-01-19T00:00:00
7667,DESC2CODJW,5,50,2023-07-26,False,2025-11-10T00:00:00
7668,PROMOR286J7,10,150,2026-08-16,True,2025-06-22T00:00:00
7669,TOPCZC9VJ,15,50,2024-01-06,False,2023-10-24T00:00:00
7670,SUPER3USODN,25,200,2023-08-05,False,2025-06-29T00:00:00
7671,SAVECWJRI0,20,150,2024-10-14,False,2024-03-02T00:00:00
7672,TOPKN8IZ3,5,200,2024-07-13,False,2023-04-22T00:00:00
7673,DESCG4VY5T,40,300,2023-05-24,False,2026-02-18T00:00:00
7674,SAVEEPKC97,30,100,2023-10-16,False,2024-09-28T00:00:00
7675,SAVEWU8AFX,15,100,2027-12-14,True,2024-01-25T00:00:00
7676,SAVET1DWLH,15,300,2024-01-05,False,2024-03-26T00:00:00
7677,SAVELOZL6Z,15,100,2025-02-12,False,2023-02-23T00:00:00
7678,TOPFZF9YO,20,200,2025-06-04,False,2026-01-07T00:00:00
7679,DESCSBG61U,20,100,2024-06-28,False,2023-01-02T00:00:00
7680,MEGA50GPZZ,15,100,2026-08-19,False,2025-01-31T00:00:00
7681,TOPQUPAMO,10,300,2026-08-31,True,2024-02-20T00:00:00
7682,DESC5DFNI8,25,50,2027-07-03,True,2023-06-25T00:00:00
7683,DESCZSQ1K1,50,500,2025-06-11,False,2023-10-11T00:00:00
7684,SALE2WPVIS,5,150,2026-05-26,False,2025-07-19T00:00:00
7685,SUPER3T72XG,5,200,2024-08-06,False,2023-02-17T00:00:00
7686,SAVEN4T53K,40,150,2027-05-18,True,2025-12-10T00:00:00
7687,TOPJCKPVH,25,200,2025-10-12,False,2025-11-03T00:00:00
7688,PROMOOV87D3,15,500,2024-08-09,False,2025-01-30T00:00:00
7689,TOPK3P96T,25,500,2023-05-03,False,2023-06-04T00:00:00
7690,DESCBA4D7Q,10,300,2027-10-16,True,2024-08-13T00:00:00
7691,DESCXXO076,5,150,2025-09-26,False,2023-10-27T00:00:00
7692,TOPXEGY3I,40,150,2025-09-08,False,2024-09-27T00:00:00
7693,SALEBJVXV6,10,100,2023-01-09,False,2025-10-13T00:00:00
7694,SUPERCK9PGR,25,300,2024-11-20,False,2024-02-11T00:00:00
7695,TOP0ZJ7HO,30,150,2023-04-01,False,2024-11-03T00:00:00
7696,TOP7H1ZY2,40,500,2027-08-19,True,2025-11-04T00:00:00
7697,SUPERPZRHL6,10,150,2026-05-01,False,2024-01-28T00:00:00
7698,DESCZ29KPS,30,300,2026-02-26,False,2023-01-04T00:00:00
7699,SUPERB2FCQ3,15,50,2023-05-29,False,2023-11-09T00:00:00
7700,PROMOJQADX1,5,100,2025-09-07,False,2023-03-17T00:00:00
7701,OFFX7GNDN,30,200,2025-10-14,False,2023-03-15T00:00:00
7702,SUPER6WTKAS,40,50,2025-10-26,False,2025-01-17T00:00:00
7703,OFFW0ZVLI,15,500,2027-10-03,False,2023-11-29T00:00:00
7704,PROMO355ZMK,15,100,2026-12-18,True,2025-05-13T00:00:00
7705,SUPERO0JEHZ,5,50,2023-11-16,False,2024-02-01T00:00:00
7706,DESCPICYB0,25,200,2025-06-04,False,2023-03-17T00:00:00
7707,SALEDFUIUW,30,300,2026-07-08,False,2023-11-16T00:00:00
7708,OFF9XUSAE,5,100,2027-02-23,True,2025-04-02T00:00:00
7709,SAVE9X1PXQ,25,100,2027-07-03,True,2025-04-27T00:00:00
7710,SAVEJZYSJB,40,50,2024-08-24,False,2023-06-20T00:00:00
7711,SAVESCOK0N,20,150,2025-02-07,False,2024-11-26T00:00:00
7712,SUPER0B4ILV,15,200,2023-08-04,False,2023-01-05T00:00:00
7713,TOPOLDLOS,10,500,2023-02-08,False,2025-12-13T00:00:00
7714,DESC7KNWT5,20,50,2023-04-22,False,2025-07-29T00:00:00
7715,SALEQVOAQ1,30,100,2023-09-21,False,2024-10-19T00:00:00
7716,SAVETNOW4B,10,500,2025-01-06,False,2026-05-30T00:00:00
7717,SAVEBC7GLU,25,300,2024-10-28,False,2026-04-23T00:00:00
7718,PROMOH567XB,30,500,2027-01-19,False,2025-02-13T00:00:00
7719,MEGAS11M2T,20,100,2026-08-06,True,2025-09-05T00:00:00
7720,SALEI53DER,25,300,2025-11-09,False,2025-07-31T00:00:00
7721,SAVEMNU0Y2,20,500,2023-10-09,False,2025-05-05T00:00:00
7722,SUPERPGCCFY,50,300,2027-01-22,True,2025-12-02T00:00:00
7723,DESCTR2NSJ,20,300,2023-10-14,False,2024-02-23T00:00:00
7724,MEGAEYHJ2W,30,200,2024-01-29,False,2024-09-19T00:00:00
7725,SUPEREEXLY4,10,50,2027-02-20,True,2023-07-02T00:00:00
7726,OFFA5JO0Q,10,100,2024-06-13,False,2026-01-19T00:00:00
7727,MEGAV1J1XB,20,200,2027-06-29,True,2024-11-24T00:00:00
7728,PROMO2E90KH,25,500,2025-01-19,False,2024-10-31T00:00:00
7729,TOPZUHCPV,20,150,2025-11-02,False,2026-03-10T00:00:00
7730,PROMOPBL5Y1,15,300,2024-07-13,False,2026-05-30T00:00:00
7731,PROMOJLW1K1,20,500,2025-10-16,False,2025-01-17T00:00:00
7732,DESCAI47D2,10,100,2023-01-29,False,2025-11-11T00:00:00
7733,DESCZ0H0NQ,5,50,2026-03-19,False,2025-05-25T00:00:00
7734,MEGAWCDN2J,5,100,2024-08-01,False,2025-05-07T00:00:00
7735,DESCGETCAA,40,200,2025-05-15,False,2024-09-12T00:00:00
7736,SAVE5WX1WW,20,300,2027-09-28,True,2024-01-19T00:00:00
7737,SUPERB8JFA0,5,50,2025-09-15,False,2023-12-03T00:00:00
7738,SALE984AMB,25,500,2027-02-03,False,2025-05-06T00:00:00
7739,OFFQV21JU,25,150,2023-08-31,False,2025-06-06T00:00:00
7740,SUPERKR6PRK,25,300,2027-03-14,True,2025-02-12T00:00:00
7741,SALEN2X6S4,15,150,2023-04-26,False,2024-09-14T00:00:00
7742,SALEB87D4O,5,200,2024-05-20,False,2026-01-20T00:00:00
7743,OFF3DFDV2,20,500,2023-11-28,False,2024-09-23T00:00:00
7744,PROMOWMOBG5,25,150,2027-02-01,True,2025-11-29T00:00:00
7745,SUPERRZVZ98,30,150,2025-11-04,False,2023-10-19T00:00:00
7746,SUPERRCSOIM,10,50,2024-08-16,False,2026-04-20T00:00:00
7747,SALEOL07K0,50,150,2024-06-23,False,2023-01-28T00:00:00
7748,SUPEROH9L2Y,5,100,2024-02-06,False,2024-10-01T00:00:00
7749,DESCEKCQUW,40,500,2024-10-14,False,2024-03-27T00:00:00
7750,DESCLRTBY8,50,100,2025-01-06,False,2025-10-15T00:00:00
7751,SUPERSP6A1G,25,150,2023-04-01,False,2023-05-19T00:00:00
7752,SAVEPENG9P,50,500,2023-03-01,False,2023-10-03T00:00:00
7753,SUPERFTYH1S,20,150,2024-01-20,False,2025-11-30T00:00:00
7754,DESCZVVO9Z,15,100,2023-04-12,False,2023-08-17T00:00:00
7755,PROMORW1LT1,20,300,2024-12-24,False,2024-05-22T00:00:00
7756,OFFPBP9NR,25,50,2025-07-19,False,2024-04-05T00:00:00
7757,DESC5TK206,40,50,2027-12-22,True,2026-01-21T00:00:00
7758,DESC4HQD72,25,150,2026-08-03,False,2025-01-06T00:00:00
7759,SAVEDW8O8T,20,200,2026-02-12,False,2025-03-05T00:00:00
7760,PROMO98BEUM,15,300,2027-07-11,True,2023-11-09T00:00:00
7761,DESCC8TTRB,10,500,2026-02-08,False,2025-12-10T00:00:00
7762,SUPERHYHB0Y,25,200,2025-10-26,False,2024-03-19T00:00:00
7763,SALEKLP47V,20,500,2024-06-22,False,2024-07-29T00:00:00
7764,SALEX82OBC,40,50,2025-07-11,False,2025-07-15T00:00:00
7765,DESCAVEFIY,30,150,2024-11-29,False,2026-05-31T00:00:00
7766,SUPERO527W3,40,300,2024-03-01,False,2024-02-17T00:00:00
7767,SAVEVLFP7A,40,200,2023-02-03,False,2026-01-31T00:00:00
7768,OFFDZ2ZWM,15,300,2023-08-09,False,2025-03-28T00:00:00
7769,SALEXL5A74,20,150,2023-05-04,False,2025-02-08T00:00:00
7770,PROMOCA1SMB,5,150,2026-12-24,True,2023-07-06T00:00:00
7771,SALEMXW5ZW,10,300,2024-05-01,False,2024-09-14T00:00:00
7772,PROMO5MN4AU,25,100,2026-05-21,False,2023-12-31T00:00:00
7773,PROMOE3SS0B,30,500,2026-09-14,True,2026-04-13T00:00:00
7774,MEGAP34QSM,30,50,2024-02-26,False,2025-12-23T00:00:00
7775,SAVET4NA13,15,100,2024-06-02,False,2025-08-31T00:00:00
7776,SALE0W3EYB,20,50,2024-09-08,False,2023-06-15T00:00:00
7777,PROMOHQORTC,20,300,2024-08-22,False,2023-05-17T00:00:00
7778,OFF4QFC83,10,500,2023-05-11,False,2024-03-13T00:00:00
7779,SALE3H4TKN,30,100,2025-07-03,False,2023-10-19T00:00:00
7780,DESC0FUOV4,25,300,2024-02-05,False,2023-03-03T00:00:00
7781,SALE3EVCJN,25,100,2024-10-28,False,2023-07-25T00:00:00
7782,DESC1QHZDM,50,500,2026-10-22,True,2025-05-08T00:00:00
7783,MEGAWSLFAK,30,500,2026-01-02,False,2025-04-10T00:00:00
7784,SUPERWZ9JL5,30,50,2027-05-06,True,2025-02-28T00:00:00
7785,MEGANKRP85,25,100,2027-10-26,True,2025-12-05T00:00:00
7786,PROMOC73IGR,50,500,2025-08-14,False,2026-03-14T00:00:00
7787,MEGAOOG6B5,30,50,2026-05-01,False,2023-08-05T00:00:00
7788,PROMO4ROB0M,15,500,2023-01-21,False,2026-05-14T00:00:00
7789,MEGAZ68HYF,20,150,2026-12-10,False,2024-02-06T00:00:00
7790,OFF6CU5TD,20,100,2023-03-24,False,2025-07-19T00:00:00
7791,SAVEGGBTOY,20,50,2024-02-29,False,2024-06-24T00:00:00
7792,DESCS7Z6AD,50,300,2023-08-05,False,2024-04-24T00:00:00
7793,SUPERT2G6V9,30,500,2027-10-09,True,2025-06-03T00:00:00
7794,SUPER3GZWGK,25,300,2027-09-11,True,2024-12-12T00:00:00
7795,DESCPO014J,5,150,2024-08-11,False,2023-09-14T00:00:00
7796,TOPV9XPYW,20,500,2023-02-28,False,2025-11-16T00:00:00
7797,DESCYIS8NU,10,500,2023-08-13,False,2024-08-06T00:00:00
7798,PROMODLTX4X,30,150,2026-05-27,False,2025-11-27T00:00:00
7799,MEGAUJ3OWR,40,500,2024-08-08,False,2024-06-09T00:00:00
7800,SUPERY1IRIV,50,50,2024-11-03,False,2023-09-07T00:00:00
7801,DESCJRWJZ5,50,50,2025-11-12,False,2024-12-13T00:00:00
7802,DESCQD69YI,20,150,2026-08-10,False,2025-09-27T00:00:00
7803,TOPA8LO8J,40,300,2023-09-18,False,2025-07-09T00:00:00
7804,DESCMEO67U,15,500,2023-10-30,False,2023-05-24T00:00:00
7805,SAVEVJU1FC,5,200,2027-05-16,True,2023-11-02T00:00:00
7806,SALEXLF4OZ,30,200,2026-08-07,True,2026-02-05T00:00:00
7807,MEGAZSVOTX,10,150,2025-03-01,False,2025-09-21T00:00:00
7808,OFFYJ63AS,20,150,2024-11-18,False,2025-11-03T00:00:00
7809,SUPERF71PFC,25,300,2025-08-31,False,2025-10-18T00:00:00
7810,MEGAZK5MQ8,25,100,2025-04-25,False,2024-05-28T00:00:00
7811,PROMODAVYCM,25,50,2025-08-01,False,2025-05-21T00:00:00
7812,SALETD2VP5,10,500,2026-11-24,True,2025-07-31T00:00:00
7813,SUPERCFF66S,40,200,2023-01-11,False,2024-10-08T00:00:00
7814,TOPLADNQV,20,50,2025-05-09,False,2025-06-26T00:00:00
7815,TOPPFYXJN,50,500,2023-05-06,False,2023-01-27T00:00:00
7816,SALEL1AIE0,40,100,2027-05-25,True,2026-04-18T00:00:00
7817,SUPERPOZ7HU,25,500,2027-01-11,True,2023-11-24T00:00:00
7818,SAVEFAW5FP,30,500,2026-12-15,False,2023-05-02T00:00:00
7819,OFFPE8TZZ,40,150,2027-08-07,True,2023-10-05T00:00:00
7820,PROMOCFNPDR,20,200,2024-11-28,False,2026-02-27T00:00:00
7821,SUPERI75UKI,50,300,2026-04-11,False,2025-04-07T00:00:00
7822,PROMO47UYGW,20,500,2024-05-29,False,2024-01-15T00:00:00
7823,DESCHHUOD6,20,500,2024-12-27,False,2023-07-06T00:00:00
7824,SALE7TCKOP,20,500,2026-02-13,False,2023-03-04T00:00:00
7825,SALEUV8MAZ,50,300,2023-04-21,False,2024-03-20T00:00:00
7826,SUPERJB2SX2,40,300,2025-09-25,False,2024-04-01T00:00:00
7827,SAVEN6U97V,20,500,2025-03-10,False,2023-11-29T00:00:00
7828,DESCWE7VUC,40,50,2024-12-21,False,2025-03-13T00:00:00
7829,PROMOA79YXK,30,300,2026-01-09,False,2023-10-09T00:00:00
7830,DESC4FMI9S,40,100,2027-03-08,True,2023-06-13T00:00:00
7831,DESC6FIFUA,10,500,2026-08-01,True,2023-03-13T00:00:00
7832,MEGAPDBTLV,30,100,2026-07-29,False,2025-03-09T00:00:00
7833,TOPDXNDDK,25,500,2024-05-21,False,2024-09-24T00:00:00
7834,SAVET2WD90,50,150,2023-06-18,False,2023-04-10T00:00:00
7835,SAVEWC5L9A,30,150,2027-07-05,True,2024-05-09T00:00:00
7836,SALECLXM1Y,25,100,2026-01-08,False,2023-09-14T00:00:00
7837,SALEZOOD4M,25,500,2023-10-25,False,2026-01-16T00:00:00
7838,PROMOZRZVS1,30,150,2024-10-23,False,2023-05-12T00:00:00
7839,OFFM1G3SI,10,50,2025-09-25,False,2026-02-26T00:00:00
7840,SUPERCT7NLX,50,500,2024-06-30,False,2023-02-02T00:00:00
7841,SAVEHWFCOS,20,500,2025-04-16,False,2023-08-24T00:00:00
7842,PROMOWQ76S4,40,300,2024-11-25,False,2023-08-14T00:00:00
7843,PROMOI6USS0,5,100,2026-07-25,True,2023-10-26T00:00:00
7844,SALE2TYG5R,30,50,2023-05-18,False,2025-06-16T00:00:00
7845,OFF1JI3DO,5,500,2023-08-26,False,2024-10-13T00:00:00
7846,MEGAUB7IL7,40,150,2023-08-01,False,2025-10-05T00:00:00
7847,SUPER0E2ZY0,20,50,2024-07-22,False,2025-06-06T00:00:00
7848,DESCCN4RSB,10,300,2023-10-15,False,2024-10-24T00:00:00
7849,MEGA5JL6VD,10,50,2025-05-04,False,2023-12-03T00:00:00
7850,PROMO3TZO6Y,50,100,2023-08-09,False,2025-01-08T00:00:00
7851,OFFIRX69M,25,50,2026-02-07,False,2025-05-16T00:00:00
7852,SUPERV5FO06,10,100,2023-03-17,False,2024-11-22T00:00:00
7853,PROMOJHF1Y2,10,300,2024-07-05,False,2025-03-11T00:00:00
7854,PROMOV1GSDK,40,300,2026-12-20,False,2024-07-24T00:00:00
7855,OFF8TV4YQ,30,50,2027-06-03,True,2023-01-01T00:00:00
7856,SALEVAXTO2,30,50,2026-04-30,False,2025-11-08T00:00:00
7857,PROMOPLUYKN,25,100,2025-12-18,False,2025-08-13T00:00:00
7858,PROMO2JJLD2,10,500,2025-06-13,False,2025-08-13T00:00:00
7859,TOPK77P94,15,100,2023-06-11,False,2024-05-15T00:00:00
7860,PROMO32J5YP,30,500,2027-09-11,False,2023-03-17T00:00:00
7861,SUPERULABA2,30,150,2025-10-03,False,2023-05-26T00:00:00
7862,PROMOGI1HT6,5,50,2023-01-28,False,2024-10-19T00:00:00
7863,DESCQT9W0T,40,500,2024-11-06,False,2025-06-08T00:00:00
7864,SAVEY2CR0K,30,200,2025-10-19,False,2025-04-03T00:00:00
7865,SAVE3MB0L9,50,300,2026-08-10,True,2023-01-13T00:00:00
7866,SAVEYS9I4V,40,100,2026-04-13,False,2024-02-16T00:00:00
7867,PROMOMTEOJC,15,100,2024-09-07,False,2025-01-07T00:00:00
7868,DESCVSOESA,25,200,2027-06-30,True,2026-01-22T00:00:00
7869,PROMOOG9EDG,20,200,2027-02-14,False,2025-04-21T00:00:00
7870,SALEZ1Y91J,25,150,2026-05-21,False,2025-02-07T00:00:00
7871,SAVE0W4D7D,15,150,2026-08-04,True,2025-04-14T00:00:00
7872,SAVEMN7M47,10,300,2024-08-25,False,2023-10-19T00:00:00
7873,TOP8TP4IZ,50,200,2027-11-06,True,2026-03-07T00:00:00
7874,MEGAS6LQF4,40,100,2027-03-02,True,2023-06-18T00:00:00
7875,SALE34ENEF,30,100,2024-08-18,False,2025-10-01T00:00:00
7876,MEGAXVDG4U,20,300,2026-05-20,False,2023-09-14T00:00:00
7877,TOPYJJOR4,5,100,2024-07-02,False,2025-02-14T00:00:00
7878,PROMONE9JWH,5,150,2026-10-28,True,2024-04-04T00:00:00
7879,SAVENIL5Q5,40,150,2025-02-14,False,2025-09-03T00:00:00
7880,OFF36BM17,40,300,2023-06-16,False,2024-03-08T00:00:00
7881,SAVEQWF77G,15,500,2027-10-25,True,2026-03-26T00:00:00
7882,SUPERA1HJKX,20,500,2027-06-15,True,2024-04-07T00:00:00
7883,DESCFSN5GP,30,150,2025-08-07,False,2023-12-04T00:00:00
7884,SUPERWKSKRV,50,300,2024-10-15,False,2026-01-14T00:00:00
7885,DESC2E924U,20,300,2023-08-03,False,2026-02-10T00:00:00
7886,SAVEVVYAZH,20,150,2024-01-04,False,2025-07-06T00:00:00
7887,PROMOEWX5UE,50,500,2027-08-10,False,2023-03-24T00:00:00
7888,TOPQR4FFH,40,300,2024-10-25,False,2025-05-13T00:00:00
7889,SALEU7CKOH,50,50,2025-03-19,False,2025-07-31T00:00:00
7890,DESCP41ZVG,40,200,2026-11-22,True,2023-08-08T00:00:00
7891,SALE4RXJGV,25,150,2024-03-19,False,2025-04-19T00:00:00
7892,SAVE44CJHI,5,200,2027-09-03,True,2024-10-12T00:00:00
7893,MEGAE0HLAB,20,500,2023-08-17,False,2026-04-18T00:00:00
7894,SALEU758W8,5,50,2027-02-27,True,2025-11-07T00:00:00
7895,DESCUWBIGC,10,150,2025-09-08,False,2024-12-28T00:00:00
7896,SUPERKH3MTT,15,100,2024-11-03,False,2025-05-22T00:00:00
7897,SAVEWD7J98,15,50,2027-10-01,False,2023-08-15T00:00:00
7898,OFF9ISDGV,25,150,2025-04-04,False,2023-05-12T00:00:00
7899,DESCC2FFCP,40,150,2027-07-24,True,2023-08-21T00:00:00
7900,MEGA0RVJ96,10,300,2023-04-28,False,2023-06-28T00:00:00
7901,OFF6XY619,25,300,2026-05-16,False,2024-10-29T00:00:00
7902,DESC281YYT,50,100,2026-04-14,False,2024-02-27T00:00:00
7903,OFF8BVHNN,15,100,2024-06-28,False,2024-10-03T00:00:00
7904,OFFA3DM3G,50,50,2024-06-16,False,2025-12-09T00:00:00
7905,TOPDDMH9G,30,300,2027-10-09,True,2025-10-19T00:00:00
7906,SUPERJ3VF9V,30,300,2024-12-22,False,2025-08-27T00:00:00
7907,DESCET4HXG,40,500,2024-11-28,False,2025-10-24T00:00:00
7908,SAVEIFH95E,20,100,2023-12-10,False,2023-02-27T00:00:00
7909,SAVE5HR4A1,20,500,2023-06-11,False,2023-09-09T00:00:00
7910,MEGAULY1WS,20,200,2027-04-25,True,2024-09-16T00:00:00
7911,SAVE5UZOHA,25,500,2023-03-30,False,2023-04-11T00:00:00
7912,SAVEFN3MMF,30,200,2023-07-03,False,2025-10-03T00:00:00
7913,SAVEMMDXBC,40,150,2026-11-05,True,2025-08-05T00:00:00
7914,TOPVJHC9I,15,50,2024-03-28,False,2025-11-28T00:00:00
7915,OFF5YRRVG,5,300,2024-08-22,False,2023-05-27T00:00:00
7916,TOPKTJREA,15,50,2023-01-20,False,2023-12-12T00:00:00
7917,PROMO8VLY05,10,200,2023-11-02,False,2023-09-20T00:00:00
7918,SAVECAP1KK,10,300,2024-03-23,False,2023-03-17T00:00:00
7919,MEGA8HY1IZ,15,200,2027-02-20,True,2025-01-30T00:00:00
7920,TOPZ8C3LY,25,200,2026-06-08,False,2026-01-25T00:00:00
7921,PROMO9XOI3Q,50,150,2025-06-15,False,2023-11-12T00:00:00
7922,SUPER20NF79,10,50,2023-08-27,False,2025-03-21T00:00:00
7923,PROMOJM155L,40,300,2024-12-26,False,2024-04-04T00:00:00
7924,OFFQUO78E,20,300,2026-08-23,False,2024-05-15T00:00:00
7925,OFFHGT91L,10,100,2026-06-17,False,2026-02-28T00:00:00
7926,TOP1Q5CIX,40,500,2023-06-16,False,2026-01-16T00:00:00
7927,SAVECFDGW1,30,50,2023-07-09,False,2024-11-26T00:00:00
7928,SAVE8ZLJ5R,5,50,2026-02-16,False,2026-04-21T00:00:00
7929,MEGAZ1XITQ,25,200,2027-07-03,False,2024-03-12T00:00:00
7930,DESCK8URRO,25,100,2024-11-21,False,2024-12-06T00:00:00
7931,PROMOKSG4YD,15,100,2024-12-23,False,2025-12-12T00:00:00
7932,DESC2WIEWC,15,100,2027-01-28,True,2023-09-10T00:00:00
7933,SALEQ0DXCZ,40,200,2024-11-20,False,2023-01-26T00:00:00
7934,SAVEKQ4WIA,40,500,2027-09-30,False,2024-01-27T00:00:00
7935,TOP0622P2,5,150,2025-04-03,False,2024-06-29T00:00:00
7936,SUPERFL3H04,15,150,2026-03-15,False,2023-10-17T00:00:00
7937,SALEBMDF87,10,100,2023-01-27,False,2023-07-27T00:00:00
7938,TOPP383OF,30,500,2027-12-23,False,2023-10-28T00:00:00
7939,SUPERBVX9MX,30,200,2027-01-04,True,2026-02-16T00:00:00
7940,MEGAOB84BU,5,100,2024-11-14,False,2023-03-21T00:00:00
7941,PROMOFH7JO8,30,200,2024-01-08,False,2024-04-30T00:00:00
7942,OFF6CT093,15,150,2024-01-19,False,2026-06-03T00:00:00
7943,PROMOS2HO4H,15,300,2025-03-12,False,2026-04-02T00:00:00
7944,MEGA33MDRD,5,500,2026-09-08,True,2023-10-27T00:00:00
7945,SAVEI1FSRP,15,200,2026-08-22,False,2026-03-31T00:00:00
7946,TOPQ5HY59,5,300,2023-08-21,False,2024-08-15T00:00:00
7947,PROMO6EB6RU,15,300,2025-07-28,False,2024-09-18T00:00:00
7948,MEGAO5WJEV,25,100,2025-02-21,False,2023-07-07T00:00:00
7949,PROMOWJQ1NE,40,300,2024-11-15,False,2025-01-21T00:00:00
7950,SAVEGV2ROR,40,100,2024-02-07,False,2025-01-02T00:00:00
7951,SAVE0BLP8T,5,200,2023-07-23,False,2024-10-12T00:00:00
7952,SALERR84N3,50,50,2025-04-21,False,2025-08-27T00:00:00
7953,MEGAG3VQ2M,5,200,2025-08-15,False,2023-11-28T00:00:00
7954,MEGAHFMVUE,10,500,2025-11-21,False,2025-01-27T00:00:00
7955,OFFRPBHSM,40,200,2023-08-18,False,2024-06-25T00:00:00
7956,TOPLU6R3T,10,300,2027-01-26,False,2024-04-17T00:00:00
7957,SALEHZ4D28,25,50,2024-03-18,False,2024-08-02T00:00:00
7958,PROMOM0T5UK,20,50,2024-12-02,False,2024-07-31T00:00:00
7959,TOPIXF7HD,50,100,2027-12-11,False,2023-01-02T00:00:00
7960,TOPTWA21H,5,200,2026-03-01,False,2026-03-11T00:00:00
7961,MEGA4YG0L8,50,500,2027-04-18,False,2023-11-28T00:00:00
7962,MEGA5VWUJB,30,100,2026-01-08,False,2024-07-26T00:00:00
7963,SUPERH3ROKE,40,500,2027-09-11,False,2023-10-17T00:00:00
7964,OFFG1OZH5,50,300,2023-04-07,False,2023-03-24T00:00:00
7965,SUPERTBY5X8,30,100,2024-02-16,False,2025-01-15T00:00:00
7966,SALE3RJ9JL,25,150,2023-01-11,False,2024-12-26T00:00:00
7967,DESCYIC0M2,20,200,2026-09-19,True,2024-10-17T00:00:00
7968,PROMORW1JQY,10,200,2025-07-04,False,2025-07-31T00:00:00
7969,SALET3VX53,30,300,2023-03-07,False,2024-12-20T00:00:00
7970,MEGAN8W91F,5,500,2026-10-07,False,2023-12-18T00:00:00
7971,SUPER0H64RB,30,100,2023-03-29,False,2025-10-04T00:00:00
7972,OFF0CRMQ9,50,100,2026-09-11,True,2023-08-19T00:00:00
7973,SUPERP69OA7,15,500,2025-07-10,False,2024-12-20T00:00:00
7974,SALELIYTUX,15,200,2026-03-02,False,2025-05-02T00:00:00
7975,SAVEAIKXOZ,20,200,2024-02-28,False,2023-05-16T00:00:00
7976,DESCIEG703,5,500,2026-02-25,False,2023-09-14T00:00:00
7977,TOP3QLY5K,50,50,2023-02-09,False,2024-10-08T00:00:00
7978,SUPERWVIA7R,25,500,2023-12-12,False,2025-10-25T00:00:00
7979,SAVEKN3B7A,25,50,2024-03-10,False,2026-03-14T00:00:00
7980,SUPERJJMWAU,15,200,2024-10-26,False,2023-01-31T00:00:00
7981,TOPWZRN9O,10,500,2027-10-27,True,2024-01-29T00:00:00
7982,MEGABCETXZ,30,50,2024-12-25,False,2024-12-18T00:00:00
7983,MEGAZQSURH,25,300,2024-04-21,False,2024-04-10T00:00:00
7984,SAVEI4R9OC,40,500,2023-06-22,False,2024-08-26T00:00:00
7985,DESC2NBJLV,30,100,2027-09-26,True,2026-01-11T00:00:00
7986,TOPW2NYDH,40,50,2027-10-18,False,2024-02-16T00:00:00
7987,SALEUFO42T,50,500,2023-07-20,False,2025-06-26T00:00:00
7988,SUPERW0XFPE,15,100,2026-04-23,False,2025-11-25T00:00:00
7989,SAVE7FHEL2,10,300,2026-01-28,False,2024-10-04T00:00:00
7990,MEGALNAPFH,10,300,2026-03-25,False,2025-06-06T00:00:00
7991,TOPYH4XN4,30,100,2023-01-01,False,2023-03-05T00:00:00
7992,PROMOI8O129,10,100,2027-01-13,False,2026-01-27T00:00:00
7993,DESCUBDKHC,5,50,2027-08-28,True,2024-05-14T00:00:00
7994,MEGAC1FGTR,25,200,2024-11-09,False,2024-12-30T00:00:00
7995,SUPERQEW5PA,10,150,2023-06-26,False,2023-05-25T00:00:00
7996,SALEJREYBB,40,200,2024-02-09,False,2026-02-17T00:00:00
7997,SAVEL8F6KT,25,500,2026-07-28,True,2026-03-16T00:00:00
7998,MEGA15VK4C,50,200,2024-07-10,False,2023-05-21T00:00:00
7999,SUPERW4ETZJ,15,50,2023-06-22,False,2024-02-09T00:00:00
8000,SALELEYITC,25,50,2024-12-24,False,2024-12-29T00:00:00
8001,SALE8C02F2,5,100,2026-10-18,False,2025-02-26T00:00:00
8002,MEGAYWECES,5,100,2025-05-28,False,2025-03-04T00:00:00
8003,TOP822V92,40,300,2023-12-06,False,2024-02-09T00:00:00
8004,DESCXZS49G,15,200,2023-01-12,False,2024-04-12T00:00:00
8005,PROMO51CQVA,10,500,2024-07-04,False,2024-12-17T00:00:00
8006,SUPERKO07VS,20,300,2024-09-11,False,2025-04-28T00:00:00
8007,OFF6U12UF,15,200,2025-12-06,False,2023-01-29T00:00:00
8008,DESCA85C5Z,5,500,2027-06-17,True,2025-02-23T00:00:00
8009,TOPMXN6ZA,10,50,2023-11-12,False,2024-02-20T00:00:00
8010,SAVEEPG0SR,50,150,2026-06-14,True,2026-03-13T00:00:00
8011,TOPU21RSK,50,500,2023-05-26,False,2023-04-10T00:00:00
8012,MEGABWRIPC,5,300,2025-10-09,False,2026-02-22T00:00:00
8013,SALEY52077,10,200,2025-08-22,False,2024-01-07T00:00:00
8014,TOPTTCRZX,10,50,2026-05-21,False,2023-02-02T00:00:00
8015,SUPEROZMR57,50,200,2026-06-27,True,2023-05-15T00:00:00
8016,SAVEZLCM4U,5,200,2023-03-29,False,2024-09-29T00:00:00
8017,MEGAW2THSW,20,50,2025-08-24,False,2024-08-07T00:00:00
8018,DESC4P69AW,50,50,2025-10-11,False,2024-10-11T00:00:00
8019,MEGA0LM2FC,15,500,2026-01-31,False,2025-02-17T00:00:00
8020,PROMOGHMOZ3,25,100,2024-03-25,False,2023-01-17T00:00:00
8021,MEGAOZ3ZG5,15,500,2023-07-28,False,2023-10-22T00:00:00
8022,PROMOZ1XM1Z,10,100,2027-12-27,True,2024-12-09T00:00:00
8023,DESCHX2OE8,10,150,2023-04-30,False,2025-06-22T00:00:00
8024,DESCU6Q5XK,40,150,2023-04-04,False,2023-07-24T00:00:00
8025,TOPLZ8HER,40,50,2024-06-15,False,2025-03-13T00:00:00
8026,OFF0RF1Z5,10,300,2026-08-04,True,2023-02-14T00:00:00
8027,TOPN1JVMK,50,50,2027-02-21,True,2024-06-22T00:00:00
8028,OFF8C5AHC,10,500,2026-03-06,False,2025-09-26T00:00:00
8029,SALEFA1BZU,25,150,2024-06-29,False,2023-03-25T00:00:00
8030,DESC8TIHA8,25,50,2026-12-12,False,2025-02-28T00:00:00
8031,DESC7K5CA4,40,100,2026-12-15,False,2024-09-12T00:00:00
8032,SUPERJJWRUA,5,300,2023-02-12,False,2024-12-14T00:00:00
8033,SALEDJC4MV,20,150,2024-06-05,False,2025-05-18T00:00:00
8034,OFF3Q75F8,30,200,2026-05-17,False,2025-06-30T00:00:00
8035,SALEKPONVM,15,100,2024-01-08,False,2025-06-27T00:00:00
8036,SALEXK11BE,5,300,2026-08-22,True,2023-04-03T00:00:00
8037,MEGAHN1QEQ,15,200,2023-03-29,False,2025-07-02T00:00:00
8038,DESC09LD0M,15,500,2026-05-28,False,2024-11-19T00:00:00
8039,MEGA6L8I71,5,200,2027-05-22,True,2025-08-18T00:00:00
8040,MEGA4YUHLK,30,500,2024-12-20,False,2024-06-16T00:00:00
8041,DESCJ09WM6,25,200,2023-09-27,False,2026-04-21T00:00:00
8042,SALEJEI70P,5,50,2025-04-27,False,2025-03-11T00:00:00
8043,SALE8SXIFR,40,50,2025-04-24,False,2025-12-14T00:00:00
8044,SAVEYS4Y5K,50,50,2027-07-28,True,2024-04-20T00:00:00
8045,DESCLP9NVY,15,200,2026-02-17,False,2025-02-28T00:00:00
8046,OFFJUBIKF,25,100,2026-01-10,False,2023-06-18T00:00:00
8047,DESCQ9D1VY,5,50,2023-06-10,False,2024-11-14T00:00:00
8048,SAVE15HON2,10,200,2024-01-24,False,2023-03-16T00:00:00
8049,DESCGE1SLU,5,150,2025-03-09,False,2023-02-27T00:00:00
8050,DESC1KYMM4,50,200,2026-08-18,True,2026-05-13T00:00:00
8051,SUPERQPIWCV,30,200,2027-07-03,True,2026-05-09T00:00:00
8052,TOPNXENVH,20,50,2025-10-03,False,2023-09-14T00:00:00
8053,SUPERICPZO6,15,50,2023-01-01,False,2025-05-08T00:00:00
8054,TOPWBTASR,5,500,2027-03-19,True,2025-10-13T00:00:00
8055,PROMOB4T5GO,10,50,2023-06-21,False,2025-08-06T00:00:00
8056,TOPEOR02F,25,500,2025-12-23,False,2023-01-01T00:00:00
8057,PROMOJJEHO2,25,150,2027-07-23,False,2025-11-27T00:00:00
8058,SAVEMAV5Q2,5,50,2023-01-02,False,2025-06-19T00:00:00
8059,SUPER33IFDN,5,200,2025-08-25,False,2023-03-26T00:00:00
8060,TOP4NFMET,30,100,2023-10-13,False,2023-01-07T00:00:00
8061,TOPL3W0B3,20,200,2026-05-30,False,2023-09-18T00:00:00
8062,PROMOG0SD93,15,200,2025-04-07,False,2024-06-23T00:00:00
8063,DESCCJBMAO,40,100,2025-02-19,False,2025-07-30T00:00:00
8064,DESC1P31QV,15,500,2025-04-17,False,2026-04-07T00:00:00
8065,OFF03AF0S,25,500,2027-08-08,True,2023-07-23T00:00:00
8066,OFFZAEEFR,40,500,2023-06-14,False,2023-03-27T00:00:00
8067,TOP97X1L3,15,300,2023-10-22,False,2023-04-28T00:00:00
8068,SUPERUSBFGG,10,100,2024-09-15,False,2024-10-27T00:00:00
8069,SAVE2OEE7Z,25,150,2025-09-02,False,2025-01-25T00:00:00
8070,OFFJPU33T,5,150,2025-08-30,False,2026-06-11T00:00:00
8071,DESC9AOCAP,5,200,2024-03-21,False,2024-07-07T00:00:00
8072,OFFYY0I1X,40,500,2025-09-25,False,2023-09-05T00:00:00
8073,MEGA1TKUUX,5,150,2026-07-26,True,2025-01-20T00:00:00
8074,SALERNUBOY,15,50,2023-02-03,False,2024-11-07T00:00:00
8075,TOPKSE2QV,15,150,2025-01-09,False,2024-11-23T00:00:00
8076,SUPERFTUS62,20,300,2025-09-04,False,2025-03-17T00:00:00
8077,DESCTR4ICI,15,300,2026-02-26,False,2026-02-18T00:00:00
8078,SUPERJ8G0FB,25,50,2026-06-07,False,2023-02-04T00:00:00
8079,TOPRVDHKN,15,150,2026-11-21,True,2025-11-27T00:00:00
8080,TOPH2HE4F,20,50,2027-10-20,True,2023-02-23T00:00:00
8081,DESCL04ZCV,10,200,2024-01-16,False,2025-09-19T00:00:00
8082,SUPERCBMXLS,30,150,2023-08-11,False,2024-11-15T00:00:00
8083,SAVEBS1VJU,10,300,2023-12-03,False,2023-02-23T00:00:00
8084,DESCL8JLXU,15,200,2026-09-30,True,2023-04-18T00:00:00
8085,OFFJMSGO0,5,150,2023-12-13,False,2026-05-27T00:00:00
8086,SUPERA6SR2Z,15,200,2026-10-21,True,2023-03-02T00:00:00
8087,SAVEYW4H0L,15,200,2024-03-24,False,2025-03-17T00:00:00
8088,DESCLS9ESO,50,50,2026-09-17,False,2023-10-06T00:00:00
8089,SALES4I5DX,40,50,2027-11-13,False,2026-02-20T00:00:00
8090,OFFRT49HW,50,200,2027-10-30,True,2026-06-09T00:00:00
8091,TOPTU8COD,50,300,2026-07-09,True,2024-01-15T00:00:00
8092,TOP2QFZ3Y,30,100,2025-02-11,False,2024-01-10T00:00:00
8093,SALEIMBWIG,50,300,2026-07-09,True,2024-02-26T00:00:00
8094,MEGARYXW66,5,200,2023-06-02,False,2026-03-22T00:00:00
8095,SUPERNLWUXT,25,50,2024-10-16,False,2024-04-28T00:00:00
8096,TOP5ZAQ65,5,100,2024-12-29,False,2025-07-28T00:00:00
8097,MEGAFDA7V6,30,500,2024-01-15,False,2026-03-13T00:00:00
8098,SAVEG8HC9A,50,150,2027-09-09,True,2023-11-06T00:00:00
8099,SUPERJ9FSJB,15,200,2023-12-08,False,2023-07-23T00:00:00
8100,PROMO84LOJG,5,500,2023-01-16,False,2023-11-30T00:00:00
8101,TOPZEI4ZT,5,300,2027-03-19,True,2026-01-19T00:00:00
8102,PROMONH7JZC,5,300,2023-07-10,False,2023-03-23T00:00:00
8103,OFFOV9MWF,5,150,2024-07-15,False,2026-03-14T00:00:00
8104,SALEJEJDGL,40,100,2023-03-06,False,2024-12-17T00:00:00
8105,SUPERDM4ZAF,20,100,2023-08-29,False,2024-12-28T00:00:00
8106,TOP7907O0,30,100,2027-11-20,False,2024-12-12T00:00:00
8107,PROMOVMDSQK,20,500,2024-12-13,False,2025-03-21T00:00:00
8108,PROMOSLK4H2,10,100,2026-07-01,True,2025-01-15T00:00:00
8109,PROMOR8AXQV,20,200,2027-11-22,False,2025-02-27T00:00:00
8110,DESCI988GR,50,150,2025-04-03,False,2024-05-13T00:00:00
8111,PROMOFA4LOK,25,500,2026-07-09,True,2024-04-18T00:00:00
8112,SUPER31312W,5,200,2027-04-08,True,2025-05-25T00:00:00
8113,OFFOFUPET,50,100,2024-11-03,False,2024-05-29T00:00:00
8114,DESC6F38LA,10,100,2023-06-26,False,2023-03-25T00:00:00
8115,SALEIXYMSQ,50,200,2023-07-09,False,2024-04-19T00:00:00
8116,SALEDEHWZM,20,500,2025-12-07,False,2023-10-31T00:00:00
8117,TOPI26TV3,30,300,2025-01-14,False,2024-09-12T00:00:00
8118,PROMON983OO,40,300,2026-07-07,True,2025-10-12T00:00:00
8119,SUPERFZE888,25,150,2023-08-07,False,2024-05-26T00:00:00
8120,TOPRT16A0,25,200,2027-07-18,True,2025-09-17T00:00:00
8121,SAVEKRRQ4J,15,300,2027-08-11,False,2023-02-21T00:00:00
8122,TOPFU94WD,30,300,2023-03-22,False,2024-11-05T00:00:00
8123,TOPRIRWNU,50,500,2025-03-10,False,2025-02-18T00:00:00
8124,SAVEV9NLXT,20,300,2027-07-04,False,2023-02-28T00:00:00
8125,OFFL8YDEC,15,150,2023-01-06,False,2025-03-23T00:00:00
8126,MEGAF2CFOD,30,200,2024-11-17,False,2024-04-02T00:00:00
8127,TOPJWIFIZ,30,200,2023-10-13,False,2024-10-30T00:00:00
8128,DESCCXS04D,50,150,2027-10-15,True,2024-03-11T00:00:00
8129,SAVEV83AJZ,20,500,2026-12-02,False,2025-03-07T00:00:00
8130,SUPERHEC9EP,5,200,2024-05-30,False,2025-03-15T00:00:00
8131,OFFWPE7TR,30,50,2026-01-14,False,2024-11-14T00:00:00
8132,SALEY0OXQY,10,200,2024-11-08,False,2023-03-11T00:00:00
8133,OFFXJ5QU9,30,200,2027-07-11,True,2024-05-31T00:00:00
8134,PROMORX7UVM,30,300,2023-07-13,False,2023-01-24T00:00:00
8135,MEGAZGNQUF,25,100,2027-12-30,True,2026-04-07T00:00:00
8136,TOPNTUGVV,20,500,2027-08-01,False,2024-10-26T00:00:00
8137,DESCW32DJL,40,300,2025-12-20,False,2025-03-07T00:00:00
8138,PROMO0RTNX3,15,100,2024-04-15,False,2024-12-19T00:00:00
8139,OFFA3SMSM,50,150,2023-01-01,False,2025-03-16T00:00:00
8140,OFF0YP3XT,10,50,2027-09-11,True,2026-05-28T00:00:00
8141,DESCW79WN8,50,300,2025-08-11,False,2025-05-05T00:00:00
8142,SUPERBIB09Q,50,150,2024-01-27,False,2026-01-04T00:00:00
8143,DESC7ABNSA,10,500,2027-07-05,True,2024-01-23T00:00:00
8144,DESCUG7SAG,10,200,2027-03-04,False,2026-01-24T00:00:00
8145,PROMOLTJCQJ,20,300,2027-10-17,True,2023-10-18T00:00:00
8146,SAVEK86BJL,25,100,2027-02-16,True,2026-01-09T00:00:00
8147,DESCB0WT30,5,200,2026-12-26,True,2025-12-03T00:00:00
8148,TOPQ8D5T4,50,200,2027-11-18,True,2024-01-03T00:00:00
8149,OFF6JNBI1,40,200,2027-10-16,True,2023-02-09T00:00:00
8150,SALEDJ85ZH,40,500,2023-05-24,False,2023-02-21T00:00:00
8151,TOP6B562S,25,300,2025-04-27,False,2024-10-11T00:00:00
8152,SUPERG8A58I,5,50,2023-09-13,False,2025-05-15T00:00:00
8153,TOPFKWMEI,10,100,2023-03-10,False,2023-02-19T00:00:00
8154,SUPEREMDH9J,50,200,2023-05-23,False,2024-02-07T00:00:00
8155,MEGAJNLULG,10,100,2023-09-25,False,2025-02-21T00:00:00
8156,DESCU45B1J,30,150,2024-04-20,False,2024-02-11T00:00:00
8157,MEGAALGLCG,20,200,2027-06-20,True,2025-04-24T00:00:00
8158,OFFDJS3UH,5,50,2027-06-25,True,2023-10-12T00:00:00
8159,SUPER9YONW3,5,150,2024-08-19,False,2026-04-08T00:00:00
8160,PROMOJS5F3G,40,200,2027-07-27,True,2024-11-28T00:00:00
8161,DESC28WBU3,50,300,2027-03-04,True,2025-10-12T00:00:00
8162,DESCI2M0UA,50,100,2024-07-11,False,2023-12-02T00:00:00
8163,MEGAL9OFS8,40,50,2026-10-31,False,2024-01-14T00:00:00
8164,DESCCU5CK9,5,150,2025-01-10,False,2024-11-04T00:00:00
8165,TOPTR2DH1,10,200,2025-05-31,False,2024-02-17T00:00:00
8166,PROMO7KV99M,40,100,2025-12-25,False,2025-08-06T00:00:00
8167,SUPERTSG557,10,100,2024-12-05,False,2025-12-28T00:00:00
8168,PROMO83OIWG,30,150,2023-04-21,False,2024-07-25T00:00:00
8169,TOPQ2CGEU,30,50,2027-02-06,True,2024-09-07T00:00:00
8170,OFFB3CS4I,10,50,2023-05-10,False,2025-07-23T00:00:00
8171,SAVEGXCF4I,50,200,2026-01-13,False,2023-08-17T00:00:00
8172,SUPER6A6BGE,50,100,2026-12-01,True,2023-09-30T00:00:00
8173,SALEVLE5UF,20,50,2025-07-27,False,2025-05-16T00:00:00
8174,TOP7HI5UC,20,200,2025-05-24,False,2023-11-25T00:00:00
8175,TOPISZU0P,30,200,2026-10-13,True,2025-01-04T00:00:00
8176,OFFRCCHJI,25,300,2024-09-12,False,2023-03-18T00:00:00
8177,SAVEESXPKG,10,500,2026-08-28,False,2025-07-19T00:00:00
8178,SUPERWH7VMF,15,500,2025-03-22,False,2025-05-28T00:00:00
8179,MEGAUH7MHX,30,50,2023-12-02,False,2025-02-21T00:00:00
8180,DESC3F9LR4,30,500,2025-03-03,False,2024-07-21T00:00:00
8181,OFF352FDW,20,100,2025-12-12,False,2023-03-14T00:00:00
8182,TOPFCWR3C,15,300,2025-06-08,False,2023-03-04T00:00:00
8183,SALEAD3E96,10,300,2025-07-06,False,2024-05-15T00:00:00
8184,SAVEPCY2BZ,15,200,2023-09-23,False,2024-09-19T00:00:00
8185,SALE22XORI,30,200,2026-03-16,False,2024-11-06T00:00:00
8186,SALEW86GB0,15,150,2023-05-30,False,2023-10-15T00:00:00
8187,DESCXP4Y2G,50,500,2025-08-21,False,2025-04-15T00:00:00
8188,SALENH574B,20,500,2027-12-07,True,2026-05-25T00:00:00
8189,SAVEQDM1LN,25,150,2023-02-01,False,2024-04-19T00:00:00
8190,TOPX2WUZQ,40,50,2024-04-01,False,2026-05-13T00:00:00
8191,PROMO7BM25U,20,50,2024-12-20,False,2024-05-12T00:00:00
8192,SALE3WZDKL,40,50,2026-09-30,True,2024-06-24T00:00:00
8193,TOPD3PHGZ,5,300,2027-05-03,True,2023-04-28T00:00:00
8194,OFFHTMSUZ,30,150,2027-04-07,True,2025-08-28T00:00:00
8195,SUPERF3590W,10,150,2026-06-20,True,2025-06-27T00:00:00
8196,SUPERDOJSJ4,10,100,2026-10-28,False,2024-11-28T00:00:00
8197,DESCPTOI1A,10,50,2027-12-04,True,2025-10-25T00:00:00
8198,SALE11N6VR,50,500,2023-05-07,False,2024-07-05T00:00:00
8199,TOP1DAVJ2,50,100,2025-03-15,False,2025-01-12T00:00:00
8200,SALEFHPWTX,10,50,2025-04-25,False,2024-04-09T00:00:00
8201,SAVE688Y9F,15,300,2023-11-11,False,2025-07-19T00:00:00
8202,OFFO5RR7B,5,200,2024-12-03,False,2023-11-21T00:00:00
8203,SUPERSMGSZ4,30,500,2023-03-15,False,2024-12-15T00:00:00
8204,MEGAH2KYC0,20,50,2027-07-20,False,2026-05-18T00:00:00
8205,OFFTGQ2HA,50,150,2026-10-05,True,2026-01-06T00:00:00
8206,OFFD7FC1C,25,200,2024-08-28,False,2025-09-22T00:00:00
8207,SAVEYWLUUQ,15,500,2027-02-16,True,2026-05-07T00:00:00
8208,SAVEXJJVMX,30,300,2024-11-03,False,2024-04-09T00:00:00
8209,OFFFM83CF,5,50,2024-08-30,False,2025-05-18T00:00:00
8210,DESCTPK10B,20,100,2025-07-10,False,2026-03-23T00:00:00
8211,OFFLGQ6FJ,25,500,2024-04-01,False,2023-08-06T00:00:00
8212,DESC9YDUI6,30,500,2024-03-24,False,2023-11-05T00:00:00
8213,SAVEZGXUHM,5,200,2026-11-17,True,2024-08-17T00:00:00
8214,DESCVQUO55,40,200,2023-06-05,False,2025-11-15T00:00:00
8215,TOPOZJE1B,40,100,2024-05-22,False,2026-02-06T00:00:00
8216,SUPER8A8UZL,15,50,2023-02-01,False,2024-06-01T00:00:00
8217,OFFPZE5OU,40,50,2023-01-05,False,2026-03-13T00:00:00
8218,SUPERXKMGU8,15,50,2024-12-03,False,2026-06-07T00:00:00
8219,SUPERC9LJDZ,5,50,2027-10-26,False,2025-03-20T00:00:00
8220,SAVE3NJTZA,25,500,2025-12-01,False,2023-08-14T00:00:00
8221,OFF5MSDLS,30,50,2025-10-25,False,2024-11-27T00:00:00
8222,DESC72OXVI,5,100,2027-04-05,True,2023-09-25T00:00:00
8223,TOPH6AJET,40,200,2024-12-14,False,2024-02-22T00:00:00
8224,DESC4NZXFD,40,50,2024-11-25,False,2025-01-23T00:00:00
8225,SALE8NTI5N,30,500,2025-04-08,False,2024-12-04T00:00:00
8226,OFFQCZWD9,30,150,2023-03-10,False,2024-09-28T00:00:00
8227,SAVEE1PMRM,20,300,2024-08-19,False,2023-11-01T00:00:00
8228,TOPQL1OYD,15,300,2025-11-01,False,2026-05-06T00:00:00
8229,PROMOULUER1,40,50,2027-11-18,True,2023-01-25T00:00:00
8230,SALEEVJQKK,20,100,2025-07-06,False,2025-12-15T00:00:00
8231,SAVEDKIPFF,25,200,2023-09-23,False,2025-12-11T00:00:00
8232,TOPF5N66K,25,100,2024-07-23,False,2023-01-25T00:00:00
8233,PROMOKPEG8Z,15,150,2025-08-30,False,2025-03-19T00:00:00
8234,PROMOHUJ8SK,50,50,2023-01-31,False,2024-06-18T00:00:00
8235,PROMOORLNQL,50,100,2026-01-26,False,2026-04-05T00:00:00
8236,DESCT2B5GO,20,100,2027-12-28,False,2024-11-29T00:00:00
8237,PROMOLH3ZWR,15,50,2026-07-21,False,2026-05-01T00:00:00
8238,MEGAMVGPKJ,30,50,2025-04-08,False,2025-04-30T00:00:00
8239,DESCDS4BN3,40,150,2023-02-18,False,2023-03-02T00:00:00
8240,TOPCAGLI3,50,150,2024-09-15,False,2025-07-25T00:00:00
8241,SALE9G6LXD,50,50,2026-07-16,True,2023-02-03T00:00:00
8242,TOPVT74B7,20,500,2027-05-27,True,2024-09-18T00:00:00
8243,DESCH0DPT2,40,300,2025-09-29,False,2023-12-06T00:00:00
8244,TOPQ1389X,15,50,2023-04-01,False,2026-06-11T00:00:00
8245,OFF8X3C2D,40,300,2024-04-07,False,2023-06-21T00:00:00
8246,TOPMODGGL,50,300,2026-10-01,False,2023-07-17T00:00:00
8247,SALEZO5SP2,5,50,2027-05-21,True,2023-03-06T00:00:00
8248,TOPBP1WXJ,5,200,2027-04-23,False,2025-11-14T00:00:00
8249,DESCGY5I23,20,100,2024-02-19,False,2026-01-08T00:00:00
8250,SAVEYYBLFR,25,150,2026-04-04,False,2024-07-25T00:00:00
8251,SAVEE4AHBG,30,100,2023-04-06,False,2024-01-08T00:00:00
8252,SAVEEDIXWN,25,50,2026-06-16,False,2024-10-29T00:00:00
8253,OFFXUBA6V,25,500,2025-11-16,False,2026-03-07T00:00:00
8254,DESCZ601OJ,40,200,2025-10-05,False,2025-10-16T00:00:00
8255,PROMOR9H58C,10,100,2027-10-16,True,2025-04-05T00:00:00
8256,PROMO2DX30Q,5,300,2025-09-05,False,2025-01-06T00:00:00
8257,DESC94A1QT,30,500,2025-11-19,False,2024-12-01T00:00:00
8258,MEGA61NNPO,50,200,2026-06-13,True,2025-05-05T00:00:00
8259,SAVECNPAD5,20,500,2025-12-29,False,2025-02-09T00:00:00
8260,MEGAVN3I7B,15,300,2027-09-18,True,2023-12-16T00:00:00
8261,DESC67AF8E,25,150,2027-05-19,False,2026-06-02T00:00:00
8262,TOPCN6Q25,15,100,2024-05-26,False,2025-07-15T00:00:00
8263,PROMO4HNKW2,20,500,2023-02-17,False,2025-04-14T00:00:00
8264,TOP8ZU5R4,15,150,2027-10-19,False,2025-10-24T00:00:00
8265,TOPGC402B,50,300,2025-06-30,False,2024-11-12T00:00:00
8266,OFFZHGJYS,30,500,2024-10-29,False,2024-02-05T00:00:00
8267,TOPEN6DC9,5,150,2026-08-15,True,2023-11-12T00:00:00
8268,MEGA2RJU3E,10,100,2027-07-07,True,2026-06-08T00:00:00
8269,OFFY8QJ1Z,5,50,2025-12-27,False,2023-09-19T00:00:00
8270,MEGAOXF6UL,40,100,2026-10-11,True,2023-01-18T00:00:00
8271,TOPNRBOS4,20,300,2027-03-16,True,2023-11-15T00:00:00
8272,OFFK27J0Y,40,50,2024-12-04,False,2024-08-04T00:00:00
8273,OFFRVZSWU,5,200,2023-07-15,False,2025-08-26T00:00:00
8274,SAVE0XODO6,15,200,2025-12-31,False,2026-04-01T00:00:00
8275,DESCOYFC5D,25,500,2023-08-29,False,2024-06-12T00:00:00
8276,SAVEKTYD1R,15,100,2023-03-03,False,2024-09-05T00:00:00
8277,SALEIGVO1U,40,300,2026-06-10,False,2024-03-31T00:00:00
8278,MEGA1XT04R,30,150,2025-07-15,False,2024-02-01T00:00:00
8279,OFF72JBWI,10,50,2024-07-17,False,2025-04-02T00:00:00
8280,SAVETCVNHT,30,500,2026-04-16,False,2023-08-01T00:00:00
8281,SAVEI1O655,15,500,2024-03-03,False,2026-02-24T00:00:00
8282,DESCDKY0N2,15,300,2027-12-02,True,2026-06-04T00:00:00
8283,SALEIL3TNE,10,100,2027-06-18,False,2026-05-05T00:00:00
8284,SAVEH03MYT,40,100,2025-07-29,False,2025-08-06T00:00:00
8285,TOPMBO4RQ,30,500,2026-10-27,True,2025-10-23T00:00:00
8286,MEGAP965VQ,5,500,2026-03-31,False,2023-01-15T00:00:00
8287,TOP8LE9A5,25,200,2023-11-29,False,2026-02-06T00:00:00
8288,DESCM9C5OO,50,300,2027-12-29,True,2025-01-19T00:00:00
8289,TOPXDLM8Y,40,200,2027-06-21,False,2026-04-06T00:00:00
8290,OFFIWY10F,40,300,2026-04-13,False,2023-06-06T00:00:00
8291,MEGA7AWFFT,40,150,2026-09-29,False,2024-09-14T00:00:00
8292,OFFMMPA1O,25,100,2027-12-14,True,2026-04-15T00:00:00
8293,TOPM4QI87,40,150,2027-07-22,True,2025-09-16T00:00:00
8294,MEGATFCOZA,10,150,2027-11-30,False,2023-01-23T00:00:00
8295,TOPHO7W3L,25,150,2024-12-31,False,2026-02-16T00:00:00
8296,PROMOL5HIU1,15,50,2026-08-10,False,2025-02-27T00:00:00
8297,OFFCL27NA,30,300,2024-05-27,False,2024-12-16T00:00:00
8298,PROMOLCCWMQ,30,100,2027-12-14,True,2023-05-14T00:00:00
8299,SALEXSYVAF,10,200,2024-01-28,False,2023-05-03T00:00:00
8300,TOPU1KF1Z,30,150,2023-12-22,False,2023-06-23T00:00:00
8301,MEGA9FZ9VW,25,50,2023-04-11,False,2026-05-05T00:00:00
8302,DESCJW4MQY,10,500,2026-11-27,False,2024-09-12T00:00:00
8303,DESCBJR87P,10,300,2026-09-18,True,2024-11-21T00:00:00
8304,SALE4CEC0U,10,100,2027-02-07,True,2026-04-11T00:00:00
8305,MEGAAYNYK0,25,300,2027-09-26,True,2025-10-21T00:00:00
8306,SAVEH8BALW,50,50,2026-06-25,True,2023-09-20T00:00:00
8307,DESCUR0WKJ,40,200,2027-11-03,True,2026-04-04T00:00:00
8308,OFF39KCGV,20,500,2023-07-23,False,2024-04-09T00:00:00
8309,SUPER2JR194,10,500,2023-04-18,False,2025-11-05T00:00:00
8310,SAVEZJYFBZ,30,100,2026-02-04,False,2025-07-28T00:00:00
8311,OFF3T2H39,10,50,2024-07-07,False,2023-07-26T00:00:00
8312,SUPERIISMLF,50,300,2027-10-25,False,2024-01-24T00:00:00
8313,TOP4EP0ZZ,10,200,2026-09-23,True,2023-08-17T00:00:00
8314,DESCCLV6J0,50,500,2026-03-23,False,2023-07-30T00:00:00
8315,TOPJWROHC,30,500,2024-02-20,False,2024-01-02T00:00:00
8316,PROMOMH49LW,50,200,2026-05-22,False,2024-05-16T00:00:00
8317,PROMO4EGF66,5,50,2024-06-29,False,2025-04-06T00:00:00
8318,SUPER13TZPO,5,100,2026-04-04,False,2023-03-06T00:00:00
8319,SALE82UKK9,40,200,2026-06-24,False,2024-03-23T00:00:00
8320,OFFCG9EXA,30,50,2023-09-23,False,2026-05-22T00:00:00
8321,SUPERIKBAKX,40,500,2025-10-21,False,2026-04-08T00:00:00
8322,MEGA5GAJRA,50,100,2025-11-04,False,2026-04-18T00:00:00
8323,MEGAVIKZ5O,40,150,2024-01-29,False,2025-03-06T00:00:00
8324,PROMOA5ZNH1,25,200,2027-05-16,False,2025-12-06T00:00:00
8325,SALEU44UGA,20,100,2026-01-28,False,2024-05-12T00:00:00
8326,TOPI0TOK7,40,500,2025-07-10,False,2026-03-12T00:00:00
8327,MEGAB9F8RY,5,300,2023-07-22,False,2026-05-19T00:00:00
8328,MEGAAEWECK,30,200,2024-09-03,False,2024-08-01T00:00:00
8329,TOP0DIJPB,20,300,2024-08-10,False,2023-06-27T00:00:00
8330,PROMOD93SCL,5,300,2025-01-14,False,2023-12-29T00:00:00
8331,OFFCI016U,50,100,2025-04-12,False,2023-09-17T00:00:00
8332,SALE69O9J8,15,500,2025-11-08,False,2023-06-06T00:00:00
8333,PROMOWBNX36,50,500,2024-12-03,False,2026-03-07T00:00:00
8334,DESCT2YBYI,20,50,2027-12-09,False,2024-04-02T00:00:00
8335,SALEO7DJWU,15,50,2025-10-21,False,2026-05-21T00:00:00
8336,SALEMZMD60,10,50,2026-01-04,False,2025-04-26T00:00:00
8337,OFFM281B4,20,300,2023-08-23,False,2023-05-02T00:00:00
8338,PROMO9K7X5E,50,50,2025-11-07,False,2023-06-18T00:00:00
8339,TOP09QD55,30,100,2027-07-27,False,2023-03-12T00:00:00
8340,DESCSMS5A4,25,50,2024-03-05,False,2023-03-07T00:00:00
8341,SALEJFK5UW,20,500,2027-10-15,False,2025-07-07T00:00:00
8342,OFF5QGWRZ,40,150,2024-03-04,False,2025-09-21T00:00:00
8343,SUPERJECTGK,40,100,2023-08-03,False,2024-01-28T00:00:00
8344,SUPER1ZKR4C,10,50,2025-08-02,False,2026-05-19T00:00:00
8345,SALEMTK5RC,20,300,2025-08-07,False,2025-05-29T00:00:00
8346,SALESKP18X,20,150,2027-03-10,True,2025-08-15T00:00:00
8347,PROMO6BR3W8,30,50,2024-05-02,False,2024-12-17T00:00:00
8348,MEGA5QS8NR,30,500,2027-03-23,False,2024-07-15T00:00:00
8349,SALE3LZIU3,30,50,2027-08-01,False,2026-05-21T00:00:00
8350,SUPERJU708L,15,300,2027-04-07,False,2024-08-16T00:00:00
8351,PROMOQHSMMQ,40,150,2024-04-27,False,2023-05-20T00:00:00
8352,PROMOADFGK4,25,50,2023-05-08,False,2024-01-15T00:00:00
8353,SUPER0Q13JE,10,100,2024-06-30,False,2025-09-11T00:00:00
8354,SUPERN28EQD,5,100,2027-01-16,True,2026-04-15T00:00:00
8355,TOPNL9X8R,20,500,2025-11-17,False,2025-12-08T00:00:00
8356,PROMOVFLT20,30,100,2027-11-29,True,2023-08-30T00:00:00
8357,SALEDBXY7F,30,200,2023-03-05,False,2023-07-12T00:00:00
8358,SAVETZNCDU,40,300,2027-04-28,True,2024-11-02T00:00:00
8359,MEGA6G8OIJ,50,100,2026-11-30,True,2024-01-14T00:00:00
8360,SAVEQ70H3C,40,500,2023-10-23,False,2024-02-21T00:00:00
8361,SAVEA08XYO,50,150,2023-09-11,False,2024-05-26T00:00:00
8362,SUPER1WR515,25,300,2025-01-20,False,2023-05-14T00:00:00
8363,MEGACUXR1I,30,300,2023-10-02,False,2025-09-13T00:00:00
8364,SALE34ZZQT,30,100,2026-11-08,False,2023-03-28T00:00:00
8365,OFFH4I511,10,200,2023-05-31,False,2023-05-01T00:00:00
8366,OFFH6IPYU,20,300,2027-11-12,True,2026-05-06T00:00:00
8367,SAVEM3SJ73,10,50,2023-09-27,False,2023-08-06T00:00:00
8368,DESCTTOYMK,5,100,2023-03-25,False,2023-05-24T00:00:00
8369,SUPERDIW2WI,30,150,2026-06-15,True,2026-04-10T00:00:00
8370,PROMOLD3SD4,10,200,2024-09-30,False,2025-09-06T00:00:00
8371,SUPERRYQ37K,50,150,2027-02-12,True,2024-11-07T00:00:00
8372,DESCAMHD59,30,150,2024-01-01,False,2024-01-03T00:00:00
8373,SAVEKX42SZ,20,500,2025-06-09,False,2024-06-12T00:00:00
8374,MEGAXXSY9A,50,150,2024-12-29,False,2023-09-12T00:00:00
8375,SALE20EH1W,10,150,2023-10-24,False,2024-05-11T00:00:00
8376,SAVE8LPFUK,20,50,2026-12-26,True,2024-11-25T00:00:00
8377,TOPSWSLCL,30,500,2027-09-15,True,2023-05-19T00:00:00
8378,SAVEMCB3CQ,25,150,2025-03-16,False,2023-08-30T00:00:00
8379,SALEZZUN87,40,200,2025-01-18,False,2025-08-05T00:00:00
8380,MEGAJYS95D,25,50,2025-11-20,False,2025-04-30T00:00:00
8381,SAVEOWZKJC,30,150,2026-04-06,False,2023-05-02T00:00:00
8382,TOPPUYAJ3,20,500,2027-08-07,True,2025-05-28T00:00:00
8383,OFF73TMY2,5,150,2023-04-23,False,2025-03-19T00:00:00
8384,TOPIMM8OU,20,300,2025-12-12,False,2025-12-26T00:00:00
8385,OFFDZBYX9,20,200,2027-07-07,False,2025-05-25T00:00:00
8386,PROMOG03M6U,25,50,2023-05-22,False,2023-09-06T00:00:00
8387,SUPERGJQBSY,15,50,2025-12-06,False,2025-05-11T00:00:00
8388,SAVE1LDEDZ,25,150,2026-03-04,False,2024-09-20T00:00:00
8389,SAVE4ZC7AL,20,150,2023-06-25,False,2025-05-09T00:00:00
8390,SUPERNPMCK0,40,150,2027-01-22,False,2026-03-31T00:00:00
8391,PROMOYQA2PH,30,100,2024-12-08,False,2023-01-05T00:00:00
8392,OFFR1BT3L,20,300,2025-12-20,False,2026-04-14T00:00:00
8393,OFFD8N96O,20,50,2024-07-08,False,2024-02-04T00:00:00
8394,SAVE0ZB1NM,25,50,2023-10-13,False,2026-04-29T00:00:00
8395,SAVEBVB3OL,20,500,2024-12-22,False,2025-12-04T00:00:00
8396,TOPGPI4Q7,20,150,2026-02-19,False,2024-08-31T00:00:00
8397,MEGA10G97M,25,150,2023-10-07,False,2025-06-14T00:00:00
8398,TOPOLDDUC,50,50,2024-03-13,False,2025-06-11T00:00:00
8399,SUPERKRFE49,50,150,2024-04-01,False,2026-02-19T00:00:00
8400,SUPERGO6HUC,10,150,2023-08-28,False,2024-10-09T00:00:00
8401,SUPERKI7ZBB,5,50,2026-02-28,False,2023-03-27T00:00:00
8402,MEGA5HCE5S,30,200,2024-01-15,False,2025-08-23T00:00:00
8403,DESC9LFZW4,25,150,2026-01-27,False,2024-06-18T00:00:00
8404,SAVEXLOMZE,10,150,2026-06-29,False,2025-06-03T00:00:00
8405,SAVEOL311X,40,500,2024-01-14,False,2023-12-22T00:00:00
8406,SUPERI2CLKE,40,100,2026-12-17,True,2025-10-08T00:00:00
8407,DESC2O999V,15,150,2024-10-14,False,2023-10-21T00:00:00
8408,SUPEROCBFKW,10,50,2023-06-10,False,2025-12-01T00:00:00
8409,TOPK5JIUF,40,300,2024-02-16,False,2025-04-17T00:00:00
8410,OFFBGB1NG,50,100,2024-04-16,False,2025-02-13T00:00:00
8411,SAVE5AKHM8,50,50,2025-03-07,False,2023-05-19T00:00:00
8412,SAVEFYUFM4,40,50,2027-07-13,False,2024-07-16T00:00:00
8413,TOPWRR5D7,40,200,2024-12-10,False,2025-08-31T00:00:00
8414,DESCY7P58B,5,100,2025-11-25,False,2025-02-05T00:00:00
8415,SAVE8QQRPU,40,100,2027-08-10,False,2023-01-01T00:00:00
8416,SUPERIBXOVZ,40,100,2026-10-30,True,2024-06-21T00:00:00
8417,PROMOX4NUCH,20,500,2023-03-30,False,2025-08-10T00:00:00
8418,MEGA627LIO,15,200,2025-01-29,False,2023-11-20T00:00:00
8419,SAVEM843D0,20,300,2023-10-02,False,2026-01-07T00:00:00
8420,OFF8P22WA,20,150,2025-05-20,False,2023-05-25T00:00:00
8421,MEGA5E23QS,30,100,2023-03-31,False,2024-07-31T00:00:00
8422,SALENA9S0B,30,500,2023-05-01,False,2025-06-29T00:00:00
8423,DESCH1OKAV,20,100,2025-05-18,False,2024-08-25T00:00:00
8424,MEGAVF0RYA,10,150,2027-10-20,False,2024-05-11T00:00:00
8425,SALE4DSITZ,20,150,2024-01-16,False,2026-01-28T00:00:00
8426,PROMOZGSMHB,25,300,2024-02-25,False,2024-07-24T00:00:00
8427,MEGANN41MF,10,50,2025-11-30,False,2025-06-23T00:00:00
8428,SALEVVBVJJ,15,200,2024-02-22,False,2025-09-26T00:00:00
8429,OFFOJRTZ9,15,100,2027-07-17,True,2026-04-03T00:00:00
8430,SUPERSGS7UA,20,200,2026-09-05,True,2024-12-04T00:00:00
8431,TOPGW6UJO,20,50,2026-10-14,False,2024-01-12T00:00:00
8432,SAVEAFU5TH,5,150,2025-10-26,False,2023-05-14T00:00:00
8433,OFFP1NPO1,30,50,2023-06-01,False,2023-08-23T00:00:00
8434,DESCJW337C,30,150,2027-01-31,True,2024-02-15T00:00:00
8435,SALEH4WGPC,30,200,2025-10-28,False,2023-06-13T00:00:00
8436,DESCOXJGXW,10,50,2027-05-06,True,2023-12-17T00:00:00
8437,DESCKWJ197,15,300,2025-11-29,False,2024-12-08T00:00:00
8438,SUPERN2ET33,30,300,2024-04-16,False,2023-09-17T00:00:00
8439,SUPERE23NCO,50,100,2026-07-11,False,2024-04-17T00:00:00
8440,MEGA4D0Z1B,25,200,2023-08-13,False,2023-07-25T00:00:00
8441,TOP7RS5YS,5,100,2024-01-19,False,2025-02-24T00:00:00
8442,PROMO2J3N91,20,150,2023-08-16,False,2025-01-08T00:00:00
8443,SUPER41CFA3,50,200,2025-10-25,False,2023-12-01T00:00:00
8444,TOPB35H71,40,300,2023-05-04,False,2023-11-21T00:00:00
8445,PROMO8X4DIM,15,50,2027-02-12,False,2026-02-10T00:00:00
8446,DESC2LZABH,15,200,2027-04-08,False,2024-05-03T00:00:00
8447,MEGA901CNI,25,50,2024-11-13,False,2023-07-21T00:00:00
8448,SUPERRFCF4L,5,150,2023-10-15,False,2024-03-15T00:00:00
8449,TOP95Q18X,10,150,2027-05-16,True,2024-09-30T00:00:00
8450,OFFPB2MDG,15,300,2026-09-18,True,2023-06-28T00:00:00
8451,SUPEROTPKAE,30,300,2023-10-27,False,2023-03-14T00:00:00
8452,MEGA3GZ2C6,20,150,2025-01-30,False,2025-12-23T00:00:00
8453,MEGAK91VQS,30,100,2025-09-28,False,2025-04-13T00:00:00
8454,TOP47BFV8,25,100,2023-08-30,False,2023-06-10T00:00:00
8455,SUPERUSJFDX,50,50,2023-02-18,False,2024-02-23T00:00:00
8456,SUPERKW147A,15,300,2024-10-20,False,2024-01-19T00:00:00
8457,MEGALZS6UT,50,50,2024-11-23,False,2024-10-16T00:00:00
8458,OFFPKOAZ5,15,150,2026-05-21,False,2025-06-08T00:00:00
8459,DESC8MBGNE,40,150,2023-12-25,False,2023-10-24T00:00:00
8460,DESC1NDZDZ,5,300,2024-09-22,False,2023-04-17T00:00:00
8461,SUPERARJBF4,25,200,2025-01-25,False,2024-07-31T00:00:00
8462,PROMODKUE6N,10,100,2025-04-08,False,2024-06-05T00:00:00
8463,SUPERB3J2I7,20,200,2025-01-03,False,2025-11-18T00:00:00
8464,OFFUCLZZE,30,500,2027-03-07,False,2026-04-20T00:00:00
8465,MEGALRE7VJ,50,300,2026-10-08,False,2023-02-08T00:00:00
8466,SAVEHWS5FM,5,500,2023-07-21,False,2026-03-12T00:00:00
8467,DESC8LTI2B,50,200,2026-08-15,True,2024-09-08T00:00:00
8468,TOPFVOHR2,50,150,2026-07-22,True,2023-06-01T00:00:00
8469,SUPERSQUNNL,25,100,2026-01-27,False,2024-06-21T00:00:00
8470,DESCT6Z1EQ,10,100,2025-03-11,False,2023-03-24T00:00:00
8471,TOPRKR8XH,20,500,2027-10-17,False,2024-06-17T00:00:00
8472,SALE5YX17A,15,300,2023-09-05,False,2026-06-07T00:00:00
8473,PROMOMBO3VE,25,100,2025-01-03,False,2025-12-01T00:00:00
8474,DESCY7Q8IX,5,100,2024-09-12,False,2025-10-12T00:00:00
8475,OFFMAFTB5,40,150,2025-03-14,False,2024-05-15T00:00:00
8476,DESCLORYXM,25,100,2027-09-10,False,2024-11-02T00:00:00
8477,OFF4ITWPC,5,50,2027-06-15,False,2023-01-13T00:00:00
8478,DESCHTI4VI,15,150,2024-08-25,False,2023-02-10T00:00:00
8479,PROMONBS9SE,30,150,2025-12-03,False,2025-07-26T00:00:00
8480,OFF4BK66H,25,100,2026-10-02,False,2024-01-01T00:00:00
8481,SUPER5NYB2Y,30,300,2027-06-26,True,2025-12-12T00:00:00
8482,SAVERN1OVJ,5,100,2024-01-24,False,2024-04-05T00:00:00
8483,TOPNP66SE,15,50,2027-04-26,True,2025-12-20T00:00:00
8484,DESCWEY3E4,40,200,2024-09-19,False,2026-05-30T00:00:00
8485,TOP969NWO,25,150,2026-05-25,False,2025-02-13T00:00:00
8486,SUPERTFXPRB,5,300,2026-04-01,False,2024-11-15T00:00:00
8487,TOPWTSPX3,15,50,2025-01-19,False,2025-07-07T00:00:00
8488,DESCRR1DUC,20,200,2023-03-25,False,2023-11-06T00:00:00
8489,SAVETDK431,15,300,2023-12-06,False,2023-08-01T00:00:00
8490,SAVEDXYGF1,10,150,2027-01-29,False,2023-08-05T00:00:00
8491,OFFUTT3KE,50,500,2023-01-15,False,2024-02-22T00:00:00
8492,DESCGQJZ6D,40,50,2023-11-29,False,2023-02-01T00:00:00
8493,TOPWW121Y,15,300,2024-03-23,False,2026-02-10T00:00:00
8494,DESC848H18,25,300,2026-04-19,False,2023-09-25T00:00:00
8495,TOPXLV28I,10,150,2026-08-07,True,2024-05-29T00:00:00
8496,MEGAK2UYJT,15,200,2023-11-03,False,2023-06-22T00:00:00
8497,SALEWH60VS,50,100,2027-08-08,True,2024-02-18T00:00:00
8498,SALE985UE8,15,300,2024-07-30,False,2023-01-25T00:00:00
8499,TOPC8C3HH,5,500,2023-09-14,False,2026-02-17T00:00:00
8500,DESC4XVMRN,25,150,2023-02-21,False,2025-06-01T00:00:00
8501,DESC7D5EAY,15,200,2024-03-24,False,2023-02-15T00:00:00
8502,SALETBNL4W,50,500,2024-05-13,False,2023-09-06T00:00:00
8503,TOPSLBDT9,40,200,2024-02-25,False,2025-04-29T00:00:00
8504,OFF5CSO3L,50,200,2024-01-18,False,2023-12-21T00:00:00
8505,SAVE1N7X13,50,150,2025-05-30,False,2024-03-14T00:00:00
8506,MEGA81TTD0,15,150,2023-03-18,False,2026-06-08T00:00:00
8507,DESCU72ZI3,50,100,2027-09-29,True,2023-10-11T00:00:00
8508,SALE9FC2O1,20,200,2023-05-05,False,2025-11-03T00:00:00
8509,TOP3WSD7G,50,50,2024-08-17,False,2026-05-15T00:00:00
8510,OFF5SH53C,10,150,2024-07-31,False,2023-03-25T00:00:00
8511,SALEYP0VMS,30,100,2023-04-29,False,2024-10-07T00:00:00
8512,SUPERJIREL7,10,100,2025-04-29,False,2023-11-08T00:00:00
8513,PROMO41F73Q,20,200,2024-10-16,False,2026-04-22T00:00:00
8514,DESCFOE3P8,15,200,2027-04-11,True,2025-08-06T00:00:00
8515,MEGAR50AMU,40,150,2024-08-06,False,2024-01-19T00:00:00
8516,MEGATVJ2X5,25,300,2024-12-24,False,2023-05-12T00:00:00
8517,PROMOJRY2PC,50,150,2024-11-24,False,2026-06-04T00:00:00
8518,SAVEUMQRF5,30,300,2027-08-04,True,2023-11-12T00:00:00
8519,MEGA77OQ5G,25,50,2024-06-18,False,2023-08-07T00:00:00
8520,SAVEUYGB04,5,50,2024-07-02,False,2025-03-18T00:00:00
8521,OFFGC280A,5,150,2026-04-27,False,2025-05-08T00:00:00
8522,MEGA4YM8Y8,10,50,2027-11-17,True,2024-06-15T00:00:00
8523,MEGAQDPX2N,25,150,2024-06-02,False,2023-06-15T00:00:00
8524,MEGAG6CW57,20,200,2026-05-13,False,2024-12-10T00:00:00
8525,TOP5VXYQX,10,300,2027-11-10,False,2025-05-23T00:00:00
8526,SAVEQZGS74,40,500,2025-01-02,False,2025-12-03T00:00:00
8527,PROMOPFLQ65,10,100,2024-10-23,False,2025-06-09T00:00:00
8528,MEGAC2P4PH,20,200,2026-05-14,False,2024-01-28T00:00:00
8529,SUPER0TP1J1,30,100,2025-11-19,False,2024-12-06T00:00:00
8530,DESCGPPGZW,20,200,2026-11-11,False,2024-06-14T00:00:00
8531,SUPEROIWAB2,40,100,2023-04-07,False,2024-10-20T00:00:00
8532,MEGA8RE1H7,50,500,2025-04-14,False,2025-01-22T00:00:00
8533,MEGA3T2UU1,40,500,2026-04-24,False,2024-03-01T00:00:00
8534,PROMOXJM7FN,5,500,2025-01-26,False,2024-07-15T00:00:00
8535,OFFZN91GN,25,300,2026-11-02,False,2026-05-07T00:00:00
8536,DESCSYUOZJ,25,150,2024-12-16,False,2024-02-11T00:00:00
8537,SALEVQYPIN,10,50,2027-04-19,True,2023-01-04T00:00:00
8538,SUPERB3NQI1,10,150,2024-03-06,False,2025-07-20T00:00:00
8539,OFF91613Z,15,500,2024-08-04,False,2023-09-30T00:00:00
8540,SALEKWIFE2,30,500,2026-03-09,False,2026-02-21T00:00:00
8541,SAVEDY6YF1,15,200,2023-07-24,False,2025-02-04T00:00:00
8542,PROMOR7E9AQ,25,200,2027-01-15,False,2026-05-16T00:00:00
8543,SUPER55QDS2,20,100,2026-08-05,True,2023-09-09T00:00:00
8544,SALEADFU9M,50,200,2027-07-24,True,2026-02-06T00:00:00
8545,SALENUNBQN,40,50,2027-10-21,True,2023-02-08T00:00:00
8546,SUPER286PR2,20,300,2023-10-26,False,2023-09-29T00:00:00
8547,DESCOL3ZRR,50,300,2026-05-23,False,2024-02-17T00:00:00
8548,TOPP39KLU,20,100,2024-05-23,False,2023-11-20T00:00:00
8549,SAVETECW68,25,150,2026-03-01,False,2023-05-22T00:00:00
8550,SAVEWMQSDT,30,200,2026-09-02,False,2025-08-11T00:00:00
8551,TOPEI86H9,25,100,2027-04-04,False,2024-02-16T00:00:00
8552,SUPERIWZO98,30,300,2024-12-18,False,2024-07-04T00:00:00
8553,PROMOMLXNYO,10,100,2026-10-16,True,2024-01-01T00:00:00
8554,TOPP0950L,40,300,2027-08-09,True,2024-07-07T00:00:00
8555,OFFJ1FLZ4,30,500,2026-07-07,True,2025-06-23T00:00:00
8556,MEGA8DPKYE,40,100,2025-03-01,False,2023-09-24T00:00:00
8557,SUPER6SJI3Y,50,150,2024-08-05,False,2026-04-02T00:00:00
8558,TOP1OD4XB,30,500,2025-09-19,False,2025-03-26T00:00:00
8559,DESCWU9OWY,40,150,2026-01-07,False,2024-07-16T00:00:00
8560,MEGAKKDOJE,30,150,2026-10-31,True,2024-07-28T00:00:00
8561,TOPEDGAJH,20,500,2023-07-29,False,2025-11-24T00:00:00
8562,SAVESKZQUN,50,100,2025-01-09,False,2025-03-02T00:00:00
8563,OFFHZT48Q,30,50,2024-07-14,False,2024-03-30T00:00:00
8564,TOP2PCE9A,5,150,2027-08-16,True,2026-02-03T00:00:00
8565,MEGAB5UWF7,40,50,2023-02-23,False,2023-12-19T00:00:00
8566,TOPB908P0,30,200,2025-08-02,False,2026-01-03T00:00:00
8567,SAVEXSBOGB,25,150,2023-04-21,False,2025-12-02T00:00:00
8568,SUPERNOKJRC,20,500,2023-02-04,False,2023-09-19T00:00:00
8569,OFFQGMM5W,5,100,2025-02-15,False,2024-03-24T00:00:00
8570,MEGAOIG611,40,50,2025-02-28,False,2023-03-25T00:00:00
8571,MEGAKMKGLY,15,500,2027-04-28,True,2026-04-20T00:00:00
8572,TOPYSMEDM,10,300,2027-12-05,True,2023-09-08T00:00:00
8573,DESCX7EUWX,25,150,2026-06-21,True,2025-08-11T00:00:00
8574,OFFMDG2RD,40,50,2023-11-15,False,2023-08-05T00:00:00
8575,SUPERIVK2P9,20,500,2026-01-01,False,2023-11-20T00:00:00
8576,SALE3VBHDU,50,500,2025-12-25,False,2024-01-02T00:00:00
8577,TOPDJAI9S,25,300,2024-06-15,False,2023-12-11T00:00:00
8578,SALESO31PM,25,200,2026-09-01,True,2023-01-03T00:00:00
8579,SALE1EMHG7,30,150,2027-12-24,True,2024-03-11T00:00:00
8580,OFFWBHEGH,30,100,2025-06-01,False,2023-11-09T00:00:00
8581,SALEK52QZN,30,300,2023-05-03,False,2023-06-23T00:00:00
8582,MEGAC9T0TX,20,200,2027-02-09,True,2026-03-08T00:00:00
8583,SAVE1GH9HC,20,50,2025-12-28,False,2026-01-17T00:00:00
8584,DESCS3NLRF,15,100,2025-03-17,False,2025-09-26T00:00:00
8585,PROMOH9XJHK,10,500,2027-03-23,True,2024-01-18T00:00:00
8586,SALE8217YT,25,300,2025-01-10,False,2026-01-03T00:00:00
8587,TOP9DHB98,25,100,2023-12-08,False,2023-04-25T00:00:00
8588,TOPKSF69E,50,200,2025-01-31,False,2023-06-10T00:00:00
8589,SUPERKO1BJC,50,300,2023-08-21,False,2023-01-05T00:00:00
8590,TOP4PTIRA,30,150,2023-10-27,False,2023-02-28T00:00:00
8591,SALEFYZ9JP,50,200,2023-12-09,False,2024-04-28T00:00:00
8592,PROMO8IURKE,25,50,2027-04-10,True,2023-12-12T00:00:00
8593,SALEMZJZ3N,5,100,2024-12-13,False,2023-11-28T00:00:00
8594,TOPXHLZPF,20,50,2024-11-12,False,2023-12-27T00:00:00
8595,DESCYB9HV1,10,300,2023-08-15,False,2024-12-24T00:00:00
8596,OFFUZ3ZHO,40,500,2023-06-14,False,2025-11-10T00:00:00
8597,OFFZEX592,5,150,2024-10-12,False,2026-01-21T00:00:00
8598,OFF1EVNKI,40,200,2023-07-18,False,2023-12-25T00:00:00
8599,SALEG0DR00,10,100,2026-09-11,True,2026-01-11T00:00:00
8600,SUPERC9B867,5,200,2026-10-29,False,2024-02-28T00:00:00
8601,SAVE4PH2HH,5,300,2025-07-27,False,2025-05-20T00:00:00
8602,MEGACFET1C,5,200,2027-04-16,True,2025-03-19T00:00:00
8603,SAVEMT9IL3,20,200,2023-01-10,False,2024-12-31T00:00:00
8604,MEGAWU0FOO,15,100,2024-07-13,False,2026-05-24T00:00:00
8605,DESCCOJ77H,30,150,2027-09-03,False,2024-12-20T00:00:00
8606,SUPER11U7ZZ,30,500,2027-11-12,True,2023-11-13T00:00:00
8607,SAVE2Y2EUP,25,50,2027-08-24,True,2025-03-10T00:00:00
8608,OFFKHCC6Q,15,50,2025-08-04,False,2025-09-11T00:00:00
8609,TOP45QPOL,50,500,2026-09-09,True,2025-02-14T00:00:00
8610,PROMO4UO8ZD,15,100,2023-06-29,False,2025-08-03T00:00:00
8611,TOPD8JHVV,20,200,2026-02-18,False,2025-07-07T00:00:00
8612,SAVERG5Y5L,50,300,2026-08-28,True,2025-02-20T00:00:00
8613,SAVEA3FGRZ,10,300,2024-05-03,False,2023-05-27T00:00:00
8614,TOPZBKFKL,30,100,2026-10-06,True,2025-11-28T00:00:00
8615,DESCDZF8UC,5,50,2027-09-19,True,2025-02-15T00:00:00
8616,MEGABD6LXF,5,50,2025-06-23,False,2023-07-22T00:00:00
8617,OFF9IZH3B,15,150,2026-08-29,True,2025-10-26T00:00:00
8618,PROMOX11L0C,10,50,2026-03-24,False,2023-07-18T00:00:00
8619,SAVEAWT2YZ,25,50,2024-01-09,False,2025-06-24T00:00:00
8620,MEGA3POM79,5,50,2023-03-30,False,2025-05-11T00:00:00
8621,SALEFBGYEV,40,500,2023-08-22,False,2023-11-26T00:00:00
8622,SAVEWZJ1HR,5,50,2026-08-18,False,2023-01-18T00:00:00
8623,SAVES7FCKP,15,150,2024-05-28,False,2024-01-31T00:00:00
8624,OFF7Z6OWW,40,100,2024-10-17,False,2026-03-14T00:00:00
8625,MEGAQX1BKM,30,500,2027-11-29,True,2026-03-23T00:00:00
8626,SAVEWZ0NMG,20,300,2026-08-09,True,2023-12-18T00:00:00
8627,SALEZUJOA0,50,150,2023-02-15,False,2023-12-10T00:00:00
8628,SAVEHAAOWO,30,300,2024-10-22,False,2024-01-09T00:00:00
8629,SUPERCDBJUN,15,150,2025-06-04,False,2026-01-16T00:00:00
8630,SALEPUGVFM,25,50,2026-06-26,False,2024-01-29T00:00:00
8631,MEGAJONOWG,20,300,2027-04-17,True,2025-05-16T00:00:00
8632,MEGAOHITJ1,20,50,2024-10-15,False,2026-03-06T00:00:00
8633,MEGAQFO5Z1,15,150,2025-01-30,False,2024-10-03T00:00:00
8634,MEGA98IPH7,15,300,2025-12-28,False,2023-02-07T00:00:00
8635,SUPERVC8S2D,20,100,2026-05-03,False,2025-10-14T00:00:00
8636,SUPERU69GSQ,5,150,2024-11-22,False,2023-04-24T00:00:00
8637,DESC120CWB,30,300,2026-05-20,False,2023-11-11T00:00:00
8638,SALEVWBIWV,30,100,2026-01-27,False,2025-01-07T00:00:00
8639,SUPERJRQY46,20,300,2024-04-07,False,2023-08-06T00:00:00
8640,PROMOVSWJEH,10,200,2027-06-15,True,2023-05-16T00:00:00
8641,SUPER90F784,30,200,2023-02-17,False,2026-02-05T00:00:00
8642,SAVEETYTYB,20,300,2025-05-13,False,2024-08-13T00:00:00
8643,TOPGDGT8F,25,300,2027-07-18,True,2024-09-27T00:00:00
8644,DESC7FKYUE,15,500,2027-06-23,False,2025-06-04T00:00:00
8645,DESC42H64J,50,50,2025-05-31,False,2024-07-17T00:00:00
8646,OFFNR7IUD,25,300,2026-05-29,False,2024-06-26T00:00:00
8647,SAVEIP1Z3I,50,150,2024-02-24,False,2025-11-30T00:00:00
8648,OFFZPTO2S,15,100,2025-09-25,False,2025-07-20T00:00:00
8649,OFFAQADKX,25,50,2024-11-27,False,2023-06-13T00:00:00
8650,SAVEFDHVC2,30,300,2023-10-13,False,2024-06-25T00:00:00
8651,SUPERNXTZ0F,5,300,2023-01-19,False,2023-10-11T00:00:00
8652,SUPERFSRH2H,50,50,2025-05-14,False,2025-05-15T00:00:00
8653,OFFKH7HVO,40,500,2024-01-18,False,2024-07-09T00:00:00
8654,MEGA3C08E0,25,200,2024-06-09,False,2025-01-20T00:00:00
8655,SALEYIA9PR,20,300,2026-06-16,True,2024-09-13T00:00:00
8656,OFFPAZRPV,20,50,2024-09-09,False,2023-07-07T00:00:00
8657,SAVE2V50U4,30,100,2023-10-02,False,2023-11-20T00:00:00
8658,MEGA6E99I6,50,100,2023-09-05,False,2023-07-25T00:00:00
8659,TOPTPYRX0,20,150,2025-03-05,False,2025-10-24T00:00:00
8660,SAVEYMY0DI,30,300,2026-12-18,True,2023-07-22T00:00:00
8661,SAVE4YSITE,15,150,2026-09-14,True,2026-03-01T00:00:00
8662,DESCBTCDEW,50,50,2027-01-08,True,2024-04-22T00:00:00
8663,SUPERCQK9AA,15,50,2027-09-12,False,2024-02-28T00:00:00
8664,TOPF99L5Z,30,500,2025-07-02,False,2023-12-13T00:00:00
8665,DESCAE7YMJ,50,200,2027-12-07,True,2026-03-05T00:00:00
8666,SUPERI4IUB4,5,500,2025-05-31,False,2024-01-09T00:00:00
8667,OFFRKUY4B,15,100,2026-10-16,True,2024-03-19T00:00:00
8668,DESC3UZ3CN,15,50,2023-01-20,False,2024-01-26T00:00:00
8669,SALEFWS1Y5,15,150,2027-03-18,True,2024-09-11T00:00:00
8670,DESCNE96FR,5,200,2024-12-18,False,2025-09-27T00:00:00
8671,MEGAO1MT5P,30,50,2024-02-09,False,2024-11-11T00:00:00
8672,SUPER218FEV,50,150,2024-09-04,False,2023-10-01T00:00:00
8673,SALERMET0V,15,500,2023-05-12,False,2024-02-27T00:00:00
8674,DESCZI5BBN,20,50,2023-12-21,False,2024-07-30T00:00:00
8675,SUPER98PGTA,40,200,2024-09-19,False,2026-05-01T00:00:00
8676,SUPERRDAMZ1,15,300,2026-11-22,True,2025-01-28T00:00:00
8677,SUPERVY40G0,25,150,2023-10-13,False,2025-06-25T00:00:00
8678,TOPRKMEF9,5,500,2025-02-17,False,2025-07-11T00:00:00
8679,TOPD1WSJG,5,200,2026-12-09,True,2024-09-11T00:00:00
8680,PROMOP5EUB5,50,300,2023-03-14,False,2024-04-28T00:00:00
8681,SAVE8ZYBIK,10,150,2025-07-30,False,2025-07-22T00:00:00
8682,TOPMTVUVC,25,500,2026-11-13,True,2023-06-17T00:00:00
8683,SAVE2I3286,15,200,2027-04-08,False,2025-05-15T00:00:00
8684,MEGAFQ7HRZ,15,100,2025-08-05,False,2023-01-31T00:00:00
8685,DESC9CUFKE,40,500,2024-01-03,False,2026-01-22T00:00:00
8686,SALE73A9ME,30,100,2023-03-22,False,2024-06-13T00:00:00
8687,SUPER67LJTU,15,500,2027-04-30,True,2024-08-20T00:00:00
8688,SALEL7SGY9,10,300,2027-03-21,True,2023-08-08T00:00:00
8689,DESC5K6I8W,10,500,2027-02-19,True,2024-05-12T00:00:00
8690,SAVEXG7GA3,50,500,2026-11-30,True,2026-01-03T00:00:00
8691,PROMOWQX6XC,25,150,2027-03-11,True,2024-08-14T00:00:00
8692,SALETT9PC8,5,100,2027-08-08,False,2026-06-08T00:00:00
8693,TOPSVNLL0,20,100,2026-06-26,True,2023-06-14T00:00:00
8694,DESC46Z2OM,40,50,2024-12-03,False,2025-11-20T00:00:00
8695,OFF0VH30Z,40,150,2023-08-07,False,2023-06-08T00:00:00
8696,SALEF4KF8W,40,300,2023-08-19,False,2023-12-18T00:00:00
8697,SAVERS2H9O,30,500,2027-12-15,True,2023-10-16T00:00:00
8698,SAVEKEGUM2,40,100,2024-12-29,False,2025-09-06T00:00:00
8699,SUPERX9GH5K,15,150,2027-02-11,True,2024-06-19T00:00:00
8700,MEGAQWP0F6,15,200,2025-09-21,False,2025-06-20T00:00:00
8701,PROMOMJT5J3,20,100,2026-03-23,False,2024-01-08T00:00:00
8702,PROMOMA138K,20,100,2026-01-28,False,2026-01-12T00:00:00
8703,PROMOEYX1VK,20,300,2025-04-13,False,2024-10-06T00:00:00
8704,TOPHOUF6V,20,50,2025-11-14,False,2023-09-06T00:00:00
8705,SALEISWZFU,50,50,2025-06-01,False,2025-03-05T00:00:00
8706,OFF60DLOA,40,500,2024-10-31,False,2024-03-01T00:00:00
8707,TOPN4EZQO,40,500,2024-02-28,False,2023-02-14T00:00:00
8708,DESCTKS8Z8,50,150,2026-04-18,False,2023-04-27T00:00:00
8709,OFF3DCAUC,30,150,2026-03-10,False,2023-03-19T00:00:00
8710,PROMOQZO6PB,5,100,2023-03-26,False,2024-08-16T00:00:00
8711,PROMOTKHAIJ,5,300,2025-06-08,False,2024-05-02T00:00:00
8712,OFFHAGEF8,10,50,2026-05-01,False,2023-10-01T00:00:00
8713,DESCNYN5GP,25,50,2027-09-22,True,2023-04-17T00:00:00
8714,SALE6P0FOA,25,500,2024-04-30,False,2024-10-25T00:00:00
8715,SAVET06EDG,25,50,2026-07-09,False,2023-10-04T00:00:00
8716,SAVEB5YVKV,25,50,2025-11-18,False,2025-09-15T00:00:00
8717,DESCVNT205,50,200,2027-08-04,True,2024-10-04T00:00:00
8718,SALEAZWPQ4,10,200,2027-01-28,True,2025-06-08T00:00:00
8719,SUPER1ZH4ZD,40,300,2027-05-14,True,2023-02-12T00:00:00
8720,SALEILUZI9,10,300,2024-09-15,False,2025-09-26T00:00:00
8721,DESC0HU2VV,10,150,2024-11-29,False,2023-07-09T00:00:00
8722,SAVE88ENU2,5,500,2027-04-05,False,2025-11-04T00:00:00
8723,SUPERW5B2L1,20,200,2026-11-03,False,2024-01-06T00:00:00
8724,DESCBHNW08,40,150,2024-08-16,False,2025-12-03T00:00:00
8725,PROMOR3SJOR,30,150,2025-02-01,False,2023-06-08T00:00:00
8726,DESCA7VK3K,5,100,2025-09-26,False,2025-12-06T00:00:00
8727,SUPERCMMUPF,15,50,2026-07-25,True,2026-03-15T00:00:00
8728,MEGATFDIB6,30,500,2024-03-05,False,2025-09-01T00:00:00
8729,OFF6G4KTX,15,50,2024-01-15,False,2025-11-24T00:00:00
8730,SAVE7DWN2K,10,300,2024-03-06,False,2025-04-24T00:00:00
8731,MEGAY16ST8,10,50,2024-08-13,False,2023-03-19T00:00:00
8732,SUPER96YIZB,50,200,2027-08-18,True,2025-03-27T00:00:00
8733,SAVE3SOZP0,10,200,2026-01-10,False,2025-12-10T00:00:00
8734,SAVEB5BYNW,10,150,2023-08-23,False,2026-01-16T00:00:00
8735,TOPIU8F36,5,200,2026-01-31,False,2024-08-25T00:00:00
8736,DESCXTWNZS,25,500,2024-10-02,False,2025-12-04T00:00:00
8737,PROMO8YAV6T,20,50,2024-09-07,False,2025-12-20T00:00:00
8738,SALESSSSBI,10,300,2023-12-08,False,2025-01-01T00:00:00
8739,TOPPONB1B,15,300,2023-09-05,False,2025-11-19T00:00:00
8740,PROMOQ9BP5Z,30,500,2024-02-20,False,2023-02-17T00:00:00
8741,DESC2G87F2,15,50,2023-03-21,False,2025-11-21T00:00:00
8742,SALELVGSHC,10,100,2027-02-14,True,2026-01-04T00:00:00
8743,OFFYSJF2P,20,500,2023-11-08,False,2025-04-04T00:00:00
8744,TOPSGEKAG,5,500,2025-11-15,False,2023-10-17T00:00:00
8745,SALEO6XQVS,40,500,2024-07-03,False,2023-04-13T00:00:00
8746,MEGA6C0UQ9,10,200,2023-09-18,False,2025-05-01T00:00:00
8747,DESCTK2M63,10,300,2027-03-14,True,2024-08-28T00:00:00
8748,SAVETZGD3A,5,150,2027-01-31,True,2024-09-27T00:00:00
8749,PROMOL274B9,15,500,2026-01-07,False,2026-05-27T00:00:00
8750,OFFEZ0GHM,15,200,2027-04-17,True,2024-10-18T00:00:00
8751,SALELTGUMK,15,50,2027-06-04,True,2024-09-30T00:00:00
8752,TOP0QT5YY,10,50,2023-11-21,False,2024-01-16T00:00:00
8753,SUPERK95VVI,15,100,2025-11-17,False,2023-02-19T00:00:00
8754,OFF2GX87D,5,100,2025-03-15,False,2025-07-05T00:00:00
8755,TOPSXFC9O,30,100,2027-09-14,True,2024-07-31T00:00:00
8756,MEGAPRLL68,40,150,2024-07-14,False,2023-08-22T00:00:00
8757,PROMOJVW1Y7,40,300,2024-12-22,False,2023-04-23T00:00:00
8758,SUPERZXIIZY,25,500,2024-07-11,False,2023-04-03T00:00:00
8759,SAVEY761QF,50,150,2027-06-24,True,2024-04-15T00:00:00
8760,SALEFSOA1R,5,50,2026-03-18,False,2024-01-20T00:00:00
8761,DESC2TQMAP,20,200,2027-04-09,True,2023-04-07T00:00:00
8762,MEGARG8RWP,25,300,2024-07-02,False,2024-06-18T00:00:00
8763,OFFN2UVXT,25,500,2023-09-06,False,2025-12-06T00:00:00
8764,TOPJW1F8Z,50,150,2025-10-25,False,2023-05-30T00:00:00
8765,PROMO2WQ05O,40,100,2025-05-15,False,2023-12-30T00:00:00
8766,SUPERXLG4XV,25,200,2026-09-23,False,2026-03-11T00:00:00
8767,PROMOJ2TVD2,30,500,2025-11-21,False,2024-10-21T00:00:00
8768,SALE8UHG94,30,50,2023-03-04,False,2024-02-19T00:00:00
8769,OFF2SJF1F,10,200,2027-10-07,True,2023-08-26T00:00:00
8770,SALEFU2NSE,30,300,2024-11-03,False,2026-01-26T00:00:00
8771,MEGAM81GRB,5,300,2024-12-01,False,2025-05-25T00:00:00
8772,PROMOMO7MJW,30,300,2023-08-02,False,2023-01-10T00:00:00
8773,SUPEROL718L,40,50,2027-09-29,True,2023-09-12T00:00:00
8774,MEGAZ8O96V,5,300,2025-03-23,False,2026-03-14T00:00:00
8775,OFFVJH72F,50,500,2025-06-14,False,2024-11-03T00:00:00
8776,PROMOW07Y80,30,500,2025-07-05,False,2025-09-14T00:00:00
8777,TOPV3E1IF,25,150,2024-07-29,False,2024-10-08T00:00:00
8778,SUPERRCJ9OX,25,100,2025-09-09,False,2024-05-17T00:00:00
8779,DESCF3BHPU,5,300,2023-01-24,False,2023-07-11T00:00:00
8780,TOP05BUNX,40,200,2026-01-25,False,2024-08-20T00:00:00
8781,SALEXU86RI,15,500,2024-02-24,False,2023-05-19T00:00:00
8782,MEGAI8L1YQ,30,500,2025-07-17,False,2023-11-28T00:00:00
8783,SAVE6WLQS4,50,50,2023-12-27,False,2024-03-04T00:00:00
8784,DESC021NYT,30,200,2023-08-23,False,2024-10-11T00:00:00
8785,OFFWKG7WH,20,50,2024-09-16,False,2025-04-03T00:00:00
8786,DESCD1712D,5,300,2026-05-05,False,2024-04-18T00:00:00
8787,SALEFPRP5A,5,150,2026-06-26,True,2026-02-26T00:00:00
8788,TOP6EMSQ3,15,300,2024-07-06,False,2023-12-03T00:00:00
8789,SALEH7T0LR,10,150,2024-01-12,False,2023-09-17T00:00:00
8790,OFFYGQBS1,10,150,2023-06-05,False,2025-09-06T00:00:00
8791,DESC1N7TGV,5,300,2025-05-08,False,2024-03-30T00:00:00
8792,SUPERDS9NJW,30,200,2025-02-10,False,2024-04-14T00:00:00
8793,SUPERUN5ZM1,5,100,2026-09-15,False,2025-03-11T00:00:00
8794,OFF2WTCCD,5,100,2025-06-18,False,2023-08-26T00:00:00
8795,SUPERXXGVSW,25,100,2024-06-28,False,2025-05-24T00:00:00
8796,PROMOKO6W6V,15,500,2027-07-31,True,2026-06-10T00:00:00
8797,MEGADFFB3Y,30,150,2025-06-02,False,2023-03-01T00:00:00
8798,SALEMMEM0W,40,50,2027-11-07,True,2023-12-04T00:00:00
8799,DESC96JHXX,50,500,2025-04-13,False,2025-12-28T00:00:00
8800,SUPEROXYYEH,15,150,2026-11-08,True,2025-04-16T00:00:00
8801,MEGAQMNXP3,10,100,2024-07-19,False,2024-07-18T00:00:00
8802,SALEB312R7,15,300,2025-01-14,False,2025-12-19T00:00:00
8803,TOP0N4Z6B,10,150,2027-08-05,False,2023-12-15T00:00:00
8804,OFFEWMS9E,10,500,2023-07-20,False,2023-11-27T00:00:00
8805,MEGA13ST8V,40,300,2023-01-17,False,2025-11-04T00:00:00
8806,PROMOX786DM,40,300,2023-10-19,False,2023-09-07T00:00:00
8807,TOPQXVML5,5,100,2026-06-21,False,2023-03-07T00:00:00
8808,TOP8FPDL1,20,500,2024-06-10,False,2025-08-11T00:00:00
8809,TOP50UWN5,25,500,2027-10-13,True,2023-11-04T00:00:00
8810,PROMOZ2RULR,15,200,2025-08-14,False,2024-05-02T00:00:00
8811,SUPERNWQYUR,50,200,2027-06-04,True,2023-03-03T00:00:00
8812,TOPFC9LEB,10,300,2027-05-22,True,2026-03-20T00:00:00
8813,DESCAVWOS3,5,50,2024-03-02,False,2025-10-30T00:00:00
8814,SALE2AHL1L,15,200,2025-10-01,False,2025-08-02T00:00:00
8815,PROMOKCBL9I,30,100,2026-01-19,False,2023-07-23T00:00:00
8816,SALE492ZGM,15,200,2025-04-27,False,2025-10-03T00:00:00
8817,PROMO0A8AY9,5,200,2025-05-31,False,2024-05-28T00:00:00
8818,SALE8TFOMW,25,50,2023-04-20,False,2025-02-03T00:00:00
8819,MEGA4KDVP9,40,300,2027-04-11,True,2026-03-03T00:00:00
8820,PROMOVXKSK9,20,300,2023-08-11,False,2025-02-22T00:00:00
8821,TOPLW4EB7,20,150,2026-10-31,True,2025-02-16T00:00:00
8822,MEGAHXZCED,40,50,2023-01-17,False,2026-02-08T00:00:00
8823,MEGAYLTLBA,5,500,2024-08-09,False,2024-12-26T00:00:00
8824,MEGAA74TG8,25,150,2027-11-17,False,2025-03-09T00:00:00
8825,TOP3P1JTZ,15,100,2025-09-28,False,2024-01-23T00:00:00
8826,PROMOSFFJQI,15,300,2024-12-18,False,2023-03-30T00:00:00
8827,SAVELPIH18,30,150,2024-08-29,False,2025-01-20T00:00:00
8828,MEGAEFW4SF,20,500,2023-03-06,False,2024-05-24T00:00:00
8829,SUPER9XHXTH,25,300,2026-04-14,False,2026-02-23T00:00:00
8830,DESCBCIGAN,25,200,2027-07-31,True,2023-06-11T00:00:00
8831,OFF4BSPGH,40,500,2025-06-08,False,2023-04-18T00:00:00
8832,DESCRX3DY3,30,300,2024-06-18,False,2025-02-06T00:00:00
8833,DESCVSQZ6B,25,100,2026-06-02,False,2025-01-09T00:00:00
8834,PROMOCW5K8I,50,200,2023-03-22,False,2025-02-10T00:00:00
8835,SUPEROLRZ1T,50,100,2023-05-28,False,2024-10-13T00:00:00
8836,SALECEFJNZ,50,200,2023-01-17,False,2023-10-30T00:00:00
8837,MEGA4MTUUI,50,100,2026-05-12,False,2026-05-07T00:00:00
8838,MEGAX1WU6P,5,100,2025-09-09,False,2026-05-09T00:00:00
8839,OFFZHKES8,50,150,2023-12-28,False,2025-11-20T00:00:00
8840,TOP316DPK,50,500,2023-03-25,False,2025-12-22T00:00:00
8841,OFFI27BFJ,40,150,2025-08-01,False,2024-12-16T00:00:00
8842,SAVEDO2GEA,50,300,2027-06-06,True,2024-06-13T00:00:00
8843,MEGAE8SKM9,30,50,2025-12-25,False,2025-01-09T00:00:00
8844,MEGANIAQXY,15,200,2025-06-01,False,2025-11-09T00:00:00
8845,MEGAT5H79I,20,300,2024-07-04,False,2025-10-01T00:00:00
8846,TOP77FO9I,25,50,2026-09-03,True,2023-06-14T00:00:00
8847,DESC897A5F,25,500,2023-01-24,False,2026-05-09T00:00:00
8848,MEGARFJXYX,50,100,2024-09-12,False,2024-11-17T00:00:00
8849,DESC8ERJEW,10,50,2023-07-16,False,2024-09-04T00:00:00
8850,SALE7RSILB,25,100,2024-12-04,False,2023-05-08T00:00:00
8851,TOP67NW4J,20,500,2023-08-07,False,2025-02-08T00:00:00
8852,MEGA6NDT86,40,50,2024-06-04,False,2024-08-22T00:00:00
8853,MEGA6H2E4M,5,100,2026-01-01,False,2025-07-05T00:00:00
8854,PROMOAQQ61E,5,500,2026-12-20,False,2026-01-16T00:00:00
8855,OFF74X509,30,500,2023-11-17,False,2023-03-07T00:00:00
8856,SALEFF6H57,50,200,2026-05-10,False,2023-02-21T00:00:00
8857,DESCN1DM1I,40,500,2024-10-12,False,2025-05-15T00:00:00
8858,TOP9UM3HW,50,300,2025-02-22,False,2023-11-21T00:00:00
8859,SAVE1UQSYX,40,50,2024-05-26,False,2025-01-27T00:00:00
8860,OFFNQYO2T,10,300,2026-09-21,False,2025-02-03T00:00:00
8861,SALE6717CK,30,500,2024-10-09,False,2026-05-29T00:00:00
8862,MEGA4DYTEJ,25,150,2023-10-04,False,2025-01-06T00:00:00
8863,MEGADB0OPT,20,200,2024-04-18,False,2023-01-16T00:00:00
8864,OFFKD5CED,40,100,2026-09-04,True,2023-09-17T00:00:00
8865,PROMOYCKAV0,50,500,2024-04-04,False,2026-03-19T00:00:00
8866,SALE0IE3V9,15,200,2027-10-16,True,2025-01-02T00:00:00
8867,SUPERCVT46Q,30,150,2023-03-14,False,2023-06-16T00:00:00
8868,PROMO47FMO4,50,100,2026-12-03,True,2025-10-15T00:00:00
8869,PROMO9FGZIU,40,150,2027-06-01,False,2024-08-25T00:00:00
8870,PROMO8XZQFK,50,300,2025-04-01,False,2023-01-21T00:00:00
8871,MEGAZPAQHO,50,300,2025-06-18,False,2026-06-03T00:00:00
8872,SUPERO72S7U,30,100,2024-04-05,False,2025-11-27T00:00:00
8873,SUPER31WO8S,30,150,2024-01-06,False,2023-09-11T00:00:00
8874,DESCNRE0GD,30,500,2026-01-07,False,2023-11-07T00:00:00
8875,SAVEB5PQO6,30,50,2023-03-17,False,2023-10-20T00:00:00
8876,SAVERE144I,5,500,2025-11-30,False,2026-04-09T00:00:00
8877,PROMO67A80A,10,300,2024-05-28,False,2023-10-31T00:00:00
8878,MEGAY654C3,30,150,2023-07-03,False,2024-03-05T00:00:00
8879,SAVEKCM5DU,40,200,2024-01-07,False,2023-12-18T00:00:00
8880,DESCOK3MZX,15,200,2027-08-12,False,2024-04-06T00:00:00
8881,TOPCZLRV7,10,200,2025-08-19,False,2024-06-11T00:00:00
8882,SALELMK18W,50,500,2023-02-11,False,2023-03-02T00:00:00
8883,TOP1ZC8ZQ,50,150,2025-11-01,False,2025-12-04T00:00:00
8884,MEGAJY1NDE,10,150,2027-09-24,False,2024-06-19T00:00:00
8885,SUPERFVNMIB,5,200,2025-07-03,False,2023-01-13T00:00:00
8886,SUPERHM7GEN,30,150,2027-04-20,True,2026-01-24T00:00:00
8887,DESCBWXFMU,20,50,2023-02-05,False,2025-03-04T00:00:00
8888,MEGA53A8HG,10,200,2026-01-14,False,2024-03-18T00:00:00
8889,DESCMUAAZL,20,300,2026-12-09,True,2023-05-09T00:00:00
8890,SUPERRWN0G4,30,200,2024-06-10,False,2024-12-10T00:00:00
8891,PROMO5MVK1X,10,500,2025-06-15,False,2023-12-02T00:00:00
8892,SALEY4W3YV,5,200,2025-07-29,False,2024-04-24T00:00:00
8893,PROMO2NAL1X,20,200,2024-12-20,False,2024-11-28T00:00:00
8894,MEGAJ55EB8,15,300,2027-08-31,True,2024-05-09T00:00:00
8895,SALEVZEQZO,15,500,2024-08-13,False,2024-03-24T00:00:00
8896,SUPERQDIKB1,40,500,2026-06-20,True,2023-02-15T00:00:00
8897,SUPERRPH1HB,50,150,2026-09-13,True,2025-12-05T00:00:00
8898,DESCP5XXP5,5,300,2027-11-14,False,2023-04-27T00:00:00
8899,MEGA6RDTX3,5,300,2026-02-01,False,2025-08-02T00:00:00
8900,OFFK8JIU6,5,150,2024-06-27,False,2024-03-04T00:00:00
8901,SAVEK2K3XD,40,200,2023-02-09,False,2024-07-30T00:00:00
8902,DESCCRDH3W,30,50,2026-08-09,True,2025-09-30T00:00:00
8903,DESCI2A4O8,10,100,2027-08-18,False,2025-06-18T00:00:00
8904,TOPN8LJ38,50,500,2027-07-15,True,2025-05-06T00:00:00
8905,TOPG83QWS,5,500,2023-06-16,False,2024-08-05T00:00:00
8906,SUPER1D9JWQ,40,50,2025-03-23,False,2023-07-02T00:00:00
8907,SAVE326ION,15,100,2026-02-16,False,2026-04-03T00:00:00
8908,PROMOUYDEIL,25,300,2027-06-27,True,2025-01-03T00:00:00
8909,SAVE8E0T7U,10,300,2025-02-04,False,2023-06-13T00:00:00
8910,SAVEEJANTE,40,50,2024-07-13,False,2024-08-25T00:00:00
8911,SAVEM2SH3G,10,150,2023-08-13,False,2023-09-03T00:00:00
8912,PROMO2IMBWD,30,300,2025-02-11,False,2024-07-10T00:00:00
8913,TOPGC6M8D,40,300,2025-01-16,False,2024-09-07T00:00:00
8914,TOPDKRUHW,10,50,2026-09-26,True,2023-08-25T00:00:00
8915,DESC3LBCU5,10,50,2025-04-23,False,2024-08-08T00:00:00
8916,TOP370DQD,5,50,2024-07-22,False,2025-02-04T00:00:00
8917,SALEVKRTXN,15,300,2024-08-08,False,2023-09-28T00:00:00
8918,SAVEI4WD4K,40,200,2023-07-26,False,2023-02-10T00:00:00
8919,DESCEQIIKR,40,500,2025-08-17,False,2023-12-15T00:00:00
8920,PROMOW3AWGB,15,300,2025-01-21,False,2025-05-05T00:00:00
8921,SALE10SNW2,10,150,2027-05-18,True,2023-08-10T00:00:00
8922,SALEWCL411,15,300,2027-05-09,False,2024-05-21T00:00:00
8923,MEGAB170LB,30,100,2024-03-09,False,2023-06-11T00:00:00
8924,SALE9NGMJV,5,300,2024-11-28,False,2023-09-26T00:00:00
8925,SUPER6N2XC1,10,150,2024-04-18,False,2023-04-06T00:00:00
8926,MEGAULV7P9,30,50,2026-08-13,False,2024-04-13T00:00:00
8927,MEGAMK9JO6,25,300,2023-04-12,False,2025-09-21T00:00:00
8928,TOPRS8AOV,10,300,2023-06-25,False,2025-11-22T00:00:00
8929,TOP6N974Q,10,200,2027-05-22,True,2024-03-07T00:00:00
8930,SUPERWP5R0Z,5,100,2026-02-25,False,2026-01-18T00:00:00
8931,SUPERNBX3CX,5,300,2026-01-20,False,2024-09-11T00:00:00
8932,MEGA8ARN9O,30,300,2026-05-25,False,2025-04-05T00:00:00
8933,SALE4XDZV4,50,200,2023-07-27,False,2026-02-08T00:00:00
8934,MEGADNCO6L,20,150,2026-04-23,False,2025-06-22T00:00:00
8935,SUPERO3RQ3F,20,150,2025-10-13,False,2023-12-08T00:00:00
8936,SALELKQIRE,20,200,2023-07-11,False,2024-06-17T00:00:00
8937,SAVEF2JQ3Q,20,100,2024-08-27,False,2024-03-17T00:00:00
8938,SUPERCL2ZVC,5,150,2025-10-27,False,2024-06-27T00:00:00
8939,OFFWVYXIV,40,300,2024-05-31,False,2023-11-06T00:00:00
8940,SAVE6SZV3N,20,500,2025-12-03,False,2023-12-05T00:00:00
8941,MEGA6HBFAR,40,150,2025-11-02,False,2023-10-19T00:00:00
8942,MEGA9AFPP1,30,50,2027-10-09,True,2026-05-04T00:00:00
8943,PROMONF5JAS,40,300,2023-12-15,False,2024-03-08T00:00:00
8944,MEGAERE1IH,10,150,2024-01-17,False,2023-01-13T00:00:00
8945,SALEAHBJ13,5,500,2023-10-15,False,2026-05-02T00:00:00
8946,PROMODC8PEL,5,50,2025-12-25,False,2025-03-22T00:00:00
8947,SUPERQOWW3S,5,100,2024-01-23,False,2023-08-11T00:00:00
8948,OFFA3NX28,30,500,2023-10-26,False,2024-04-22T00:00:00
8949,OFFWQGG85,10,200,2024-04-28,False,2024-09-22T00:00:00
8950,PROMOSP01IM,40,300,2027-06-14,True,2024-01-29T00:00:00
8951,SALECTRZAK,10,300,2024-04-18,False,2024-03-27T00:00:00
8952,TOPQAHKJ7,40,300,2026-05-05,False,2026-04-18T00:00:00
8953,SUPER7BKT41,20,500,2027-03-29,True,2025-03-17T00:00:00
8954,MEGAKN8UZN,25,150,2023-05-23,False,2025-05-13T00:00:00
8955,DESCA30AX2,40,300,2026-02-03,False,2024-10-25T00:00:00
8956,SUPER8WHLJI,20,150,2023-06-16,False,2026-01-08T00:00:00
8957,SAVEMFV9H2,40,100,2024-02-01,False,2024-07-03T00:00:00
8958,SALEYODBX6,15,200,2027-02-19,False,2025-01-02T00:00:00
8959,OFF72YPDA,25,300,2027-12-25,False,2025-08-06T00:00:00
8960,SALEK29P82,20,150,2023-09-22,False,2023-08-29T00:00:00
8961,PROMO47UTX3,20,300,2024-12-18,False,2023-06-15T00:00:00
8962,PROMOZXSA9B,40,50,2024-08-12,False,2025-04-14T00:00:00
8963,MEGAUNHJ32,15,50,2026-02-10,False,2025-08-27T00:00:00
8964,OFFI9RKZM,25,150,2024-08-17,False,2024-01-06T00:00:00
8965,SALE0IA3J2,40,50,2023-05-24,False,2025-04-25T00:00:00
8966,PROMOW50071,5,200,2025-05-30,False,2025-02-07T00:00:00
8967,SUPERSJUT0X,25,500,2025-09-11,False,2023-03-13T00:00:00
8968,SUPERR771VR,20,50,2026-02-11,False,2025-06-24T00:00:00
8969,SALE2VY9DC,5,100,2026-03-15,False,2024-03-24T00:00:00
8970,DESCRV56T3,50,200,2023-07-12,False,2023-09-12T00:00:00
8971,DESC311PG4,50,100,2027-03-01,False,2026-01-15T00:00:00
8972,OFF77R61E,10,50,2025-06-12,False,2023-08-19T00:00:00
8973,MEGAHOHLU6,10,200,2026-11-03,True,2025-08-11T00:00:00
8974,PROMOZBAQB0,25,50,2025-09-03,False,2025-08-15T00:00:00
8975,PROMOA7U66A,5,150,2024-05-25,False,2024-07-18T00:00:00
8976,MEGAZ1FFK4,10,500,2027-10-25,True,2025-12-09T00:00:00
8977,PROMOAMO780,25,50,2024-12-28,False,2023-09-18T00:00:00
8978,PROMOQ93TLD,5,150,2026-10-23,True,2025-01-25T00:00:00
8979,DESCDXWGQ7,50,300,2025-08-11,False,2025-10-12T00:00:00
8980,SALEV355BV,25,500,2023-01-23,False,2026-02-08T00:00:00
8981,SUPERQG1OX8,5,200,2026-02-28,False,2025-03-06T00:00:00
8982,SUPEREAA27S,30,300,2025-11-20,False,2024-05-18T00:00:00
8983,OFFV8D7RX,15,500,2026-06-22,True,2023-06-30T00:00:00
8984,PROMOTAV6MI,40,300,2026-09-25,True,2025-01-25T00:00:00
8985,OFFP4A1DB,25,200,2024-08-19,False,2024-03-19T00:00:00
8986,MEGAO7K5M6,15,300,2027-05-10,False,2023-09-14T00:00:00
8987,SUPERXN452W,15,50,2023-05-22,False,2025-06-22T00:00:00
8988,SAVEY5YYVI,5,150,2025-08-24,False,2025-08-01T00:00:00
8989,SAVE5AADVF,15,50,2025-10-03,False,2025-12-17T00:00:00
8990,SAVEON0FGV,5,200,2025-11-21,False,2025-12-11T00:00:00
8991,MEGA1WDPHD,20,200,2023-10-29,False,2024-06-14T00:00:00
8992,MEGASCRRXG,40,50,2024-08-21,False,2025-06-20T00:00:00
8993,PROMOW7C911,30,150,2026-07-16,True,2023-06-02T00:00:00
8994,MEGABWLVJX,40,100,2027-11-24,True,2023-12-08T00:00:00
8995,OFF9TJIDM,5,500,2026-12-14,True,2025-02-18T00:00:00
8996,DESCZ1F1NS,40,500,2027-09-13,True,2024-08-28T00:00:00
8997,MEGAC9U6J6,50,150,2023-12-16,False,2023-03-30T00:00:00
8998,OFFY80VRE,10,500,2023-01-28,False,2023-03-28T00:00:00
8999,TOPCW4FYB,25,100,2026-12-03,True,2025-03-09T00:00:00
9000,SUPER8IUNCO,10,200,2027-12-08,True,2024-04-13T00:00:00
9001,PROMO59ZZDB,10,200,2026-06-03,False,2023-03-14T00:00:00
9002,SALEXO3VVA,5,500,2026-11-16,True,2024-10-31T00:00:00
9003,OFFEQQFFN,50,50,2027-04-09,False,2024-03-17T00:00:00
9004,PROMOOEP36C,30,100,2027-09-05,True,2024-04-04T00:00:00
9005,SAVETU0DN6,50,100,2026-05-13,False,2026-04-28T00:00:00
9006,SALE0HNCNA,15,100,2027-02-27,True,2024-11-17T00:00:00
9007,SALEORM174,20,50,2027-08-31,True,2024-09-13T00:00:00
9008,OFFVN2LJD,15,150,2025-07-20,False,2024-12-04T00:00:00
9009,PROMOFYYYW7,15,300,2025-03-29,False,2026-01-16T00:00:00
9010,SALEVG55WM,40,100,2025-05-17,False,2026-05-21T00:00:00
9011,OFFJLOH3B,30,100,2023-02-04,False,2023-03-07T00:00:00
9012,DESCX1WFQC,30,100,2024-07-01,False,2023-12-25T00:00:00
9013,TOP8CV5HK,50,300,2024-03-20,False,2023-06-20T00:00:00
9014,SAVE9X81YH,30,100,2025-03-28,False,2025-03-12T00:00:00
9015,SALE74GGSS,40,50,2026-05-10,False,2023-11-29T00:00:00
9016,SALE58QGHK,20,100,2027-12-27,True,2024-07-11T00:00:00
9017,SAVEUJQYDE,25,300,2025-02-22,False,2025-05-31T00:00:00
9018,TOPIIGXK0,5,200,2026-07-30,True,2023-08-14T00:00:00
9019,PROMON1UA8Y,50,50,2025-01-28,False,2025-05-14T00:00:00
9020,SUPER5KGRZC,10,500,2027-10-04,True,2024-08-04T00:00:00
9021,SUPER7A3IM7,10,150,2024-02-10,False,2025-12-05T00:00:00
9022,SUPERAU1O0Q,40,500,2024-03-19,False,2025-12-01T00:00:00
9023,TOPIK9SKR,40,500,2027-11-07,True,2023-04-06T00:00:00
9024,DESC6EU2C8,10,100,2023-05-11,False,2025-08-26T00:00:00
9025,SALE7VC59Y,30,500,2025-09-24,False,2023-12-09T00:00:00
9026,DESCPX2U3Q,5,300,2026-09-03,True,2024-10-12T00:00:00
9027,DESCILAYNJ,15,50,2027-09-05,False,2025-11-16T00:00:00
9028,PROMOYNR51N,15,150,2027-09-30,True,2024-01-26T00:00:00
9029,TOPT7A0NV,40,500,2026-06-20,True,2025-03-16T00:00:00
9030,DESCS7CTCQ,10,500,2027-10-27,False,2025-09-29T00:00:00
9031,OFFMBS0CW,25,300,2026-03-02,False,2025-03-16T00:00:00
9032,OFFZ6V8Z0,5,100,2024-02-01,False,2025-02-20T00:00:00
9033,SUPER3U6D98,40,500,2023-01-31,False,2023-11-10T00:00:00
9034,TOP5WDX3B,15,150,2023-03-06,False,2026-01-19T00:00:00
9035,TOP33KHH4,30,300,2024-11-19,False,2025-12-20T00:00:00
9036,MEGA002CLX,50,100,2027-01-11,True,2023-03-02T00:00:00
9037,PROMO7DXY7U,50,500,2027-08-12,False,2025-10-13T00:00:00
9038,MEGAM72OPO,10,50,2025-08-29,False,2025-02-05T00:00:00
9039,PROMOEZ164K,10,200,2024-05-17,False,2025-06-24T00:00:00
9040,SALEND5WRH,15,100,2026-12-14,False,2023-03-10T00:00:00
9041,SUPERGWOQ0I,40,300,2023-01-26,False,2025-06-20T00:00:00
9042,MEGA3TMUVR,10,300,2026-05-12,False,2023-01-20T00:00:00
9043,SUPERBBLO6Z,40,50,2023-12-16,False,2024-11-13T00:00:00
9044,PROMOOOA036,30,500,2024-06-19,False,2024-08-08T00:00:00
9045,SUPER8FF2BM,40,200,2025-11-18,False,2025-04-12T00:00:00
9046,SALELKOZEL,25,200,2027-11-17,False,2023-01-07T00:00:00
9047,OFF6375NG,40,500,2023-09-23,False,2024-07-30T00:00:00
9048,TOPQUZYE2,50,50,2023-10-18,False,2026-06-11T00:00:00
9049,SAVEJBQ0F6,10,150,2025-10-16,False,2025-05-05T00:00:00
9050,SAVERU6569,25,150,2027-01-30,False,2024-02-18T00:00:00
9051,TOP0O291L,20,100,2025-03-29,False,2025-12-09T00:00:00
9052,PROMOH3AFAB,50,50,2027-04-01,False,2025-08-27T00:00:00
9053,DESCJ7FXIV,30,50,2023-09-30,False,2025-06-02T00:00:00
9054,SUPERG1RIS5,50,150,2026-02-04,False,2026-02-06T00:00:00
9055,DESCKAZMVO,10,500,2024-07-15,False,2025-11-26T00:00:00
9056,PROMOPI1CTT,5,200,2025-05-31,False,2023-08-24T00:00:00
9057,PROMODHYGRS,40,50,2023-04-29,False,2025-07-02T00:00:00
9058,OFFXS41L1,40,300,2026-04-17,False,2023-04-30T00:00:00
9059,SAVELNBN5H,20,500,2026-12-15,True,2025-11-21T00:00:00
9060,SAVEHQ4OS2,50,500,2025-10-03,False,2023-09-12T00:00:00
9061,SALE3OBOOE,10,500,2024-12-10,False,2024-04-03T00:00:00
9062,SAVE46BIU5,10,200,2026-08-04,True,2024-12-27T00:00:00
9063,TOPKTTZHH,50,100,2025-04-24,False,2025-03-05T00:00:00
9064,DESC1GQEUD,10,500,2026-05-07,False,2024-08-21T00:00:00
9065,SUPERD1T7AX,5,50,2026-11-08,False,2025-09-02T00:00:00
9066,OFFJFPTSA,10,500,2023-05-15,False,2023-03-21T00:00:00
9067,PROMO6QRW37,10,150,2024-02-11,False,2025-09-28T00:00:00
9068,OFF0Y4ZYY,10,100,2024-10-08,False,2023-06-12T00:00:00
9069,SUPER2YWKMR,15,50,2024-08-17,False,2024-09-17T00:00:00
9070,SALEZW6SVE,20,50,2023-06-21,False,2023-12-08T00:00:00
9071,SALE7ZQEEH,40,100,2027-03-14,True,2024-04-26T00:00:00
9072,OFF3JCZ0P,50,300,2026-01-23,False,2025-01-21T00:00:00
9073,SALEU0579A,30,300,2024-06-24,False,2025-12-23T00:00:00
9074,SUPERY7XHCZ,5,500,2025-08-12,False,2025-10-07T00:00:00
9075,SAVE62AMRR,10,300,2023-04-11,False,2023-01-25T00:00:00
9076,DESCKRD9E7,15,100,2024-09-16,False,2025-09-02T00:00:00
9077,TOPOACAJT,50,50,2023-08-31,False,2024-10-23T00:00:00
9078,PROMONK8FKL,10,50,2023-08-09,False,2023-12-01T00:00:00
9079,MEGAMMHSXW,50,200,2023-02-16,False,2023-01-13T00:00:00
9080,SALEP8K9Q2,15,50,2026-03-11,False,2026-03-21T00:00:00
9081,PROMOCWVY7H,20,50,2025-04-09,False,2025-01-09T00:00:00
9082,OFFZ5CMT5,25,200,2024-11-30,False,2025-04-06T00:00:00
9083,PROMO8FQFPK,40,50,2024-05-31,False,2025-05-21T00:00:00
9084,SALE2J36BF,20,200,2024-02-05,False,2024-10-05T00:00:00
9085,MEGAWEPAGT,40,300,2026-07-27,True,2023-08-10T00:00:00
9086,DESCI12FSH,15,100,2026-02-28,False,2023-04-08T00:00:00
9087,PROMORQBXH7,15,300,2026-06-17,True,2023-04-09T00:00:00
9088,SALE4JRX8B,10,200,2025-09-06,False,2023-01-21T00:00:00
9089,SAVEFTWE09,40,100,2025-02-21,False,2024-06-22T00:00:00
9090,MEGAP3NIN6,15,50,2027-05-17,True,2024-07-06T00:00:00
9091,SAVE0OCO9J,5,500,2024-11-29,False,2023-07-06T00:00:00
9092,SUPERUNKJNT,50,500,2025-08-21,False,2024-07-11T00:00:00
9093,DESCVEDM35,50,500,2025-04-08,False,2024-01-24T00:00:00
9094,SAVEMZJHB0,25,150,2025-02-20,False,2024-05-04T00:00:00
9095,PROMOWG8SGG,5,150,2024-10-01,False,2025-06-14T00:00:00
9096,SAVE2T33YV,40,50,2027-02-11,True,2026-02-26T00:00:00
9097,SALEZSWSJJ,5,100,2024-04-11,False,2025-11-14T00:00:00
9098,TOPILR2RI,5,150,2026-10-04,True,2023-09-06T00:00:00
9099,DESCJU6LMQ,40,150,2027-01-04,True,2023-04-28T00:00:00
9100,SUPERONM9O2,10,50,2026-12-09,True,2025-11-13T00:00:00
9101,TOPX7ZYDE,5,200,2023-12-28,False,2023-03-06T00:00:00
9102,SUPER6089DL,50,300,2023-02-27,False,2025-08-28T00:00:00
9103,DESCU0JRQZ,25,500,2023-02-18,False,2025-04-08T00:00:00
9104,SAVEQHA6LV,30,50,2027-05-18,True,2025-04-12T00:00:00
9105,TOPM0Q5CJ,15,300,2026-11-05,True,2024-02-19T00:00:00
9106,OFFTQHBI9,30,100,2024-01-21,False,2025-06-24T00:00:00
9107,MEGAL7PYP4,25,50,2024-04-09,False,2023-03-24T00:00:00
9108,SALE24XW5N,30,300,2027-12-09,False,2024-01-05T00:00:00
9109,SALEL0ADW4,20,200,2024-07-26,False,2024-02-20T00:00:00
9110,PROMOSK8J5U,25,50,2025-11-28,False,2024-06-16T00:00:00
9111,TOPVBTXRC,40,50,2023-05-07,False,2023-08-29T00:00:00
9112,OFFZFEL5H,20,100,2024-02-18,False,2026-03-14T00:00:00
9113,SALEL1IIN6,10,200,2023-05-22,False,2024-03-12T00:00:00
9114,TOPLLJPI6,10,150,2025-05-20,False,2024-10-14T00:00:00
9115,MEGA2O904Q,20,300,2024-07-24,False,2023-01-16T00:00:00
9116,OFF97MMHS,30,300,2025-01-28,False,2026-05-09T00:00:00
9117,MEGAOYEFCH,40,150,2026-09-04,True,2023-01-08T00:00:00
9118,SAVE5HWRWA,15,300,2023-04-16,False,2025-02-18T00:00:00
9119,SAVEXV2JC3,50,500,2025-01-14,False,2025-12-17T00:00:00
9120,SALE64HNMS,15,100,2025-06-20,False,2026-02-17T00:00:00
9121,PROMOYHNGCW,20,200,2027-05-02,True,2023-02-09T00:00:00
9122,SALEKJM5IP,10,300,2023-09-18,False,2024-08-03T00:00:00
9123,OFFQK5NCO,40,500,2023-06-06,False,2024-05-06T00:00:00
9124,TOPV2N657,15,150,2023-05-30,False,2023-05-04T00:00:00
9125,MEGAZ3OL0F,50,200,2023-05-03,False,2023-02-02T00:00:00
9126,TOPSNH6YD,50,500,2025-12-03,False,2023-02-14T00:00:00
9127,SUPER1OVWPO,25,200,2026-11-16,True,2025-08-08T00:00:00
9128,TOPS9CFAQ,20,150,2023-05-01,False,2024-08-25T00:00:00
9129,MEGAM1MD69,50,500,2026-06-19,True,2025-08-01T00:00:00
9130,TOPWHX3IZ,15,50,2023-11-22,False,2025-12-10T00:00:00
9131,MEGAIO11ME,5,50,2027-05-30,True,2024-07-16T00:00:00
9132,SALEWEKQIE,30,50,2025-10-17,False,2025-08-18T00:00:00
9133,OFF6PN5HO,20,300,2027-11-06,False,2025-04-22T00:00:00
9134,DESC1GT26L,30,200,2027-10-11,False,2025-07-13T00:00:00
9135,OFFT7QS65,25,300,2026-04-27,False,2023-02-21T00:00:00
9136,PROMOR2QZIX,50,500,2025-06-26,False,2025-09-29T00:00:00
9137,SUPERVDWLBA,50,50,2026-11-26,True,2023-10-20T00:00:00
9138,TOPESGDWH,25,100,2024-12-03,False,2023-09-11T00:00:00
9139,SAVEB0RWPV,25,50,2024-02-04,False,2024-06-25T00:00:00
9140,SAVEFNM7YV,20,150,2024-12-05,False,2023-03-08T00:00:00
9141,DESCZZO204,20,100,2026-09-25,True,2023-02-07T00:00:00
9142,MEGA1S1EEQ,15,150,2023-10-27,False,2023-07-27T00:00:00
9143,MEGA4XBSPI,50,50,2027-12-19,True,2025-07-13T00:00:00
9144,MEGAU0FP6K,30,50,2024-09-21,False,2024-06-27T00:00:00
9145,SALEWRW0T6,20,200,2025-11-24,False,2025-07-09T00:00:00
9146,SALEG5JXNH,50,500,2024-09-01,False,2023-07-15T00:00:00
9147,DESCYFS4G9,20,200,2023-11-10,False,2026-05-13T00:00:00
9148,SALE6KVFJD,40,200,2023-03-02,False,2024-12-12T00:00:00
9149,SAVESEQRGQ,50,150,2027-01-25,True,2025-12-04T00:00:00
9150,SAVEIGB92S,20,50,2026-05-14,False,2023-01-03T00:00:00
9151,TOP5LC91G,50,200,2024-09-07,False,2023-04-16T00:00:00
9152,SAVECVO4BF,25,50,2027-05-05,True,2024-05-16T00:00:00
9153,SUPERHEKPZO,25,500,2025-03-06,False,2025-08-22T00:00:00
9154,MEGAAXAFNI,30,500,2027-09-26,False,2024-06-06T00:00:00
9155,SUPER728E1G,30,300,2023-04-28,False,2025-02-15T00:00:00
9156,DESC3EC04G,15,200,2024-09-22,False,2024-10-21T00:00:00
9157,TOP1X3NH4,20,150,2023-09-25,False,2026-05-11T00:00:00
9158,MEGA1KDTYG,40,200,2026-07-25,True,2023-03-27T00:00:00
9159,SALE9QLH4E,15,500,2027-01-22,False,2024-07-05T00:00:00
9160,DESC1RONML,20,150,2027-03-09,False,2024-06-27T00:00:00
9161,MEGAF5RZ3C,30,150,2023-01-28,False,2024-04-21T00:00:00
9162,OFFBJ2628,30,200,2024-04-29,False,2026-01-24T00:00:00
9163,DESC56SY6V,20,50,2025-01-11,False,2024-05-19T00:00:00
9164,MEGA47TM8D,20,100,2024-12-02,False,2024-12-10T00:00:00
9165,MEGAD56AVZ,15,150,2023-09-05,False,2025-01-27T00:00:00
9166,OFFJ5RGYU,5,100,2023-12-09,False,2026-01-19T00:00:00
9167,OFFHVP6YT,50,500,2025-04-04,False,2023-08-27T00:00:00
9168,OFF21TEE4,30,200,2025-10-17,False,2024-03-23T00:00:00
9169,TOPGELUSB,25,50,2026-11-03,True,2024-01-21T00:00:00
9170,DESCGOYQYK,15,300,2027-01-21,False,2024-03-10T00:00:00
9171,OFFHIJISS,30,300,2025-01-19,False,2026-05-30T00:00:00
9172,OFFXV5IMX,50,150,2023-09-06,False,2025-08-01T00:00:00
9173,PROMOA8KI7J,50,150,2026-03-27,False,2023-06-07T00:00:00
9174,SALE5W0DA2,50,200,2026-02-06,False,2024-11-20T00:00:00
9175,DESC7L84H7,15,150,2026-02-27,False,2025-04-07T00:00:00
9176,SAVEYSSK6C,5,100,2024-09-24,False,2026-01-31T00:00:00
9177,MEGAL5Q4BG,10,100,2023-04-15,False,2025-12-29T00:00:00
9178,PROMOKOXFCD,5,500,2023-02-05,False,2025-05-14T00:00:00
9179,TOP0EUU45,40,100,2027-10-09,True,2025-01-19T00:00:00
9180,MEGALYZBOP,5,50,2024-02-04,False,2024-03-06T00:00:00
9181,SUPERVCU5WC,25,300,2027-01-05,False,2023-12-03T00:00:00
9182,PROMOWBB0J2,5,500,2025-06-02,False,2024-12-15T00:00:00
9183,SAVEITT2HK,40,100,2023-12-19,False,2025-11-08T00:00:00
9184,TOPGVE3DR,40,50,2024-01-17,False,2024-05-22T00:00:00
9185,SALEGU1PHI,20,300,2027-05-14,False,2024-12-21T00:00:00
9186,SUPERSZOMS7,40,500,2027-07-28,False,2025-10-21T00:00:00
9187,OFFSSZHV6,30,200,2027-07-31,True,2025-08-26T00:00:00
9188,OFF0WF9NA,5,300,2025-11-14,False,2024-08-20T00:00:00
9189,MEGACX9U6B,10,500,2024-02-06,False,2025-06-03T00:00:00
9190,MEGADW91M3,50,300,2023-06-12,False,2024-10-10T00:00:00
9191,SALELHQY2U,15,200,2025-12-17,False,2023-07-18T00:00:00
9192,DESCJMVMOC,50,300,2027-07-04,False,2024-05-10T00:00:00
9193,SALEIL7JBB,10,100,2025-04-19,False,2025-11-23T00:00:00
9194,SAVEE96LZD,40,100,2024-02-26,False,2023-07-29T00:00:00
9195,PROMOHJS1HZ,5,50,2027-12-22,False,2026-02-05T00:00:00
9196,TOPJ2ICET,10,150,2024-10-19,False,2025-09-20T00:00:00
9197,TOP733CGI,10,150,2025-04-08,False,2023-12-15T00:00:00
9198,DESCHNMO7K,30,300,2025-01-27,False,2025-01-11T00:00:00
9199,TOPRBUJTH,20,300,2026-04-25,False,2023-07-12T00:00:00
9200,SALEWQJ48S,10,100,2023-06-26,False,2024-07-26T00:00:00
9201,PROMO0CJQVH,25,50,2025-05-15,False,2024-11-04T00:00:00
9202,MEGARZPYC4,50,300,2023-04-13,False,2024-05-07T00:00:00
9203,SAVE9422G0,5,200,2024-09-29,False,2026-04-06T00:00:00
9204,SAVEA0SM4S,20,300,2026-09-07,True,2023-06-19T00:00:00
9205,DESCTO5B3L,30,200,2026-09-24,True,2025-10-26T00:00:00
9206,PROMOW50WA1,40,500,2025-06-28,False,2025-03-05T00:00:00
9207,SALE14WCZT,30,100,2026-09-18,True,2025-08-07T00:00:00
9208,TOPGCJ7UP,30,200,2024-04-24,False,2024-06-08T00:00:00
9209,OFFKKX2HB,30,500,2024-02-29,False,2023-11-21T00:00:00
9210,SALEHJ0GPJ,50,200,2024-11-08,False,2023-01-08T00:00:00
9211,TOPKBW57M,20,100,2026-09-22,True,2025-03-13T00:00:00
9212,SAVE5N8GRS,20,50,2027-04-21,True,2026-03-15T00:00:00
9213,MEGA2PZT6I,50,300,2025-02-25,False,2025-08-23T00:00:00
9214,DESC0NRF9F,25,150,2024-07-16,False,2025-11-11T00:00:00
9215,MEGALFC3CQ,30,50,2026-10-25,True,2023-11-01T00:00:00
9216,PROMOXFLGX3,30,100,2025-12-19,False,2024-12-13T00:00:00
9217,TOP8W4W9E,15,300,2023-08-02,False,2025-02-25T00:00:00
9218,DESCV53SLC,5,300,2026-10-16,False,2025-03-14T00:00:00
9219,DESCYEY4TB,10,150,2025-04-17,False,2024-11-04T00:00:00
9220,DESCGHS057,20,200,2026-11-17,False,2023-08-05T00:00:00
9221,SALE3YKBED,40,50,2023-09-01,False,2023-02-26T00:00:00
9222,DESC7781YB,50,50,2024-09-18,False,2025-08-27T00:00:00
9223,SUPERX3Y7HJ,50,150,2024-08-28,False,2026-04-26T00:00:00
9224,PROMO5QQJZF,20,200,2025-06-15,False,2023-03-05T00:00:00
9225,PROMOQVR7HW,10,50,2027-05-20,True,2024-07-10T00:00:00
9226,MEGALRSLEO,20,500,2026-04-12,False,2023-03-03T00:00:00
9227,SUPERKWLEFB,5,50,2023-08-27,False,2023-01-10T00:00:00
9228,TOPEZTZ8Q,5,50,2023-03-18,False,2024-12-08T00:00:00
9229,SUPERUX7K1A,25,100,2025-12-24,False,2026-02-14T00:00:00
9230,DESCGM61SB,30,50,2026-02-15,False,2023-08-29T00:00:00
9231,SAVEQE2WHE,40,200,2023-12-07,False,2023-08-10T00:00:00
9232,OFFUGWRMC,30,100,2026-04-24,False,2025-03-25T00:00:00
9233,TOPFE69I3,30,50,2027-02-14,True,2026-02-28T00:00:00
9234,TOPMEWJZP,20,50,2027-11-09,True,2023-07-14T00:00:00
9235,SUPERXA4Q8P,25,500,2025-12-01,False,2025-01-10T00:00:00
9236,SUPERA27T2T,50,500,2024-09-23,False,2023-12-01T00:00:00
9237,SUPERL32B2R,20,300,2026-08-11,False,2025-02-06T00:00:00
9238,SAVE643N5C,30,150,2026-03-12,False,2023-08-25T00:00:00
9239,TOP7SJK13,20,500,2026-05-15,False,2024-01-27T00:00:00
9240,SALESRF3ET,5,50,2023-08-10,False,2025-12-27T00:00:00
9241,MEGADDVQ3E,30,100,2027-11-02,True,2026-04-27T00:00:00
9242,SAVEPJ5DHN,25,100,2023-08-06,False,2025-07-15T00:00:00
9243,SAVESC3QOU,15,200,2023-03-24,False,2024-04-02T00:00:00
9244,SAVETLNBZ7,40,100,2025-03-25,False,2026-01-06T00:00:00
9245,SAVEXWX8Z3,40,150,2026-09-15,True,2023-11-21T00:00:00
9246,PROMON4QX6I,20,500,2024-07-28,False,2025-03-13T00:00:00
9247,OFFS66K79,30,100,2026-07-02,True,2023-11-05T00:00:00
9248,TOPAQZUJW,5,150,2026-11-28,True,2023-09-24T00:00:00
9249,SUPER3IG3TL,25,100,2025-01-29,False,2024-06-21T00:00:00
9250,MEGAD11SXS,15,200,2025-11-05,False,2025-01-22T00:00:00
9251,TOPA2343O,10,200,2024-02-12,False,2023-03-29T00:00:00
9252,OFFV3OJ23,30,300,2027-08-08,False,2023-04-14T00:00:00
9253,PROMONUGT2O,25,150,2026-08-26,True,2024-01-28T00:00:00
9254,SAVE9RJFNM,15,50,2026-09-17,True,2025-10-13T00:00:00
9255,MEGA1DH57W,30,100,2027-09-29,True,2026-01-30T00:00:00
9256,OFFU1YDJS,50,500,2025-12-03,False,2024-12-07T00:00:00
9257,SALEGCV9GH,25,200,2025-04-01,False,2026-02-13T00:00:00
9258,DESCOLULG4,5,300,2024-05-08,False,2025-11-01T00:00:00
9259,TOP6SBQ41,15,300,2023-08-24,False,2024-09-06T00:00:00
9260,TOPV0SRQX,15,150,2025-12-02,False,2023-04-09T00:00:00
9261,PROMOZ06TLT,10,50,2027-01-25,True,2025-12-27T00:00:00
9262,DESC0DJ2SK,30,200,2027-12-13,True,2025-01-13T00:00:00
9263,SAVEJANATJ,30,50,2023-12-31,False,2025-03-03T00:00:00
9264,PROMO3R0XSK,15,300,2024-02-19,False,2025-11-14T00:00:00
9265,SALEDR7NRS,40,100,2027-02-23,True,2026-01-24T00:00:00
9266,SUPERPF4BKW,25,100,2026-10-20,True,2025-08-09T00:00:00
9267,PROMOMJVYEK,5,300,2023-10-04,False,2025-02-11T00:00:00
9268,SAVE8QN9BH,30,200,2027-03-20,True,2026-01-12T00:00:00
9269,DESCNKBUWX,20,50,2026-11-14,True,2024-12-20T00:00:00
9270,PROMOA5K0H9,10,100,2024-08-24,False,2023-05-10T00:00:00
9271,TOP2Q2KZZ,20,100,2024-05-20,False,2023-04-10T00:00:00
9272,SALE7HVKMT,50,50,2023-11-16,False,2023-11-09T00:00:00
9273,SAVERTZMAL,5,100,2023-06-11,False,2026-01-30T00:00:00
9274,SAVEX55F0O,20,150,2024-09-12,False,2023-05-22T00:00:00
9275,DESC0EFJZB,10,300,2027-01-26,True,2024-12-10T00:00:00
9276,SALEDRAMCO,25,200,2023-02-16,False,2026-05-29T00:00:00
9277,SAVEOXG64D,30,150,2025-08-23,False,2025-08-10T00:00:00
9278,SALE7WSQ19,30,50,2023-04-12,False,2024-10-20T00:00:00
9279,TOPGWXYTT,40,500,2027-09-20,False,2023-03-01T00:00:00
9280,OFFU39F51,25,50,2023-07-02,False,2025-09-03T00:00:00
9281,SUPERIG3VVN,25,150,2025-09-09,False,2023-08-02T00:00:00
9282,TOPCOQD8Y,40,500,2024-03-12,False,2024-02-29T00:00:00
9283,SALEW95QDW,15,200,2025-12-10,False,2025-08-21T00:00:00
9284,SALEYCXQWW,40,200,2025-03-12,False,2025-08-19T00:00:00
9285,MEGAPMD9X7,20,100,2023-02-26,False,2023-10-24T00:00:00
9286,SUPERSFP38S,25,150,2026-09-11,False,2023-05-30T00:00:00
9287,DESCDQPZ3F,15,100,2025-04-26,False,2023-07-03T00:00:00
9288,DESCGL8VHN,25,100,2024-03-16,False,2026-01-04T00:00:00
9289,TOPWIYJUR,40,200,2023-09-14,False,2023-02-19T00:00:00
9290,SALE96FAL7,30,150,2025-02-13,False,2025-03-14T00:00:00
9291,PROMOP3OM29,20,50,2026-09-01,True,2025-02-07T00:00:00
9292,SAVEN5XMH0,40,50,2025-03-16,False,2024-05-25T00:00:00
9293,MEGANEA06T,15,300,2024-07-18,False,2023-09-14T00:00:00
9294,MEGA5HBNS0,15,50,2023-12-27,False,2025-09-25T00:00:00
9295,MEGANV4QOO,10,200,2024-08-23,False,2023-10-11T00:00:00
9296,TOPYB204X,10,500,2023-06-20,False,2025-12-13T00:00:00
9297,PROMOIRVQNZ,15,150,2026-12-08,True,2023-04-26T00:00:00
9298,OFFACSS7U,20,500,2024-09-28,False,2026-03-24T00:00:00
9299,OFF5PVFCK,15,300,2026-11-27,True,2025-09-20T00:00:00
9300,PROMOLJUXIE,10,150,2023-01-01,False,2025-10-01T00:00:00
9301,SAVE9H7QAB,50,150,2025-07-01,False,2024-10-31T00:00:00
9302,SALE6MDE1G,15,150,2026-06-14,True,2024-01-13T00:00:00
9303,SUPERE381LT,40,300,2025-08-11,False,2024-11-22T00:00:00
9304,SUPERGAY4W8,40,50,2024-12-04,False,2023-09-13T00:00:00
9305,SAVEVNDUUD,25,150,2027-01-21,True,2025-05-18T00:00:00
9306,PROMOWWT4OT,25,300,2023-12-29,False,2025-05-23T00:00:00
9307,OFFS8F2NZ,50,300,2023-01-03,False,2024-12-23T00:00:00
9308,OFFCYKCM3,25,150,2023-01-23,False,2026-03-08T00:00:00
9309,MEGA1OGNZK,40,100,2025-09-02,False,2023-11-04T00:00:00
9310,OFF4VL4TW,30,50,2026-03-30,False,2025-02-12T00:00:00
9311,OFF663I6P,5,300,2025-12-06,False,2024-07-07T00:00:00
9312,TOPBBMQM2,30,150,2023-06-09,False,2025-11-05T00:00:00
9313,PROMOOIDXZ7,20,500,2024-03-24,False,2024-10-28T00:00:00
9314,OFF7GX944,40,300,2023-08-10,False,2025-09-26T00:00:00
9315,SAVEZCNIO7,50,100,2026-05-12,False,2025-11-16T00:00:00
9316,SAVE3MIJCQ,40,200,2025-05-26,False,2025-01-13T00:00:00
9317,MEGAOY7IGT,5,300,2023-08-08,False,2026-01-02T00:00:00
9318,SAVEE2CZVG,20,200,2027-04-12,True,2024-09-20T00:00:00
9319,MEGAGM2T31,25,100,2023-10-15,False,2023-03-02T00:00:00
9320,PROMO2ULIFE,5,300,2025-06-20,False,2023-08-08T00:00:00
9321,SUPER7D1PNX,20,50,2024-04-03,False,2026-05-24T00:00:00
9322,DESC5YQCUT,50,500,2026-11-30,True,2023-07-05T00:00:00
9323,MEGACZIX0P,25,500,2023-01-09,False,2026-02-06T00:00:00
9324,SUPERDDF4SI,40,150,2025-03-08,False,2024-06-17T00:00:00
9325,DESC2HMQFR,30,50,2026-10-19,True,2024-12-04T00:00:00
9326,SALERI7HFT,10,200,2027-09-22,True,2023-06-23T00:00:00
9327,PROMOPI6TM4,25,300,2024-09-30,False,2026-05-12T00:00:00
9328,MEGAAZKQ8N,15,100,2026-06-04,False,2023-07-30T00:00:00
9329,MEGAXLGHY7,15,300,2026-02-11,False,2023-09-28T00:00:00
9330,MEGAHZTA2R,5,50,2025-06-25,False,2023-05-13T00:00:00
9331,OFFMSQP50,10,500,2025-06-25,False,2025-10-09T00:00:00
9332,DESCRYY7FJ,30,150,2026-07-13,True,2025-12-09T00:00:00
9333,SUPERO5FLNW,10,200,2025-09-24,False,2023-07-03T00:00:00
9334,SAVEI7QROV,50,150,2027-12-13,True,2025-01-25T00:00:00
9335,SALEAO5074,15,50,2025-07-29,False,2023-06-03T00:00:00
9336,PROMO9WQHYV,25,150,2024-10-10,False,2024-04-18T00:00:00
9337,SAVE13XW7U,25,200,2024-09-14,False,2023-09-06T00:00:00
9338,MEGA1PM5BS,20,100,2027-12-15,True,2023-04-11T00:00:00
9339,SALE1WBZP0,50,200,2026-04-03,False,2023-06-29T00:00:00
9340,OFF4QIFX0,30,50,2024-11-16,False,2024-01-07T00:00:00
9341,MEGAG2YEK0,10,100,2025-12-27,False,2024-02-19T00:00:00
9342,OFFDXWGSM,10,50,2025-09-04,False,2024-05-17T00:00:00
9343,SALEVWNJAV,50,100,2027-01-18,True,2024-02-20T00:00:00
9344,PROMO2K3SE2,30,300,2026-01-12,False,2023-02-13T00:00:00
9345,TOPR40XRG,50,50,2024-10-28,False,2023-03-11T00:00:00
9346,TOPENVG9P,10,100,2023-02-17,False,2025-07-07T00:00:00
9347,DESCBCTX7N,40,300,2027-03-19,True,2025-02-02T00:00:00
9348,SUPERAVHU2C,5,50,2027-10-23,True,2024-06-26T00:00:00
9349,SUPER75JQUU,40,300,2024-01-04,False,2024-12-07T00:00:00
9350,DESC8DRLGG,10,50,2025-02-19,False,2023-06-19T00:00:00
9351,MEGA9OYC4P,30,150,2024-11-22,False,2025-05-09T00:00:00
9352,SUPER26257J,10,50,2026-11-14,True,2023-09-23T00:00:00
9353,MEGAG10JAF,20,500,2025-10-29,False,2024-08-13T00:00:00
9354,SUPER6EQPDL,10,200,2024-06-27,False,2025-02-24T00:00:00
9355,DESC4BE2DQ,15,300,2025-09-27,False,2023-07-05T00:00:00
9356,SAVE09AUD2,5,200,2026-07-17,True,2025-05-05T00:00:00
9357,SUPERGD2GX5,40,150,2024-07-19,False,2023-09-10T00:00:00
9358,PROMO06XOEV,15,50,2027-05-30,True,2023-12-03T00:00:00
9359,SALEEJ0W0B,30,100,2025-02-05,False,2023-11-08T00:00:00
9360,TOPTV7D42,20,300,2023-07-23,False,2025-12-15T00:00:00
9361,DESCA4RUI4,30,150,2023-09-08,False,2024-03-01T00:00:00
9362,SAVEKW3MTQ,15,200,2027-08-31,False,2023-09-21T00:00:00
9363,SAVE13MWYK,25,200,2025-10-26,False,2024-10-13T00:00:00
9364,SUPERN5YAZK,10,100,2025-03-08,False,2023-12-20T00:00:00
9365,SAVETHDIVB,25,50,2023-04-07,False,2024-01-29T00:00:00
9366,MEGAX5ZSUQ,30,300,2024-12-02,False,2026-01-04T00:00:00
9367,SUPERE4Z3YU,5,500,2026-05-30,False,2023-01-23T00:00:00
9368,SUPERUTFZUI,15,50,2026-08-17,True,2024-01-24T00:00:00
9369,OFFNOLWR0,5,100,2024-12-02,False,2024-02-11T00:00:00
9370,SAVEDXXORS,5,500,2026-11-22,False,2023-03-26T00:00:00
9371,PROMOH64I4U,20,100,2026-05-07,False,2023-11-19T00:00:00
9372,MEGAT847JK,30,300,2026-06-05,False,2024-06-14T00:00:00
9373,SUPERURXA4L,15,150,2025-03-01,False,2025-06-11T00:00:00
9374,MEGALLU3SH,25,200,2023-02-24,False,2023-09-01T00:00:00
9375,OFF6WYB8X,15,50,2025-08-21,False,2023-02-09T00:00:00
9376,SUPERK4HIG1,30,50,2023-09-17,False,2024-04-21T00:00:00
9377,DESCUCA2V3,25,200,2027-05-07,True,2024-02-20T00:00:00
9378,TOPILI8TQ,10,50,2027-04-30,True,2026-01-24T00:00:00
9379,SAVEEBSI7U,10,150,2023-04-26,False,2025-12-12T00:00:00
9380,SALEKUMGNY,20,500,2023-10-10,False,2025-12-13T00:00:00
9381,SAVEN34W5M,5,100,2027-09-12,True,2026-02-23T00:00:00
9382,SUPERLO80PF,15,200,2025-11-17,False,2025-07-24T00:00:00
9383,SUPERA62GL0,30,50,2025-01-22,False,2025-02-19T00:00:00
9384,TOPAJ5GWY,50,300,2024-05-05,False,2023-03-14T00:00:00
9385,SUPERD9WS5G,50,50,2026-01-05,False,2023-08-03T00:00:00
9386,SALE91LXIA,20,500,2027-07-25,True,2026-05-29T00:00:00
9387,PROMOMQJUOX,10,100,2025-11-02,False,2024-06-21T00:00:00
9388,SUPERBX6EHM,5,200,2025-03-25,False,2026-01-06T00:00:00
9389,SALEFYGJG7,40,500,2023-09-11,False,2026-04-19T00:00:00
9390,SUPERZVIP2O,5,50,2025-01-03,False,2025-01-25T00:00:00
9391,SAVE3IOX0E,50,100,2027-11-12,True,2024-09-12T00:00:00
9392,SALEXV3JP0,40,150,2027-10-19,True,2025-08-12T00:00:00
9393,TOP7ZVA76,20,200,2024-10-13,False,2024-12-27T00:00:00
9394,SUPERPDFK6Z,5,200,2027-07-10,False,2024-12-19T00:00:00
9395,MEGAE6P05Z,25,50,2026-01-22,False,2025-07-01T00:00:00
9396,SAVEN6CJ4E,40,100,2026-02-22,False,2026-04-26T00:00:00
9397,SAVEC0EXYO,20,50,2025-01-06,False,2024-06-27T00:00:00
9398,OFFGD2N6B,10,100,2026-03-31,False,2023-11-14T00:00:00
9399,TOPZYZYON,25,300,2025-01-24,False,2023-11-05T00:00:00
9400,SALEZS7NAW,10,200,2023-07-29,False,2024-07-23T00:00:00
9401,SAVEUXHY5T,50,200,2027-07-17,True,2023-03-14T00:00:00
9402,PROMOQCL7W8,10,200,2025-01-26,False,2024-08-25T00:00:00
9403,SUPER6PWBDG,50,500,2027-07-09,True,2025-07-16T00:00:00
9404,SUPERMAR8JQ,30,100,2026-10-10,False,2023-10-14T00:00:00
9405,DESC5ZMYX9,40,300,2027-05-27,True,2026-02-07T00:00:00
9406,PROMOUNMXXK,20,150,2025-12-24,False,2025-02-11T00:00:00
9407,OFFVLIPIJ,30,300,2027-04-03,False,2025-02-27T00:00:00
9408,DESC9VD7AU,20,100,2023-09-22,False,2024-03-23T00:00:00
9409,OFFHOH33X,50,100,2025-09-01,False,2024-07-09T00:00:00
9410,MEGAI67IOM,25,500,2023-05-04,False,2024-09-12T00:00:00
9411,SAVE8T7YDV,25,100,2027-10-19,True,2023-02-06T00:00:00
9412,SUPERCYE5TM,10,300,2024-08-11,False,2025-11-26T00:00:00
9413,TOPXW5RSE,5,200,2026-10-03,False,2024-06-05T00:00:00
9414,OFF2ALQOS,5,500,2023-02-08,False,2023-04-22T00:00:00
9415,SAVEW95OS7,40,200,2027-07-01,False,2024-04-27T00:00:00
9416,SUPERDOOKBX,5,100,2025-11-10,False,2023-06-14T00:00:00
9417,DESCID9WT5,5,150,2023-06-29,False,2025-09-12T00:00:00
9418,MEGA2VJ9XN,5,500,2023-03-11,False,2024-11-03T00:00:00
9419,DESCUKEMLN,20,200,2024-04-23,False,2023-01-19T00:00:00
9420,DESCJKOW9G,30,50,2027-08-01,True,2023-06-19T00:00:00
9421,MEGA7YZWYA,30,100,2024-11-20,False,2023-10-26T00:00:00
9422,MEGARPQVY1,15,200,2024-10-04,False,2026-06-09T00:00:00
9423,SUPERKZ7NQ6,5,50,2023-03-28,False,2024-06-19T00:00:00
9424,PROMOE4HGMG,25,200,2027-10-25,False,2023-04-13T00:00:00
9425,SUPER67FQS3,25,50,2023-09-09,False,2024-06-21T00:00:00
9426,TOPIX07LO,5,500,2024-07-28,False,2023-07-06T00:00:00
9427,SAVENN9QDS,40,500,2024-12-12,False,2024-09-13T00:00:00
9428,MEGAOAC92R,40,100,2025-09-28,False,2023-05-23T00:00:00
9429,SAVEU4CFOK,15,300,2025-11-12,False,2024-09-22T00:00:00
9430,TOPXX9BYL,5,150,2026-06-05,False,2025-12-07T00:00:00
9431,SUPERWPOQL2,20,150,2027-12-05,True,2023-02-14T00:00:00
9432,SALE59N6FB,25,50,2023-11-28,False,2025-08-07T00:00:00
9433,SALELSH12G,50,100,2023-11-26,False,2024-11-26T00:00:00
9434,SALEYO33T4,20,300,2026-01-09,False,2026-01-26T00:00:00
9435,MEGA6JXSUM,25,500,2023-01-30,False,2024-11-15T00:00:00
9436,MEGAHEIUNI,15,100,2025-01-06,False,2023-05-11T00:00:00
9437,SAVEO8R6BW,20,500,2027-12-02,True,2025-05-12T00:00:00
9438,TOPUFPWWE,30,200,2026-08-17,True,2025-12-17T00:00:00
9439,SALECKRT0F,20,50,2023-04-24,False,2026-05-01T00:00:00
9440,SUPER3X46KO,15,50,2026-06-09,False,2025-05-30T00:00:00
9441,MEGAIH2771,15,150,2023-11-13,False,2026-02-01T00:00:00
9442,TOPMMZRMQ,50,50,2024-01-08,False,2024-11-01T00:00:00
9443,TOP4MPSOH,10,50,2025-09-05,False,2024-03-04T00:00:00
9444,SALEKXRXOI,20,500,2023-06-25,False,2025-03-11T00:00:00
9445,SALE9Q0PCL,5,150,2027-11-24,True,2023-12-22T00:00:00
9446,SALEO13MA9,15,50,2027-03-18,True,2025-07-02T00:00:00
9447,DESC0J5UGL,25,50,2026-03-07,False,2024-11-05T00:00:00
9448,SALEBSAUJJ,15,100,2026-12-20,False,2023-07-21T00:00:00
9449,SUPER0QCQD8,30,200,2023-03-05,False,2026-01-04T00:00:00
9450,SUPERL75K0D,20,50,2026-06-08,False,2025-08-18T00:00:00
9451,PROMO455OA0,40,500,2025-06-24,False,2023-05-26T00:00:00
9452,SAVE68MY6V,40,100,2025-01-19,False,2025-11-22T00:00:00
9453,TOPDFCBHL,25,150,2025-01-24,False,2024-08-09T00:00:00
9454,SUPERWJ88B2,50,500,2023-06-12,False,2024-08-09T00:00:00
9455,MEGA2GGSWY,40,100,2023-11-15,False,2023-07-07T00:00:00
9456,SAVEJN7FQJ,15,50,2026-06-30,False,2025-07-05T00:00:00
9457,MEGAUC35V0,50,200,2023-08-14,False,2026-04-24T00:00:00
9458,SUPERPZRXVD,25,500,2027-05-19,True,2025-11-20T00:00:00
9459,TOPYVDH32,10,300,2023-10-30,False,2025-05-26T00:00:00
9460,OFF05D5FI,5,500,2025-06-05,False,2026-04-29T00:00:00
9461,TOPNXXQ55,30,200,2026-08-02,False,2024-07-26T00:00:00
9462,SAVEDQYEYG,20,150,2025-04-21,False,2023-06-01T00:00:00
9463,OFFNODK2P,30,100,2024-08-23,False,2023-03-07T00:00:00
9464,SUPERDGELMY,5,50,2027-05-28,True,2025-06-16T00:00:00
9465,MEGA42I2YQ,25,100,2023-03-19,False,2025-02-09T00:00:00
9466,OFFOZI0YO,50,150,2025-11-01,False,2025-11-15T00:00:00
9467,MEGAIWD9XT,20,100,2024-11-28,False,2024-08-13T00:00:00
9468,SALECVQJRR,20,100,2025-05-14,False,2026-05-13T00:00:00
9469,PROMOR293LH,40,100,2025-01-09,False,2023-07-01T00:00:00
9470,MEGASXJ1ZA,30,300,2026-11-19,False,2023-08-19T00:00:00
9471,MEGA34JTC1,15,100,2023-02-21,False,2024-08-13T00:00:00
9472,SUPERXZZO5A,25,100,2023-08-26,False,2023-06-20T00:00:00
9473,OFFYNBVP2,20,150,2026-10-02,True,2024-10-09T00:00:00
9474,SUPERMQDZ1L,20,50,2024-02-03,False,2026-06-09T00:00:00
9475,MEGAG8G74V,50,150,2025-05-03,False,2023-11-26T00:00:00
9476,SUPERJ969Z9,20,100,2026-01-29,False,2025-05-18T00:00:00
9477,PROMO8U6HBH,5,300,2027-07-25,True,2024-08-05T00:00:00
9478,MEGA92Q6Y4,50,100,2026-04-15,False,2023-09-29T00:00:00
9479,PROMORB8X7E,5,500,2027-10-03,True,2024-12-03T00:00:00
9480,SALEWUV8AX,10,150,2024-07-01,False,2024-09-02T00:00:00
9481,SUPER7WZLYY,40,50,2027-03-10,False,2025-03-08T00:00:00
9482,TOP4MV1YU,5,300,2027-05-03,False,2024-08-16T00:00:00
9483,SALEFPKCN9,40,200,2023-04-23,False,2025-03-02T00:00:00
9484,MEGAV12H4B,5,100,2026-12-20,True,2024-04-16T00:00:00
9485,PROMO3VLJOO,50,100,2023-11-25,False,2026-04-10T00:00:00
9486,TOPE3LOIO,50,100,2026-11-05,True,2024-06-02T00:00:00
9487,DESCANQMU7,50,200,2025-12-18,False,2023-01-03T00:00:00
9488,PROMO0RHSYP,5,200,2026-01-20,False,2023-01-28T00:00:00
9489,SAVEH8QREQ,50,100,2024-11-15,False,2025-08-20T00:00:00
9490,PROMOHUKMDU,5,500,2025-03-21,False,2024-11-18T00:00:00
9491,OFF07VZD3,10,500,2027-05-12,True,2026-05-02T00:00:00
9492,SAVEEY4IOQ,5,500,2026-03-10,False,2024-12-29T00:00:00
9493,OFF1EATM1,15,50,2027-05-16,True,2024-03-05T00:00:00
9494,MEGACLESSI,30,150,2023-01-02,False,2023-01-31T00:00:00
9495,SALE98Q5BJ,5,500,2025-10-03,False,2024-11-29T00:00:00
9496,PROMO5PL8IO,10,200,2023-09-03,False,2025-11-08T00:00:00
9497,OFFMWJITB,5,200,2024-05-06,False,2026-01-22T00:00:00
9498,SALE2LFAMF,10,150,2027-10-02,True,2025-08-05T00:00:00
9499,OFFVEVMYL,5,100,2026-08-04,True,2023-03-20T00:00:00
9500,MEGAAD0KVX,5,100,2025-05-11,False,2024-07-07T00:00:00
9501,DESC0V683K,40,100,2026-08-07,True,2026-03-16T00:00:00
9502,SUPERCAHHS4,30,50,2023-01-26,False,2023-07-08T00:00:00
9503,SALE7J3X51,30,100,2026-06-27,True,2025-04-21T00:00:00
9504,MEGAXRW7MA,25,50,2026-06-04,False,2024-12-16T00:00:00
9505,TOPZ0ITQY,10,200,2027-02-08,False,2024-06-08T00:00:00
9506,PROMOIHVEK8,30,50,2026-07-31,True,2025-02-22T00:00:00
9507,SAVEICSROI,5,100,2026-04-17,False,2025-11-01T00:00:00
9508,OFFM5TF3P,25,100,2024-10-16,False,2023-08-01T00:00:00
9509,OFF5XQDX1,20,50,2026-06-06,False,2024-08-09T00:00:00
9510,TOP99WHU7,5,300,2027-03-10,True,2024-02-13T00:00:00
9511,SAVE6L2P13,20,150,2027-03-13,True,2023-09-11T00:00:00
9512,OFFJHZ33V,25,50,2025-08-13,False,2023-02-17T00:00:00
9513,PROMOQ7T18H,5,300,2024-07-08,False,2026-02-04T00:00:00
9514,DESCCAAYM4,5,150,2024-05-20,False,2024-03-29T00:00:00
9515,MEGA4IQHNT,10,200,2024-02-02,False,2023-03-11T00:00:00
9516,MEGAF2WF9E,25,500,2024-12-29,False,2023-05-16T00:00:00
9517,OFFZ8S0XQ,25,50,2026-09-05,False,2025-11-26T00:00:00
9518,SALEI00RHR,50,50,2024-02-10,False,2026-03-23T00:00:00
9519,DESCB355NS,20,500,2025-04-28,False,2026-02-22T00:00:00
9520,DESC7ZGOTQ,10,500,2027-03-16,True,2024-06-16T00:00:00
9521,OFFZ6EQP4,40,300,2025-06-10,False,2025-02-24T00:00:00
9522,TOPJQ9M6Q,40,200,2023-10-06,False,2024-04-16T00:00:00
9523,OFFW03GII,25,500,2026-01-14,False,2025-09-02T00:00:00
9524,MEGAUI7IXF,20,500,2023-04-29,False,2024-10-20T00:00:00
9525,SAVE6MJQ3N,50,500,2024-06-27,False,2024-05-09T00:00:00
9526,SUPERB5LVO8,5,50,2027-02-24,True,2023-11-26T00:00:00
9527,TOPQC6040,50,300,2025-12-14,False,2026-04-13T00:00:00
9528,MEGANGZ6A2,15,100,2024-07-30,False,2023-12-23T00:00:00
9529,MEGAQQKIDR,50,300,2025-02-15,False,2025-08-06T00:00:00
9530,SUPERN96R1T,5,200,2026-10-21,False,2024-01-10T00:00:00
9531,MEGA2ZNESP,25,500,2026-03-22,False,2026-04-23T00:00:00
9532,SUPERST8O92,10,500,2026-10-09,True,2024-05-26T00:00:00
9533,MEGAVVE5FU,5,200,2025-10-01,False,2025-05-06T00:00:00
9534,OFFTIBMLZ,50,300,2027-06-09,True,2025-05-10T00:00:00
9535,SALEBGO975,25,200,2024-09-03,False,2023-11-20T00:00:00
9536,SAVEIQJCE3,5,150,2027-06-26,False,2025-06-19T00:00:00
9537,TOPDHAW8Z,15,300,2024-06-19,False,2025-11-10T00:00:00
9538,PROMONR0XDT,25,500,2024-12-17,False,2025-10-27T00:00:00
9539,SAVE4DIZPM,30,500,2025-12-30,False,2023-01-05T00:00:00
9540,MEGA29LPUJ,50,300,2025-04-21,False,2024-04-03T00:00:00
9541,PROMOKROC8U,50,500,2024-11-27,False,2023-04-07T00:00:00
9542,SUPER02GRRS,30,100,2025-08-30,False,2026-01-11T00:00:00
9543,TOPYNAQ0U,10,50,2023-09-27,False,2026-03-15T00:00:00
9544,MEGAZDQRMK,40,150,2026-03-02,False,2023-12-26T00:00:00
9545,SALEVVOK3E,50,50,2025-02-21,False,2023-01-07T00:00:00
9546,SAVEXR62PS,40,200,2026-10-18,True,2024-05-13T00:00:00
9547,OFFARDJ0X,25,150,2026-03-11,False,2025-02-25T00:00:00
9548,SUPERVWTB3R,40,150,2026-04-21,False,2026-01-30T00:00:00
9549,PROMOX38W5Y,50,50,2023-06-26,False,2026-03-19T00:00:00
9550,OFF8F7NI5,10,200,2025-06-06,False,2024-09-20T00:00:00
9551,SALEZCG6J1,40,50,2025-06-14,False,2023-09-03T00:00:00
9552,SAVECF1RCG,30,200,2023-02-25,False,2026-02-01T00:00:00
9553,DESC07Q52I,15,50,2027-02-04,True,2025-05-08T00:00:00
9554,SAVEBXXQ4S,30,150,2025-02-15,False,2026-05-11T00:00:00
9555,OFFX0COPI,10,200,2023-12-23,False,2026-04-12T00:00:00
9556,SALETJ0J2K,5,50,2027-09-06,True,2023-10-19T00:00:00
9557,PROMOOG8KHX,50,50,2027-04-15,True,2024-11-07T00:00:00
9558,SAVEKEVZAP,20,200,2023-06-20,False,2025-04-01T00:00:00
9559,MEGA2W3OUH,40,150,2023-09-06,False,2023-09-27T00:00:00
9560,SALE3MMZHI,50,200,2027-07-07,True,2025-03-02T00:00:00
9561,DESCXSNN4J,30,200,2024-09-27,False,2025-07-16T00:00:00
9562,TOPB3PO19,15,100,2027-06-11,True,2023-07-07T00:00:00
9563,SAVE8DPGWF,15,100,2024-05-01,False,2025-10-03T00:00:00
9564,OFFYJG8LI,50,50,2027-07-25,True,2024-05-04T00:00:00
9565,DESC58KHUC,30,50,2023-09-22,False,2026-05-12T00:00:00
9566,MEGA68FBD6,10,500,2026-10-30,False,2024-10-06T00:00:00
9567,PROMODU68RN,15,100,2024-05-27,False,2025-10-20T00:00:00
9568,MEGAXAA55D,20,200,2027-11-29,True,2026-05-15T00:00:00
9569,PROMOHI4714,30,200,2024-05-07,False,2023-05-11T00:00:00
9570,TOPHWKN9B,10,150,2024-08-23,False,2024-05-05T00:00:00
9571,SUPERTC4PJM,25,300,2023-08-08,False,2026-01-16T00:00:00
9572,SALEYVP2SW,10,500,2025-11-17,False,2025-04-14T00:00:00
9573,TOPRXU24O,15,300,2027-09-03,True,2024-12-07T00:00:00
9574,PROMOI367SZ,15,50,2027-12-18,False,2026-01-17T00:00:00
9575,SALEFFXOK8,50,200,2026-01-08,False,2023-07-26T00:00:00
9576,SALE7WK66D,20,100,2023-01-04,False,2026-06-04T00:00:00
9577,SAVEY42IXW,40,50,2024-08-01,False,2024-01-02T00:00:00
9578,PROMO7F6VDE,10,150,2024-02-08,False,2024-06-21T00:00:00
9579,OFFP5QXB7,50,150,2027-09-11,False,2023-03-26T00:00:00
9580,OFFY8X9RT,10,50,2024-12-30,False,2025-09-27T00:00:00
9581,TOPBD4HQU,40,150,2023-12-05,False,2024-03-07T00:00:00
9582,SALE3M7PIW,5,500,2024-02-05,False,2023-03-09T00:00:00
9583,SALEOJ5IIQ,40,100,2025-08-07,False,2023-04-05T00:00:00
9584,SAVEPDHZUM,30,150,2023-03-27,False,2025-12-28T00:00:00
9585,SAVEZN70N7,5,150,2024-09-04,False,2025-09-17T00:00:00
9586,SALETA8QD7,15,150,2023-06-13,False,2023-09-25T00:00:00
9587,OFFI3BCCD,15,200,2027-03-03,True,2024-03-18T00:00:00
9588,TOPKIMARC,20,150,2025-09-09,False,2024-08-10T00:00:00
9589,PROMOTC2VAJ,50,200,2026-08-16,True,2023-10-18T00:00:00
9590,SAVEJPPWDY,5,150,2025-09-12,False,2024-02-03T00:00:00
9591,TOPAG6PWM,30,100,2027-12-15,True,2025-01-26T00:00:00
9592,SUPERM0NSH8,15,100,2025-11-06,False,2025-10-27T00:00:00
9593,SAVEBY0C5U,25,500,2026-07-20,False,2024-09-27T00:00:00
9594,SUPERK5MCLM,25,300,2023-02-26,False,2024-03-23T00:00:00
9595,MEGAG22QCD,5,50,2023-03-10,False,2024-06-27T00:00:00
9596,PROMOCDEX5V,50,300,2027-07-24,False,2024-06-22T00:00:00
9597,MEGAQDWSUA,40,300,2024-08-31,False,2026-02-17T00:00:00
9598,TOPJM5Z9W,5,50,2025-08-08,False,2024-03-10T00:00:00
9599,SUPERDGL9WQ,15,50,2025-04-23,False,2024-10-18T00:00:00
9600,PROMOQ20SYC,25,300,2025-10-01,False,2024-08-23T00:00:00
9601,SAVESOTBEU,20,150,2025-04-12,False,2024-06-13T00:00:00
9602,PROMOG9TQUP,15,200,2027-09-17,True,2025-12-15T00:00:00
9603,MEGAP8UTUQ,40,50,2024-02-18,False,2025-08-06T00:00:00
9604,OFFME33IY,15,300,2025-12-14,False,2024-09-27T00:00:00
9605,OFF0748H5,10,150,2025-01-30,False,2026-03-01T00:00:00
9606,SUPERG05B0N,15,100,2025-07-16,False,2025-01-04T00:00:00
9607,OFFPDY5NU,5,100,2025-05-09,False,2025-06-20T00:00:00
9608,PROMO0TRTEE,25,200,2026-05-22,False,2026-05-09T00:00:00
9609,MEGA8APUMZ,10,200,2025-01-22,False,2026-03-05T00:00:00
9610,DESC1BTU6V,40,150,2026-12-20,True,2024-05-19T00:00:00
9611,OFFSJZ499,15,500,2027-03-27,True,2025-06-04T00:00:00
9612,OFF8YV3AG,5,100,2024-10-04,False,2023-09-15T00:00:00
9613,OFFOJL5PM,40,150,2023-02-08,False,2025-01-21T00:00:00
9614,SAVEI7K00Z,30,500,2027-02-11,True,2025-01-29T00:00:00
9615,MEGA2J6BA0,5,150,2026-11-23,True,2025-04-28T00:00:00
9616,OFFUN2DM6,15,150,2025-04-21,False,2026-05-10T00:00:00
9617,SALEIX55FA,20,150,2025-12-26,False,2025-11-22T00:00:00
9618,SUPERLAQI68,30,200,2025-07-16,False,2024-12-21T00:00:00
9619,PROMOXN9V4R,10,200,2024-12-03,False,2023-05-18T00:00:00
9620,SUPER8SOXFX,25,100,2025-04-06,False,2025-07-18T00:00:00
9621,TOPNVUOHD,5,500,2026-05-01,False,2025-08-07T00:00:00
9622,DESCWXF1W2,20,500,2024-10-02,False,2024-01-31T00:00:00
9623,SALEQGCHNF,30,50,2023-08-12,False,2025-07-11T00:00:00
9624,SALEKGBGOV,20,200,2024-01-22,False,2025-07-21T00:00:00
9625,PROMO4GEA43,30,150,2026-04-30,False,2024-01-13T00:00:00
9626,MEGA5XTRAI,50,300,2026-11-04,True,2025-10-01T00:00:00
9627,SAVEB9QHBX,40,500,2026-09-01,False,2023-06-22T00:00:00
9628,OFFSIBS4R,30,500,2027-10-02,True,2025-04-20T00:00:00
9629,SAVEEW93DY,15,50,2023-04-26,False,2026-04-12T00:00:00
9630,OFFIXLY2J,15,50,2024-08-26,False,2024-09-07T00:00:00
9631,SUPERWSRHLT,30,50,2027-12-22,True,2025-11-17T00:00:00
9632,MEGAL7DCJU,5,500,2027-12-04,True,2025-12-27T00:00:00
9633,TOP3D7ZY5,25,500,2023-12-08,False,2024-05-14T00:00:00
9634,SAVEB06AOB,40,200,2023-08-07,False,2024-06-21T00:00:00
9635,DESCJS31RO,25,100,2024-01-07,False,2025-11-26T00:00:00
9636,MEGAF7CI22,25,150,2024-10-19,False,2023-04-11T00:00:00
9637,OFFJQN64D,10,100,2025-11-06,False,2026-05-06T00:00:00
9638,SUPERII3H2U,30,150,2027-07-19,True,2024-07-03T00:00:00
9639,SUPERVIE7I1,30,500,2024-07-15,False,2024-11-26T00:00:00
9640,DESCF6IUQF,10,100,2024-09-04,False,2025-06-12T00:00:00
9641,OFFBDDCTE,5,500,2023-04-06,False,2023-01-17T00:00:00
9642,OFF82GBVT,25,150,2026-12-25,True,2025-12-16T00:00:00
9643,OFFZ6OXWX,15,200,2024-11-09,False,2023-03-14T00:00:00
9644,SALE9B4APK,20,300,2027-09-20,True,2023-01-13T00:00:00
9645,DESC6RNO21,15,100,2027-05-29,False,2023-12-29T00:00:00
9646,MEGAWAO3XC,25,50,2026-01-25,False,2025-03-31T00:00:00
9647,SALE44NVZB,25,500,2023-12-17,False,2024-02-29T00:00:00
9648,SALETDW1U0,10,500,2024-12-15,False,2024-05-01T00:00:00
9649,SUPERN4C9II,5,300,2026-12-02,False,2024-02-21T00:00:00
9650,MEGAQJMANT,25,50,2025-10-24,False,2023-02-12T00:00:00
9651,DESCKH89EY,10,150,2025-05-27,False,2023-11-26T00:00:00
9652,TOPKD0CCW,20,200,2026-01-22,False,2025-08-04T00:00:00
9653,SUPERQ24RSV,40,500,2025-11-09,False,2026-05-20T00:00:00
9654,SUPERX3TU47,30,50,2025-10-08,False,2025-05-25T00:00:00
9655,MEGAFUI5YM,25,150,2024-06-15,False,2023-06-29T00:00:00
9656,PROMORC5UQH,5,200,2026-11-25,True,2025-02-16T00:00:00
9657,SAVE0AP3QK,20,200,2025-12-26,False,2024-03-10T00:00:00
9658,SUPERAHQMSU,10,200,2023-06-09,False,2023-01-29T00:00:00
9659,DESCSUP1AG,20,100,2024-12-28,False,2025-04-11T00:00:00
9660,MEGA1RHI4D,20,150,2026-01-23,False,2024-03-07T00:00:00
9661,TOPVWVENQ,15,100,2023-06-17,False,2024-11-11T00:00:00
9662,PROMO82VFWO,15,200,2026-06-14,True,2026-06-04T00:00:00
9663,TOP8Q1DMX,5,300,2024-12-20,False,2024-10-20T00:00:00
9664,TOPTJGIZH,20,50,2026-01-31,False,2023-03-29T00:00:00
9665,DESCVONUTK,50,500,2023-05-17,False,2024-03-28T00:00:00
9666,TOPLBAP2R,15,200,2026-12-24,True,2024-12-27T00:00:00
9667,SAVE31A6ML,5,100,2027-12-15,True,2025-06-21T00:00:00
9668,SUPERPD5S53,5,150,2026-01-07,False,2025-01-25T00:00:00
9669,SALESNJ8T0,10,100,2027-04-17,True,2026-02-02T00:00:00
9670,SALEBGP86H,40,50,2024-03-23,False,2024-03-23T00:00:00
9671,MEGA784JJJ,40,500,2023-03-07,False,2025-06-29T00:00:00
9672,PROMOFNT9OW,30,500,2024-03-26,False,2026-05-23T00:00:00
9673,MEGAXGL2MA,10,200,2023-06-15,False,2026-02-19T00:00:00
9674,SAVEMCJKB2,10,150,2026-03-30,False,2023-09-16T00:00:00
9675,DESCS3ORWC,30,500,2027-09-14,False,2025-05-07T00:00:00
9676,SAVEH7TFPT,20,500,2023-04-10,False,2024-06-10T00:00:00
9677,OFF4O9U9T,20,150,2024-07-08,False,2024-10-18T00:00:00
9678,OFFYK1LIQ,50,50,2025-03-02,False,2023-09-26T00:00:00
9679,OFFEHEQBF,40,150,2024-12-17,False,2024-07-22T00:00:00
9680,MEGAJMIA9J,10,500,2024-05-10,False,2024-01-23T00:00:00
9681,SALEFEZBQL,50,100,2024-04-04,False,2025-09-01T00:00:00
9682,TOP9IIASF,15,150,2024-05-13,False,2024-05-07T00:00:00
9683,SAVESWDBXB,25,50,2025-05-24,False,2025-05-03T00:00:00
9684,TOPZI7UNF,40,500,2027-04-21,True,2025-08-03T00:00:00
9685,OFFXPNE52,30,200,2026-11-19,True,2024-06-21T00:00:00
9686,DESCI4UELG,50,100,2026-01-06,False,2024-12-23T00:00:00
9687,OFFLHEOKM,30,200,2025-07-14,False,2023-03-30T00:00:00
9688,MEGA1JT0KI,5,300,2023-04-10,False,2025-01-17T00:00:00
9689,SAVEI4Q5MA,15,100,2025-02-28,False,2026-04-06T00:00:00
9690,SALED8LVB8,40,500,2025-12-03,False,2026-02-07T00:00:00
9691,DESCWDCA8H,15,150,2025-10-27,False,2023-02-25T00:00:00
9692,DESCKAX5OS,20,200,2027-06-19,True,2025-07-04T00:00:00
9693,PROMO6DUNEJ,30,300,2027-04-01,True,2024-02-27T00:00:00
9694,SAVE1WLBQG,10,150,2025-04-13,False,2025-03-24T00:00:00
9695,MEGALPA7KL,40,500,2024-08-09,False,2024-05-27T00:00:00
9696,MEGA2IEVQ4,20,500,2023-05-06,False,2025-02-16T00:00:00
9697,SUPERH1R4OC,30,300,2024-07-17,False,2023-03-17T00:00:00
9698,SAVEDBU9GE,40,200,2023-04-23,False,2024-01-30T00:00:00
9699,PROMOONX99U,40,100,2025-01-31,False,2024-12-21T00:00:00
9700,PROMO4GX2MH,40,50,2026-02-16,False,2024-12-24T00:00:00
9701,MEGA13JWFE,20,50,2027-03-10,True,2024-11-10T00:00:00
9702,SUPERLTVIBM,15,300,2027-02-24,True,2023-02-12T00:00:00
9703,OFFPGG0K9,50,50,2027-11-21,False,2024-04-16T00:00:00
9704,MEGAVXQDZ8,20,50,2025-02-18,False,2025-08-24T00:00:00
9705,SAVEQ36U8P,15,200,2027-08-12,True,2025-05-16T00:00:00
9706,OFFLCB18B,15,300,2027-10-09,True,2025-11-08T00:00:00
9707,OFFC9S0QJ,20,300,2025-04-21,False,2024-10-18T00:00:00
9708,TOPLGUBV0,20,50,2024-11-29,False,2024-10-10T00:00:00
9709,OFFBCAFOJ,20,300,2023-05-06,False,2026-04-05T00:00:00
9710,MEGAKQ45B0,10,100,2025-05-27,False,2023-10-02T00:00:00
9711,TOPHLL3HS,20,100,2027-10-02,True,2026-04-22T00:00:00
9712,SAVEDM4HNJ,30,200,2027-04-12,False,2023-03-05T00:00:00
9713,OFFYZ4YTO,20,200,2027-05-13,False,2026-02-10T00:00:00
9714,SAVEPAYGEB,25,500,2024-03-30,False,2024-12-22T00:00:00
9715,SAVEPREDCL,40,100,2027-06-10,True,2024-02-02T00:00:00
9716,MEGAMU1HXN,5,500,2023-12-14,False,2025-04-15T00:00:00
9717,MEGALG3IZE,30,100,2027-05-06,True,2023-04-15T00:00:00
9718,MEGA60OXME,15,100,2025-10-10,False,2023-01-25T00:00:00
9719,SUPER3SFKMR,10,150,2023-10-08,False,2025-01-15T00:00:00
9720,SUPER9CCT4W,50,500,2027-05-07,True,2024-11-13T00:00:00
9721,MEGAPMU7B7,40,50,2026-03-11,False,2026-04-12T00:00:00
9722,SUPERBLRI8U,25,500,2023-06-17,False,2025-07-31T00:00:00
9723,TOPSV9UZW,50,500,2024-12-04,False,2026-03-12T00:00:00
9724,TOP5UMZCG,10,50,2027-07-15,True,2024-10-31T00:00:00
9725,OFFZ0FHXT,30,50,2023-02-11,False,2024-05-26T00:00:00
9726,SAVEG2IKJ5,40,500,2027-09-23,False,2026-02-09T00:00:00
9727,OFFPDU0Q7,20,100,2025-03-17,False,2024-09-27T00:00:00
9728,MEGAPE6W59,20,300,2025-05-21,False,2024-12-29T00:00:00
9729,TOPSIXAYB,25,200,2025-06-09,False,2026-05-07T00:00:00
9730,DESCNL2CTV,25,100,2023-08-22,False,2023-11-30T00:00:00
9731,DESCPS95JD,25,100,2027-03-01,True,2025-11-22T00:00:00
9732,MEGA7EXF4Y,40,500,2024-11-24,False,2024-03-01T00:00:00
9733,DESC9NYBLL,10,150,2024-12-24,False,2025-12-30T00:00:00
9734,SUPERWNCHB3,25,500,2023-04-17,False,2023-07-25T00:00:00
9735,SUPERRGTVYF,40,50,2027-02-14,False,2023-10-19T00:00:00
9736,SUPERU2GFSZ,10,150,2025-06-18,False,2025-01-12T00:00:00
9737,OFFLFMOA2,10,150,2023-03-22,False,2023-01-14T00:00:00
9738,PROMOR9EB1P,10,200,2024-07-10,False,2026-03-11T00:00:00
9739,SALEDV3KH4,10,100,2025-07-14,False,2023-04-23T00:00:00
9740,PROMOOW1ZVG,40,100,2027-02-12,True,2024-09-27T00:00:00
9741,PROMO9D1O98,20,200,2025-08-30,False,2025-03-19T00:00:00
9742,SUPER09SII2,30,50,2026-10-12,True,2025-05-22T00:00:00
9743,MEGAQYZJLY,50,300,2026-05-15,False,2023-06-12T00:00:00
9744,DESCAKPSAP,15,50,2025-07-25,False,2024-08-30T00:00:00
9745,OFFIK3FXM,5,300,2027-11-19,False,2025-06-17T00:00:00
9746,OFFE4CV99,25,200,2027-04-15,True,2023-12-01T00:00:00
9747,OFFKUVEFK,50,500,2027-01-02,False,2026-02-16T00:00:00
9748,SUPERC6G9GK,40,300,2025-03-16,False,2026-04-17T00:00:00
9749,DESCLJ9YGT,5,50,2026-05-13,False,2024-06-01T00:00:00
9750,OFFRWW620,30,150,2023-05-22,False,2023-04-24T00:00:00
9751,OFFU6AO58,30,50,2023-10-11,False,2024-10-03T00:00:00
9752,PROMOT82JII,5,100,2027-10-06,True,2023-07-12T00:00:00
9753,SALEJ7L7XZ,5,500,2027-03-22,True,2023-06-05T00:00:00
9754,SALE6J9UTH,20,200,2027-07-17,True,2025-08-09T00:00:00
9755,OFFDRBJY5,10,200,2023-07-05,False,2025-01-05T00:00:00
9756,SAVEDU6U3S,10,50,2027-01-31,True,2025-12-21T00:00:00
9757,SUPERA91G2O,20,100,2024-07-31,False,2025-10-16T00:00:00
9758,PROMOGMI1K5,15,50,2027-07-01,True,2023-04-06T00:00:00
9759,SAVECS3T8N,15,500,2026-04-14,False,2024-02-03T00:00:00
9760,TOPLXS4EH,15,100,2023-12-26,False,2023-02-11T00:00:00
9761,OFFX67W03,50,300,2027-04-17,True,2024-11-24T00:00:00
9762,DESCA474KP,30,100,2026-06-30,False,2026-05-07T00:00:00
9763,TOPCF3UGH,50,300,2023-12-02,False,2024-12-19T00:00:00
9764,MEGAUBTK3F,30,200,2024-11-04,False,2023-09-13T00:00:00
9765,SUPERAYPBUC,30,200,2026-03-20,False,2025-11-03T00:00:00
9766,OFF9WZ23C,40,100,2023-10-11,False,2023-04-01T00:00:00
9767,OFF8KIEB0,25,500,2026-07-01,True,2025-03-29T00:00:00
9768,SALESDESRK,40,100,2025-07-29,False,2023-07-23T00:00:00
9769,SAVEPSXIZG,30,500,2025-07-17,False,2023-11-12T00:00:00
9770,MEGAK2TM63,30,150,2023-10-19,False,2025-02-09T00:00:00
9771,OFFYSUTYC,25,100,2023-05-07,False,2025-12-29T00:00:00
9772,SAVEMAP8AU,15,500,2025-07-31,False,2023-09-18T00:00:00
9773,DESCIY596S,30,150,2025-06-29,False,2023-12-20T00:00:00
9774,PROMOZPBCE0,5,50,2027-07-21,False,2023-08-10T00:00:00
9775,SUPERVZEN5E,40,150,2027-08-20,True,2026-05-01T00:00:00
9776,SAVE6F2Y7S,30,100,2025-04-22,False,2024-10-02T00:00:00
9777,PROMOXFJOZH,40,200,2024-02-10,False,2026-04-06T00:00:00
9778,SAVE96NZJI,10,300,2023-08-27,False,2024-12-19T00:00:00
9779,MEGAFMG1NY,20,500,2027-09-21,False,2023-05-22T00:00:00
9780,MEGAX4929G,15,150,2025-03-20,False,2025-01-14T00:00:00
9781,OFFE6FE3X,20,500,2023-11-22,False,2025-07-20T00:00:00
9782,DESCRL1H2V,30,150,2025-01-31,False,2023-05-31T00:00:00
9783,SALERJUCE4,15,100,2023-12-06,False,2023-08-08T00:00:00
9784,SAVERKOLZH,25,150,2023-08-18,False,2024-05-02T00:00:00
9785,DESC9EQQDV,40,300,2027-10-22,False,2026-05-21T00:00:00
9786,DESCNV21MO,15,150,2026-10-25,False,2023-10-21T00:00:00
9787,OFFKYWYFF,15,300,2025-10-26,False,2024-04-30T00:00:00
9788,SALEPCQPHI,25,200,2026-08-15,True,2023-06-18T00:00:00
9789,SAVET9MC49,25,300,2025-05-13,False,2024-09-15T00:00:00
9790,SALEVVJUWF,40,300,2023-02-22,False,2024-04-01T00:00:00
9791,PROMONRBLDP,10,300,2024-01-03,False,2025-03-09T00:00:00
9792,MEGAOVIBXX,5,150,2023-01-10,False,2025-05-20T00:00:00
9793,OFFXUP5Q3,25,100,2024-11-23,False,2025-02-13T00:00:00
9794,SALER7JOU9,40,200,2023-07-02,False,2024-06-30T00:00:00
9795,PROMONYD0HW,15,50,2025-01-03,False,2025-08-02T00:00:00
9796,OFF4IP6GU,50,500,2023-02-19,False,2024-11-11T00:00:00
9797,DESC65GTSP,40,150,2023-10-17,False,2023-10-28T00:00:00
9798,DESCLC15VS,10,50,2023-02-09,False,2023-12-21T00:00:00
9799,TOPH8P03P,5,300,2027-07-08,True,2023-02-04T00:00:00
9800,SALET1MUV0,5,100,2026-06-05,False,2025-12-14T00:00:00
9801,PROMOZ9KXHM,25,150,2027-01-20,True,2025-08-22T00:00:00
9802,DESCL2KH9U,15,500,2023-04-03,False,2025-08-07T00:00:00
9803,SUPER23LR2T,10,50,2025-12-30,False,2024-02-29T00:00:00
9804,SUPERNI7AQ6,40,300,2027-10-18,True,2025-04-06T00:00:00
9805,MEGAYOH7ZO,40,200,2025-01-01,False,2024-10-11T00:00:00
9806,DESC1SEXOY,40,500,2027-06-09,True,2023-10-11T00:00:00
9807,SALESX1YTY,10,150,2024-12-31,False,2024-08-26T00:00:00
9808,SUPERARMG5V,30,100,2024-03-02,False,2024-08-29T00:00:00
9809,PROMOVMG77O,20,150,2025-06-16,False,2025-12-08T00:00:00
9810,MEGATB1PD0,10,200,2024-03-11,False,2023-05-25T00:00:00
9811,PROMOVEW1OY,50,200,2024-07-27,False,2023-02-18T00:00:00
9812,SAVET8FNW7,25,150,2023-02-12,False,2024-03-27T00:00:00
9813,SALEHBBIAO,50,50,2027-05-28,False,2024-01-17T00:00:00
9814,SUPERGHWTGD,15,150,2026-10-07,True,2025-03-23T00:00:00
9815,PROMO09U35L,50,50,2026-12-18,True,2024-10-25T00:00:00
9816,PROMOPBEGQN,20,300,2026-10-07,True,2024-11-10T00:00:00
9817,OFFYPJF81,15,150,2025-02-11,False,2024-11-08T00:00:00
9818,SALEPF0W0H,10,150,2024-12-01,False,2025-08-14T00:00:00
9819,OFFWNKJAQ,5,150,2025-11-05,False,2026-04-25T00:00:00
9820,SAVEDK9CE1,30,150,2024-12-05,False,2025-07-06T00:00:00
9821,SALETX49JO,30,100,2027-09-14,True,2023-03-07T00:00:00
9822,SALEW6LZ56,15,500,2026-09-25,True,2026-05-05T00:00:00
9823,PROMOO8OSVO,15,300,2025-10-31,False,2023-02-16T00:00:00
9824,MEGAQB2RWO,30,200,2027-11-12,False,2025-04-21T00:00:00
9825,SALEXI510A,10,100,2025-07-27,False,2023-02-09T00:00:00
9826,PROMO9L4S8A,5,150,2027-04-22,True,2025-01-17T00:00:00
9827,DESCQ4P3VI,30,50,2023-06-19,False,2023-09-09T00:00:00
9828,SALEC77TSG,50,150,2027-07-26,True,2026-04-15T00:00:00
9829,MEGAF2HJL9,40,150,2024-10-07,False,2023-11-26T00:00:00
9830,TOP2P5IUN,25,300,2024-04-10,False,2024-03-14T00:00:00
9831,OFF12TPYT,10,100,2025-09-02,False,2023-10-24T00:00:00
9832,TOP9I2EHD,25,200,2023-11-30,False,2025-08-08T00:00:00
9833,DESC6X08VV,40,150,2023-01-31,False,2024-01-31T00:00:00
9834,PROMOK8S8PT,5,50,2025-02-12,False,2024-04-23T00:00:00
9835,DESCWIW957,30,100,2024-07-30,False,2023-01-07T00:00:00
9836,SAVEOFXN4V,25,200,2025-07-18,False,2025-08-16T00:00:00
9837,SALEDN2XYE,5,100,2023-06-13,False,2024-02-24T00:00:00
9838,SALE6M0XPV,40,300,2023-12-25,False,2024-09-22T00:00:00
9839,MEGA88RSZZ,25,300,2026-06-15,True,2026-06-01T00:00:00
9840,OFF5COJ39,5,500,2026-05-02,False,2025-09-20T00:00:00
9841,TOPRY5U6Z,25,50,2025-02-27,False,2025-09-06T00:00:00
9842,SUPERMJYJOF,50,150,2025-12-25,False,2025-08-25T00:00:00
9843,SALEOHX99U,5,300,2026-05-28,False,2025-04-14T00:00:00
9844,OFF0LGQII,15,200,2027-03-07,True,2025-04-08T00:00:00
9845,PROMOW9016A,30,150,2027-01-12,False,2025-08-29T00:00:00
9846,OFFA8ZI1V,50,100,2024-07-17,False,2023-04-28T00:00:00
9847,SAVE0LSM5S,50,50,2024-05-22,False,2024-05-30T00:00:00
9848,SUPER0SFCB2,15,150,2025-03-27,False,2024-11-02T00:00:00
9849,TOPXFIJU1,25,200,2025-11-27,False,2023-02-21T00:00:00
9850,SALEWVN9P8,20,500,2023-12-12,False,2024-07-13T00:00:00
9851,OFFSXV638,20,500,2027-01-27,True,2025-05-24T00:00:00
9852,SAVE595LII,30,200,2025-09-13,False,2025-12-28T00:00:00
9853,TOPRS3XKZ,25,300,2024-04-03,False,2023-04-22T00:00:00
9854,PROMO0LYEFD,40,500,2024-02-24,False,2023-05-02T00:00:00
9855,DESCQLE37K,15,50,2023-08-20,False,2023-03-09T00:00:00
9856,PROMOEGCM9Q,30,50,2025-10-25,False,2026-02-21T00:00:00
9857,TOP4V5SLY,30,500,2026-06-15,False,2025-12-02T00:00:00
9858,PROMOB30P7N,20,100,2025-10-16,False,2026-04-17T00:00:00
9859,OFFBOI1PH,30,500,2024-08-31,False,2024-09-05T00:00:00
9860,TOPXMA74G,5,500,2027-07-28,False,2023-06-19T00:00:00
9861,SUPER1A0MUI,20,150,2026-02-23,False,2023-09-07T00:00:00
9862,PROMO3OQEIJ,10,200,2027-07-10,False,2023-05-07T00:00:00
9863,SALE1HO99W,30,500,2025-04-18,False,2023-12-28T00:00:00
9864,MEGA4O1C51,25,150,2025-12-15,False,2023-02-26T00:00:00
9865,SALEPA38KK,20,200,2025-06-17,False,2025-12-12T00:00:00
9866,DESCEMTSR1,30,300,2023-02-20,False,2025-08-05T00:00:00
9867,SAVEGZHW5Q,30,200,2025-11-20,False,2023-10-22T00:00:00
9868,SAVEKY6FYK,25,150,2027-10-11,True,2023-07-26T00:00:00
9869,SAVEL2SFIL,30,300,2025-06-30,False,2025-03-03T00:00:00
9870,PROMOINB8SR,50,200,2026-08-17,True,2024-09-14T00:00:00
9871,MEGA4DZ8XC,40,300,2024-01-19,False,2023-01-16T00:00:00
9872,DESC290T84,40,150,2025-08-11,False,2023-02-20T00:00:00
9873,SALEY192I3,15,200,2026-12-14,True,2026-03-15T00:00:00
9874,PROMOSWWU3C,30,500,2027-04-04,True,2024-07-02T00:00:00
9875,OFFTQ9Y40,10,150,2027-07-02,True,2023-10-21T00:00:00
9876,MEGAYATHG9,5,150,2026-07-09,True,2025-05-20T00:00:00
9877,TOPJOL8RU,50,100,2026-05-24,False,2023-08-25T00:00:00
9878,MEGA165CKT,25,100,2024-07-27,False,2024-04-18T00:00:00
9879,PROMO7XJOVT,30,100,2025-05-04,False,2024-08-22T00:00:00
9880,PROMOC10IS8,25,200,2024-09-14,False,2023-07-24T00:00:00
9881,DESC3YD5ZM,10,100,2026-03-13,False,2023-01-30T00:00:00
9882,OFFEJZ9YS,40,500,2025-11-17,False,2025-02-27T00:00:00
9883,PROMO9OA938,15,500,2025-08-28,False,2024-12-26T00:00:00
9884,SAVE5HC2Q4,5,200,2025-04-13,False,2025-09-08T00:00:00
9885,TOPC5IVM6,5,200,2027-02-14,False,2025-06-03T00:00:00
9886,DESCXQ0XBJ,20,50,2026-09-30,True,2025-04-17T00:00:00
9887,MEGALZE61P,25,200,2025-09-09,False,2024-09-04T00:00:00
9888,SAVERELXML,15,50,2024-12-06,False,2024-03-28T00:00:00
9889,OFFWRNSA2,25,150,2024-04-19,False,2026-05-16T00:00:00
9890,SUPERX6BH25,40,500,2027-05-30,True,2025-05-12T00:00:00
9891,PROMOL7IV57,40,300,2026-09-19,False,2025-09-10T00:00:00
9892,DESC8N4MI6,20,100,2023-10-19,False,2023-07-03T00:00:00
9893,MEGAW2DSK1,15,50,2025-10-13,False,2025-10-13T00:00:00
9894,OFFNG0RNV,40,200,2025-08-27,False,2024-03-08T00:00:00
9895,PROMON2EUF0,25,150,2025-08-07,False,2024-03-03T00:00:00
9896,OFFP76HTA,30,50,2025-07-19,False,2023-12-24T00:00:00
9897,TOPLKXUSY,25,150,2026-08-25,True,2024-12-15T00:00:00
9898,SAVERAHQZX,10,300,2025-05-07,False,2026-03-07T00:00:00
9899,PROMOAGRO9C,15,100,2025-08-18,False,2025-08-10T00:00:00
9900,DESCP4MOA9,25,150,2023-03-21,False,2024-01-04T00:00:00
9901,TOPYJQ60N,15,200,2025-01-04,False,2023-07-22T00:00:00
9902,DESCFFGMWF,25,100,2026-04-30,False,2024-04-25T00:00:00
9903,PROMOMCZH4V,25,50,2024-02-28,False,2024-02-24T00:00:00
9904,SALE6Z7M2Z,50,100,2026-10-08,True,2025-11-15T00:00:00
9905,MEGAY58H2E,30,50,2027-10-13,True,2025-09-30T00:00:00
9906,PROMORAE6GV,10,150,2027-01-29,False,2023-02-13T00:00:00
9907,MEGA4RA5U5,10,500,2023-01-26,False,2024-02-23T00:00:00
9908,MEGA7409U7,15,200,2027-12-10,True,2024-01-03T00:00:00
9909,TOPQ5KK92,50,300,2025-07-07,False,2025-04-19T00:00:00
9910,SAVEJ444G9,50,200,2024-11-06,False,2025-09-02T00:00:00
9911,OFFEWN6AK,25,100,2025-02-13,False,2024-02-17T00:00:00
9912,MEGAMJW2GX,25,500,2026-03-03,False,2023-11-22T00:00:00
9913,MEGAE8LRHI,25,500,2026-01-09,False,2025-10-20T00:00:00
9914,SUPER8RZKS1,30,100,2027-07-08,True,2023-11-03T00:00:00
9915,DESCOBQVYB,5,500,2023-08-28,False,2023-08-12T00:00:00
9916,SAVE1GCB7E,10,500,2024-02-14,False,2024-04-03T00:00:00
9917,SUPERH51YP0,30,50,2027-09-30,True,2024-11-28T00:00:00
9918,DESCBJ5V5X,15,150,2026-10-10,False,2025-08-27T00:00:00
9919,TOP2JOJZG,10,300,2025-08-17,False,2026-01-15T00:00:00
9920,TOPQVHHF7,20,150,2026-09-19,False,2025-09-06T00:00:00
9921,MEGAD6RJ9O,50,50,2027-04-10,False,2024-07-20T00:00:00
9922,TOPQ4XB5C,25,300,2023-03-12,False,2024-11-29T00:00:00
9923,SUPERH03833,15,300,2024-09-20,False,2024-08-21T00:00:00
9924,DESCS5HQY0,40,300,2024-10-07,False,2025-04-26T00:00:00
9925,SAVEEFHQ44,5,100,2024-05-06,False,2025-02-19T00:00:00
9926,DESCV0RCC7,5,200,2023-02-14,False,2025-08-20T00:00:00
9927,MEGAAO0JRK,20,200,2025-12-16,False,2023-09-06T00:00:00
9928,MEGAFS23DL,5,50,2024-10-05,False,2025-07-06T00:00:00
9929,SAVE26NI0B,15,500,2023-10-23,False,2025-06-03T00:00:00
9930,TOPKXYDY8,5,50,2024-12-07,False,2024-10-08T00:00:00
9931,SALE3XC45G,15,200,2025-11-14,False,2024-09-19T00:00:00
9932,DESC9T0QF9,25,500,2027-01-31,False,2024-03-19T00:00:00
9933,SAVEYQV7NM,10,100,2026-08-18,True,2024-06-07T00:00:00
9934,SUPER3EJ2T4,25,500,2027-02-01,True,2023-06-11T00:00:00
9935,OFF0O9TF2,10,100,2027-04-25,True,2023-09-07T00:00:00
9936,PROMOMQLWWY,40,150,2026-06-22,True,2025-03-12T00:00:00
9937,OFFSCESUV,20,300,2026-03-21,False,2025-12-10T00:00:00
9938,SUPERA4YX1E,50,200,2024-09-04,False,2025-12-27T00:00:00
9939,TOPRX2U7P,20,200,2026-09-13,True,2026-01-17T00:00:00
9940,TOPEZG78V,10,300,2026-02-06,False,2025-02-12T00:00:00
9941,PROMOPJ22EO,40,150,2025-04-12,False,2023-07-26T00:00:00
9942,OFFIGW06Q,25,150,2023-07-29,False,2024-05-01T00:00:00
9943,PROMOAKVJV7,30,50,2026-09-20,False,2024-01-04T00:00:00
9944,PROMOF7S7I2,20,150,2025-01-18,False,2025-12-06T00:00:00
9945,MEGANZRQXS,15,50,2025-12-13,False,2023-04-21T00:00:00
9946,DESCAF0ORB,50,100,2023-09-22,False,2025-11-04T00:00:00
9947,SUPERZAVC6C,5,150,2026-07-26,False,2025-10-06T00:00:00
9948,SAVEILXY66,5,50,2026-02-27,False,2026-02-22T00:00:00
9949,OFFI4K1KM,30,200,2024-11-29,False,2024-01-03T00:00:00
9950,TOPEOLJ1F,40,200,2026-03-25,False,2026-03-26T00:00:00
9951,PROMOITDFAL,20,500,2024-04-07,False,2023-06-08T00:00:00
9952,MEGAX00QBH,5,50,2024-12-27,False,2025-03-07T00:00:00
9953,SUPERSPZJB8,15,500,2023-10-14,False,2024-02-10T00:00:00
9954,PROMO8ERJ0N,15,200,2027-03-02,False,2025-03-02T00:00:00
9955,SALE23JYZI,15,500,2026-08-03,True,2025-12-19T00:00:00
9956,SAVE3AJGH5,20,50,2023-06-30,False,2024-12-10T00:00:00
9957,DESC1PJYDT,10,300,2023-01-31,False,2023-10-20T00:00:00
9958,OFF9DR8G0,50,300,2026-10-21,False,2025-02-22T00:00:00
9959,MEGA2RUKNH,5,150,2024-07-16,False,2026-06-05T00:00:00
9960,OFFJ0ON3C,20,300,2024-04-22,False,2026-02-28T00:00:00
9961,SALEM4MM8J,20,100,2027-10-23,False,2025-12-09T00:00:00
9962,SALEDE1JJW,10,500,2025-12-23,False,2025-01-22T00:00:00
9963,TOP7CR1CL,25,150,2024-04-16,False,2024-06-21T00:00:00
9964,PROMOJCLKJX,30,50,2025-02-19,False,2023-04-19T00:00:00
9965,OFF0KLVQ2,40,150,2024-05-06,False,2023-12-29T00:00:00
9966,DESCI76ZXN,40,150,2025-02-16,False,2024-10-09T00:00:00
9967,TOP9XTXGY,5,50,2027-04-13,True,2024-11-08T00:00:00
9968,MEGAGZEBFO,10,150,2025-06-06,False,2024-02-03T00:00:00
9969,SALE51HEQX,15,300,2024-03-28,False,2025-11-16T00:00:00
9970,OFFS07REN,40,300,2027-10-07,False,2024-11-18T00:00:00
9971,SALELDOY0P,40,100,2025-02-06,False,2023-04-23T00:00:00
9972,SUPEROV3PW0,50,500,2026-01-01,False,2025-12-25T00:00:00
9973,MEGAYET0BD,15,100,2026-09-18,False,2025-01-16T00:00:00
9974,SALE5V5MRJ,5,200,2024-01-24,False,2025-12-09T00:00:00
9975,TOP5MRP01,10,500,2025-02-08,False,2024-02-26T00:00:00
9976,SAVEXEP00D,15,50,2023-11-03,False,2026-05-21T00:00:00
9977,SAVEBAOL86,25,50,2024-06-02,False,2025-08-07T00:00:00
9978,PROMOHSF1BD,5,200,2024-11-22,False,2026-03-13T00:00:00
9979,TOPYD3NHE,10,50,2024-12-09,False,2024-04-20T00:00:00
9980,MEGAR5CRX2,20,200,2025-11-26,False,2024-08-25T00:00:00
9981,SAVE3J9FM5,5,300,2024-05-28,False,2024-04-15T00:00:00
9982,TOPK224E4,40,100,2026-06-24,True,2024-07-29T00:00:00
9983,TOPHDBHPG,10,500,2023-11-22,False,2023-09-17T00:00:00
9984,MEGA4KZ49C,40,150,2027-09-15,True,2025-01-09T00:00:00
9985,TOPXJ0B19,10,200,2026-04-30,False,2024-01-25T00:00:00
9986,OFFPIVQYS,10,500,2024-08-03,False,2023-05-08T00:00:00
9987,SALERDNM8W,15,300,2024-04-02,False,2024-04-28T00:00:00
9988,OFFE3M22L,20,300,2025-09-20,False,2024-01-31T00:00:00
9989,OFF5BYMF5,30,100,2025-12-26,False,2023-10-05T00:00:00
9990,OFFRBHPC8,25,300,2024-01-07,False,2025-05-17T00:00:00
9991,OFFMW87TI,40,500,2024-03-28,False,2024-04-27T00:00:00
9992,DESCHY758B,20,150,2025-05-22,False,2024-06-30T00:00:00
9993,OFFWM7L9Q,15,300,2024-03-17,False,2026-05-20T00:00:00
9994,DESCNEA0XN,40,200,2025-09-06,False,2023-04-02T00:00:00
9995,SAVETG058B,5,50,2027-08-02,False,2025-05-17T00:00:00
9996,DESCCMHL5L,15,300,2026-07-19,True,2025-01-14T00:00:00
9997,PROMOT8OJF9,40,100,2027-08-05,True,2026-05-15T00:00:00
9998,SAVE060RM8,5,50,2024-01-30,False,2026-03-17T00:00:00
9999,PROMO84RNT5,25,100,2025-03-08,False,2025-05-30T00:00:00
10000,DESCZA460W,5,100,2026-12-19,False,2026-01-31T00:00:00
10001,TOPDJZ6G2,15,500,2023-10-26,False,2026-03-30T00:00:00
10002,MEGA3X12RU,10,150,2023-08-28,False,2024-08-07T00:00:00
10003,SALEJN37UR,5,300,2026-12-23,True,2024-09-07T00:00:00
10004,SALE021OEE,10,50,2027-09-28,True,2024-08-01T00:00:00
10005,SUPERB7GL8Y,25,300,2027-11-11,True,2026-03-13T00:00:00
10006,SUPERGCB3SC,15,500,2026-07-11,True,2023-05-26T00:00:00
10007,SAVEEHDP9T,40,100,2026-05-22,False,2025-02-13T00:00:00
10008,PROMOBI0K75,5,500,2024-12-17,False,2023-07-23T00:00:00
10009,PROMO4U7MU8,10,100,2023-01-05,False,2024-04-30T00:00:00
10010,SALES7OZWB,25,100,2027-05-31,True,2024-12-29T00:00:00
10011,SALEHEU5GT,5,200,2024-06-18,False,2025-10-24T00:00:00
10012,TOPSKKPSF,20,200,2025-02-24,False,2023-02-18T00:00:00
10013,SALEMYWOTK,50,500,2026-09-14,True,2023-03-04T00:00:00
10014,MEGAOFC9DO,40,50,2027-12-28,False,2025-03-21T00:00:00
10015,SAVELGRCJE,50,300,2026-01-08,False,2023-09-18T00:00:00
10016,SAVEXTF7CD,25,150,2025-01-09,False,2024-08-17T00:00:00
10017,PROMOO3EXS5,20,200,2027-10-12,True,2023-11-25T00:00:00
10018,DESC7ZJITO,30,150,2025-06-02,False,2024-04-08T00:00:00
10019,SAVE4KYAF7,10,300,2024-09-14,False,2025-10-07T00:00:00
10020,MEGA1701MX,50,500,2026-10-18,True,2025-09-04T00:00:00
10021,SALEQLI2YD,10,300,2027-03-12,False,2024-03-05T00:00:00
10022,MEGAY109YX,30,300,2026-04-19,False,2024-01-19T00:00:00
10023,SALE4534Z3,10,500,2023-05-09,False,2026-02-11T00:00:00
10024,DESCH7575J,10,100,2025-04-09,False,2025-08-27T00:00:00
10025,SALE5R6VTX,40,500,2025-03-09,False,2025-08-15T00:00:00
10026,TOPCCQWKD,20,50,2023-05-25,False,2025-07-16T00:00:00
10027,OFFQK9FS8,10,50,2023-12-08,False,2023-03-10T00:00:00
10028,OFFZ8YXVJ,30,300,2027-07-09,True,2024-09-11T00:00:00
10029,DESCK0ZQ2X,5,300,2027-02-08,True,2024-11-15T00:00:00
10030,SAVEXWWBSM,25,150,2023-03-20,False,2025-01-16T00:00:00
10031,DESC9FOH06,30,150,2024-10-24,False,2023-07-25T00:00:00
10032,SUPERA6W7LS,20,100,2023-07-28,False,2024-01-20T00:00:00
10033,TOPXF69IP,25,300,2026-08-24,False,2023-03-28T00:00:00
10034,SALEBN1AVW,30,150,2027-06-22,True,2026-05-15T00:00:00
10035,SAVE6FFBY6,15,300,2027-03-04,False,2023-09-20T00:00:00
10036,SALEN4D78L,10,50,2027-10-05,True,2026-05-12T00:00:00
10037,SUPERM79QOL,5,100,2026-07-16,False,2023-05-13T00:00:00
10038,PROMOR4VDR3,30,50,2023-07-13,False,2023-05-08T00:00:00
10039,MEGAWWRZBB,40,200,2026-02-07,False,2024-02-08T00:00:00
10040,DESCXSO6AV,5,50,2023-02-27,False,2024-10-03T00:00:00
10041,SAVEKZMIGH,30,500,2025-12-27,False,2023-07-02T00:00:00
10042,PROMOCS8VW1,15,50,2025-09-06,False,2023-04-26T00:00:00
10043,SUPERGJ7W66,50,500,2023-09-06,False,2024-07-06T00:00:00
10044,OFF9FO3T5,30,200,2025-08-22,False,2023-06-25T00:00:00
10045,TOPIO948K,15,150,2027-12-16,True,2025-07-21T00:00:00
10046,SAVEODAC6W,5,200,2025-08-08,False,2023-05-13T00:00:00
10047,SUPER98GZFK,20,300,2026-12-10,False,2026-03-22T00:00:00
10048,SALEZ04XEE,30,500,2027-03-11,True,2024-04-22T00:00:00
10049,PROMOOXDO4O,50,50,2024-03-14,False,2023-03-14T00:00:00
10050,TOPTO5UIZ,10,500,2026-10-30,True,2023-01-25T00:00:00
10051,SAVEQM3EL5,5,100,2023-11-28,False,2025-03-23T00:00:00
10052,SALEMWL6I9,5,500,2023-12-09,False,2025-12-16T00:00:00
10053,SUPERBXLH0R,15,300,2026-09-09,True,2025-09-18T00:00:00
10054,SALEJFKVJ9,15,500,2027-12-24,True,2024-11-12T00:00:00
10055,OFF0FQHZP,15,100,2024-03-04,False,2025-09-01T00:00:00
10056,OFFN1Z7GX,15,100,2024-12-07,False,2024-12-04T00:00:00
10057,SALE2ZCB0I,25,200,2024-10-09,False,2024-09-08T00:00:00
10058,MEGAUNS16V,20,300,2027-12-07,False,2024-04-19T00:00:00
10059,SAVE5ZF09S,25,500,2024-04-09,False,2026-02-13T00:00:00
10060,SALET7YEV1,50,200,2024-01-04,False,2023-07-08T00:00:00
10061,PROMOT05F7J,5,500,2023-06-15,False,2023-02-01T00:00:00
10062,PROMOEO2E0V,30,500,2023-06-20,False,2025-11-23T00:00:00
10063,SAVEHQIQST,50,300,2026-12-28,True,2024-12-24T00:00:00
10064,DESC90CV64,20,500,2026-03-27,False,2026-06-10T00:00:00
10065,OFFUAGQBA,30,50,2025-03-02,False,2026-02-07T00:00:00
10066,OFF1LE73I,15,100,2025-03-02,False,2025-08-03T00:00:00
10067,SALEIJ9GQL,25,150,2024-11-22,False,2023-02-27T00:00:00
10068,PROMOGZLZ3K,25,150,2024-06-22,False,2023-06-19T00:00:00
10069,SAVERTI9WS,10,500,2027-09-03,False,2026-03-28T00:00:00
10070,DESC2SRAT6,30,200,2027-04-23,True,2024-09-30T00:00:00
10071,OFFQYZ5TE,5,100,2024-11-14,False,2025-08-26T00:00:00
10072,SALETO9WEN,25,300,2026-03-08,False,2024-04-30T00:00:00
10073,SAVEI07YAJ,50,200,2024-03-25,False,2023-10-07T00:00:00
10074,PROMOXOSDZE,25,300,2024-03-16,False,2025-09-09T00:00:00
10075,SAVEMD3CIL,40,100,2024-06-18,False,2025-02-16T00:00:00
10076,SALECN2Y94,5,50,2027-04-29,True,2023-10-25T00:00:00
10077,SUPERCYZ3NL,20,150,2023-12-03,False,2026-04-02T00:00:00
10078,DESCSTLFJT,50,200,2026-07-13,True,2024-03-27T00:00:00
10079,PROMO7782RU,50,100,2023-03-30,False,2023-08-19T00:00:00
10080,TOP8WCUUH,40,100,2027-04-13,True,2025-09-18T00:00:00
10081,SUPERTO0XZ3,40,50,2026-03-18,False,2024-05-02T00:00:00
10082,DESCFEH42C,25,100,2023-10-17,False,2023-01-04T00:00:00
10083,SALE4Y4E88,20,200,2024-05-09,False,2025-07-12T00:00:00
10084,TOPXO7IZX,15,150,2026-12-15,True,2023-07-10T00:00:00
10085,MEGA4HP8ML,15,50,2026-03-05,False,2025-06-01T00:00:00
10086,PROMOM7XIJ5,10,100,2027-05-01,True,2024-04-01T00:00:00
10087,PROMO7RWSTC,50,300,2027-06-07,False,2023-02-18T00:00:00
10088,MEGAR2FZM8,10,100,2026-03-29,False,2024-08-05T00:00:00
10089,MEGATJW1WQ,5,150,2025-09-15,False,2024-03-06T00:00:00
10090,MEGAOY88VY,5,50,2026-02-01,False,2024-04-10T00:00:00
10091,MEGALUS8FW,5,300,2023-12-30,False,2024-05-09T00:00:00
10092,SUPERXPJRY0,20,200,2025-06-28,False,2024-12-01T00:00:00
10093,PROMOARBP3I,20,50,2025-03-03,False,2025-09-27T00:00:00
10094,DESC53CGYF,25,150,2024-03-08,False,2024-05-19T00:00:00
10095,SUPER07O3V6,30,200,2024-11-13,False,2024-05-06T00:00:00
10096,MEGAG4K05L,15,100,2025-04-18,False,2025-08-25T00:00:00
10097,SUPERQCMKF5,20,150,2027-07-20,True,2024-09-07T00:00:00
10098,SUPERRE99PH,5,500,2023-01-15,False,2023-08-28T00:00:00
10099,SAVECYWVNZ,50,300,2025-10-31,False,2026-01-01T00:00:00
10100,PROMOY3R8OR,10,50,2027-05-24,True,2024-05-09T00:00:00
10101,TOP24R4RP,20,100,2023-03-20,False,2026-01-20T00:00:00
10102,SAVEL4QO4N,30,150,2026-10-29,True,2023-01-03T00:00:00
10103,OFF1T7994,25,200,2027-04-25,False,2026-03-26T00:00:00
10104,SALEFSR5VP,50,200,2026-04-27,False,2023-11-02T00:00:00
10105,DESCC1M06Y,25,150,2024-10-31,False,2023-08-12T00:00:00
10106,SAVEF95Q1L,25,300,2025-05-16,False,2024-03-12T00:00:00
10107,TOPYEI9JO,50,200,2023-08-21,False,2024-05-02T00:00:00
10108,DESCSHN6OO,30,300,2027-03-13,True,2025-03-26T00:00:00
10109,SUPERX75DTZ,15,50,2023-02-22,False,2025-10-16T00:00:00
10110,PROMO9IOZQN,25,200,2024-02-28,False,2024-04-26T00:00:00
10111,PROMO2RM1EU,10,150,2024-09-24,False,2023-02-28T00:00:00
10112,SAVEHPVL2Z,40,50,2025-02-09,False,2024-08-11T00:00:00
10113,OFFNHY60U,5,200,2025-07-29,False,2023-06-20T00:00:00
10114,SUPER462MWZ,40,150,2023-12-30,False,2024-09-05T00:00:00
10115,PROMOTZM2YX,10,300,2025-02-27,False,2024-12-27T00:00:00
10116,OFFMKLNJV,30,500,2025-09-23,False,2025-03-20T00:00:00
10117,PROMODUC7NV,40,200,2027-04-11,True,2023-01-03T00:00:00
10118,TOPFXCKH8,5,200,2027-03-09,False,2023-09-17T00:00:00
10119,PROMOTU5MOK,5,500,2023-09-28,False,2026-01-19T00:00:00
10120,DESCGS28J1,50,150,2025-06-25,False,2023-05-05T00:00:00
10121,OFF6JRY0H,5,150,2024-07-25,False,2024-12-12T00:00:00
10122,MEGAEAMZAD,5,100,2025-06-23,False,2024-05-04T00:00:00
10123,TOPFTMMNL,25,150,2023-05-10,False,2024-02-27T00:00:00
10124,MEGAW3QYXP,25,150,2024-10-29,False,2025-07-30T00:00:00
10125,TOPQKYPRL,40,150,2024-04-10,False,2023-10-29T00:00:00
10126,SUPERB8VN35,30,500,2027-12-30,True,2023-01-06T00:00:00
10127,DESCZZK5I9,10,200,2024-09-16,False,2023-08-21T00:00:00
10128,SALEE6ZPIM,30,200,2025-04-08,False,2025-10-21T00:00:00
10129,SUPER56ZXRL,20,150,2025-12-28,False,2024-03-04T00:00:00
10130,PROMO6NFVE1,40,500,2025-03-16,False,2026-03-16T00:00:00
10131,MEGARJE5HZ,50,200,2026-04-18,False,2024-02-07T00:00:00
10132,SALEL9OG65,20,50,2027-02-16,False,2026-03-15T00:00:00
10133,SUPER0U5TNC,50,150,2027-12-26,True,2025-04-09T00:00:00
10134,SUPERYRN2T6,5,100,2025-10-21,False,2025-09-18T00:00:00
10135,PROMOC1VK0X,40,50,2027-09-10,True,2025-09-21T00:00:00
10136,SUPER6UHEM4,20,300,2023-11-01,False,2025-12-18T00:00:00
10137,MEGAJU5GKA,40,150,2026-05-19,False,2023-09-11T00:00:00
10138,SALEFYY4QT,5,300,2025-05-27,False,2025-09-02T00:00:00
10139,MEGA61F19Y,10,150,2027-01-17,True,2026-06-01T00:00:00
10140,SUPERBI51KH,10,200,2024-05-29,False,2023-10-19T00:00:00
10141,OFFNVL2FT,40,50,2027-05-12,True,2023-12-02T00:00:00
10142,SAVEQ5ENB9,10,150,2025-07-31,False,2024-04-07T00:00:00
10143,SAVEIQYM4E,15,300,2025-05-31,False,2024-03-26T00:00:00
10144,TOPD9B0ES,30,150,2023-12-12,False,2023-09-08T00:00:00
10145,OFFL3THCK,15,50,2023-07-26,False,2023-03-17T00:00:00
10146,MEGA285C8E,10,500,2023-12-02,False,2024-12-04T00:00:00
10147,TOPZ90SUA,40,100,2024-12-22,False,2026-03-12T00:00:00
10148,DESCKV9XBT,50,50,2026-05-14,False,2023-10-08T00:00:00
10149,SUPERAI290E,25,100,2023-10-18,False,2025-06-03T00:00:00
10150,SALES1STRQ,50,300,2026-03-29,False,2024-01-24T00:00:00
10151,TOPF5V7VF,40,150,2026-03-11,False,2024-05-17T00:00:00
10152,SAVEM8ACAH,40,500,2027-10-30,True,2025-10-31T00:00:00
10153,OFF2RPW44,40,150,2024-05-15,False,2024-11-24T00:00:00
10154,MEGASBVZ4R,20,150,2026-04-23,False,2024-07-22T00:00:00
10155,DESC70LSK2,50,200,2024-09-23,False,2025-02-20T00:00:00
10156,SALE60GSE3,30,300,2023-07-09,False,2026-02-12T00:00:00
10157,SALESBXR8J,20,200,2024-05-25,False,2025-06-22T00:00:00
10158,TOPDTQ9YX,10,200,2024-08-24,False,2025-09-12T00:00:00
10159,MEGA0L0JDQ,20,150,2026-12-09,False,2024-06-11T00:00:00
10160,SAVEGQ4NDB,5,150,2025-09-13,False,2025-12-21T00:00:00
10161,SAVE5TCDDT,50,200,2025-06-26,False,2024-07-13T00:00:00
10162,TOPG2PXAA,30,300,2023-10-06,False,2023-06-18T00:00:00
10163,SAVEFPGIJE,15,500,2025-07-30,False,2025-03-28T00:00:00
10164,PROMO9RJL9R,25,150,2025-08-12,False,2025-11-15T00:00:00
10165,MEGARV69NM,25,200,2026-05-21,False,2024-04-05T00:00:00
10166,SAVE05C4WG,40,50,2023-08-22,False,2023-12-09T00:00:00
10167,DESCR0P7QS,25,100,2024-05-27,False,2023-12-13T00:00:00
10168,PROMOLR7QE9,15,500,2024-10-03,False,2024-12-10T00:00:00
10169,SUPERYIGU23,5,200,2023-09-14,False,2026-06-03T00:00:00
10170,MEGAVBP734,20,100,2024-10-22,False,2026-05-28T00:00:00
10171,MEGAY2HWA6,15,150,2026-07-02,True,2024-05-12T00:00:00
10172,DESC3CBQGG,20,150,2024-07-04,False,2023-03-17T00:00:00
10173,SALEA8TMOJ,50,200,2023-06-12,False,2025-12-09T00:00:00
10174,SUPER3GNN9Q,15,50,2024-08-31,False,2023-03-27T00:00:00
10175,SUPERUU1YP7,5,150,2024-10-01,False,2023-11-22T00:00:00
10176,MEGAIJWAJJ,5,200,2024-12-08,False,2023-12-05T00:00:00
10177,SAVERO9OSO,20,500,2023-11-04,False,2025-06-16T00:00:00
10178,DESC64LGUE,20,150,2026-11-06,True,2025-04-27T00:00:00
10179,PROMOFLL4D7,10,500,2024-05-02,False,2024-09-29T00:00:00
10180,SALE47O5JT,10,300,2027-06-15,False,2024-05-07T00:00:00
10181,SALEBNZFRF,15,50,2024-09-05,False,2025-08-11T00:00:00
10182,OFFCNA7M6,20,200,2023-05-30,False,2026-01-31T00:00:00
10183,PROMOGNPK0Y,20,200,2026-11-19,True,2023-03-09T00:00:00
10184,MEGAGRPYQH,5,50,2024-11-08,False,2024-12-27T00:00:00
10185,SUPER1UEN6V,15,200,2023-12-05,False,2023-10-23T00:00:00
10186,DESC93S15C,15,500,2025-09-18,False,2023-03-06T00:00:00
10187,SAVE6NLY3J,40,150,2027-06-03,True,2023-05-17T00:00:00
10188,DESCATORX5,20,50,2026-08-26,True,2025-03-16T00:00:00
10189,DESCNB0V7O,25,100,2026-07-30,True,2025-06-05T00:00:00
10190,SAVE8ONMGE,40,50,2026-09-26,True,2023-07-08T00:00:00
10191,SUPERNY4LF1,25,50,2024-01-10,False,2026-01-30T00:00:00
10192,SAVEJRC74M,25,500,2027-11-26,True,2023-09-06T00:00:00
10193,PROMOUB3TRS,15,50,2026-01-29,False,2024-03-11T00:00:00
10194,SAVE1GYYJX,40,150,2024-03-25,False,2023-05-03T00:00:00
10195,OFFRZJZXC,25,200,2023-12-28,False,2025-08-15T00:00:00
10196,TOPANVOV3,50,500,2027-04-08,False,2026-02-11T00:00:00
10197,MEGAZHFHPL,30,200,2027-04-11,False,2023-11-20T00:00:00
10198,SALEQZP6S7,50,100,2025-05-26,False,2024-12-04T00:00:00
10199,SAVEY5B603,20,50,2026-06-21,True,2023-12-11T00:00:00
10200,MEGAY1HRMZ,20,500,2024-03-11,False,2023-07-06T00:00:00
10201,SUPERPZ7GJK,20,100,2023-05-10,False,2023-05-05T00:00:00
10202,SALEOH6WAR,5,50,2025-04-26,False,2026-02-16T00:00:00
10203,SAVEZQSK0G,10,200,2027-07-11,True,2024-07-20T00:00:00
10204,OFFUI9AVP,25,300,2023-06-16,False,2026-05-04T00:00:00
10205,TOP8YMUK6,40,200,2024-12-13,False,2024-08-16T00:00:00
10206,DESCW4EK0W,5,50,2023-01-28,False,2023-01-17T00:00:00
10207,DESCZ1PMKA,50,500,2023-12-29,False,2023-04-29T00:00:00
10208,PROMOIBGSCZ,20,50,2027-01-03,True,2024-10-18T00:00:00
10209,DESCVGTQ0Q,40,200,2026-04-20,False,2024-04-28T00:00:00
10210,OFF16234A,40,500,2025-12-07,False,2025-03-28T00:00:00
10211,SUPERTUYQKK,20,300,2023-05-12,False,2024-11-02T00:00:00
10212,OFFHM5H4H,5,50,2023-10-26,False,2025-01-03T00:00:00
10213,TOPTF8BPQ,20,150,2027-11-16,True,2026-04-24T00:00:00
10214,TOPUF27VI,40,500,2024-07-23,False,2023-01-24T00:00:00
10215,DESC4JUA3H,10,100,2026-01-25,False,2023-05-02T00:00:00
10216,TOPALZZHB,25,200,2026-01-26,False,2023-08-15T00:00:00
10217,PROMOCC3DSX,25,150,2024-05-30,False,2024-05-16T00:00:00
10218,SALECMXQJR,15,200,2024-12-13,False,2023-04-06T00:00:00
10219,SUPERXXZ484,30,50,2025-03-25,False,2026-04-16T00:00:00
10220,PROMOOCR9V9,10,200,2024-04-15,False,2023-10-13T00:00:00
10221,SALEH0TKOM,25,500,2027-01-09,True,2025-07-23T00:00:00
10222,SUPERRWL3Q7,10,200,2024-03-14,False,2023-07-16T00:00:00
10223,PROMOM79IV3,30,150,2027-02-22,True,2026-03-05T00:00:00
10224,PROMOTCYDAY,20,300,2025-03-02,False,2024-06-02T00:00:00
10225,DESCEWABV0,20,150,2025-06-18,False,2025-10-24T00:00:00
10226,MEGA6IACEW,5,100,2024-01-16,False,2023-05-21T00:00:00
10227,TOPYOPAN9,5,200,2025-11-19,False,2026-03-23T00:00:00
10228,TOPC8D7SB,15,100,2026-11-14,True,2026-05-27T00:00:00
10229,DESCDDBH3A,25,50,2026-01-31,False,2024-08-07T00:00:00
10230,MEGATWIEJE,10,200,2024-08-03,False,2025-05-26T00:00:00
10231,SAVE66XUTR,30,300,2026-11-13,True,2026-05-15T00:00:00
10232,OFFYOVOC0,40,50,2026-03-15,False,2023-12-20T00:00:00
10233,SAVEYZMSJG,5,300,2024-03-25,False,2023-06-20T00:00:00
10234,SAVEYYU0ZY,10,500,2024-08-12,False,2023-01-21T00:00:00
10235,TOPA25ZQH,20,150,2024-06-24,False,2025-08-29T00:00:00
10236,MEGAQIPIEA,30,150,2023-03-22,False,2025-07-27T00:00:00
10237,SUPER3ZFW8X,50,50,2023-05-01,False,2024-04-11T00:00:00
10238,TOPVZWU8M,20,300,2027-06-19,False,2024-12-29T00:00:00
10239,PROMOXC2WSR,25,300,2026-12-19,True,2024-03-05T00:00:00
10240,DESCYKHW77,50,300,2025-07-16,False,2023-02-14T00:00:00
10241,OFFOYAXD8,40,150,2023-11-24,False,2025-09-18T00:00:00
10242,SALESJNCEW,50,150,2027-08-29,True,2025-09-09T00:00:00
10243,DESCMHILJ3,15,500,2024-12-18,False,2023-07-16T00:00:00
10244,MEGAHSB1FJ,50,500,2025-08-10,False,2025-12-27T00:00:00
10245,DESCKXTMRB,30,100,2026-08-21,True,2023-11-13T00:00:00
10246,TOPVMRY0R,40,50,2025-11-14,False,2026-03-14T00:00:00
10247,DESCUBS68W,30,500,2023-06-22,False,2024-07-15T00:00:00
10248,PROMOYDT5R3,50,150,2026-05-10,False,2025-03-27T00:00:00
10249,TOPEDOYUB,15,200,2025-10-04,False,2023-12-05T00:00:00
10250,OFFK0U1DR,50,150,2026-06-14,True,2025-05-03T00:00:00
10251,TOPZICTAB,40,300,2025-06-09,False,2024-04-18T00:00:00
10252,SAVEBVDHGI,20,200,2023-06-10,False,2023-02-04T00:00:00
10253,MEGAIY2RYG,50,200,2027-09-18,True,2025-12-23T00:00:00
10254,SALE2RBWZH,50,50,2023-12-05,False,2023-11-06T00:00:00
10255,SUPERC730KB,40,200,2026-05-17,False,2023-02-14T00:00:00
10256,SAVE5ZBQIR,40,150,2024-07-07,False,2025-02-11T00:00:00
10257,SUPEREV940V,30,50,2023-02-15,False,2025-08-08T00:00:00
10258,PROMOOHZYMW,40,50,2023-03-22,False,2023-04-27T00:00:00
10259,PROMO3ALKEZ,50,100,2024-04-07,False,2024-09-06T00:00:00
10260,DESCOENJ6A,30,200,2024-12-17,False,2026-03-30T00:00:00
10261,DESCCIU0SZ,5,150,2025-04-06,False,2024-06-11T00:00:00
10262,MEGAR1S5B9,10,500,2024-02-07,False,2024-05-11T00:00:00
10263,TOPLM4MG2,20,300,2024-09-17,False,2023-10-27T00:00:00
10264,OFF3SFRC5,40,500,2025-08-12,False,2025-12-05T00:00:00
10265,OFFTB4LGJ,25,150,2025-05-13,False,2024-01-24T00:00:00
10266,DESCK3VLXL,50,150,2027-12-15,False,2024-07-06T00:00:00
10267,SUPERUV2XET,20,500,2023-05-12,False,2026-04-10T00:00:00
10268,SUPERNMDZGI,25,50,2023-02-12,False,2023-06-29T00:00:00
10269,DESC6J2WI5,50,300,2024-12-02,False,2023-07-02T00:00:00
10270,PROMORZ47L9,30,100,2024-04-16,False,2023-06-07T00:00:00
10271,SALENPEYD7,20,200,2023-02-28,False,2025-01-18T00:00:00
10272,MEGACALS4I,25,150,2023-12-01,False,2026-03-22T00:00:00
10273,OFFPE0OYA,40,150,2027-06-22,True,2023-05-16T00:00:00
10274,SALEB49QX5,40,300,2023-03-12,False,2024-08-12T00:00:00
10275,OFFU01VSU,5,300,2023-10-09,False,2023-03-01T00:00:00
10276,DESCNIQJ08,15,150,2025-11-18,False,2023-11-08T00:00:00
10277,OFFVN2BVP,25,500,2023-07-01,False,2024-04-18T00:00:00
10278,SUPERQ0HPUH,30,200,2025-03-06,False,2025-03-23T00:00:00
10279,SUPERQW9CGL,50,50,2024-10-30,False,2025-04-25T00:00:00
10280,SUPER58FCG6,5,300,2025-09-26,False,2024-02-28T00:00:00
10281,DESCF1XGSG,20,50,2025-06-24,False,2024-03-06T00:00:00
10282,SUPER0IKISX,15,500,2027-10-06,True,2024-07-14T00:00:00
10283,SAVEBEHINV,50,500,2023-09-20,False,2023-06-24T00:00:00
10284,OFFM881V4,10,500,2026-02-18,False,2024-08-03T00:00:00
10285,PROMO3TUMTP,15,100,2026-10-22,True,2026-02-26T00:00:00
10286,PROMOMUIXTL,10,200,2026-04-05,False,2025-03-13T00:00:00
10287,OFFZMAQCU,5,300,2025-03-23,False,2026-04-20T00:00:00
10288,TOP6L965F,50,500,2026-03-30,False,2024-04-11T00:00:00
10289,SUPERIIHUPG,25,200,2023-05-10,False,2023-10-30T00:00:00
10290,DESCW5KA9M,10,50,2026-09-11,True,2025-08-11T00:00:00
10291,MEGAUF728C,30,300,2026-04-08,False,2023-06-10T00:00:00
10292,DESCS7QMX0,50,200,2023-12-16,False,2026-02-15T00:00:00
10293,SAVEI2W1RP,30,500,2023-02-24,False,2023-10-14T00:00:00
10294,MEGABM4V81,50,100,2023-04-16,False,2026-04-15T00:00:00
10295,MEGAO7CWCX,50,500,2027-02-14,True,2023-01-02T00:00:00
10296,PROMOD0GUY9,20,500,2025-11-03,False,2023-12-15T00:00:00
10297,MEGAITHPLF,10,150,2025-07-31,False,2023-05-26T00:00:00
10298,SAVE7R43MM,5,500,2027-02-15,True,2024-05-13T00:00:00
10299,SAVEY4QBA4,20,100,2026-12-05,True,2024-02-09T00:00:00
10300,MEGAPQATUB,40,300,2026-02-28,False,2023-08-21T00:00:00
10301,OFFXEI9CV,30,100,2023-04-16,False,2026-01-25T00:00:00
10302,SUPER3PN5WH,15,300,2023-06-11,False,2026-05-13T00:00:00
10303,SALE10JCW2,10,50,2026-07-23,True,2023-11-22T00:00:00
10304,SALEOKF492,5,100,2026-04-26,False,2024-03-13T00:00:00
10305,SALE4Y2RCQ,20,150,2026-07-12,True,2024-12-07T00:00:00
10306,TOP8KLG0V,30,100,2026-06-20,False,2025-02-19T00:00:00
10307,OFFVCHW7E,50,200,2023-01-25,False,2026-03-09T00:00:00
10308,TOPP2K35X,20,200,2023-10-21,False,2024-09-27T00:00:00
10309,OFFN67EH4,40,100,2024-05-10,False,2026-01-04T00:00:00
10310,SALEBMQUTD,15,500,2025-01-07,False,2024-04-17T00:00:00
10311,OFFT2U8NP,30,500,2025-01-30,False,2023-12-03T00:00:00
10312,PROMOWRKMGA,25,100,2023-02-09,False,2023-08-31T00:00:00
10313,PROMO1IV5WC,50,150,2026-04-25,False,2024-08-13T00:00:00
10314,TOP42J8XW,50,500,2027-05-01,True,2025-01-03T00:00:00
10315,SUPER7S0K0E,40,150,2025-02-11,False,2025-06-18T00:00:00
10316,DESCTOM7YP,20,200,2027-11-19,True,2026-04-23T00:00:00
10317,OFFWQ6IOY,30,150,2023-08-09,False,2025-06-22T00:00:00
10318,OFF1NSDBS,50,100,2025-12-22,False,2023-01-03T00:00:00
10319,SALEZVT0TR,5,300,2024-04-10,False,2025-04-09T00:00:00
10320,TOPOZ9Z30,50,500,2024-04-15,False,2024-05-02T00:00:00
10321,MEGAP8ZFIZ,50,50,2023-04-22,False,2025-04-15T00:00:00
10322,SAVEUY57HI,10,50,2025-09-02,False,2024-11-18T00:00:00
10323,SALEZ9LKJ3,20,50,2024-11-25,False,2026-04-08T00:00:00
10324,SUPERE2ODOJ,50,100,2023-08-06,False,2025-11-18T00:00:00
10325,MEGA7M2Q32,5,500,2025-07-12,False,2025-10-23T00:00:00
10326,SALET7AIHT,25,50,2025-08-13,False,2025-08-13T00:00:00
10327,SALEWRBAXN,5,200,2024-05-08,False,2025-04-06T00:00:00
10328,TOPH0WE4X,25,100,2023-09-28,False,2025-10-11T00:00:00
10329,DESC1BODET,5,200,2023-08-15,False,2024-03-31T00:00:00
10330,DESCN7GD1G,20,150,2024-07-23,False,2023-02-10T00:00:00
10331,PROMOVYBAVJ,25,50,2026-10-05,False,2025-06-27T00:00:00
10332,PROMO2NECC6,10,50,2026-04-05,False,2025-05-29T00:00:00
10333,OFFQ1HYYV,30,300,2023-04-23,False,2025-04-28T00:00:00
10334,PROMOT1O0YJ,25,150,2027-07-12,True,2026-03-03T00:00:00
10335,PROMOHQAAUQ,10,150,2023-06-17,False,2023-06-05T00:00:00
10336,TOPUM8H00,10,500,2023-02-05,False,2023-07-25T00:00:00
10337,TOPXDKW3O,50,100,2023-02-03,False,2023-04-21T00:00:00
10338,MEGAI4FPRT,30,50,2026-06-30,True,2023-05-19T00:00:00
10339,MEGAVUCP7U,50,300,2027-08-10,True,2025-08-21T00:00:00
10340,TOPZKXMYH,40,150,2024-06-13,False,2024-08-21T00:00:00
10341,TOP3PMO3B,10,100,2026-06-02,False,2024-12-18T00:00:00
10342,SAVERW78GQ,20,100,2025-10-23,False,2025-04-12T00:00:00
10343,OFF74MC49,40,150,2024-06-19,False,2025-10-13T00:00:00
10344,OFFNLMR1L,20,300,2026-08-12,True,2025-11-26T00:00:00
10345,SUPERFUH09H,15,50,2027-10-21,True,2024-05-19T00:00:00
10346,PROMOMJDPTV,50,500,2027-10-12,True,2026-01-06T00:00:00
10347,PROMOSOG9XK,30,300,2025-10-23,False,2023-02-02T00:00:00
10348,SAVESMFI9S,25,50,2025-09-20,False,2025-05-08T00:00:00
10349,DESCPN0J87,25,50,2025-04-07,False,2026-05-15T00:00:00
10350,SUPERA4Q0LO,20,200,2023-08-23,False,2024-06-09T00:00:00
10351,MEGAZ49SYA,30,500,2023-11-13,False,2024-03-21T00:00:00
10352,SALEW1X40N,25,150,2027-12-17,True,2026-02-26T00:00:00
10353,SALEQDHPV4,50,200,2027-09-08,True,2023-08-24T00:00:00
10354,SALE83USOC,20,50,2024-10-04,False,2024-07-20T00:00:00
10355,SALEQ33O6A,50,150,2026-11-13,True,2025-06-11T00:00:00
10356,OFFJOY6QT,50,500,2025-04-07,False,2025-09-14T00:00:00
10357,PROMOIWBPLU,30,200,2023-10-08,False,2023-04-25T00:00:00
10358,MEGATC1WL9,10,200,2025-03-26,False,2023-12-30T00:00:00
10359,SUPERQLPN4G,5,300,2023-11-11,False,2024-08-31T00:00:00
10360,TOPVJYAF5,5,50,2024-07-02,False,2026-03-30T00:00:00
10361,SAVEP8NM1F,5,150,2024-03-14,False,2024-11-22T00:00:00
10362,SAVEPK0Z96,15,200,2027-09-26,False,2024-01-08T00:00:00
10363,PROMO5EB3XE,20,150,2025-06-23,False,2023-01-26T00:00:00
10364,PROMOV7JRQY,20,50,2023-03-13,False,2023-02-11T00:00:00
10365,PROMO4QNW9M,15,150,2024-02-11,False,2025-09-06T00:00:00
10366,OFFDCR6T0,30,150,2026-06-10,False,2024-05-14T00:00:00
10367,OFFTOB5UA,5,50,2024-04-08,False,2024-12-01T00:00:00
10368,TOPMV6FU3,25,200,2026-12-27,True,2024-11-21T00:00:00
10369,SAVELDVO07,30,100,2027-07-26,True,2024-07-31T00:00:00
10370,PROMONUJQ5Q,20,500,2027-01-20,False,2024-12-21T00:00:00
10371,MEGA37XZTP,15,200,2026-11-25,True,2024-08-26T00:00:00
10372,MEGATWUR0W,25,500,2024-04-01,False,2024-05-27T00:00:00
10373,SALEY7ZMYN,40,200,2027-12-28,True,2024-10-19T00:00:00
10374,SALEVBIBCO,10,500,2027-05-05,False,2025-01-21T00:00:00
10375,MEGA1UCS6V,15,300,2025-03-30,False,2023-01-03T00:00:00
10376,OFFS4JMF7,15,300,2024-10-16,False,2023-10-30T00:00:00
10377,DESCIM335J,40,500,2023-05-12,False,2023-10-13T00:00:00
10378,OFFJ7J5HD,5,50,2024-09-14,False,2023-10-09T00:00:00
10379,TOP9LO9FP,30,500,2024-11-17,False,2024-05-07T00:00:00
10380,SUPERMERY4J,25,100,2026-07-01,True,2023-07-09T00:00:00
10381,MEGABWTOY9,20,500,2026-04-30,False,2024-06-04T00:00:00
10382,DESCWZS63E,40,500,2027-04-30,True,2025-08-03T00:00:00
10383,DESCT77UA7,20,300,2027-11-15,False,2025-09-16T00:00:00
10384,DESC0XXDHI,30,100,2027-05-21,True,2025-08-06T00:00:00
10385,PROMOBKUMPD,40,150,2023-02-01,False,2023-12-31T00:00:00
10386,SAVE4HSP3G,5,300,2026-08-30,True,2024-12-23T00:00:00
10387,PROMOBZOC6E,20,150,2023-10-09,False,2025-11-28T00:00:00
10388,SUPERWE33E8,20,500,2023-12-20,False,2023-01-08T00:00:00
10389,MEGAL5FU1Y,15,200,2027-10-20,True,2023-07-15T00:00:00
10390,SALE1PDMZ8,50,150,2027-08-29,True,2025-07-12T00:00:00
10391,TOPRRQJS0,25,50,2023-04-30,False,2025-05-18T00:00:00
10392,DESCJZYRM9,50,50,2026-03-17,False,2023-10-08T00:00:00
10393,SUPERX95AGG,40,200,2026-10-30,False,2023-01-23T00:00:00
10394,PROMOM3HJU9,50,200,2024-07-30,False,2025-09-23T00:00:00
10395,SAVEUZ20EN,5,200,2024-05-01,False,2024-08-10T00:00:00
10396,PROMO30BWGJ,20,500,2026-04-12,False,2026-05-30T00:00:00
10397,PROMOZ3BXUX,25,200,2024-01-28,False,2025-06-30T00:00:00
10398,OFFMWLXR3,5,150,2024-04-26,False,2026-04-15T00:00:00
10399,SAVESK5UO4,50,100,2024-08-23,False,2023-11-28T00:00:00
10400,DESC3LM9ZT,20,50,2027-10-17,False,2024-03-27T00:00:00
10401,TOPXB4PUK,40,150,2027-06-03,True,2024-05-29T00:00:00
10402,SALE28SZCP,5,300,2026-08-11,True,2025-04-15T00:00:00
10403,MEGAU7XOJS,15,300,2025-06-02,False,2025-12-13T00:00:00
10404,MEGAF17J88,30,100,2027-09-13,True,2024-07-26T00:00:00
10405,DESC0WWE1V,30,150,2023-11-17,False,2023-02-17T00:00:00
10406,OFFLUO7C8,5,200,2023-12-22,False,2024-08-10T00:00:00
10407,MEGADVFOBX,25,100,2024-04-11,False,2025-12-28T00:00:00
10408,MEGAAPMG0S,20,50,2026-09-22,True,2024-12-02T00:00:00
10409,SAVE7ILKL0,50,50,2024-08-13,False,2024-12-09T00:00:00
10410,SAVERGLXCA,50,200,2026-03-17,False,2023-09-04T00:00:00
10411,PROMOGIDBU8,5,50,2025-12-29,False,2023-06-13T00:00:00
10412,PROMOMZ2CAM,30,300,2024-02-19,False,2023-07-06T00:00:00
10413,MEGAXVDX1C,20,100,2027-05-15,True,2026-02-04T00:00:00
10414,SUPERJQJPJR,30,300,2023-12-22,False,2025-07-03T00:00:00
10415,OFF950PX9,10,150,2023-01-03,False,2025-09-11T00:00:00
10416,SUPER3YCQBO,20,300,2024-01-31,False,2025-06-12T00:00:00
10417,SUPERW1YOGR,20,50,2025-06-08,False,2025-08-07T00:00:00
10418,SAVEB4KL0Z,5,150,2027-01-25,True,2024-01-29T00:00:00
10419,SALESBG46Q,5,100,2026-05-25,False,2024-03-21T00:00:00
10420,SAVEE2CXYP,25,100,2027-12-13,True,2024-03-05T00:00:00
10421,SALEG3Z84I,15,50,2025-11-22,False,2025-07-22T00:00:00
10422,PROMOT2N68M,20,50,2026-01-16,False,2024-10-09T00:00:00
10423,PROMO0DURNN,30,150,2025-05-12,False,2023-06-07T00:00:00
10424,SALER3I6N5,25,100,2023-08-18,False,2023-03-23T00:00:00
10425,MEGA4YJ9SN,40,200,2027-03-01,True,2025-11-23T00:00:00
10426,MEGAH9ASBC,25,50,2027-05-21,False,2024-01-13T00:00:00
10427,SALE4LIBQH,50,100,2023-03-09,False,2025-02-20T00:00:00
10428,OFFSQW00R,5,300,2024-05-27,False,2025-09-05T00:00:00
10429,TOP84H5C8,20,200,2026-01-04,False,2026-02-25T00:00:00
10430,SUPERVY4NAQ,30,50,2024-12-06,False,2025-06-03T00:00:00
10431,SUPERP0563Q,30,150,2026-05-16,False,2023-08-10T00:00:00
10432,MEGAACAVU8,30,150,2026-08-08,True,2025-04-12T00:00:00
10433,OFF4WVX3G,50,100,2023-08-05,False,2026-06-01T00:00:00
10434,MEGA1YKBOI,40,100,2024-04-18,False,2024-03-14T00:00:00
10435,TOPM9I8CN,10,300,2027-05-06,True,2026-04-26T00:00:00
10436,SALEKQG1C3,5,50,2027-11-08,True,2024-10-20T00:00:00
10437,SALEOR2S9P,30,150,2025-02-18,False,2026-01-16T00:00:00
10438,SALEAPCB7R,30,200,2023-06-13,False,2025-11-09T00:00:00
10439,MEGAR6L180,30,300,2024-05-06,False,2025-05-07T00:00:00
10440,SAVEO9OAZB,20,50,2024-08-02,False,2025-12-03T00:00:00
10441,OFF0TC6E5,15,200,2023-07-07,False,2023-01-06T00:00:00
10442,SUPERSAN595,10,200,2023-11-22,False,2024-07-17T00:00:00
10443,SAVE3VGKQ0,10,500,2025-11-30,False,2023-08-17T00:00:00
10444,OFFXNCVCT,5,500,2025-01-05,False,2023-12-02T00:00:00
10445,TOPY98DA6,15,150,2027-07-11,True,2024-04-11T00:00:00
10446,OFFXFKNSO,10,50,2027-10-25,True,2024-01-08T00:00:00
10447,PROMO9L36RF,5,200,2023-06-10,False,2024-05-04T00:00:00
10448,DESC9DGQ3T,30,150,2027-04-08,False,2025-12-25T00:00:00
10449,OFFQ9HYV1,40,300,2025-04-27,False,2026-05-19T00:00:00
10450,MEGA04X3QO,20,100,2023-01-02,False,2026-03-17T00:00:00
10451,DESCJSIU4Q,25,150,2026-05-08,False,2023-08-27T00:00:00
10452,TOP6TJUNQ,20,150,2026-09-03,False,2023-07-26T00:00:00
10453,TOPS7MCVY,40,50,2025-12-25,False,2025-05-22T00:00:00
10454,DESC2YIE5G,15,300,2025-12-09,False,2024-12-05T00:00:00
10455,MEGAAAQS2Z,5,50,2025-03-21,False,2025-09-10T00:00:00
10456,OFFRNVJN2,20,150,2025-06-19,False,2025-03-06T00:00:00
10457,SUPERJ89FMN,40,100,2023-08-13,False,2025-09-19T00:00:00
10458,PROMO4M6CQN,10,150,2025-10-25,False,2024-06-28T00:00:00
10459,SAVEGVF4JV,5,200,2025-03-23,False,2024-02-11T00:00:00
10460,PROMORYW970,20,200,2027-08-26,True,2023-11-30T00:00:00
10461,MEGALGI5M1,40,50,2026-09-09,True,2024-11-15T00:00:00
10462,SAVEQZDKXS,15,200,2027-02-06,False,2023-09-15T00:00:00
10463,SUPERJ297LJ,15,300,2023-04-24,False,2026-06-09T00:00:00
10464,SUPERNAHCFL,50,300,2025-08-23,False,2025-01-21T00:00:00
10465,OFFRPK319,50,300,2027-11-21,True,2024-10-03T00:00:00
10466,PROMOQIDU1B,30,200,2027-02-20,True,2024-09-13T00:00:00
10467,SUPERCINKD7,25,300,2027-07-13,True,2026-02-23T00:00:00
10468,SUPERWTJYAL,40,100,2026-11-22,True,2024-01-26T00:00:00
10469,SUPERTSBPMA,5,50,2023-07-27,False,2025-06-29T00:00:00
10470,DESCD4ZCQR,40,50,2024-05-04,False,2026-01-31T00:00:00
10471,SUPERQN9GD2,5,150,2024-09-11,False,2024-02-06T00:00:00
10472,OFFFUD8T9,20,200,2026-03-16,False,2023-11-06T00:00:00
10473,SALEVH3OVM,5,500,2023-08-30,False,2026-02-23T00:00:00
10474,SALEK8M92W,10,300,2024-07-27,False,2023-09-17T00:00:00
10475,TOPD3EXWJ,20,200,2027-02-25,True,2025-05-06T00:00:00
10476,OFFTM2XKF,10,300,2027-06-29,True,2025-04-14T00:00:00
10477,PROMO4UIK7P,40,300,2027-01-06,True,2025-07-25T00:00:00
10478,SAVEIIA56R,30,100,2027-09-26,False,2024-02-23T00:00:00
10479,TOP2O5B5B,15,200,2027-10-18,True,2025-09-11T00:00:00
10480,TOP6VSEIU,10,200,2024-03-14,False,2023-03-19T00:00:00
10481,TOPXD7A6N,15,50,2023-06-24,False,2025-09-02T00:00:00
10482,MEGAKCLXZF,40,100,2023-07-30,False,2024-02-15T00:00:00
10483,DESC2W81W3,30,300,2024-08-12,False,2024-11-01T00:00:00
10484,OFFO6ND5F,40,200,2025-01-10,False,2023-10-30T00:00:00
10485,PROMOAIYN28,5,200,2026-11-14,False,2023-05-19T00:00:00
10486,MEGA3Q54C2,40,100,2025-12-17,False,2025-05-26T00:00:00
10487,SUPERF6135G,30,200,2026-11-14,True,2025-09-06T00:00:00
10488,SALEMNEGHR,50,150,2027-06-03,True,2023-02-21T00:00:00
10489,OFFOICZHG,10,100,2024-03-09,False,2025-01-21T00:00:00
10490,TOPC3ZFWL,40,200,2023-05-12,False,2023-10-23T00:00:00
10491,MEGAACCTVX,25,100,2024-04-27,False,2023-07-14T00:00:00
10492,SUPERAU8VY4,25,200,2024-10-02,False,2023-12-29T00:00:00
10493,DESCLF77IE,20,150,2023-09-01,False,2025-11-16T00:00:00
10494,DESCCA066I,25,150,2025-05-03,False,2024-11-29T00:00:00
10495,SALESTP411,15,200,2024-03-20,False,2024-10-25T00:00:00
10496,OFF606T6J,20,500,2026-03-06,False,2026-03-15T00:00:00
10497,OFFLR5Y98,40,300,2023-12-19,False,2026-02-18T00:00:00
10498,PROMOK8PZ6V,50,100,2023-08-15,False,2024-12-19T00:00:00
10499,MEGAA5Z2NG,30,300,2027-09-29,False,2026-04-08T00:00:00
10500,PROMOZ9TXDN,50,100,2025-12-18,False,2025-11-01T00:00:00
10501,OFFWJVYV9,5,100,2023-03-05,False,2023-01-17T00:00:00
10502,SUPERDODJ8N,5,150,2024-07-16,False,2023-06-17T00:00:00
10503,OFF4F21MO,50,200,2024-05-14,False,2025-09-17T00:00:00
10504,OFFIEFOU5,5,200,2023-03-21,False,2023-08-22T00:00:00
10505,TOPD7BAJ1,10,200,2023-04-01,False,2023-02-23T00:00:00
10506,MEGAMOX5LJ,50,100,2024-08-18,False,2024-03-04T00:00:00
10507,TOP2DHK6R,40,200,2023-09-27,False,2024-03-05T00:00:00
10508,SUPERLFGHTL,40,150,2027-12-01,False,2024-11-18T00:00:00
10509,OFFS5H5HX,20,50,2025-12-07,False,2023-05-21T00:00:00
10510,TOP6938L7,25,150,2024-04-15,False,2025-10-02T00:00:00
10511,SAVEANX0T7,5,100,2027-07-25,False,2025-09-08T00:00:00
10512,SUPEREGB75T,20,150,2025-04-22,False,2026-04-08T00:00:00
10513,MEGA0RJL0N,50,500,2026-03-20,False,2023-01-17T00:00:00
10514,OFFZYIKA3,20,200,2024-12-22,False,2025-05-07T00:00:00
10515,TOPGBB2KV,20,200,2024-01-16,False,2024-06-10T00:00:00
10516,SAVETCELVY,15,300,2023-07-12,False,2025-07-13T00:00:00
10517,TOP2TBLEZ,40,500,2024-12-08,False,2025-09-11T00:00:00
10518,SALECODD4D,50,50,2023-02-12,False,2026-05-24T00:00:00
10519,SAVEQJIMWW,40,500,2024-02-17,False,2026-04-24T00:00:00
10520,TOP7MPGYP,20,200,2026-05-08,False,2025-05-25T00:00:00
10521,OFFK7MZFC,25,50,2025-08-03,False,2024-07-15T00:00:00
10522,SALEQLYP2W,40,100,2023-08-28,False,2025-11-03T00:00:00
10523,SUPERYE9NNM,25,300,2023-01-05,False,2025-05-21T00:00:00
10524,SALEBAHXG9,5,150,2026-10-04,False,2023-05-11T00:00:00
10525,DESCL8V71D,5,150,2027-11-26,True,2023-01-24T00:00:00
10526,MEGAUPGF85,20,150,2027-03-23,False,2023-07-01T00:00:00
10527,SUPERWBLPUF,15,150,2024-11-02,False,2024-07-22T00:00:00
10528,TOPJ0C2RE,50,50,2026-12-29,True,2024-02-28T00:00:00
10529,SAVE77W099,50,150,2025-12-21,False,2024-06-19T00:00:00
10530,SAVEGKCRPK,40,150,2023-01-27,False,2025-11-23T00:00:00
10531,SUPERM7ERYR,40,500,2025-08-01,False,2025-12-18T00:00:00
10532,OFFRXLIQZ,40,100,2025-03-17,False,2025-02-22T00:00:00
10533,TOPXO994Q,30,300,2026-06-18,True,2023-08-12T00:00:00
10534,SUPERK3KBF4,40,100,2026-12-21,True,2024-04-30T00:00:00
10535,TOPBK6OZR,25,200,2025-10-16,False,2023-04-12T00:00:00
10536,PROMO821SQL,25,200,2026-03-22,False,2026-05-30T00:00:00
10537,OFFKOWUBW,20,50,2026-09-01,True,2023-07-18T00:00:00
10538,SAVEOTWFU4,15,50,2025-08-05,False,2024-09-27T00:00:00
10539,SALEDCG5DD,25,200,2023-03-19,False,2024-03-13T00:00:00
10540,SALEWDIQ7X,30,50,2026-01-15,False,2025-02-16T00:00:00
10541,SALEK98YF0,30,150,2023-12-02,False,2024-09-11T00:00:00
10542,SALERVRI1I,10,300,2026-05-10,False,2024-11-06T00:00:00
10543,MEGAVAWJS6,25,150,2027-09-20,False,2024-10-01T00:00:00
10544,OFFVUNXV4,5,500,2023-05-15,False,2024-08-02T00:00:00
10545,DESC9B97YM,30,50,2027-11-06,True,2026-02-08T00:00:00
10546,DESCRMNRMT,25,200,2026-03-26,False,2025-06-05T00:00:00
10547,DESCLGMBRT,40,500,2024-06-06,False,2023-03-10T00:00:00
10548,SALEG7LVXY,25,50,2027-11-25,False,2025-01-23T00:00:00
10549,SAVEOVR0UI,25,300,2027-05-09,True,2024-09-19T00:00:00
10550,PROMORUL821,20,500,2024-09-01,False,2023-12-16T00:00:00
10551,PROMOEZCXI9,10,100,2025-02-04,False,2023-08-30T00:00:00
10552,SAVEDKPIRW,30,500,2023-12-24,False,2023-01-04T00:00:00
10553,PROMOWNF23Y,30,500,2026-02-20,False,2024-04-09T00:00:00
10554,SAVEYLFVGI,30,300,2024-03-04,False,2023-09-22T00:00:00
10555,TOPVPQA8E,40,100,2023-01-25,False,2023-02-14T00:00:00
10556,PROMOV4TTY1,40,100,2024-12-04,False,2025-06-12T00:00:00
10557,SUPERCXU0LQ,50,100,2025-12-31,False,2024-01-21T00:00:00
10558,PROMOCIMGOB,10,150,2027-11-16,True,2024-09-11T00:00:00
10559,SAVEYEERFF,15,300,2024-04-21,False,2025-02-27T00:00:00
10560,SUPERT76AZN,15,100,2025-10-12,False,2025-08-09T00:00:00
10561,SUPERO9TM9O,10,500,2025-05-12,False,2024-07-02T00:00:00
10562,MEGAJQ2C5Z,20,150,2025-03-28,False,2025-02-06T00:00:00
10563,OFF4Q9SGF,10,100,2024-12-10,False,2023-10-16T00:00:00
10564,PROMO816AWV,40,500,2025-01-12,False,2025-05-25T00:00:00
10565,DESCWTZTU7,10,100,2026-09-06,True,2026-02-23T00:00:00
10566,SUPERLVISB3,30,50,2026-02-20,False,2024-05-24T00:00:00
10567,OFFHSWMEO,10,200,2027-04-29,True,2023-04-06T00:00:00
10568,DESCY2DC2E,30,150,2026-12-05,False,2023-12-10T00:00:00
10569,DESC5ZBWO9,25,100,2024-05-01,False,2023-04-23T00:00:00
10570,SAVEJ6UHG9,25,500,2024-07-31,False,2025-07-01T00:00:00
10571,DESC3166WO,30,500,2024-06-09,False,2023-02-27T00:00:00
10572,SUPERKU5S6Z,30,100,2024-02-07,False,2026-06-04T00:00:00
10573,SALE22DORH,30,50,2024-12-06,False,2024-02-24T00:00:00
10574,TOPRFG131,40,300,2023-08-20,False,2025-02-01T00:00:00
10575,DESC4BYWLM,50,200,2023-10-05,False,2026-02-27T00:00:00
10576,DESCXTX79J,20,100,2025-10-16,False,2024-03-13T00:00:00
10577,SAVEVSFPFQ,15,200,2025-11-22,False,2023-01-30T00:00:00
10578,PROMOI4DHPX,20,50,2025-05-19,False,2026-01-11T00:00:00
10579,DESCR8C1U4,20,500,2024-12-27,False,2025-01-25T00:00:00
10580,DESCFVPM05,30,300,2027-02-12,False,2023-10-01T00:00:00
10581,SAVEETJ65Y,15,500,2023-07-11,False,2024-12-15T00:00:00
10582,SUPER1CQCEF,25,100,2023-05-03,False,2024-11-09T00:00:00
10583,TOPQ952VZ,25,100,2023-09-07,False,2025-09-20T00:00:00
10584,SUPERA9CEX5,30,100,2027-05-02,False,2025-01-29T00:00:00
10585,SAVEMBESP3,15,300,2025-03-07,False,2023-11-12T00:00:00
10586,PROMOO4NCTL,50,50,2026-11-19,True,2024-09-12T00:00:00
10587,TOPYG6B96,50,500,2023-07-27,False,2025-09-03T00:00:00
10588,SALE7DQ4BX,40,500,2024-01-30,False,2023-05-30T00:00:00
10589,TOPIS6UTF,50,200,2024-01-23,False,2026-03-07T00:00:00
10590,OFFKR4XCU,25,500,2027-03-18,True,2025-12-12T00:00:00
10591,MEGA2E88TH,25,150,2025-11-19,False,2023-02-10T00:00:00
10592,MEGAHY5GWT,40,150,2027-12-01,True,2025-10-28T00:00:00
10593,MEGAEUVY35,50,300,2023-10-12,False,2024-10-27T00:00:00
10594,TOPUKJT0V,15,500,2026-07-07,True,2025-06-27T00:00:00
10595,MEGAR3LKQB,50,300,2025-12-31,False,2023-05-08T00:00:00
10596,TOPVXKLBH,25,200,2023-07-19,False,2023-03-29T00:00:00
10597,PROMOWUN3P9,5,100,2023-12-16,False,2023-02-14T00:00:00
10598,OFFU4LX3W,50,300,2025-03-19,False,2025-07-29T00:00:00
10599,DESCZXRLDC,20,150,2025-09-16,False,2023-04-14T00:00:00
10600,OFF3IWZNL,10,200,2025-04-13,False,2024-02-09T00:00:00
10601,PROMOHDIMF0,20,500,2023-05-23,False,2025-01-16T00:00:00
10602,SUPERS7P2EK,25,150,2026-06-23,True,2023-11-20T00:00:00
10603,SAVE06M7N7,20,200,2024-10-11,False,2025-05-05T00:00:00
10604,TOP2EB15Z,10,500,2025-06-18,False,2024-10-26T00:00:00
10605,DESCI2WO3Y,5,100,2023-05-29,False,2026-02-08T00:00:00
10606,TOPB4PXPN,30,200,2026-07-07,False,2025-05-22T00:00:00
10607,MEGAG784EK,20,500,2025-11-24,False,2026-04-04T00:00:00
10608,SUPER3B3UZ6,25,150,2024-09-16,False,2023-02-26T00:00:00
10609,OFFDH0NQM,25,150,2024-10-06,False,2024-10-23T00:00:00
10610,OFFELIX2U,10,500,2026-05-22,False,2026-06-07T00:00:00
10611,TOPYB6VK9,50,50,2025-12-11,False,2025-11-04T00:00:00
10612,MEGAGAI5XD,30,150,2025-02-06,False,2024-11-29T00:00:00
10613,TOPM3VWG5,5,300,2027-05-14,False,2024-09-17T00:00:00
10614,SUPER79XTT2,20,500,2024-11-30,False,2023-01-14T00:00:00
10615,SALE2N7WG8,20,200,2025-08-01,False,2025-07-20T00:00:00
10616,MEGAPH630N,5,100,2026-04-21,False,2023-03-02T00:00:00
10617,SAVEQREF4H,5,500,2025-05-07,False,2024-08-06T00:00:00
10618,DESCXBBN8O,30,200,2025-07-16,False,2023-05-21T00:00:00
10619,SAVERGG6MA,25,500,2026-10-27,False,2024-07-21T00:00:00
10620,MEGA576I78,50,100,2025-10-13,False,2024-10-10T00:00:00
10621,MEGAOF4DLB,10,200,2026-03-26,False,2023-12-04T00:00:00
10622,DESCJJRYUU,50,150,2026-04-13,False,2024-06-07T00:00:00
10623,DESCWVOS3A,30,100,2026-09-06,False,2024-12-21T00:00:00
10624,OFF7QBQCN,30,100,2025-01-26,False,2023-04-01T00:00:00
10625,MEGA1VU241,10,50,2025-08-27,False,2024-11-01T00:00:00
10626,SAVEQV8BBK,25,300,2027-01-27,True,2023-10-12T00:00:00
10627,SAVE2Q5K0X,50,300,2027-08-16,True,2024-11-15T00:00:00
10628,SUPER9QQAF0,30,50,2023-06-28,False,2024-01-25T00:00:00
10629,SUPERCGJYHK,10,200,2027-04-15,False,2025-10-20T00:00:00
10630,SALE1ZE4Z5,30,300,2024-03-05,False,2024-12-11T00:00:00
10631,PROMOX4CYN1,5,150,2027-06-22,True,2023-01-26T00:00:00
10632,OFFOLGZO2,40,50,2024-12-25,False,2024-08-11T00:00:00
10633,PROMO3S67PP,40,300,2026-04-17,False,2026-03-24T00:00:00
10634,SAVETYWB6W,15,50,2025-08-02,False,2024-03-23T00:00:00
10635,OFFGDW39H,10,300,2025-06-08,False,2024-06-06T00:00:00
10636,PROMOQ0X1G3,20,300,2024-07-20,False,2025-07-29T00:00:00
10637,MEGAP28Q0X,50,50,2025-12-29,False,2024-03-06T00:00:00
10638,OFF4PY5BW,40,200,2023-06-07,False,2026-05-22T00:00:00
10639,SALEZMWYMH,20,50,2023-02-21,False,2026-05-27T00:00:00
10640,TOPH3T48K,40,300,2024-02-21,False,2023-07-25T00:00:00
10641,SAVEMUVHZL,50,500,2025-06-25,False,2023-01-31T00:00:00
10642,SUPER5U6QDC,15,500,2023-12-26,False,2025-10-22T00:00:00
10643,SUPER49QP8Y,30,100,2025-01-02,False,2023-03-29T00:00:00
10644,OFFYUDCMC,5,500,2027-02-21,True,2026-06-07T00:00:00
10645,SUPERAC5C7S,50,200,2026-05-31,False,2023-08-25T00:00:00
10646,SUPERPYRC4U,15,300,2023-03-21,False,2023-01-04T00:00:00
10647,TOP6BM47U,5,200,2027-01-25,True,2025-03-30T00:00:00
10648,SUPERU3L2HA,30,200,2026-02-11,False,2024-01-01T00:00:00
10649,OFFQFRL9E,10,500,2027-06-21,True,2024-03-22T00:00:00
10650,OFFXNKNHJ,25,100,2023-01-31,False,2025-03-19T00:00:00
10651,SUPER0MALUN,40,150,2026-07-02,False,2023-11-12T00:00:00
10652,SAVE0443ZJ,20,300,2026-11-20,True,2023-01-27T00:00:00
10653,SAVEP9RE9U,40,100,2026-07-02,False,2023-12-04T00:00:00
10654,TOP0HPCSR,20,100,2023-11-08,False,2025-09-19T00:00:00
10655,PROMOCXJE45,20,500,2023-10-25,False,2024-08-22T00:00:00
10656,PROMOP5UPNO,5,200,2025-08-20,False,2026-02-14T00:00:00
10657,SUPERD2DDNF,20,50,2023-04-05,False,2024-05-29T00:00:00
10658,SUPERG50QD9,25,150,2023-09-19,False,2024-10-03T00:00:00
10659,SUPERH6GC9G,50,100,2023-11-18,False,2026-02-23T00:00:00
10660,OFFC6IQ4J,40,200,2024-08-10,False,2025-12-17T00:00:00
10661,SALEN33M5O,40,200,2024-11-01,False,2023-06-01T00:00:00
10662,SAVELU49WW,20,150,2027-02-08,True,2025-10-15T00:00:00
10663,DESC4WM90W,20,200,2026-10-08,True,2023-10-21T00:00:00
10664,PROMOILLV6B,5,100,2024-09-25,False,2023-08-30T00:00:00
10665,OFFNGTL9X,20,50,2027-05-19,True,2024-10-27T00:00:00
10666,PROMO4M9SP6,20,500,2026-06-26,True,2026-01-29T00:00:00
10667,TOPZ8Y7PW,25,500,2026-06-20,True,2023-11-04T00:00:00
10668,TOPA5C9KU,5,50,2023-06-24,False,2026-05-20T00:00:00
10669,SAVE215SRG,5,300,2024-12-16,False,2026-03-07T00:00:00
10670,SALEM58OHY,50,300,2027-03-26,False,2025-06-27T00:00:00
10671,OFFVQVFMS,40,100,2026-04-28,False,2026-04-27T00:00:00
10672,SUPER0BZDA2,5,150,2023-05-13,False,2026-04-26T00:00:00
10673,TOPIHA5NU,15,150,2024-03-01,False,2024-04-18T00:00:00
10674,TOPJFCLHO,5,300,2025-12-09,False,2023-06-24T00:00:00
10675,SALETQARC8,40,300,2025-11-09,False,2026-01-08T00:00:00
10676,OFF6R9BM4,15,150,2024-01-18,False,2025-12-27T00:00:00
10677,SUPERF09I19,25,50,2027-12-27,True,2025-01-16T00:00:00
10678,DESCPOLT7K,40,200,2026-12-01,True,2024-06-09T00:00:00
10679,MEGA9ALV4J,20,150,2025-01-02,False,2025-03-21T00:00:00
10680,SALEQE3VH9,30,50,2027-08-16,True,2025-03-14T00:00:00
10681,DESCDZQH2G,5,300,2025-05-30,False,2023-01-02T00:00:00
10682,MEGAKTN3OL,40,150,2023-02-03,False,2024-03-20T00:00:00
10683,SALEZ7W6HZ,20,50,2026-12-05,False,2025-11-15T00:00:00
10684,MEGACRXR7E,50,200,2027-03-29,False,2024-06-22T00:00:00
10685,SUPERDO9KH1,15,50,2024-06-27,False,2024-09-18T00:00:00
10686,SUPERCTER2J,25,100,2023-08-23,False,2025-12-12T00:00:00
10687,PROMOKCD509,30,150,2025-12-25,False,2023-06-19T00:00:00
10688,OFF2UVBPD,50,150,2023-02-20,False,2025-02-24T00:00:00
10689,DESCWTOFWJ,5,150,2027-09-15,False,2025-04-11T00:00:00
10690,SAVE9HT4FW,40,100,2024-09-29,False,2024-01-26T00:00:00
10691,MEGA4YZFA4,15,300,2025-09-06,False,2026-04-09T00:00:00
10692,SUPERRQXHY0,40,500,2026-05-10,False,2024-01-25T00:00:00
10693,SALE9MXW3U,10,300,2025-03-01,False,2023-01-07T00:00:00
10694,SUPERF0BIQG,40,300,2025-05-11,False,2023-06-02T00:00:00
10695,SUPER2TENOD,50,200,2023-02-28,False,2025-05-26T00:00:00
10696,TOPA3SQ6L,25,200,2024-11-11,False,2026-04-11T00:00:00
10697,SUPERRVWOQT,20,300,2026-09-17,False,2025-07-19T00:00:00
10698,PROMOJCZ72J,15,300,2026-05-04,False,2023-03-09T00:00:00
10699,DESC1JIOF1,50,100,2027-09-02,False,2024-08-02T00:00:00
10700,OFFZDGHAE,40,300,2026-05-06,False,2025-09-20T00:00:00
10701,SALEYR61J1,20,300,2025-04-21,False,2025-09-06T00:00:00
10702,MEGADOCON0,30,50,2023-11-23,False,2025-12-22T00:00:00
10703,TOPVJUQ48,20,500,2024-01-16,False,2025-11-21T00:00:00
10704,TOPCTN169,25,100,2023-06-20,False,2023-05-17T00:00:00
10705,SUPERKRHHQJ,30,100,2023-02-15,False,2025-04-04T00:00:00
10706,SALEFI0SRM,15,50,2025-12-29,False,2024-07-27T00:00:00
10707,DESC6Q1Q54,25,200,2024-11-22,False,2026-01-21T00:00:00
10708,SALE6EWFUV,50,150,2026-09-27,True,2024-06-07T00:00:00
10709,DESC8ME167,20,100,2023-11-16,False,2026-02-11T00:00:00
10710,SAVEFJ4W1H,5,50,2023-05-10,False,2023-01-30T00:00:00
10711,SAVEIVOTVC,40,100,2024-09-27,False,2023-07-13T00:00:00
10712,DESCBYHN60,20,100,2023-03-22,False,2025-07-29T00:00:00
10713,PROMO3Q4069,40,100,2023-06-10,False,2025-04-02T00:00:00
10714,SALEGPGI4M,25,100,2023-04-23,False,2025-05-15T00:00:00
10715,MEGALAQ607,5,500,2025-04-01,False,2023-01-31T00:00:00
10716,SAVEOFF2VL,50,300,2023-05-15,False,2025-02-19T00:00:00
10717,SUPERA90H43,25,100,2025-09-15,False,2025-05-02T00:00:00
10718,MEGAAGPHD8,30,150,2026-04-27,False,2024-08-09T00:00:00
10719,DESCD6PIMG,40,50,2023-11-15,False,2024-03-06T00:00:00
10720,TOPC31LRZ,5,50,2025-02-09,False,2023-11-11T00:00:00
10721,DESCF8T4TF,10,150,2026-12-12,True,2023-01-25T00:00:00
10722,SAVEZ5P98U,5,500,2027-06-17,False,2025-10-21T00:00:00
10723,SAVEKOUM54,20,200,2024-11-30,False,2024-01-07T00:00:00
10724,PROMO9XB0VC,20,200,2026-09-23,True,2024-08-22T00:00:00
10725,SAVEFZK8RA,25,200,2024-08-25,False,2023-05-11T00:00:00
10726,TOPX4NZFV,20,300,2025-04-08,False,2024-01-06T00:00:00
10727,PROMO54N78W,15,50,2025-11-21,False,2026-01-30T00:00:00
10728,SAVEHI320D,10,50,2025-08-31,False,2025-08-16T00:00:00
10729,SUPER8V67LY,30,200,2026-09-28,True,2023-03-05T00:00:00
10730,PROMO1FGW84,40,200,2027-04-07,False,2023-10-20T00:00:00
10731,SAVEUTPAO4,15,100,2026-06-05,False,2023-11-30T00:00:00
10732,TOPE1OVT2,10,200,2024-07-25,False,2026-06-03T00:00:00
10733,SAVE6T6RG9,25,100,2024-07-24,False,2025-05-29T00:00:00
10734,SAVEX7F8IH,20,200,2027-06-23,True,2024-06-25T00:00:00
10735,MEGA4WCR6I,5,100,2026-07-05,True,2025-10-06T00:00:00
10736,TOPXM0QF1,10,500,2023-10-18,False,2025-06-10T00:00:00
10737,TOPHQJQ6Y,10,200,2026-02-07,False,2026-04-30T00:00:00
10738,TOPQUWZKD,30,200,2025-09-01,False,2025-08-24T00:00:00
10739,TOPEGH84A,15,500,2024-12-17,False,2025-06-24T00:00:00
10740,TOPFWYWJ2,50,100,2025-10-23,False,2024-08-11T00:00:00
10741,PROMO5S9YZN,40,50,2023-11-13,False,2026-02-25T00:00:00
10742,SUPERXJQR8S,5,500,2027-12-02,True,2025-01-20T00:00:00
10743,DESCEJSXEW,30,100,2025-02-26,False,2023-04-29T00:00:00
10744,SAVEUI3RFP,25,100,2024-11-13,False,2025-08-30T00:00:00
10745,SAVEJRTQU0,50,500,2025-04-14,False,2025-03-23T00:00:00
10746,OFFCSH75J,15,300,2027-11-28,True,2023-08-10T00:00:00
10747,SAVEW947VD,10,300,2024-03-29,False,2026-03-25T00:00:00
10748,OFFQT6IX2,30,300,2027-03-16,True,2024-11-01T00:00:00
10749,TOP90ZBOH,5,100,2023-05-09,False,2023-12-17T00:00:00
10750,SAVELQGNJ3,15,500,2024-01-26,False,2026-02-10T00:00:00
10751,SAVEBIGKF0,30,500,2026-07-16,True,2026-04-25T00:00:00
10752,MEGAEDRM77,20,300,2023-06-15,False,2024-07-05T00:00:00
10753,OFFRYR55L,25,200,2026-05-24,False,2026-03-19T00:00:00
10754,SALEBPCNU3,5,500,2024-06-22,False,2023-05-18T00:00:00
10755,TOPU4VHDX,40,300,2026-09-01,True,2026-04-16T00:00:00
10756,MEGA8W68PK,5,200,2026-05-15,False,2024-08-09T00:00:00
10757,PROMOWDMAT8,15,300,2027-08-30,True,2025-09-19T00:00:00
10758,DESC9DY2VB,30,300,2026-07-31,True,2023-03-23T00:00:00
10759,SAVEUH7FZ5,25,50,2027-03-12,True,2026-03-14T00:00:00
10760,SUPERGK93QR,15,200,2023-09-03,False,2025-12-31T00:00:00
10761,SUPERNR33A4,40,100,2025-07-25,False,2024-04-14T00:00:00
10762,MEGAWCNN1L,40,50,2024-10-30,False,2026-03-02T00:00:00
10763,SAVE1PMJ96,50,100,2024-01-20,False,2025-11-24T00:00:00
10764,MEGAGYYQDK,25,200,2026-04-09,False,2026-03-25T00:00:00
10765,SUPERD432CB,50,150,2023-10-15,False,2026-04-25T00:00:00
10766,SUPERD4CFGX,15,50,2026-05-30,False,2025-06-18T00:00:00
10767,MEGAKYFZHV,40,50,2025-04-09,False,2023-12-06T00:00:00
10768,TOPC4G4ES,10,200,2025-10-27,False,2026-03-26T00:00:00
10769,MEGALJ91VT,40,200,2024-09-19,False,2025-02-02T00:00:00
10770,TOPUEN38V,40,50,2025-10-15,False,2025-05-23T00:00:00
10771,SALEGOOJJF,50,200,2026-01-19,False,2024-04-26T00:00:00
10772,DESCQV0IC5,25,150,2024-03-31,False,2024-10-19T00:00:00
10773,SUPERWQ4DUC,50,300,2024-10-24,False,2024-12-02T00:00:00
10774,DESCAPV3YG,5,100,2025-07-17,False,2024-03-09T00:00:00
10775,DESCFRRM1L,30,100,2023-09-27,False,2023-05-01T00:00:00
10776,DESCZIF5CY,30,300,2025-04-09,False,2023-03-23T00:00:00
10777,SAVEFW7L8T,15,100,2025-02-25,False,2024-09-12T00:00:00
10778,SAVEXPT31L,20,150,2027-03-16,True,2023-06-13T00:00:00
10779,SUPERJ7H0RB,10,50,2024-07-08,False,2023-03-27T00:00:00
10780,OFFZZVU5V,5,500,2026-08-06,True,2024-10-23T00:00:00
10781,MEGAVKJQFV,5,200,2023-01-04,False,2025-01-28T00:00:00
10782,TOP9IMLNF,20,150,2027-10-07,True,2024-02-10T00:00:00
10783,SAVE7OB4BV,50,50,2026-01-27,False,2023-09-19T00:00:00
10784,TOPDFR0GP,10,100,2027-07-13,True,2024-03-17T00:00:00
10785,OFFOM70L8,30,200,2027-09-14,True,2023-09-15T00:00:00
10786,DESCT937KJ,15,100,2023-12-03,False,2025-01-11T00:00:00
10787,SALEJ1XN7G,25,300,2027-05-19,False,2023-01-08T00:00:00
10788,OFF8ZALJI,15,100,2024-05-10,False,2023-09-09T00:00:00
10789,PROMO8I84MQ,15,500,2023-01-16,False,2024-06-24T00:00:00
10790,SUPERRSPZE6,25,150,2025-02-06,False,2024-09-25T00:00:00
10791,MEGA53Q638,15,500,2023-11-27,False,2023-12-25T00:00:00
10792,PROMO5Z8UFS,50,150,2024-11-12,False,2023-05-27T00:00:00
10793,SAVE9E3UDG,50,200,2024-10-01,False,2025-12-29T00:00:00
10794,MEGA7GE6OO,10,500,2025-08-09,False,2024-10-12T00:00:00
10795,PROMOFOBTE1,10,500,2026-08-11,True,2023-10-14T00:00:00
10796,TOPEB8TAP,50,50,2025-10-13,False,2023-05-31T00:00:00
10797,SALEM9WCMZ,10,50,2024-02-18,False,2025-10-29T00:00:00
10798,SUPER9X452X,15,150,2024-05-22,False,2023-10-15T00:00:00
10799,OFFK3K6K2,30,100,2025-06-25,False,2026-04-18T00:00:00
10800,DESC9VCWLX,20,150,2026-02-16,False,2025-05-28T00:00:00
10801,TOPCDIFEW,5,500,2027-08-06,True,2026-05-18T00:00:00
10802,SAVEBJNUBR,50,150,2027-08-01,True,2023-09-25T00:00:00
10803,TOP8LF0BQ,30,100,2023-08-22,False,2025-08-02T00:00:00
10804,SUPERUMKIPR,25,100,2027-02-03,True,2024-04-10T00:00:00
10805,TOPE6V71Z,5,200,2024-03-29,False,2023-12-24T00:00:00
10806,DESCXI6IDP,50,100,2023-02-03,False,2024-04-29T00:00:00
10807,SUPER97PM5C,30,150,2024-04-19,False,2024-11-15T00:00:00
10808,TOP9WEUCQ,15,150,2023-10-12,False,2023-07-03T00:00:00
10809,PROMO8YUVPV,25,300,2027-02-01,True,2023-12-03T00:00:00
10810,TOPR3MTJL,10,150,2026-12-29,True,2024-06-30T00:00:00
10811,SALEWMO23W,5,200,2024-09-08,False,2024-06-25T00:00:00
10812,MEGALWJ4CW,40,500,2023-10-12,False,2026-03-04T00:00:00
10813,DESCPIVNZM,15,200,2025-01-03,False,2023-09-21T00:00:00
10814,PROMOGJA433,20,100,2024-04-14,False,2023-04-11T00:00:00
10815,DESCAM7QNB,25,500,2023-12-28,False,2023-08-28T00:00:00
10816,SUPER65BOAA,25,200,2025-03-03,False,2025-07-01T00:00:00
10817,TOP3VN3G7,40,150,2027-11-06,True,2024-05-24T00:00:00
10818,TOPL4J0R0,10,100,2026-10-25,False,2023-04-23T00:00:00
10819,PROMO93SJY4,30,50,2026-08-09,False,2026-02-24T00:00:00
10820,OFFK21JFE,50,100,2025-04-20,False,2023-07-25T00:00:00
10821,MEGAB33HMC,40,500,2024-04-08,False,2024-07-02T00:00:00
10822,SUPER1OFLXL,50,100,2024-12-18,False,2026-02-22T00:00:00
10823,PROMOW5HIXC,40,500,2025-01-02,False,2025-06-15T00:00:00
10824,SALEHZRJQC,30,300,2027-02-20,True,2024-11-19T00:00:00
10825,PROMOX6PCUA,30,200,2027-01-16,True,2023-07-14T00:00:00
10826,OFF4K1X83,20,100,2024-12-12,False,2023-02-12T00:00:00
10827,TOPRG75Q2,5,100,2023-09-14,False,2025-10-19T00:00:00
10828,SAVE5YYZXN,40,150,2026-05-07,False,2024-12-02T00:00:00
10829,OFFQAX9FR,5,100,2025-07-18,False,2025-08-25T00:00:00
10830,TOPXFBGEW,40,150,2026-10-05,True,2025-03-21T00:00:00
10831,PROMOJ3QOGP,20,50,2023-01-10,False,2023-11-11T00:00:00
10832,OFF0PWFGG,15,150,2026-06-17,True,2024-04-02T00:00:00
10833,MEGA00FAKV,5,300,2025-06-06,False,2025-01-16T00:00:00
10834,OFF3KGAL4,10,50,2023-05-10,False,2024-01-03T00:00:00
10835,DESCBT1BFP,5,50,2027-06-05,True,2023-12-09T00:00:00
10836,MEGALX8010,25,150,2024-10-16,False,2023-06-12T00:00:00
10837,OFFZEDGCC,50,50,2025-11-07,False,2026-05-15T00:00:00
10838,OFF82I82Q,25,300,2024-08-11,False,2025-07-10T00:00:00
10839,MEGA7UB7WH,10,100,2027-05-13,True,2025-12-17T00:00:00
10840,TOP692HVO,30,500,2026-12-28,True,2024-01-15T00:00:00
10841,SALEAXN4P5,30,300,2024-12-19,False,2023-09-30T00:00:00
10842,DESCIFYTN8,15,500,2024-04-25,False,2025-05-18T00:00:00
10843,SALE1JBHLK,25,50,2026-01-04,False,2024-07-09T00:00:00
10844,PROMOLEQR61,15,200,2027-01-28,True,2026-05-24T00:00:00
10845,SUPERUE3HF2,50,500,2027-11-24,False,2024-08-06T00:00:00
10846,DESCF6D1NR,30,500,2023-04-05,False,2024-06-16T00:00:00
10847,SAVEQC4WYQ,10,100,2024-07-09,False,2025-12-06T00:00:00
10848,SALE2BPK3B,10,300,2025-04-26,False,2024-08-22T00:00:00
10849,SUPERHNBOE7,25,100,2027-10-02,True,2024-01-06T00:00:00
10850,OFFB5SE8A,25,150,2024-02-19,False,2025-11-26T00:00:00
10851,MEGAKNHK14,50,50,2025-11-29,False,2025-06-09T00:00:00
10852,SAVEMU4T8O,25,200,2024-06-06,False,2023-08-17T00:00:00
10853,MEGAL4TUG6,15,50,2024-11-02,False,2025-08-03T00:00:00
10854,SAVENHDIKR,50,200,2023-04-26,False,2025-09-11T00:00:00
10855,DESCDLKW13,20,50,2026-12-16,True,2023-10-26T00:00:00
10856,TOPQSAY48,40,50,2025-05-12,False,2023-08-27T00:00:00
10857,TOP87H14X,20,150,2023-11-11,False,2023-01-10T00:00:00
10858,OFF4PYHFU,10,500,2025-01-12,False,2023-02-21T00:00:00
10859,SUPER65QJ63,15,200,2026-11-23,True,2024-02-07T00:00:00
10860,DESCJUN9DB,10,300,2027-05-17,False,2023-05-24T00:00:00
10861,PROMO0CQI86,25,200,2025-08-09,False,2024-02-07T00:00:00
10862,TOPBPLTW7,5,50,2023-05-31,False,2024-04-22T00:00:00
10863,PROMO5Y523C,25,500,2027-04-02,True,2025-06-22T00:00:00
10864,OFFNVY6CJ,50,200,2025-01-15,False,2024-03-20T00:00:00
10865,SAVEME4RZU,40,100,2026-04-05,False,2024-10-14T00:00:00
10866,TOPYH27QD,20,100,2024-09-29,False,2024-08-05T00:00:00
10867,MEGAT55JRG,40,100,2023-07-16,False,2024-09-18T00:00:00
10868,TOPHDQ3PE,30,200,2023-11-29,False,2024-06-03T00:00:00
10869,SUPEREG359C,40,50,2025-12-20,False,2023-12-08T00:00:00
10870,TOPZ2ZF46,40,200,2023-12-01,False,2023-09-14T00:00:00
10871,SAVE2HF7HH,5,100,2026-05-01,False,2024-01-15T00:00:00
10872,MEGAZ4ML5Y,30,100,2024-04-23,False,2024-11-01T00:00:00
10873,SAVE3111F3,5,100,2024-11-16,False,2024-10-03T00:00:00
10874,OFFGGCD5L,25,300,2026-09-23,False,2026-01-15T00:00:00
10875,OFFEQ7894,50,150,2025-09-07,False,2024-02-25T00:00:00
10876,PROMOM6SGUI,20,100,2027-05-23,True,2025-06-02T00:00:00
10877,TOP1WWKP1,30,150,2027-06-23,False,2024-06-20T00:00:00
10878,DESC8S7ZFG,50,300,2025-11-29,False,2025-03-25T00:00:00
10879,DESCFQUEH1,40,50,2023-05-11,False,2023-09-24T00:00:00
10880,TOPQSC0QY,50,150,2023-02-17,False,2023-09-14T00:00:00
10881,MEGA7UDG46,20,50,2023-03-19,False,2023-11-21T00:00:00
10882,MEGAD4H7IV,20,100,2027-10-30,True,2025-08-30T00:00:00
10883,SUPERU2C1WB,40,500,2025-05-02,False,2023-01-07T00:00:00
10884,OFFLM8ACD,15,50,2025-10-30,False,2023-09-14T00:00:00
10885,OFFR5KC5P,15,100,2023-06-22,False,2025-06-08T00:00:00
10886,SAVECJH613,25,500,2024-12-01,False,2023-01-29T00:00:00
10887,MEGAF27Q9W,30,150,2026-02-10,False,2023-09-21T00:00:00
10888,SAVEABIE9O,25,300,2023-06-01,False,2023-01-20T00:00:00
10889,SAVEWNGBGR,15,50,2026-07-31,True,2023-02-22T00:00:00
10890,SUPER4KNSZX,50,100,2024-04-12,False,2023-05-30T00:00:00
10891,OFF7H6I68,40,100,2026-07-31,True,2025-11-11T00:00:00
10892,SUPER99TUIH,10,150,2025-06-10,False,2025-10-08T00:00:00
10893,MEGA1253HM,25,300,2027-04-27,True,2026-01-09T00:00:00
10894,MEGAJNFFSU,50,150,2027-09-20,True,2025-03-29T00:00:00
10895,PROMOCY6VWD,30,100,2023-12-16,False,2024-10-03T00:00:00
10896,MEGAW1E4VJ,30,50,2026-06-28,True,2024-05-31T00:00:00
10897,MEGA5Q04CP,25,200,2025-05-21,False,2026-01-01T00:00:00
10898,PROMOJKGVQ8,10,200,2024-08-31,False,2024-05-06T00:00:00
10899,DESC61821M,50,100,2025-07-09,False,2025-11-15T00:00:00
10900,OFFU2TXVP,25,500,2026-04-13,False,2024-11-03T00:00:00
10901,SUPERL0P6JB,20,50,2025-06-27,False,2023-03-01T00:00:00
10902,SALE16CT6Q,30,50,2025-02-03,False,2025-05-23T00:00:00
10903,SALEYYIFQK,25,300,2026-06-10,False,2026-03-08T00:00:00
10904,SALEQX5QAU,15,300,2023-09-07,False,2025-03-30T00:00:00
10905,PROMOTG0MFQ,20,50,2026-03-02,False,2024-11-25T00:00:00
10906,DESCDUYPV1,20,200,2024-09-02,False,2023-06-11T00:00:00
10907,PROMO4KYTR8,5,200,2026-01-29,False,2023-06-29T00:00:00
10908,OFFZ33IRT,5,150,2023-01-15,False,2024-07-15T00:00:00
10909,SAVE0MMWB4,30,100,2023-09-15,False,2023-08-20T00:00:00
10910,SAVEPWDHHD,10,200,2026-12-19,True,2024-06-01T00:00:00
10911,SUPERIJJ9N3,25,500,2025-01-08,False,2026-04-09T00:00:00
10912,TOPCH34AH,50,50,2026-09-25,True,2026-04-22T00:00:00
10913,SAVENP4WUF,40,50,2027-12-14,True,2025-05-07T00:00:00
10914,DESC963XNK,5,100,2026-10-18,False,2023-03-09T00:00:00
10915,DESCNSLUKH,25,200,2025-11-26,False,2024-02-03T00:00:00
10916,OFFO64KGY,15,100,2026-07-02,False,2024-03-20T00:00:00
10917,SUPERVEW223,40,50,2024-07-10,False,2025-11-28T00:00:00
10918,DESCQFHF1T,20,300,2026-07-26,True,2026-02-25T00:00:00
10919,MEGATSXX46,5,100,2024-02-06,False,2024-05-16T00:00:00
10920,DESCYFDA4V,10,50,2025-11-16,False,2025-03-08T00:00:00
10921,TOP4BVP5A,5,150,2023-09-24,False,2024-05-31T00:00:00
10922,TOPW84YQP,5,200,2023-09-16,False,2023-02-04T00:00:00
10923,TOPJMEE96,15,100,2025-06-04,False,2026-05-17T00:00:00
10924,PROMOK6PJLA,5,150,2027-11-28,False,2023-07-27T00:00:00
10925,SUPERYLETHJ,10,200,2025-04-01,False,2024-06-18T00:00:00
10926,OFFGI5DKD,40,100,2024-01-05,False,2023-09-07T00:00:00
10927,PROMOFA8WX2,5,500,2026-07-03,True,2024-01-01T00:00:00
10928,TOPQ3JQZF,10,200,2026-04-19,False,2025-10-10T00:00:00
10929,OFFU8AUHI,5,200,2026-04-23,False,2023-06-22T00:00:00
10930,SALEJVNLTX,30,100,2024-03-23,False,2025-05-28T00:00:00
10931,PROMOLPHMLH,20,300,2023-07-05,False,2023-02-10T00:00:00
10932,PROMO3GUAUD,5,50,2026-11-13,True,2023-09-09T00:00:00
10933,TOP3C1SEF,30,500,2026-09-13,True,2026-05-15T00:00:00
10934,MEGAP4P5TE,15,50,2024-03-04,False,2024-03-09T00:00:00
10935,DESCNI8NIA,25,500,2023-03-11,False,2023-01-15T00:00:00
10936,SUPERNIYLEF,50,50,2023-03-08,False,2023-08-11T00:00:00
10937,DESCRI8G37,10,50,2026-01-19,False,2025-01-13T00:00:00
10938,PROMOXTZ8KK,5,500,2023-06-07,False,2023-10-31T00:00:00
10939,PROMOUIKRK9,25,100,2025-01-06,False,2025-11-17T00:00:00
10940,SALEB9M10P,10,100,2026-03-26,False,2024-03-29T00:00:00
10941,SUPER5K1028,30,200,2024-06-22,False,2023-07-05T00:00:00
10942,SALEFLS4CS,40,100,2026-05-09,False,2024-07-05T00:00:00
10943,OFFEZGED9,5,500,2024-03-25,False,2024-12-17T00:00:00
10944,SUPERKMI1F0,20,500,2027-03-17,True,2023-02-10T00:00:00
10945,PROMOLHP0YV,40,500,2026-05-31,False,2025-12-12T00:00:00
10946,SALEI2QYIG,30,50,2024-09-29,False,2023-08-09T00:00:00
10947,SUPERKXL1RT,20,100,2024-03-03,False,2026-01-28T00:00:00
10948,SUPER403LG8,15,100,2026-06-21,True,2023-11-22T00:00:00
10949,DESCKUSC36,20,50,2026-12-07,True,2025-05-26T00:00:00
10950,MEGAKT3MK7,10,200,2024-05-19,False,2023-11-12T00:00:00
10951,MEGAC721H7,50,200,2025-09-15,False,2024-11-03T00:00:00
10952,PROMOTWBMBY,50,150,2023-09-24,False,2025-05-21T00:00:00
10953,OFFM76JAX,40,200,2023-07-06,False,2023-09-18T00:00:00
10954,PROMOB0ETT1,40,300,2026-09-04,True,2025-06-27T00:00:00
10955,TOPK3C065,5,300,2026-03-03,False,2024-02-19T00:00:00
10956,MEGAGYX7XG,25,100,2024-11-05,False,2024-05-14T00:00:00
10957,DESCB8KT1L,10,300,2027-04-08,False,2023-06-19T00:00:00
10958,SAVEV755DN,20,150,2025-07-12,False,2025-02-13T00:00:00
10959,MEGAHUJTZN,15,300,2023-03-19,False,2024-11-06T00:00:00
10960,SUPERMIMRW3,40,300,2023-06-04,False,2026-01-05T00:00:00
10961,OFF1AU3E5,50,500,2024-12-22,False,2024-07-22T00:00:00
10962,DESC5MUW5G,25,300,2025-03-24,False,2023-09-19T00:00:00
10963,MEGA2E9GQ3,15,200,2025-02-15,False,2025-12-30T00:00:00
10964,SUPERR1L55B,20,50,2027-07-12,False,2025-10-11T00:00:00
10965,MEGAI2DZ33,50,200,2023-10-31,False,2026-02-28T00:00:00
10966,TOPB3266K,30,150,2023-06-11,False,2025-12-28T00:00:00
10967,PROMOLHP5OL,25,50,2024-09-09,False,2024-11-21T00:00:00
10968,TOPZXX1S5,50,150,2023-07-31,False,2025-07-06T00:00:00
10969,MEGAP20W0P,10,50,2025-04-17,False,2023-05-29T00:00:00
10970,OFF39OX9I,40,150,2027-06-12,False,2026-05-10T00:00:00
10971,DESCUIHKYG,30,50,2026-08-03,False,2026-04-22T00:00:00
10972,SALEJPAE72,5,50,2026-11-01,True,2023-03-28T00:00:00
10973,SUPERUQ9J2J,20,200,2023-04-02,False,2025-06-26T00:00:00
10974,PROMONJCFR6,15,100,2025-03-26,False,2023-02-25T00:00:00
10975,MEGA3VXR68,25,500,2026-04-12,False,2023-08-19T00:00:00
10976,SUPERYGGOVD,50,300,2027-01-26,False,2024-10-09T00:00:00
10977,OFF1WUQKC,30,300,2023-12-22,False,2026-06-08T00:00:00
10978,MEGA37LSZ0,15,50,2026-05-01,False,2024-01-20T00:00:00
10979,MEGAN8N7G7,25,150,2023-06-11,False,2025-03-18T00:00:00
10980,DESCNM4OB1,5,50,2024-10-12,False,2024-08-03T00:00:00
10981,TOP7482UB,10,200,2027-04-18,True,2024-12-25T00:00:00
10982,TOPGMQDCZ,30,500,2026-07-01,False,2026-03-28T00:00:00
10983,TOPAVKP9M,15,200,2027-11-10,False,2024-05-23T00:00:00
10984,MEGAGSBLPT,5,200,2027-07-16,True,2023-05-31T00:00:00
10985,SAVEK1OPGA,20,200,2026-03-31,False,2023-04-17T00:00:00
10986,PROMO23NNSC,40,50,2026-07-17,True,2025-12-09T00:00:00
10987,SAVE21DW30,20,150,2025-12-03,False,2023-12-12T00:00:00
10988,SALE1BV3SG,15,200,2027-12-03,True,2023-11-27T00:00:00
10989,MEGA5NZFL5,30,300,2027-01-27,True,2024-12-24T00:00:00
10990,OFF1ZRMHX,40,300,2024-11-18,False,2024-09-28T00:00:00
10991,PROMOJAU26V,25,150,2026-08-24,True,2024-02-16T00:00:00
10992,PROMO8MYS9P,15,300,2024-04-15,False,2025-07-19T00:00:00
10993,SAVEANE6XE,30,100,2024-06-12,False,2025-01-29T00:00:00
10994,SALEZDLNM6,15,50,2025-04-19,False,2024-03-05T00:00:00
10995,MEGA9I53H0,30,300,2025-12-11,False,2023-06-23T00:00:00
10996,PROMODHGU0P,5,50,2023-09-23,False,2024-11-25T00:00:00
10997,DESCQLWBHN,5,200,2027-02-09,True,2024-02-21T00:00:00
10998,TOPKP4PJP,30,200,2024-08-23,False,2024-08-25T00:00:00
10999,PROMOVIP1ZP,10,150,2026-12-19,False,2025-01-14T00:00:00
11000,MEGA347MIU,15,150,2026-06-16,True,2024-12-29T00:00:00
11001,PROMOJZFZFU,15,150,2026-12-03,False,2025-05-01T00:00:00
11002,DESCVZNSTA,15,100,2027-04-20,False,2023-11-26T00:00:00
11003,SUPERGTR7CG,25,500,2027-06-29,True,2026-02-01T00:00:00
11004,TOPT0ZRUT,50,300,2023-04-02,False,2026-04-10T00:00:00
11005,DESCKMZVAW,25,150,2023-10-01,False,2024-10-20T00:00:00
11006,MEGARJ4AQP,10,100,2026-01-21,False,2023-10-21T00:00:00
11007,PROMOJU240G,25,150,2025-04-24,False,2023-09-29T00:00:00
11008,OFFZB0QSC,40,50,2023-08-31,False,2025-01-01T00:00:00
11009,OFFUVTZN3,15,100,2024-10-15,False,2023-05-12T00:00:00
11010,MEGAY4N0PS,30,200,2025-06-11,False,2023-12-12T00:00:00
11011,SUPERG2C6J6,20,500,2024-05-15,False,2023-09-12T00:00:00
11012,MEGAABVXER,50,50,2027-11-21,True,2024-09-19T00:00:00
11013,DESCVTCCGE,20,300,2025-12-05,False,2024-05-08T00:00:00
11014,MEGAU3T90X,50,50,2025-07-04,False,2025-03-22T00:00:00
11015,SALEMJQEBH,10,200,2023-07-03,False,2025-06-28T00:00:00
11016,TOPWZ8LFF,20,200,2026-12-08,False,2024-11-21T00:00:00
11017,DESCFLQVZ6,30,100,2024-01-11,False,2024-10-20T00:00:00
11018,DESCITWKX5,10,100,2025-07-20,False,2026-01-01T00:00:00
11019,TOP723LK9,30,150,2026-10-06,True,2024-10-14T00:00:00
11020,DESC5TJY7T,50,500,2024-06-22,False,2025-11-08T00:00:00
11021,PROMO5FN8D3,20,150,2026-12-22,True,2023-08-30T00:00:00
11022,SUPERFQCUQW,20,150,2025-01-11,False,2025-03-12T00:00:00
11023,MEGAHH5NQR,20,150,2025-10-17,False,2023-08-05T00:00:00
11024,PROMO4D9JSI,5,50,2027-04-12,True,2025-07-28T00:00:00
11025,SUPEROL3QAI,10,300,2026-09-21,True,2025-12-26T00:00:00
11026,TOPJXA613,50,50,2027-04-15,False,2023-11-11T00:00:00
11027,OFFRPVIZM,30,500,2023-12-01,False,2025-08-13T00:00:00
11028,TOPP6N5M2,20,500,2023-09-03,False,2024-11-11T00:00:00
11029,SALEEI73VI,30,150,2025-12-28,False,2026-03-22T00:00:00
11030,SAVE2LI24R,50,500,2026-07-15,False,2025-02-22T00:00:00
11031,TOPR0MQN5,30,300,2026-06-24,True,2025-05-25T00:00:00
11032,MEGA02N0TF,50,150,2024-11-22,False,2026-05-30T00:00:00
11033,SALEX8EUJJ,50,200,2025-08-08,False,2026-03-13T00:00:00
11034,SUPERGIJ1HB,30,300,2027-12-01,True,2024-02-19T00:00:00
11035,PROMOXKVBLM,40,300,2024-08-21,False,2026-03-08T00:00:00
11036,SAVEHHQZKZ,10,300,2023-04-04,False,2024-03-23T00:00:00
11037,MEGAIKVUOZ,5,300,2024-02-04,False,2025-12-24T00:00:00
11038,OFFZEKVTI,20,150,2024-02-01,False,2023-05-20T00:00:00
11039,SAVE6AI2VY,10,300,2026-09-06,False,2025-09-02T00:00:00
11040,OFF053WMB,40,500,2024-05-29,False,2023-01-10T00:00:00
11041,PROMO2J2JXP,40,150,2025-06-06,False,2023-12-18T00:00:00
11042,SALE932PW3,40,300,2024-04-01,False,2025-02-05T00:00:00
11043,SALENNSLFD,40,200,2027-01-27,False,2024-08-17T00:00:00
11044,SAVEP3B19Z,40,200,2025-08-21,False,2024-11-11T00:00:00
11045,SALE1FTKGM,15,100,2027-08-01,False,2023-12-07T00:00:00
11046,PROMOD51S0V,10,200,2025-04-03,False,2023-09-17T00:00:00
11047,SUPERB7SQ7U,25,50,2024-09-20,False,2023-07-29T00:00:00
11048,PROMO8ZZJ6T,15,200,2025-12-22,False,2024-02-05T00:00:00
11049,OFFKBI11Q,25,50,2026-10-28,True,2026-05-18T00:00:00
11050,SUPER3KI84P,50,200,2025-11-26,False,2023-11-21T00:00:00
11051,SALEG9DDWN,30,300,2024-01-18,False,2024-12-11T00:00:00
11052,DESCEY9RTS,20,500,2025-08-20,False,2025-05-29T00:00:00
11053,OFF6KWGTY,50,200,2025-01-10,False,2023-12-23T00:00:00
11054,SUPERAH77E3,20,150,2023-05-05,False,2025-07-04T00:00:00
11055,MEGAI75G4N,40,100,2026-03-04,False,2024-10-16T00:00:00
11056,OFFIX0HR1,10,100,2024-05-04,False,2025-04-21T00:00:00
11057,SUPERHLELO7,10,100,2025-05-22,False,2023-09-13T00:00:00
11058,SUPER7RXFY7,30,150,2025-11-02,False,2026-02-14T00:00:00
11059,MEGA04ILCT,30,200,2025-10-07,False,2024-08-12T00:00:00
11060,OFFF6MQA2,10,500,2023-06-16,False,2024-11-16T00:00:00
11061,MEGA45H8H7,15,200,2026-05-28,False,2023-03-18T00:00:00
11062,SUPER9DK7L6,15,200,2023-03-12,False,2025-04-28T00:00:00
11063,MEGANRA2JJ,25,500,2026-10-22,True,2024-08-07T00:00:00
11064,OFFHDB0K2,5,200,2025-05-28,False,2025-01-02T00:00:00
11065,DESC3F1ZV7,15,50,2027-04-28,False,2025-08-17T00:00:00
11066,PROMOOYV7E5,5,500,2024-09-11,False,2023-10-15T00:00:00
11067,SAVEXT983D,5,50,2025-07-07,False,2024-10-17T00:00:00
11068,TOPQCI540,30,200,2024-09-12,False,2026-03-07T00:00:00
11069,MEGAGG3SQJ,25,200,2023-01-21,False,2023-07-27T00:00:00
11070,DESC0HUAO7,20,100,2027-02-04,True,2025-10-26T00:00:00
11071,SALE07725D,15,300,2025-05-17,False,2023-04-26T00:00:00
11072,SUPER5IEW50,40,100,2024-01-24,False,2025-06-25T00:00:00
11073,SUPERSFEZ9J,5,150,2027-06-04,True,2026-03-27T00:00:00
11074,MEGAOWCIV9,25,300,2026-01-04,False,2024-06-14T00:00:00
11075,TOPI33ED0,50,150,2023-07-27,False,2023-06-08T00:00:00
11076,PROMOJAC9VH,5,100,2025-01-26,False,2026-03-29T00:00:00
11077,SUPER7SXUGK,5,50,2025-05-11,False,2024-07-25T00:00:00
11078,TOP99NX1U,5,100,2024-10-03,False,2023-12-27T00:00:00
11079,SAVE4D57E7,15,500,2027-08-13,True,2024-10-13T00:00:00
11080,SUPERJTK4MU,20,500,2023-10-28,False,2024-01-04T00:00:00
11081,SAVEHW75WO,15,200,2026-03-02,False,2026-04-08T00:00:00
11082,SAVEZBR2OP,30,200,2026-08-02,True,2025-03-26T00:00:00
11083,TOPOITCD3,30,50,2027-04-21,True,2024-01-04T00:00:00
11084,TOPQ0W3RO,25,500,2023-09-18,False,2023-08-31T00:00:00
11085,SAVEZGIRDI,5,100,2026-07-19,True,2023-11-17T00:00:00
11086,TOP04WCYE,30,150,2023-09-15,False,2024-07-10T00:00:00
11087,OFF2GPX90,5,500,2024-08-23,False,2023-05-13T00:00:00
11088,PROMOC81E3D,15,300,2026-12-23,True,2025-05-02T00:00:00
11089,SAVEX613QR,20,50,2025-10-31,False,2023-08-12T00:00:00
11090,SUPER20UP5C,10,500,2025-04-21,False,2024-07-29T00:00:00
11091,SAVEYP9H3Z,40,100,2023-01-06,False,2024-05-03T00:00:00
11092,SAVENYYGKU,5,100,2027-06-07,True,2023-10-19T00:00:00
11093,PROMO4JHD73,40,100,2025-05-30,False,2024-02-07T00:00:00
11094,PROMO3IQX6O,40,150,2024-08-12,False,2026-06-11T00:00:00
11095,SUPERCKYY4A,15,300,2024-08-17,False,2025-05-18T00:00:00
11096,DESCXCEL92,25,100,2023-11-15,False,2024-03-30T00:00:00
11097,SALEOIJ5KI,10,50,2023-06-30,False,2026-01-14T00:00:00
11098,SALENB9PUR,50,150,2027-10-31,True,2025-04-11T00:00:00
11099,OFF77F3MT,40,200,2023-10-11,False,2024-03-26T00:00:00
11100,TOPU58N85,10,500,2023-09-19,False,2023-10-29T00:00:00
11101,TOPEGLJG5,30,300,2027-12-16,False,2023-03-10T00:00:00
11102,SALEFSYWJ5,5,100,2026-11-29,True,2026-05-04T00:00:00
11103,SAVE06MFPE,40,500,2026-06-16,False,2025-05-25T00:00:00
11104,TOP9C2NAL,25,200,2024-11-05,False,2025-08-23T00:00:00
11105,TOPHU8ER7,15,500,2027-05-08,True,2023-09-22T00:00:00
11106,OFF2G6X6J,20,200,2023-01-19,False,2024-02-13T00:00:00
11107,TOPHH50J0,10,150,2026-09-08,True,2024-03-26T00:00:00
11108,SALEEZZ9B5,40,300,2026-07-05,False,2025-06-20T00:00:00
11109,TOPL6BOG3,40,50,2027-11-15,True,2025-05-22T00:00:00
11110,SAVE3BIXY1,25,300,2027-09-14,True,2024-06-02T00:00:00
11111,PROMOUDHI2Z,40,300,2025-09-11,False,2026-04-13T00:00:00
11112,OFFUWTEEX,5,500,2025-03-20,False,2024-09-08T00:00:00
11113,OFFWWMQI6,50,50,2026-11-16,False,2024-11-09T00:00:00
11114,SAVEJH7XQ9,20,500,2025-04-17,False,2023-05-04T00:00:00
11115,SUPERF30FP4,25,300,2027-11-29,True,2025-03-23T00:00:00
11116,SALEU4YWV6,50,100,2023-05-05,False,2025-12-14T00:00:00
11117,PROMOXXOJ6R,20,200,2027-05-28,False,2023-01-20T00:00:00
11118,TOPM1YWDY,10,300,2023-01-03,False,2024-09-01T00:00:00
11119,MEGAU95AJ8,30,500,2023-04-29,False,2023-11-23T00:00:00
11120,SALE7OAFWX,15,200,2025-05-07,False,2024-05-03T00:00:00
11121,DESCV4CA5Q,5,500,2025-08-17,False,2025-04-24T00:00:00
11122,MEGAT20IOF,15,150,2026-05-09,False,2023-01-19T00:00:00
11123,SALEKBTFOI,30,100,2025-05-09,False,2024-11-24T00:00:00
11124,SUPER5V4KGE,5,200,2023-01-06,False,2024-12-04T00:00:00
11125,DESC47ZMA7,30,200,2027-10-06,True,2026-01-12T00:00:00
11126,SALEVUOD3R,20,50,2027-07-01,True,2024-05-09T00:00:00
11127,DESCY641J4,50,50,2026-02-22,False,2024-07-14T00:00:00
11128,MEGA8X3QFC,50,300,2024-07-02,False,2026-06-06T00:00:00
11129,PROMO70KS8I,5,200,2023-05-12,False,2025-09-29T00:00:00
11130,DESC7XALQ2,50,500,2027-06-17,True,2025-04-15T00:00:00
11131,SUPERKALODU,30,300,2023-09-20,False,2024-06-06T00:00:00
11132,SUPERNTJ09I,50,500,2023-11-19,False,2026-02-16T00:00:00
11133,SALE4WWEM9,40,200,2026-09-06,True,2023-11-12T00:00:00
11134,OFFTXM0LU,50,150,2025-02-08,False,2023-04-10T00:00:00
11135,SALEEIPIPH,50,500,2025-11-12,False,2023-05-10T00:00:00
11136,SAVESYX4D9,20,100,2027-10-19,False,2025-07-18T00:00:00
11137,SUPERBE9GR9,30,150,2024-01-25,False,2023-07-16T00:00:00
11138,SAVE97G01N,5,150,2023-10-15,False,2024-10-09T00:00:00
11139,SALEPUAGM6,15,200,2025-02-27,False,2026-04-16T00:00:00
11140,TOP0EX485,30,500,2024-04-17,False,2024-09-26T00:00:00
11141,PROMOVUBQ32,15,50,2024-08-18,False,2023-06-11T00:00:00
11142,SAVEPXYOM0,30,300,2023-07-28,False,2023-10-19T00:00:00
11143,SAVEH6EVDK,40,300,2025-03-05,False,2026-01-03T00:00:00
11144,OFFOELTS5,40,200,2026-10-15,True,2025-04-08T00:00:00
11145,DESCYUF8W1,30,300,2025-12-05,False,2026-01-08T00:00:00
11146,SUPERJVFG9U,50,300,2027-07-16,True,2023-01-19T00:00:00
11147,DESC41SXL0,15,300,2027-10-28,True,2024-05-24T00:00:00
11148,MEGAHNZ5K8,25,150,2023-02-19,False,2025-05-26T00:00:00
11149,SAVETG5WSI,5,150,2024-09-04,False,2024-07-16T00:00:00
11150,DESCHREE1P,20,300,2025-04-19,False,2023-08-02T00:00:00
11151,SAVE5UZO1O,20,300,2023-07-11,False,2026-05-01T00:00:00
11152,SAVE84OM47,5,300,2024-09-29,False,2023-09-25T00:00:00
11153,DESCDPKJMV,20,500,2024-05-30,False,2025-04-10T00:00:00
11154,MEGAOV4D1H,25,500,2026-06-24,False,2024-11-20T00:00:00
11155,PROMO15LBPR,50,150,2024-01-14,False,2023-07-11T00:00:00
11156,DESCN4SHR9,5,500,2027-04-09,True,2023-03-11T00:00:00
11157,DESCE4TNO5,10,50,2027-05-01,True,2025-09-27T00:00:00
11158,DESCN0642A,15,150,2023-04-13,False,2023-07-06T00:00:00
11159,SUPERR4DWW8,50,200,2025-07-05,False,2025-05-20T00:00:00
11160,SAVEYSCJ72,15,500,2026-02-15,False,2025-06-27T00:00:00
11161,SALECX6DUU,50,100,2024-05-10,False,2023-12-11T00:00:00
11162,MEGARX8415,40,500,2025-01-23,False,2026-05-07T00:00:00
11163,SALE8I6BLY,15,100,2024-08-06,False,2023-05-28T00:00:00
11164,SALE2ZDZDO,50,50,2027-04-07,True,2025-03-07T00:00:00
11165,DESC2NBZYK,20,500,2026-06-16,True,2024-04-12T00:00:00
11166,TOPCESUB0,40,50,2023-11-20,False,2024-12-17T00:00:00
11167,SUPERL1PAWB,15,150,2027-01-13,True,2023-01-15T00:00:00
11168,SAVES7TGP0,5,300,2027-03-28,True,2023-11-14T00:00:00
11169,DESCU9B4HG,25,500,2024-06-30,False,2025-09-09T00:00:00
11170,SUPERCPUGIU,10,50,2027-01-23,False,2023-12-24T00:00:00
11171,TOP5XWZC0,10,50,2023-10-29,False,2024-12-31T00:00:00
11172,SUPER43FI51,20,500,2027-03-25,True,2024-11-24T00:00:00
11173,SUPER0FI89O,20,50,2025-04-21,False,2024-08-06T00:00:00
11174,MEGATLSOPU,5,50,2025-04-19,False,2023-05-10T00:00:00
11175,SAVEXA9B73,50,100,2026-12-21,False,2025-04-14T00:00:00
11176,TOPODR8IJ,10,300,2023-05-29,False,2023-08-22T00:00:00
11177,TOPNCZMD3,50,100,2025-11-11,False,2024-04-28T00:00:00
11178,SAVE67UVJN,50,50,2023-08-05,False,2023-05-31T00:00:00
11179,OFFPD00P6,30,50,2024-03-11,False,2024-04-18T00:00:00
11180,PROMO56OYJT,25,300,2026-04-18,False,2025-02-11T00:00:00
11181,DESCIZECQU,25,500,2023-09-19,False,2024-07-06T00:00:00
11182,MEGA5CFJ3S,30,100,2023-10-12,False,2024-08-03T00:00:00
11183,SUPER9QG35Q,40,200,2027-02-26,True,2025-10-28T00:00:00
11184,SALE85KYZC,5,50,2024-05-16,False,2024-10-12T00:00:00
11185,SALEAAFTAB,10,500,2026-04-08,False,2026-04-13T00:00:00
11186,PROMO7EKDA2,30,300,2023-01-17,False,2023-05-12T00:00:00
11187,SUPERKGKP4S,20,50,2024-08-26,False,2024-06-14T00:00:00
11188,SALEHJBVJS,10,100,2027-02-23,True,2024-01-25T00:00:00
11189,SUPERWRJ5PR,50,100,2024-07-18,False,2025-02-23T00:00:00
11190,TOPBLRUW8,25,300,2024-11-17,False,2025-07-22T00:00:00
11191,PROMOO10383,40,50,2023-04-14,False,2024-02-03T00:00:00
11192,OFFS1IA1L,15,300,2024-11-10,False,2025-02-27T00:00:00
11193,MEGAXJDDDR,15,150,2027-11-24,False,2023-08-23T00:00:00
11194,SALEOYZU2S,50,50,2027-09-27,True,2026-03-18T00:00:00
11195,SUPER6IV06H,40,300,2023-06-09,False,2025-05-30T00:00:00
11196,SALEO0JHH5,50,200,2024-03-30,False,2023-10-02T00:00:00
11197,SALEEAPQVG,20,150,2025-05-15,False,2023-01-02T00:00:00
11198,PROMOAACQMP,50,150,2027-11-03,False,2025-04-25T00:00:00
11199,MEGAET56HU,10,50,2027-12-05,False,2023-04-08T00:00:00
11200,PROMOXVIVZX,20,100,2023-10-17,False,2023-05-29T00:00:00
11201,SUPERI1AG9G,15,500,2026-11-05,True,2024-07-16T00:00:00
11202,OFFQEGF6B,50,300,2024-04-14,False,2024-06-25T00:00:00
11203,TOPZ654Q0,40,500,2023-08-26,False,2023-08-17T00:00:00
11204,TOP74E3HR,50,500,2026-10-09,True,2023-07-27T00:00:00
11205,SUPERJ3BIV0,25,50,2027-04-06,True,2023-01-31T00:00:00
11206,MEGA6E0H9J,5,100,2024-05-16,False,2026-01-03T00:00:00
11207,SAVEPC543H,40,100,2025-09-05,False,2024-02-12T00:00:00
11208,MEGAVKOQV3,20,300,2027-10-05,True,2025-04-09T00:00:00
11209,DESC22WD5G,15,150,2026-06-30,False,2023-02-02T00:00:00
11210,OFF7W3GQN,5,50,2026-09-08,True,2024-12-09T00:00:00
11211,PROMOBPLJ4P,5,50,2025-08-07,False,2025-04-15T00:00:00
11212,TOPNUZA86,40,500,2024-10-27,False,2026-03-04T00:00:00
11213,SUPERMPU9JL,25,300,2024-04-27,False,2025-04-16T00:00:00
11214,SUPER09GU5G,10,200,2025-11-29,False,2026-04-05T00:00:00
11215,OFFVVB8UT,20,50,2025-11-08,False,2025-11-16T00:00:00
11216,SUPERJHZMZ0,25,500,2027-06-20,True,2025-05-12T00:00:00
11217,OFFLELMGC,15,50,2025-01-09,False,2024-06-24T00:00:00
11218,SAVELSM4RX,50,200,2024-12-16,False,2023-10-17T00:00:00
11219,TOPLOJQPS,30,200,2023-09-12,False,2025-11-08T00:00:00
11220,PROMOIFWTC2,50,100,2025-09-28,False,2023-06-26T00:00:00
11221,SALEPPXKYA,25,500,2026-03-08,False,2025-10-13T00:00:00
11222,DESCVLV8KI,40,50,2026-04-02,False,2025-08-03T00:00:00
11223,SALE5385PX,20,100,2027-01-01,False,2023-01-15T00:00:00
11224,OFFJ0A05D,30,50,2026-08-07,True,2025-12-14T00:00:00
11225,MEGATG3LVS,15,50,2024-10-29,False,2026-05-14T00:00:00
11226,SALE9BJZLZ,15,200,2023-08-18,False,2024-03-03T00:00:00
11227,MEGAWVTZ67,40,300,2026-05-21,False,2026-03-30T00:00:00
11228,SUPERTBHAUU,50,50,2027-11-13,False,2026-01-04T00:00:00
11229,MEGAAHSB3T,30,100,2025-12-18,False,2025-01-20T00:00:00
11230,PROMOVST5P4,40,100,2024-09-25,False,2025-10-10T00:00:00
11231,OFFATASGW,20,300,2027-06-30,False,2023-01-17T00:00:00
11232,PROMOK6TDY0,40,200,2027-02-06,True,2024-08-31T00:00:00
11233,OFF1AP3EK,10,500,2023-02-10,False,2025-05-04T00:00:00
11234,TOPNDVS31,50,150,2023-11-25,False,2024-11-19T00:00:00
11235,DESCSMKFIQ,40,150,2024-02-24,False,2025-10-08T00:00:00
11236,OFFUA9ZV1,5,200,2025-02-23,False,2023-10-29T00:00:00
11237,MEGAH64SB3,50,50,2026-06-13,True,2026-02-11T00:00:00
11238,SALEHJEYYX,40,300,2025-04-02,False,2026-03-08T00:00:00
11239,OFF04KGAK,50,50,2023-02-10,False,2025-03-20T00:00:00
11240,MEGAE8H0QS,15,150,2023-04-22,False,2023-08-22T00:00:00
11241,SAVER3AI51,5,50,2024-05-25,False,2024-07-29T00:00:00
11242,TOPKOCNFQ,30,500,2025-11-26,False,2023-02-03T00:00:00
11243,OFFGU6BPC,30,100,2026-03-19,False,2024-04-29T00:00:00
11244,DESC6NWOF1,20,500,2027-12-13,False,2026-04-13T00:00:00
11245,DESC9N5NEE,25,300,2023-10-10,False,2025-03-02T00:00:00
11246,SAVEEYYI0X,20,150,2026-08-12,False,2025-02-10T00:00:00
11247,SAVE3PFKYV,40,500,2024-11-28,False,2023-05-02T00:00:00
11248,SUPEROYPXWQ,15,150,2025-02-25,False,2025-01-16T00:00:00
11249,PROMOQ4J60Y,50,300,2024-06-18,False,2024-03-12T00:00:00
11250,SALE0Q6DPE,15,500,2023-10-15,False,2025-04-19T00:00:00
11251,MEGAFNJ5OL,15,500,2027-05-09,False,2023-09-22T00:00:00
11252,TOPK74EMW,40,500,2027-02-22,True,2023-06-17T00:00:00
11253,OFF3TYAEC,40,50,2023-02-13,False,2025-01-07T00:00:00
11254,SAVEEOQ98Y,20,200,2027-03-04,False,2023-09-25T00:00:00
11255,PROMO1JDXPU,40,150,2025-12-03,False,2025-05-10T00:00:00
11256,TOP789A1D,5,200,2024-08-27,False,2026-02-09T00:00:00
11257,PROMO93H9FH,5,50,2026-02-03,False,2024-08-13T00:00:00
11258,SAVEVHJY3E,20,500,2025-01-02,False,2023-12-15T00:00:00
11259,TOPAL7XWA,40,50,2025-10-30,False,2026-04-29T00:00:00
11260,SUPEREV1P69,5,300,2025-08-14,False,2025-02-22T00:00:00
11261,SUPERATS6GG,30,200,2024-08-12,False,2025-03-21T00:00:00
11262,MEGAD7CXWA,25,200,2025-03-09,False,2024-04-16T00:00:00
11263,MEGA689DU9,25,150,2027-11-10,True,2023-08-22T00:00:00
11264,SUPERJ40FG2,15,500,2024-06-29,False,2023-05-10T00:00:00
11265,SALEC16JW2,30,500,2026-03-25,False,2024-03-14T00:00:00
11266,SALEDSVENO,5,150,2025-02-10,False,2024-08-09T00:00:00
11267,SUPER0MV0ZT,25,150,2027-06-13,False,2024-10-02T00:00:00
11268,MEGATE3D9X,15,200,2024-09-23,False,2023-04-16T00:00:00
11269,SUPERZDOPSU,5,50,2026-11-09,True,2025-04-07T00:00:00
11270,TOP05W8D1,40,200,2024-04-01,False,2025-02-18T00:00:00
11271,SALEN4TX8L,40,500,2026-07-15,False,2025-11-10T00:00:00
11272,MEGAFRO32Q,40,300,2027-05-29,True,2023-06-19T00:00:00
11273,SUPERIX5BDN,15,50,2025-11-19,False,2023-01-19T00:00:00
11274,MEGAYMZ7SS,20,150,2026-01-31,False,2023-09-12T00:00:00
11275,TOPUECK2D,20,100,2023-04-11,False,2026-05-22T00:00:00
11276,SUPER7PTKHA,5,500,2027-02-27,False,2025-01-26T00:00:00
11277,PROMO3GJUI6,40,500,2026-05-11,False,2023-09-19T00:00:00
11278,SALE2W2OFB,50,200,2026-06-26,True,2023-02-19T00:00:00
11279,TOPAO99LJ,50,500,2025-06-08,False,2024-06-17T00:00:00
11280,MEGAKYXUW2,5,150,2027-07-18,False,2025-07-26T00:00:00
11281,SAVE0AJSNB,10,100,2025-11-12,False,2025-10-31T00:00:00
11282,SUPERQ14EKV,25,100,2024-07-04,False,2025-01-05T00:00:00
11283,SUPERFZ71QW,30,500,2023-10-16,False,2023-09-05T00:00:00
11284,DESCTZH2H5,40,500,2027-05-28,True,2024-09-03T00:00:00
11285,TOPHOIFAF,5,300,2027-12-23,True,2025-01-17T00:00:00
11286,OFF77LDVW,50,150,2027-05-10,False,2023-04-14T00:00:00
11287,SALEKNF5FV,40,100,2023-04-14,False,2025-11-06T00:00:00
11288,OFFR0HHU6,30,300,2027-07-27,True,2024-10-25T00:00:00
11289,DESC9KU1GD,20,100,2026-09-25,True,2025-06-11T00:00:00
11290,PROMOVDR1S7,5,300,2024-07-08,False,2023-01-16T00:00:00
11291,SALEDAXYIS,15,300,2024-06-21,False,2024-12-18T00:00:00
11292,SUPERWU7EJT,40,100,2027-11-15,True,2025-02-11T00:00:00
11293,PROMORG6NEW,15,500,2027-11-15,True,2025-03-21T00:00:00
11294,PROMOYCHDYL,30,300,2023-09-14,False,2025-03-29T00:00:00
11295,PROMOBP5DHB,10,300,2025-08-30,False,2025-11-20T00:00:00
11296,SUPERE071BL,30,300,2024-07-26,False,2025-04-06T00:00:00
11297,MEGA94L643,5,100,2025-04-27,False,2023-12-25T00:00:00
11298,MEGAKREZKS,40,150,2025-05-16,False,2023-10-04T00:00:00
11299,PROMOOMEWD3,5,50,2023-04-23,False,2025-07-03T00:00:00
11300,SAVESSDLKL,20,100,2026-11-08,True,2025-10-31T00:00:00
11301,DESC8LK60Q,30,500,2025-10-12,False,2024-09-21T00:00:00
11302,DESC4Y1FLO,15,50,2025-08-01,False,2023-10-03T00:00:00
11303,MEGADOUC4Z,50,150,2027-02-28,False,2025-12-04T00:00:00
11304,TOPFENTSP,20,150,2026-06-12,True,2024-09-22T00:00:00
11305,SUPERVL1QZW,10,200,2026-10-22,True,2023-03-21T00:00:00
11306,SALE1PMTQD,10,300,2024-08-04,False,2025-12-06T00:00:00
11307,PROMOW79652,30,100,2024-04-03,False,2024-05-13T00:00:00
11308,MEGASDZUUK,50,150,2023-08-13,False,2023-09-04T00:00:00
11309,DESCY5L3ZO,5,50,2027-09-01,True,2025-06-20T00:00:00
11310,SUPERZ3B77X,5,150,2024-01-02,False,2026-04-27T00:00:00
11311,DESCHSMU0X,25,200,2023-10-29,False,2024-06-20T00:00:00
11312,SAVEGAEP2S,5,100,2025-01-14,False,2024-08-11T00:00:00
11313,OFFA2CBMH,10,300,2026-04-28,False,2024-09-25T00:00:00
11314,SUPER9NT5R8,20,500,2025-05-04,False,2025-03-19T00:00:00
11315,MEGAQHS9RH,15,50,2027-08-31,True,2024-10-02T00:00:00
11316,PROMOTNCXLA,20,50,2026-02-06,False,2026-01-31T00:00:00
11317,MEGA7GAOCO,5,150,2027-04-03,True,2023-02-22T00:00:00
11318,TOPLPYETS,50,200,2023-03-01,False,2024-01-09T00:00:00
11319,PROMOLYCER4,20,200,2025-12-20,False,2023-04-25T00:00:00
11320,DESCEB9DSN,10,150,2027-01-18,True,2025-07-16T00:00:00
11321,TOPX87DR9,20,500,2027-01-04,False,2023-04-10T00:00:00
11322,SUPERKX4KPU,30,300,2023-04-03,False,2025-10-07T00:00:00
11323,SALEV0OL2H,40,150,2025-10-27,False,2023-03-15T00:00:00
11324,DESC0IGPUC,40,150,2023-01-06,False,2024-06-10T00:00:00
11325,TOPIL3DZ8,25,500,2024-05-01,False,2026-01-27T00:00:00
11326,DESCPUUN1M,30,150,2024-07-20,False,2026-06-09T00:00:00
11327,DESC2KQUJ7,40,300,2024-03-14,False,2023-09-17T00:00:00
11328,DESCT63W93,10,150,2027-11-30,True,2023-09-02T00:00:00
11329,MEGA9O00S7,15,50,2025-04-23,False,2023-10-09T00:00:00
11330,DESCPVW52O,25,300,2026-07-27,True,2024-06-16T00:00:00
11331,PROMOOBG00A,15,100,2026-10-29,True,2023-07-11T00:00:00
11332,SUPERWPWNSK,15,300,2027-06-28,True,2024-01-22T00:00:00
11333,SAVEUCFD1T,5,500,2026-04-17,False,2025-01-15T00:00:00
11334,SUPERCJJ3BY,50,50,2023-08-18,False,2026-02-17T00:00:00
11335,OFFBY1EB8,20,300,2026-06-25,False,2025-06-12T00:00:00
11336,SAVE43XTDM,30,200,2023-12-07,False,2023-08-05T00:00:00
11337,SAVELJEG3X,25,300,2025-05-04,False,2026-02-20T00:00:00
11338,TOP6CYY0N,15,200,2027-12-30,True,2026-01-16T00:00:00
11339,DESC83UK4Z,10,300,2023-03-16,False,2025-06-07T00:00:00
11340,OFFXLPVGP,5,300,2024-12-06,False,2023-07-16T00:00:00
11341,DESCMJYAFC,50,100,2023-07-18,False,2023-09-17T00:00:00
11342,MEGA1P0JUO,50,150,2026-11-13,True,2025-08-05T00:00:00
11343,SAVE9WD74O,40,100,2027-01-23,True,2024-10-03T00:00:00
11344,SAVETBE8VS,15,150,2027-09-06,True,2024-06-08T00:00:00
11345,SUPERQ2KQFO,5,300,2023-04-07,False,2023-12-29T00:00:00
11346,MEGA5EE3MU,40,150,2024-07-21,False,2023-05-17T00:00:00
11347,MEGA6KHSLC,20,150,2023-12-06,False,2026-02-21T00:00:00
11348,SAVE989MPU,20,50,2025-02-03,False,2025-05-24T00:00:00
11349,SAVE182LOZ,10,150,2023-03-23,False,2023-07-18T00:00:00
11350,PROMOHRKHK5,15,100,2025-03-02,False,2026-04-04T00:00:00
11351,SAVEOH2TYE,25,200,2025-11-06,False,2023-02-13T00:00:00
11352,MEGAVUUACX,15,150,2026-02-21,False,2024-12-26T00:00:00
11353,OFFYCGPVS,20,150,2023-06-16,False,2024-05-09T00:00:00
11354,SAVEF95CRS,15,50,2027-02-20,True,2025-01-16T00:00:00
11355,SALEBSHNDQ,20,50,2025-03-30,False,2024-03-06T00:00:00
11356,SAVEEN5LBS,15,100,2024-05-01,False,2023-11-10T00:00:00
11357,MEGAZ6MH95,15,150,2025-11-29,False,2025-03-06T00:00:00
11358,SAVEHE2RNW,10,150,2027-02-24,False,2023-09-06T00:00:00
11359,PROMOPMI2FQ,5,300,2026-02-08,False,2025-05-14T00:00:00
11360,MEGAHG1EU4,30,200,2023-03-17,False,2025-01-27T00:00:00
11361,PROMO7XMBPL,40,300,2023-02-16,False,2026-05-12T00:00:00
11362,SAVEIS3P6O,5,200,2023-02-02,False,2025-05-16T00:00:00
11363,DESC6KLLH7,50,500,2024-09-27,False,2024-11-22T00:00:00
11364,TOPKSWGUU,5,50,2027-02-16,True,2024-11-24T00:00:00
11365,SALEL0ZEVW,40,150,2025-07-06,False,2023-03-24T00:00:00
11366,PROMOEGZMSS,5,150,2023-10-28,False,2023-04-04T00:00:00
11367,SUPERJWMPCM,15,150,2023-09-11,False,2023-11-04T00:00:00
11368,MEGAXDAF5I,30,500,2023-09-28,False,2024-07-07T00:00:00
11369,TOPO4MC49,50,500,2025-11-10,False,2025-04-12T00:00:00
11370,SUPER8VSXE8,10,100,2025-07-04,False,2025-06-19T00:00:00
11371,SAVET1SAE3,10,50,2024-02-28,False,2025-11-15T00:00:00
11372,SALE4QWM3Z,30,200,2025-03-12,False,2024-03-27T00:00:00
11373,DESCNZ6RNN,15,200,2026-08-13,True,2026-02-15T00:00:00
11374,SALEDF93KK,30,100,2024-02-01,False,2023-01-06T00:00:00
11375,MEGAV1R02O,20,200,2026-01-10,False,2024-05-19T00:00:00
11376,OFFTWBKTE,15,100,2023-12-20,False,2025-09-11T00:00:00
11377,DESC797ZGC,20,50,2026-10-27,False,2025-01-27T00:00:00
11378,DESCG1ZEPR,30,100,2024-01-16,False,2025-07-18T00:00:00
11379,MEGAP4L2TE,5,300,2026-07-06,False,2025-04-07T00:00:00
11380,MEGAVBRAOQ,5,300,2024-12-15,False,2025-03-19T00:00:00
11381,OFFUN2KPI,20,150,2026-08-20,False,2025-08-28T00:00:00
11382,SUPERATNMMW,10,100,2026-10-30,True,2023-09-24T00:00:00
11383,MEGAX8R991,5,100,2027-03-31,False,2025-05-02T00:00:00
11384,TOPBG1M7H,40,300,2023-01-19,False,2025-10-13T00:00:00
11385,MEGAQCOV51,10,300,2023-10-15,False,2025-10-14T00:00:00
11386,SAVE1YZEKZ,5,100,2025-10-08,False,2024-02-25T00:00:00
11387,OFFU71CGN,30,300,2023-07-19,False,2024-12-07T00:00:00
11388,PROMOHMANMT,15,500,2024-08-14,False,2024-08-09T00:00:00
11389,OFFWH9EKY,10,300,2025-11-18,False,2025-05-17T00:00:00
11390,SUPERERD6K9,25,300,2025-06-15,False,2025-09-20T00:00:00
11391,SALEGZTRGC,30,200,2026-02-08,False,2025-04-25T00:00:00
11392,PROMOQN1DAK,30,150,2024-01-15,False,2024-06-19T00:00:00
11393,SAVEDP3XPN,15,200,2025-07-03,False,2024-04-24T00:00:00
11394,OFFPGNZN2,10,100,2025-02-13,False,2025-10-18T00:00:00
11395,PROMOWQAMV9,10,500,2027-02-06,True,2024-04-08T00:00:00
11396,SALED98EQI,15,300,2027-10-30,True,2023-08-09T00:00:00
11397,MEGAPCJZTE,10,100,2023-12-31,False,2025-06-18T00:00:00
11398,SALENZHI14,15,150,2025-05-02,False,2024-03-23T00:00:00
11399,OFFMRTXK7,25,200,2027-01-25,True,2023-07-22T00:00:00
11400,SALEOGBH5R,5,100,2027-07-13,True,2026-01-05T00:00:00
11401,OFFYB6922,50,300,2027-06-11,False,2025-07-13T00:00:00
11402,SUPERP6Y4KQ,20,150,2025-10-13,False,2023-09-07T00:00:00
11403,PROMO8NT2WE,15,50,2025-03-26,False,2024-08-24T00:00:00
11404,SALEAOU1HF,30,500,2023-08-04,False,2025-09-18T00:00:00
11405,SAVE3EYLTS,25,50,2025-02-24,False,2026-02-24T00:00:00
11406,SAVEFKFCAC,50,150,2025-09-16,False,2023-12-14T00:00:00
11407,DESCYQYIKG,50,500,2027-04-09,True,2025-05-04T00:00:00
11408,SUPERNHLNCV,20,50,2024-03-08,False,2025-01-19T00:00:00
11409,OFFGEAWIB,5,200,2027-03-26,False,2023-02-04T00:00:00
11410,OFF24A4KR,40,100,2026-02-01,False,2026-02-01T00:00:00
11411,PROMO3Z5ID7,40,200,2023-01-15,False,2024-07-26T00:00:00
11412,SALEGW8GB3,20,150,2025-01-05,False,2023-03-01T00:00:00
11413,PROMOKYCSHT,15,50,2024-10-12,False,2023-01-05T00:00:00
11414,DESCGS3JKO,25,50,2023-07-06,False,2025-07-11T00:00:00
11415,PROMOO9EBIU,10,50,2025-09-15,False,2024-05-12T00:00:00
11416,TOPG5AOJ1,10,150,2023-04-06,False,2026-04-08T00:00:00
11417,SAVEX1B9QJ,25,300,2026-07-07,True,2023-05-02T00:00:00
11418,SAVEPVBN8G,25,100,2026-03-30,False,2025-09-13T00:00:00
11419,SUPER378YR4,5,150,2027-08-20,True,2025-05-29T00:00:00
11420,SUPERBK5IRT,15,500,2024-03-26,False,2023-12-23T00:00:00
11421,TOP9Q96AL,5,150,2025-01-24,False,2024-09-27T00:00:00
11422,OFF4W2399,50,300,2026-05-06,False,2024-06-29T00:00:00
11423,TOPVHPOVV,5,500,2023-09-04,False,2024-06-20T00:00:00
11424,MEGAVSCEG0,25,50,2026-01-08,False,2025-09-29T00:00:00
11425,PROMO8DFSBT,15,100,2025-08-13,False,2023-12-18T00:00:00
11426,MEGA2I8DCO,25,50,2027-08-18,True,2024-07-02T00:00:00
11427,SUPER7N7PM2,50,50,2025-06-25,False,2023-02-18T00:00:00
11428,SAVEHYIYVO,20,150,2025-04-21,False,2025-02-08T00:00:00
11429,MEGACVGOR7,5,500,2026-02-13,False,2024-08-10T00:00:00
11430,OFFLJW5O1,50,150,2023-12-22,False,2024-01-22T00:00:00
11431,DESCWKW35K,25,500,2023-07-24,False,2023-08-31T00:00:00
11432,SAVER8MTL7,5,100,2025-10-19,False,2023-10-17T00:00:00
11433,OFFMBJSXR,5,50,2027-08-10,False,2025-01-11T00:00:00
11434,SUPER6TI6IF,20,100,2026-08-22,True,2024-10-12T00:00:00
11435,SUPERQO4PK5,30,500,2023-08-26,False,2023-06-03T00:00:00
11436,SUPER1URLO1,5,200,2026-12-22,True,2024-06-12T00:00:00
11437,SALEHHG3J4,20,300,2025-12-13,False,2023-09-07T00:00:00
11438,DESCHAR80U,25,500,2026-01-08,False,2025-06-14T00:00:00
11439,OFFP9WS7Z,15,200,2027-05-28,True,2024-01-22T00:00:00
11440,OFF59YT1F,20,500,2024-05-17,False,2024-01-05T00:00:00
11441,SUPERPGFFV0,50,50,2026-07-26,True,2023-04-21T00:00:00
11442,SAVE85IID7,10,300,2024-01-15,False,2023-05-10T00:00:00
11443,DESC7A8GO8,15,300,2027-04-24,False,2023-12-29T00:00:00
11444,SUPERSXND9S,20,150,2025-04-21,False,2025-11-26T00:00:00
11445,TOP6OPN5J,30,300,2025-03-26,False,2025-06-06T00:00:00
11446,SALEG51VDD,5,100,2023-01-10,False,2023-09-11T00:00:00
11447,SAVEOTF681,25,200,2025-04-17,False,2023-11-03T00:00:00
11448,SAVEG9XPRB,40,150,2024-07-25,False,2025-02-19T00:00:00
11449,OFFVSVKOD,5,100,2024-03-03,False,2025-08-26T00:00:00
11450,SAVE792VQH,30,500,2025-04-30,False,2025-08-12T00:00:00
11451,SAVEF3D5XQ,20,50,2025-10-21,False,2023-02-01T00:00:00
11452,DESCZP7X72,50,100,2027-02-08,True,2025-01-20T00:00:00
11453,SUPERYJW6N4,25,50,2027-12-15,True,2025-05-14T00:00:00
11454,SAVEMLP4H6,40,200,2024-12-10,False,2023-08-14T00:00:00
11455,SAVERAX924,5,50,2024-04-07,False,2026-03-20T00:00:00
11456,PROMON16XGV,50,500,2027-02-20,False,2024-07-14T00:00:00
11457,OFFRLWY8Q,25,500,2027-07-14,True,2023-05-15T00:00:00
11458,MEGAQV5YVV,20,200,2026-06-24,True,2025-06-06T00:00:00
11459,DESCGJ06CV,30,100,2023-06-17,False,2024-05-06T00:00:00
11460,SALEFKR2JR,15,50,2026-09-20,True,2025-11-19T00:00:00
11461,SAVE6VRHWD,25,100,2026-07-12,True,2026-03-22T00:00:00
11462,SAVEFIGGI1,25,300,2023-04-25,False,2023-03-29T00:00:00
11463,PROMO126PIH,30,150,2026-11-24,False,2026-01-23T00:00:00
11464,TOPQGKHOZ,40,100,2025-04-13,False,2025-03-24T00:00:00
11465,SUPER5F866F,25,50,2024-09-15,False,2024-04-06T00:00:00
11466,OFFQNW00L,40,50,2026-01-22,False,2024-11-21T00:00:00
11467,SALE87QS8G,15,500,2025-07-28,False,2025-09-23T00:00:00
11468,MEGA2DSLI9,5,150,2024-04-21,False,2023-10-26T00:00:00
11469,MEGASEBB7U,5,100,2023-06-13,False,2026-03-30T00:00:00
11470,OFFE18MUM,15,100,2026-01-05,False,2023-06-04T00:00:00
11471,TOPI69KAE,25,500,2024-05-04,False,2025-08-02T00:00:00
11472,TOPNNSLAW,30,50,2025-03-28,False,2024-04-01T00:00:00
11473,DESCYGG1E8,30,150,2023-05-13,False,2024-09-29T00:00:00
11474,SAVEIK7T60,40,150,2025-05-22,False,2026-03-10T00:00:00
11475,TOPOP1OYE,20,50,2027-08-14,True,2025-07-06T00:00:00
11476,TOPCSM0EZ,40,300,2023-06-08,False,2025-04-12T00:00:00
11477,SAVEFHD6SK,10,200,2023-09-30,False,2025-12-24T00:00:00
11478,OFF5GNACU,10,150,2025-10-03,False,2024-09-28T00:00:00
11479,SAVE17UQLJ,15,100,2024-03-14,False,2025-07-06T00:00:00
11480,SALEGD7D5H,5,500,2025-10-20,False,2026-01-16T00:00:00
11481,DESCWJY9JM,15,300,2025-11-20,False,2024-06-18T00:00:00
11482,SUPERSBGYP6,20,100,2023-05-16,False,2024-09-15T00:00:00
11483,MEGAV5VB7F,15,200,2023-11-29,False,2024-06-04T00:00:00
11484,TOPP0YBHR,40,150,2025-01-08,False,2025-08-31T00:00:00
11485,SAVEKO2L3G,10,50,2025-06-27,False,2024-01-05T00:00:00
11486,DESC3AIMNZ,50,200,2026-10-15,False,2023-05-09T00:00:00
11487,TOP55HQ0X,10,150,2023-04-02,False,2023-08-06T00:00:00
11488,SUPERG8NFVE,30,100,2024-09-18,False,2023-02-03T00:00:00
11489,PROMOYJX2NK,10,50,2025-04-30,False,2025-01-14T00:00:00
11490,SAVEMPC1EM,15,200,2024-04-26,False,2025-05-14T00:00:00
11491,OFF0ZXSLU,25,300,2023-11-25,False,2025-02-26T00:00:00
11492,TOP28WI6F,20,150,2027-03-31,True,2023-07-16T00:00:00
11493,DESCTRJSCK,10,50,2025-08-13,False,2025-05-27T00:00:00
11494,SAVEX40PBL,20,500,2027-02-08,False,2023-03-07T00:00:00
11495,OFFGCAFKM,30,300,2024-08-15,False,2024-03-06T00:00:00
11496,SALE7V90CP,25,150,2024-02-08,False,2026-04-24T00:00:00
11497,TOPLWE0G8,50,50,2025-06-17,False,2024-09-02T00:00:00
11498,SUPERU04XTP,50,50,2026-04-16,False,2024-11-23T00:00:00
11499,PROMO7RLOSS,5,300,2023-11-14,False,2026-01-10T00:00:00
11500,SAVEOFTP7H,15,300,2026-07-10,True,2023-11-29T00:00:00
11501,SALEWHEZ7F,25,300,2025-11-18,False,2024-04-05T00:00:00
11502,DESCAWVL20,5,50,2026-09-04,True,2023-11-05T00:00:00
11503,OFFKK0GJR,30,200,2026-12-02,True,2024-01-12T00:00:00
11504,MEGABJ7IY7,50,200,2026-12-24,True,2023-02-21T00:00:00
11505,SAVEQ6RVAT,25,200,2025-05-28,False,2024-07-13T00:00:00
11506,MEGA02HP9H,40,300,2025-05-03,False,2025-08-29T00:00:00
11507,MEGALPPRJ4,20,200,2026-01-06,False,2023-07-02T00:00:00
11508,PROMOQDOI4A,25,150,2024-08-02,False,2024-11-04T00:00:00
11509,TOPTBTWHY,15,100,2024-10-06,False,2025-07-14T00:00:00
11510,PROMOUOAQ1W,40,500,2026-10-02,False,2026-05-14T00:00:00
11511,SAVEKIYD2S,20,200,2025-05-21,False,2023-02-11T00:00:00
11512,SALEPOITF2,15,500,2024-11-04,False,2024-07-21T00:00:00
11513,TOPN0BC20,50,500,2025-01-26,False,2024-01-20T00:00:00
11514,MEGAOYRTFW,50,300,2026-03-11,False,2025-04-24T00:00:00
11515,TOPFGN6AX,15,300,2023-01-11,False,2025-07-14T00:00:00
11516,DESCVEKHH7,15,200,2027-10-12,True,2024-03-21T00:00:00
11517,SAVENETAM0,25,500,2024-10-14,False,2025-05-20T00:00:00
11518,PROMOYL2PGJ,25,300,2026-01-27,False,2024-12-04T00:00:00
11519,SAVEDIL9OZ,5,500,2027-05-28,False,2023-03-21T00:00:00
11520,SALEZXU2IL,40,500,2027-05-03,True,2023-10-02T00:00:00
11521,DESCLQ9671,50,300,2026-08-05,False,2023-05-18T00:00:00
11522,OFFF8H9EJ,30,500,2024-10-12,False,2023-02-15T00:00:00
11523,DESCT7DSFV,50,300,2023-04-08,False,2025-05-18T00:00:00
11524,DESCDO2U0N,50,150,2023-08-18,False,2024-02-01T00:00:00
11525,DESCXKOB9X,5,150,2025-11-09,False,2024-03-22T00:00:00
11526,SALEOB147R,15,100,2023-05-09,False,2024-09-03T00:00:00
11527,SUPERF5QTL1,10,500,2024-06-17,False,2023-08-24T00:00:00
11528,SALE4AL4XA,10,200,2023-03-24,False,2025-09-02T00:00:00
11529,TOPPS7N48,40,100,2027-02-08,True,2025-06-28T00:00:00
11530,PROMOB7KQOI,30,500,2027-12-29,True,2026-03-20T00:00:00
11531,SUPEROZ2CE1,10,150,2026-06-22,False,2023-04-17T00:00:00
11532,OFFSJZO3A,25,100,2024-06-24,False,2026-05-05T00:00:00
11533,TOP2RQFIC,10,100,2025-03-04,False,2026-05-25T00:00:00
11534,SAVESUZMGQ,30,50,2024-10-26,False,2024-06-12T00:00:00
11535,DESC3TBKW8,15,150,2023-12-03,False,2026-01-08T00:00:00
11536,PROMO9KOTWN,15,200,2023-09-27,False,2024-05-06T00:00:00
11537,SAVEUMB4JO,5,50,2023-08-08,False,2025-01-29T00:00:00
11538,TOPRFLZRQ,20,50,2024-01-28,False,2023-07-03T00:00:00
11539,SALEL3NVHY,5,100,2025-11-10,False,2024-03-25T00:00:00
11540,SUPERRRZKNF,15,150,2027-04-21,True,2025-06-02T00:00:00
11541,PROMO8ZYTNI,20,50,2026-05-19,False,2024-12-13T00:00:00
11542,SAVEUPV03N,10,100,2025-12-10,False,2025-05-01T00:00:00
11543,SALEOWE769,40,50,2025-06-15,False,2025-03-18T00:00:00
11544,SALE4AKXEW,50,200,2027-08-01,True,2025-07-08T00:00:00
11545,SAVERSJTOY,10,50,2026-06-25,True,2023-12-06T00:00:00
11546,SALEFEYSZR,50,150,2026-01-18,False,2024-10-02T00:00:00
11547,DESC30KPN1,25,300,2026-01-18,False,2023-10-26T00:00:00
11548,SUPERY44XB7,30,300,2025-05-22,False,2025-09-16T00:00:00
11549,SUPER3NNMF2,10,150,2027-02-04,True,2024-07-03T00:00:00
11550,SALE5GG62E,10,200,2026-05-14,False,2026-01-17T00:00:00
11551,OFFS5ZNDR,50,50,2026-03-17,False,2023-03-22T00:00:00
11552,SAVEBO647A,5,100,2026-10-17,False,2025-01-22T00:00:00
11553,SALEJLLMOQ,25,150,2026-06-05,False,2025-06-19T00:00:00
11554,SUPERJNPBD9,30,300,2023-10-22,False,2026-03-05T00:00:00
11555,SUPERX4Q5VD,20,100,2024-12-18,False,2024-02-28T00:00:00
11556,TOPV83U21,10,100,2025-09-15,False,2026-01-23T00:00:00
11557,TOPB8FPK6,30,150,2024-11-07,False,2025-05-05T00:00:00
11558,SAVE4S7NQ7,15,200,2027-02-28,True,2025-04-09T00:00:00
11559,MEGA8UFMAZ,25,50,2024-06-08,False,2024-09-11T00:00:00
11560,MEGASZIVCH,10,150,2026-01-15,False,2023-10-28T00:00:00
11561,MEGAYR1MEE,25,50,2023-02-27,False,2024-03-16T00:00:00
11562,TOPQKTL0K,30,100,2026-07-12,True,2025-04-22T00:00:00
11563,DESCS9IY3S,15,500,2023-06-12,False,2023-04-26T00:00:00
11564,DESC19JPS1,50,300,2024-07-20,False,2025-03-18T00:00:00
11565,TOPN5AU4V,30,50,2025-05-05,False,2024-09-10T00:00:00
11566,PROMONZNB6N,25,150,2023-06-23,False,2025-07-15T00:00:00
11567,MEGA1Q152H,25,500,2026-10-14,False,2025-02-24T00:00:00
11568,MEGAAKDZRE,15,50,2025-08-26,False,2024-05-02T00:00:00
11569,SALEOSLNIM,5,300,2024-12-14,False,2023-12-07T00:00:00
11570,SUPER19LJUU,50,100,2026-02-12,False,2024-04-01T00:00:00
11571,PROMOSKIGD4,30,500,2026-11-17,True,2026-02-14T00:00:00
11572,TOPYYIS3K,20,100,2027-02-07,False,2023-07-31T00:00:00
11573,MEGAIIVF69,15,200,2024-09-08,False,2024-12-23T00:00:00
11574,SAVEF6JEEQ,10,150,2027-02-28,False,2023-12-02T00:00:00
11575,SALE0XOOCL,50,150,2025-07-07,False,2026-03-23T00:00:00
11576,SUPERG5RTBG,10,200,2026-04-14,False,2025-07-31T00:00:00
11577,SAVE1QQ1BG,15,500,2024-01-06,False,2026-04-16T00:00:00
11578,TOPITMNZ7,40,500,2026-01-21,False,2023-12-17T00:00:00
11579,MEGA2BBX0I,30,100,2025-06-19,False,2023-02-26T00:00:00
11580,SAVEGG2C9Z,5,100,2024-01-06,False,2023-01-04T00:00:00
11581,MEGA1S7M8C,15,150,2027-02-07,True,2024-11-21T00:00:00
11582,SALEQ8MRSV,25,100,2027-07-24,True,2025-05-27T00:00:00
11583,SAVE2V0KH2,30,50,2025-02-14,False,2025-07-14T00:00:00
11584,TOPJ2E2DZ,25,500,2026-02-14,False,2024-04-05T00:00:00
11585,OFFCLOU1V,15,200,2024-06-13,False,2025-08-28T00:00:00
11586,OFFO95E48,40,100,2024-04-22,False,2025-06-26T00:00:00
11587,SAVEQ53IN0,40,200,2027-08-20,True,2025-10-03T00:00:00
11588,SAVEMXO9D3,5,150,2026-03-26,False,2025-05-08T00:00:00
11589,SAVEAC4N5C,25,200,2023-09-04,False,2023-09-07T00:00:00
11590,PROMO9BM4IH,50,150,2024-08-09,False,2024-12-03T00:00:00
11591,MEGABK575M,15,100,2027-01-23,False,2023-01-21T00:00:00
11592,TOPK86EW4,30,100,2024-05-01,False,2023-07-02T00:00:00
11593,TOPYM2H7J,15,150,2026-07-18,True,2025-02-23T00:00:00
11594,MEGAV2U9XG,30,150,2027-06-05,True,2025-02-23T00:00:00
11595,PROMO49G3DU,25,200,2027-08-27,True,2024-01-23T00:00:00
11596,OFFAFAWCL,20,50,2023-12-22,False,2025-07-31T00:00:00
11597,PROMOXCS5BG,40,300,2027-06-29,False,2024-06-10T00:00:00
11598,OFF5956ES,20,300,2025-09-17,False,2024-05-31T00:00:00
11599,TOPN2CLDW,30,100,2025-12-19,False,2025-06-07T00:00:00
11600,TOPLY9MLW,10,50,2024-08-28,False,2023-04-22T00:00:00
11601,DESC80FPW8,30,500,2023-09-14,False,2023-08-11T00:00:00
11602,OFFJRXQ2N,10,150,2025-06-24,False,2024-04-17T00:00:00
11603,SALE5IKMD3,30,300,2025-06-09,False,2025-04-29T00:00:00
11604,SAVEH03VY0,15,200,2025-03-01,False,2025-04-27T00:00:00
11605,SUPERIGSZUV,10,100,2023-11-07,False,2023-09-28T00:00:00
11606,SAVEUK7B7T,25,100,2025-08-26,False,2025-02-12T00:00:00
11607,DESC3SJ3CA,5,150,2023-05-21,False,2024-03-24T00:00:00
11608,SAVEQNJEUQ,40,500,2023-03-22,False,2025-05-28T00:00:00
11609,SAVE24IOUG,5,300,2026-02-23,False,2025-08-04T00:00:00
11610,MEGATIF5H3,20,50,2027-09-27,False,2025-07-17T00:00:00
11611,PROMO0J1M6A,40,200,2025-06-07,False,2024-07-01T00:00:00
11612,SUPERJBYN0Y,40,100,2026-07-27,True,2024-11-07T00:00:00
11613,SAVEI8PN3B,15,300,2025-07-01,False,2025-09-14T00:00:00
11614,PROMO8SASXI,20,500,2027-10-17,False,2026-03-20T00:00:00
11615,PROMODC1A5N,50,150,2025-10-06,False,2024-09-17T00:00:00
11616,OFF4SJ6BW,50,100,2024-03-04,False,2023-02-12T00:00:00
11617,TOPD9WU0B,30,50,2023-07-23,False,2024-01-24T00:00:00
11618,MEGA706BLX,50,200,2027-05-14,True,2025-06-04T00:00:00
11619,SAVEJ4OFML,25,50,2025-10-25,False,2023-05-27T00:00:00
11620,SUPERKH330H,10,200,2024-11-22,False,2025-12-27T00:00:00
11621,SALE375LWA,20,500,2024-04-26,False,2023-03-19T00:00:00
11622,PROMOYSR6UO,20,300,2023-02-16,False,2023-01-22T00:00:00
11623,OFF25J76T,25,300,2025-05-05,False,2025-09-29T00:00:00
11624,SUPERMBSMOZ,40,150,2027-08-08,True,2024-03-10T00:00:00
11625,TOPLSNPU4,15,300,2023-12-18,False,2025-09-20T00:00:00
11626,SUPERIHIHFD,5,500,2023-07-24,False,2025-06-09T00:00:00
11627,SALEG5ETKV,5,500,2024-09-20,False,2023-03-03T00:00:00
11628,MEGAM1ZRP4,25,500,2027-04-25,False,2025-10-24T00:00:00
11629,PROMOGXAXZU,20,300,2024-04-19,False,2023-10-21T00:00:00
11630,OFFE0EGJD,50,500,2026-04-26,False,2026-01-30T00:00:00
11631,OFFCB6FFZ,50,300,2023-03-09,False,2025-10-12T00:00:00
11632,SAVEJV4VQ9,25,200,2025-02-11,False,2024-04-16T00:00:00
11633,OFF6EWBPK,20,300,2026-09-06,True,2025-09-28T00:00:00
11634,SAVEWLDUJ9,50,150,2027-10-28,True,2025-08-24T00:00:00
11635,SAVER9X3ZO,25,100,2023-09-27,False,2025-06-14T00:00:00
11636,TOP3718T6,15,100,2024-03-24,False,2023-06-08T00:00:00
11637,MEGA4NQD6L,50,150,2025-10-02,False,2026-02-20T00:00:00
11638,SUPERNABK8O,10,50,2027-07-13,False,2025-09-10T00:00:00
11639,SAVESG5E78,30,150,2027-04-24,True,2025-01-07T00:00:00
11640,OFFVQGGBD,10,100,2026-06-28,True,2023-06-21T00:00:00
11641,OFFVX3A6W,25,150,2023-12-29,False,2024-01-16T00:00:00
11642,MEGA3S9IA7,40,50,2025-11-29,False,2023-08-05T00:00:00
11643,DESCYCX2B3,25,50,2027-07-10,True,2025-03-28T00:00:00
11644,OFFDKV0S5,30,300,2024-06-12,False,2023-10-28T00:00:00
11645,MEGAGQHVSK,5,500,2025-08-10,False,2026-04-01T00:00:00
11646,TOP44OBWS,10,150,2027-11-23,False,2024-08-17T00:00:00
11647,SAVELJEWC3,20,150,2026-05-21,False,2023-04-09T00:00:00
11648,MEGA51OZ40,20,200,2024-09-17,False,2026-02-21T00:00:00
11649,MEGAN4ATJF,40,150,2027-10-15,True,2023-03-05T00:00:00
11650,PROMO7C34YZ,40,100,2026-10-11,True,2023-12-14T00:00:00
11651,OFFI77NXI,20,500,2027-08-26,True,2024-05-11T00:00:00
11652,SALE9SRC0W,15,500,2025-08-16,False,2026-05-22T00:00:00
11653,PROMOV8VCVY,40,100,2027-07-22,True,2025-08-29T00:00:00
11654,SALESAP2ID,25,200,2026-09-02,True,2023-01-03T00:00:00
11655,OFF8F2DO6,40,100,2024-12-18,False,2023-08-01T00:00:00
11656,SAVELG7KW2,30,300,2026-11-02,True,2023-06-11T00:00:00
11657,PROMOD28GQ9,20,100,2025-01-07,False,2023-07-11T00:00:00
11658,PROMOVKVC70,40,50,2023-07-28,False,2023-01-21T00:00:00
11659,OFFCS5VP1,20,50,2025-06-17,False,2025-08-31T00:00:00
11660,DESC5TMOJM,25,100,2025-07-21,False,2024-10-24T00:00:00
11661,SUPERJ2DB0Q,5,150,2026-11-07,True,2026-03-26T00:00:00
11662,PROMOQ2UV3A,5,500,2023-02-18,False,2023-03-12T00:00:00
11663,MEGACEQJMF,15,100,2027-10-19,False,2023-05-02T00:00:00
11664,TOPU26D9F,40,50,2026-09-13,True,2023-03-30T00:00:00
11665,SALE6DZ1XO,10,50,2025-12-16,False,2024-11-13T00:00:00
11666,SUPERRD92PW,20,50,2023-07-24,False,2024-09-17T00:00:00
11667,SAVECINWF8,5,150,2024-08-21,False,2026-05-19T00:00:00
11668,DESCF48DYC,20,500,2026-10-15,False,2026-05-12T00:00:00
11669,DESCBC267J,10,500,2027-04-19,True,2024-05-06T00:00:00
11670,OFF9YUSIN,5,200,2025-06-16,False,2025-08-20T00:00:00
11671,PROMOY9QOEJ,30,100,2027-12-30,True,2024-06-15T00:00:00
11672,OFF73JNY9,20,150,2024-06-05,False,2026-02-23T00:00:00
11673,SUPERZY8W76,15,300,2025-08-21,False,2023-01-29T00:00:00
11674,SUPERZ2G3T3,30,100,2025-05-31,False,2025-04-11T00:00:00
11675,SAVERWRR3R,25,500,2023-02-28,False,2023-04-18T00:00:00
11676,SAVEDH59CS,25,150,2023-04-07,False,2023-08-19T00:00:00
11677,OFFK74MX7,10,200,2027-11-10,False,2023-11-01T00:00:00
11678,OFFQN2U5G,20,100,2023-08-19,False,2024-03-18T00:00:00
11679,OFFXA0EZ2,40,150,2026-04-10,False,2024-08-11T00:00:00
11680,SUPERAYQCA6,5,500,2023-06-20,False,2024-06-08T00:00:00
11681,PROMOZ060AL,30,500,2023-11-04,False,2026-01-27T00:00:00
11682,DESCFAUXQL,5,300,2026-06-09,False,2023-03-05T00:00:00
11683,SALEOYC26G,30,150,2026-02-07,False,2023-04-05T00:00:00
11684,OFF7JL288,15,300,2026-12-29,True,2023-03-23T00:00:00
11685,TOPBUECKE,30,50,2024-12-14,False,2025-10-19T00:00:00
11686,SAVE5OFOOG,20,50,2024-01-20,False,2023-05-03T00:00:00
11687,TOPQKLIAP,15,300,2023-10-28,False,2023-03-10T00:00:00
11688,PROMOP5MDAR,50,150,2027-12-24,False,2023-04-28T00:00:00
11689,SUPERO7AELP,50,50,2026-09-07,False,2023-12-04T00:00:00
11690,PROMOXLXKN6,30,100,2024-04-06,False,2025-08-21T00:00:00
11691,DESC0JNIHU,30,100,2027-05-11,True,2023-03-26T00:00:00
11692,SAVE49J7CE,5,500,2025-01-08,False,2023-05-19T00:00:00
11693,SALERTQ09F,25,150,2027-04-30,True,2023-07-25T00:00:00
11694,DESCXLPEEL,40,50,2023-10-17,False,2023-12-16T00:00:00
11695,SALENVZHV3,30,150,2027-12-11,True,2025-03-01T00:00:00
11696,PROMOS7JYLY,20,150,2025-07-30,False,2025-03-30T00:00:00
11697,TOPY0BX9S,50,200,2026-06-12,False,2025-04-10T00:00:00
11698,DESCMBX8YB,40,150,2024-10-14,False,2024-10-09T00:00:00
11699,TOPIAICUV,10,200,2025-02-15,False,2024-03-01T00:00:00
11700,PROMOPSPX8D,25,200,2026-06-09,False,2024-04-13T00:00:00
11701,OFFAWQTAB,40,100,2024-07-18,False,2023-09-11T00:00:00
11702,OFFIWERE0,25,300,2023-06-29,False,2026-05-10T00:00:00
11703,TOP9NG4R0,30,150,2027-03-05,True,2025-10-06T00:00:00
11704,SUPERTN3SXI,15,150,2024-07-27,False,2025-05-08T00:00:00
11705,SALE58B0G8,40,100,2025-01-10,False,2023-09-15T00:00:00
11706,OFFGC0XYA,5,50,2023-03-09,False,2025-10-07T00:00:00
11707,OFFPLJXWS,5,100,2025-02-09,False,2023-04-19T00:00:00
11708,OFF6EQXY2,50,200,2023-11-11,False,2026-05-10T00:00:00
11709,SALEZIMOKJ,30,150,2025-01-28,False,2026-01-19T00:00:00
11710,OFFSARH0D,10,50,2024-06-10,False,2023-11-28T00:00:00
11711,OFFNOAP93,25,50,2024-03-22,False,2023-04-18T00:00:00
11712,TOPHRVMYE,25,500,2025-02-12,False,2025-12-27T00:00:00
11713,TOPF99EVX,5,150,2023-11-15,False,2023-03-08T00:00:00
11714,MEGAAHH396,10,500,2025-03-25,False,2025-03-16T00:00:00
11715,SUPERZSLA9A,40,50,2024-03-11,False,2025-11-01T00:00:00
11716,MEGAN1P8MU,20,50,2025-09-29,False,2024-11-08T00:00:00
11717,OFF3JOB13,5,100,2024-12-15,False,2026-03-18T00:00:00
11718,SALEK2V0T5,15,500,2027-01-18,False,2023-09-04T00:00:00
11719,TOPODU08C,40,150,2023-09-09,False,2023-12-10T00:00:00
11720,TOPVO08HC,15,200,2023-08-11,False,2025-12-31T00:00:00
11721,OFF9L9Z8Y,25,50,2023-09-19,False,2025-05-19T00:00:00
11722,MEGAX6K4I5,30,500,2026-11-24,True,2023-06-11T00:00:00
11723,OFFGO0AQE,50,50,2027-06-26,True,2024-01-20T00:00:00
11724,SAVESOAKUB,30,500,2024-11-28,False,2024-04-10T00:00:00
11725,SALEFVZV8W,50,100,2025-04-27,False,2023-02-08T00:00:00
11726,PROMOIECPXK,15,300,2024-01-31,False,2025-08-18T00:00:00
11727,TOPK3IPK9,10,200,2025-06-03,False,2024-09-15T00:00:00
11728,DESC3MPPF6,10,100,2026-11-17,True,2025-08-30T00:00:00
11729,SALETIPE3D,5,200,2025-07-25,False,2023-11-07T00:00:00
11730,SALEQ3U4CZ,25,200,2025-07-13,False,2024-08-31T00:00:00
11731,DESCNUJI7E,10,50,2024-04-24,False,2024-04-16T00:00:00
11732,PROMO0S5JX6,5,200,2024-02-10,False,2024-06-17T00:00:00
11733,SAVE4AXUKX,25,100,2026-05-27,False,2024-03-21T00:00:00
11734,TOPTAYBKS,15,100,2024-08-12,False,2025-10-25T00:00:00
11735,SAVEIBNUMP,10,50,2027-10-13,True,2026-05-14T00:00:00
11736,PROMO8522NS,20,150,2024-01-13,False,2024-06-26T00:00:00
11737,TOP9V1R0F,20,300,2024-04-03,False,2023-03-24T00:00:00
11738,MEGA2K9OSH,10,500,2025-04-13,False,2023-05-06T00:00:00
11739,SAVEGXT2SP,30,200,2023-04-28,False,2023-04-03T00:00:00
11740,TOPY0ZCOT,25,300,2027-05-13,False,2023-08-20T00:00:00
11741,OFFE0Z0GD,15,150,2027-12-25,False,2023-05-29T00:00:00
11742,SUPER3EZECK,50,50,2027-06-03,True,2023-02-01T00:00:00
11743,SAVEZD54AW,30,150,2023-08-13,False,2026-05-13T00:00:00
11744,MEGAUDRM4K,20,300,2025-09-24,False,2025-05-07T00:00:00
11745,OFF8DU0EY,20,300,2023-07-23,False,2023-09-13T00:00:00
11746,SUPERBNZLBL,25,300,2025-04-12,False,2025-02-01T00:00:00
11747,SAVEQX0K1I,5,500,2023-03-30,False,2026-01-30T00:00:00
11748,PROMO0Q6LWY,15,150,2026-01-23,False,2023-10-31T00:00:00
11749,DESCPJ97LL,15,100,2024-10-18,False,2023-11-19T00:00:00
11750,SUPERAYSYKW,15,50,2025-08-23,False,2024-08-17T00:00:00
11751,DESC2BNS54,15,300,2026-07-07,True,2023-01-27T00:00:00
11752,PROMOP4C3DY,50,100,2026-06-27,True,2025-02-01T00:00:00
11753,DESCS88UW1,25,500,2026-01-10,False,2025-02-08T00:00:00
11754,MEGA9IDOIB,50,500,2026-05-22,False,2023-05-06T00:00:00
11755,DESC89944Q,20,200,2026-08-28,False,2025-05-11T00:00:00
11756,DESCIF37YI,20,500,2023-11-28,False,2026-04-23T00:00:00
11757,PROMOJTDVH7,10,200,2023-08-14,False,2023-12-12T00:00:00
11758,OFFYXXP1F,30,50,2024-09-26,False,2026-03-22T00:00:00
11759,SUPERXPX2CN,30,300,2023-07-29,False,2024-06-08T00:00:00
11760,SAVEER5LRN,40,500,2023-03-19,False,2023-05-11T00:00:00
11761,MEGAMIDCHH,40,300,2024-05-05,False,2023-09-24T00:00:00
11762,SALEZQHF9O,15,100,2026-09-02,True,2025-05-10T00:00:00
11763,SUPER4S22PR,50,100,2027-03-14,True,2024-10-17T00:00:00
11764,DESCD5IRN9,25,300,2027-04-03,True,2024-01-08T00:00:00
11765,SAVED2CD5N,30,150,2025-08-22,False,2023-05-17T00:00:00
11766,OFFVERVKC,20,150,2026-04-22,False,2026-05-31T00:00:00
11767,SALE48N7LT,50,150,2026-06-13,True,2025-04-17T00:00:00
11768,SAVE0B716H,20,500,2023-11-05,False,2025-04-26T00:00:00
11769,OFFOP3TD8,50,50,2025-11-25,False,2024-08-02T00:00:00
11770,SALET54T45,10,500,2023-07-28,False,2023-03-27T00:00:00
11771,DESC1CEK84,10,150,2026-08-29,True,2026-05-29T00:00:00
11772,SAVE4YLUQX,50,500,2025-03-30,False,2026-04-27T00:00:00
11773,TOP2SOWR7,25,100,2024-07-10,False,2024-03-02T00:00:00
11774,TOPB2Z3KV,10,500,2025-01-24,False,2023-09-14T00:00:00
11775,TOPB9HGCM,10,200,2024-10-31,False,2026-02-19T00:00:00
11776,TOPRTLLQR,30,300,2027-07-16,False,2026-01-11T00:00:00
11777,SUPERWE7CLD,25,100,2024-02-27,False,2026-04-14T00:00:00
11778,SALEH2YBV5,20,500,2027-10-22,True,2025-07-14T00:00:00
11779,MEGA3Z01CF,5,150,2026-07-23,True,2024-05-18T00:00:00
11780,SUPERKTQF2H,25,500,2027-06-22,True,2026-04-20T00:00:00
11781,SUPERCDFGG5,5,500,2025-02-21,False,2025-11-19T00:00:00
11782,DESCMP6GUR,30,100,2026-11-30,False,2023-08-07T00:00:00
11783,SAVE99JJH1,40,50,2024-11-20,False,2023-06-26T00:00:00
11784,OFFWJRVID,15,50,2023-05-26,False,2025-06-13T00:00:00
11785,TOPVUD6J3,40,500,2024-06-18,False,2023-06-21T00:00:00
11786,SAVE5HS9QC,10,50,2027-03-06,True,2023-06-24T00:00:00
11787,SALEUPEN92,20,50,2024-11-22,False,2024-07-15T00:00:00
11788,PROMO6T3K0R,50,150,2027-09-28,True,2025-08-14T00:00:00
11789,OFF67LD70,50,100,2023-02-16,False,2023-09-24T00:00:00
11790,SALETU75ZX,50,200,2024-12-31,False,2025-05-10T00:00:00
11791,TOP2FIX4S,25,200,2023-12-03,False,2023-01-23T00:00:00
11792,MEGA7ZTZ17,10,200,2027-09-14,True,2023-03-09T00:00:00
11793,SALE9E4RRV,40,300,2023-06-27,False,2025-05-30T00:00:00
11794,TOPDHSO7N,25,100,2025-01-30,False,2025-02-14T00:00:00
11795,SUPERL2AAWP,10,300,2025-09-01,False,2024-04-18T00:00:00
11796,PROMONA37CT,40,500,2024-09-03,False,2023-01-28T00:00:00
11797,SALEY5R2JO,5,200,2024-10-28,False,2024-05-01T00:00:00
11798,OFFHWS7OJ,30,300,2026-06-11,False,2026-01-28T00:00:00
11799,OFFAKD3L6,25,150,2027-01-08,True,2025-05-31T00:00:00
11800,OFF8U4LC5,5,200,2027-09-11,True,2023-08-16T00:00:00
11801,MEGAB2JSWQ,25,300,2027-10-10,True,2025-01-21T00:00:00
11802,OFFQ0B7QP,5,300,2024-08-08,False,2023-05-12T00:00:00
11803,TOPOGCTXW,25,150,2027-03-24,True,2025-07-30T00:00:00
11804,PROMOCIWQGY,5,500,2026-02-28,False,2026-06-05T00:00:00
11805,SAVEWEFMK3,50,500,2025-02-25,False,2023-04-12T00:00:00
11806,MEGAU0F4H4,5,300,2024-03-17,False,2024-04-16T00:00:00
11807,SAVEQE0XII,40,200,2025-05-12,False,2025-06-16T00:00:00
11808,OFFXMBKJN,50,100,2026-06-15,True,2023-03-22T00:00:00
11809,TOPNUQBZH,25,100,2026-06-10,False,2025-10-29T00:00:00
11810,DESCIZB93O,5,500,2023-06-16,False,2025-10-14T00:00:00
11811,SUPERMI0XLW,30,500,2025-08-04,False,2023-08-25T00:00:00
11812,TOPBGCCBX,15,150,2026-11-22,False,2023-02-06T00:00:00
11813,SAVE5FZMYE,50,200,2027-02-06,False,2024-07-13T00:00:00
11814,SALETH2YPC,40,200,2024-03-08,False,2025-10-28T00:00:00
11815,SALEHC1W1V,25,300,2026-05-10,False,2024-01-24T00:00:00
11816,DESC9CAAU0,40,100,2023-12-22,False,2024-07-06T00:00:00
11817,DESC4373WI,30,300,2026-01-02,False,2023-09-01T00:00:00
11818,PROMO7SOKPP,10,300,2024-08-21,False,2026-05-22T00:00:00
11819,SALEUU0VLD,25,50,2027-04-23,True,2023-01-21T00:00:00
11820,OFFOWIHB6,10,200,2025-07-08,False,2024-05-04T00:00:00
11821,SAVEY5XDIP,30,50,2025-03-02,False,2026-04-15T00:00:00
11822,OFFVMG8UG,50,150,2026-10-17,True,2024-01-27T00:00:00
11823,SALEKJH3LG,5,500,2024-02-12,False,2026-04-23T00:00:00
11824,TOP0N06PF,5,150,2026-03-08,False,2026-03-13T00:00:00
11825,SALE2F84OI,10,500,2023-12-19,False,2026-01-20T00:00:00
11826,SUPERM3QKJJ,15,300,2026-07-24,False,2024-03-11T00:00:00
11827,TOP86YBKP,40,200,2026-01-14,False,2023-08-29T00:00:00
11828,SALEKS0566,20,500,2026-04-04,False,2025-09-26T00:00:00
11829,SALEQYTUI4,25,50,2027-11-11,True,2023-08-06T00:00:00
11830,SALE9HV4E9,5,50,2026-08-28,True,2023-03-25T00:00:00
11831,TOPIWJILJ,20,100,2026-01-28,False,2023-08-14T00:00:00
11832,TOPD5XBFE,25,150,2025-12-29,False,2024-09-18T00:00:00
11833,MEGA80WZVE,10,50,2023-07-23,False,2024-09-14T00:00:00
11834,SUPER3EA829,30,500,2027-09-28,True,2024-08-23T00:00:00
11835,DESCEQTWAD,15,150,2024-01-26,False,2023-03-26T00:00:00
11836,TOPAPBLZQ,50,50,2024-09-21,False,2025-09-24T00:00:00
11837,SUPER73JF3L,10,150,2023-05-10,False,2023-02-18T00:00:00
11838,DESCSIPOBS,10,50,2024-04-05,False,2024-12-28T00:00:00
11839,SALE1PVOH5,30,100,2024-09-03,False,2025-01-19T00:00:00
11840,SALEC1ISHV,40,500,2023-12-22,False,2023-07-04T00:00:00
11841,SALEQJ796F,5,500,2026-02-19,False,2025-08-22T00:00:00
11842,SUPER8CEJQF,15,200,2025-11-16,False,2024-07-21T00:00:00
11843,TOPDTHK3X,10,200,2023-09-16,False,2023-07-17T00:00:00
11844,PROMO02TF8F,25,500,2025-04-08,False,2025-03-31T00:00:00
11845,OFFPDJRNB,5,100,2025-12-23,False,2024-04-16T00:00:00
11846,SUPER7UWLIF,10,50,2024-11-15,False,2024-02-16T00:00:00
11847,PROMOUXN5HQ,10,100,2026-09-11,False,2026-04-18T00:00:00
11848,PROMO380601,20,200,2027-03-18,True,2024-04-18T00:00:00
11849,OFFAG951S,20,300,2024-06-20,False,2025-02-13T00:00:00
11850,MEGAHWI1EU,5,100,2026-07-09,True,2025-04-10T00:00:00
11851,OFFY8VH0L,20,50,2023-12-08,False,2025-11-14T00:00:00
11852,OFFAWTQAD,30,100,2023-05-10,False,2024-11-06T00:00:00
11853,MEGALBVBPF,25,50,2027-06-06,True,2023-01-05T00:00:00
11854,SUPER5Q7GH6,10,50,2027-12-18,False,2024-03-29T00:00:00
11855,SALE3L8FW7,40,100,2027-11-11,True,2025-04-02T00:00:00
11856,SAVE80615R,20,300,2023-09-29,False,2024-06-08T00:00:00
11857,OFF0GRI2H,10,50,2025-02-13,False,2026-04-08T00:00:00
11858,SUPERBFNRSG,5,300,2023-04-12,False,2024-01-18T00:00:00
11859,SALEA8CMJZ,15,150,2024-08-28,False,2025-08-18T00:00:00
11860,OFFYYIJR3,5,200,2023-09-05,False,2023-08-15T00:00:00
11861,TOP7NHRWC,15,100,2027-01-27,False,2023-01-25T00:00:00
11862,OFF1QI3FU,50,500,2027-08-10,True,2025-06-15T00:00:00
11863,SAVENXOORM,20,100,2023-01-27,False,2024-05-24T00:00:00
11864,TOPJ1WQZI,25,100,2026-12-29,True,2024-06-06T00:00:00
11865,PROMO96GB1D,50,500,2026-11-29,True,2023-11-18T00:00:00
11866,MEGA1FOBZL,40,150,2027-06-26,True,2023-11-10T00:00:00
11867,SALE2FONUC,25,100,2026-03-12,False,2025-03-16T00:00:00
11868,OFFICQR0Q,25,50,2024-11-02,False,2026-04-07T00:00:00
11869,PROMOSVN3PB,20,150,2023-01-05,False,2023-11-22T00:00:00
11870,TOP8H8KWL,20,100,2025-09-04,False,2023-07-23T00:00:00
11871,SALEQGVY7E,20,500,2024-01-06,False,2024-07-06T00:00:00
11872,TOPE8QYEI,15,50,2023-04-06,False,2025-03-12T00:00:00
11873,OFFYAMYSL,50,50,2026-09-01,True,2025-08-07T00:00:00
11874,SAVE4AZUQW,10,150,2023-07-24,False,2023-04-25T00:00:00
11875,PROMONO5TTS,5,150,2025-09-29,False,2024-07-04T00:00:00
11876,OFFEB9U4Q,5,50,2026-08-03,False,2023-09-03T00:00:00
11877,SUPERS0IX6I,10,50,2024-01-28,False,2025-07-23T00:00:00
11878,SALEW4558A,15,50,2026-06-05,False,2023-12-02T00:00:00
11879,TOP0JBZ4K,30,300,2027-01-20,False,2023-08-03T00:00:00
11880,SAVEHBA0JV,25,100,2023-04-10,False,2023-08-10T00:00:00
11881,SAVESVD7GF,25,200,2027-01-22,True,2024-10-27T00:00:00
11882,OFFQE6FVJ,40,100,2027-12-08,True,2024-10-28T00:00:00
11883,SAVE8G0S9U,15,50,2025-09-26,False,2025-02-19T00:00:00
11884,SAVEM2MI1V,50,200,2024-02-22,False,2023-05-22T00:00:00
11885,SALE7JKMNZ,20,200,2027-05-10,False,2024-08-19T00:00:00
11886,OFF1DRICI,10,500,2023-01-30,False,2023-11-08T00:00:00
11887,OFFFLX6SH,10,200,2024-05-10,False,2026-02-15T00:00:00
11888,SUPERWXQ8SX,15,300,2025-01-25,False,2025-11-10T00:00:00
11889,MEGAHD9T22,40,500,2027-12-24,False,2024-11-06T00:00:00
11890,MEGAF6MNN7,40,200,2025-04-17,False,2026-06-01T00:00:00
11891,DESCUNX4J8,5,150,2026-10-04,True,2023-08-26T00:00:00
11892,MEGA2BSUY1,20,300,2026-06-12,False,2026-04-29T00:00:00
11893,MEGA2T40H9,30,50,2024-09-04,False,2026-04-13T00:00:00
11894,SALE83MVXG,30,300,2023-05-17,False,2026-05-14T00:00:00
11895,PROMOUXBOWQ,30,500,2023-06-12,False,2024-12-29T00:00:00
11896,OFFXS1TTO,40,200,2024-02-24,False,2023-05-03T00:00:00
11897,OFF10E0G2,30,50,2027-10-29,True,2024-05-19T00:00:00
11898,SAVEWU2XGD,20,500,2024-07-08,False,2025-03-29T00:00:00
11899,DESCAN1ACL,5,100,2026-04-18,False,2025-03-03T00:00:00
11900,TOPVL9XVF,25,200,2023-07-01,False,2026-04-06T00:00:00
11901,PROMO33RURX,5,300,2024-10-06,False,2025-09-01T00:00:00
11902,SALEAMTQN9,10,150,2027-10-30,True,2025-10-26T00:00:00
11903,SALEHVCP12,20,150,2024-12-02,False,2023-03-15T00:00:00
11904,TOPMKPPOP,40,200,2026-06-06,False,2025-08-04T00:00:00
11905,OFFERZX7X,5,50,2027-05-14,True,2024-02-29T00:00:00
11906,TOPNOG9S4,50,150,2024-10-13,False,2025-01-15T00:00:00
11907,MEGAUEBH75,25,50,2023-07-05,False,2025-08-11T00:00:00
11908,SALESCV7VP,10,200,2026-07-27,True,2025-04-01T00:00:00
11909,TOPITZZY5,50,50,2027-06-12,True,2024-08-11T00:00:00
11910,DESCNOX4CM,25,100,2026-10-04,False,2023-06-26T00:00:00
11911,MEGAHDC0MN,15,300,2027-09-29,True,2023-11-01T00:00:00
11912,SUPERMGYXHD,25,150,2027-02-01,True,2026-05-21T00:00:00
11913,DESC93XFA2,5,50,2023-05-22,False,2024-01-28T00:00:00
11914,SUPER1QWKQM,20,150,2026-08-05,True,2024-03-10T00:00:00
11915,DESC2F73G5,20,150,2024-12-08,False,2026-03-09T00:00:00
11916,TOPX53RPX,10,100,2026-11-02,False,2026-02-23T00:00:00
11917,SALE927U1P,20,300,2024-12-23,False,2025-10-25T00:00:00
11918,TOPLSPHDP,10,100,2026-10-11,False,2026-01-10T00:00:00
11919,SALERBWL4B,30,300,2024-09-14,False,2023-01-29T00:00:00
11920,TOPU164KE,50,300,2024-05-18,False,2023-05-15T00:00:00
11921,SALEUPPWB1,5,100,2023-10-28,False,2023-12-27T00:00:00
11922,SAVEHW5O0U,25,50,2026-04-14,False,2026-04-17T00:00:00
11923,MEGA81ZDT2,40,150,2024-01-23,False,2024-06-15T00:00:00
11924,OFFOPRV1V,40,100,2023-12-27,False,2023-12-13T00:00:00
11925,PROMOTF4P3M,5,500,2024-11-30,False,2026-04-28T00:00:00
11926,SAVEK3N62W,5,200,2025-10-29,False,2023-05-27T00:00:00
11927,TOPOAB4V3,20,100,2024-11-07,False,2023-08-29T00:00:00
11928,SALEA9K6TE,30,300,2026-05-01,False,2023-09-26T00:00:00
11929,SAVE57HS8X,15,50,2024-10-09,False,2024-02-21T00:00:00
11930,MEGAUNH3EK,15,150,2027-09-22,True,2026-01-27T00:00:00
11931,MEGAQ3GYCZ,15,500,2023-05-22,False,2025-03-15T00:00:00
11932,PROMOZP7CML,25,200,2025-07-03,False,2024-07-12T00:00:00
11933,MEGA83RKKL,40,50,2024-05-31,False,2024-02-11T00:00:00
11934,DESCWMIIL1,50,300,2025-01-02,False,2023-12-18T00:00:00
11935,PROMOTCRR47,20,150,2025-12-27,False,2023-05-24T00:00:00
11936,SUPER330H6K,20,200,2025-06-24,False,2023-03-17T00:00:00
11937,TOPV9E3LA,25,150,2023-11-14,False,2023-04-03T00:00:00
11938,PROMO71E75V,50,50,2025-07-24,False,2025-01-06T00:00:00
11939,TOPQWWO02,25,200,2023-09-08,False,2023-11-02T00:00:00
11940,OFFONM9P1,25,150,2026-01-25,False,2025-08-08T00:00:00
11941,DESCULAJGF,30,100,2027-12-21,True,2025-06-01T00:00:00
11942,PROMO76R25Y,20,300,2027-06-23,True,2025-11-23T00:00:00
11943,MEGAJ5UJSF,25,200,2023-06-04,False,2023-03-26T00:00:00
11944,PROMOYSFXP9,40,150,2027-03-13,True,2023-06-10T00:00:00
11945,OFF29QSIB,10,200,2027-05-01,True,2026-04-13T00:00:00
11946,SAVECJG127,5,500,2027-12-05,True,2023-05-18T00:00:00
11947,SUPERF8NK7V,50,150,2024-12-23,False,2024-07-27T00:00:00
11948,TOPCDNSLQ,25,200,2025-03-23,False,2023-04-02T00:00:00
11949,TOPO7MMU0,50,50,2025-09-23,False,2023-10-28T00:00:00
11950,PROMOGQEGAL,15,500,2026-07-16,True,2024-11-10T00:00:00
11951,MEGA7QEH3N,30,200,2027-01-22,True,2024-06-29T00:00:00
11952,SUPERRS6KSX,5,500,2023-02-05,False,2025-06-11T00:00:00
11953,OFFAIIJB7,15,50,2026-09-28,True,2023-03-18T00:00:00
11954,PROMOLI8ZPU,5,150,2025-04-17,False,2023-07-19T00:00:00
11955,MEGARO5YVT,40,50,2024-05-19,False,2025-05-10T00:00:00
11956,SAVE43O36A,5,100,2023-10-08,False,2023-01-09T00:00:00
11957,SUPERB7TXH6,30,100,2027-03-16,False,2025-09-27T00:00:00
11958,MEGA7N5PJZ,15,500,2024-04-29,False,2023-08-09T00:00:00
11959,SUPERNGKCUZ,50,300,2024-03-10,False,2025-10-25T00:00:00
11960,SAVE4FWMZ2,5,300,2023-12-16,False,2026-03-09T00:00:00
11961,OFFR4MEB8,10,100,2023-01-18,False,2025-05-05T00:00:00
11962,SALESCZ2CM,40,150,2023-09-16,False,2025-06-15T00:00:00
11963,PROMO8UFLEU,5,200,2026-06-16,False,2024-01-19T00:00:00
11964,DESC0G0AVO,25,50,2025-12-09,False,2025-08-25T00:00:00
11965,SAVEU9GQJO,20,300,2024-11-11,False,2024-12-28T00:00:00
11966,SALEDOKD2F,50,150,2027-12-05,False,2025-12-04T00:00:00
11967,SALEX8I0GG,5,500,2023-01-01,False,2026-06-07T00:00:00
11968,SUPER0TVV56,50,200,2024-12-23,False,2025-12-15T00:00:00
11969,PROMO3MN80Y,30,300,2026-06-03,False,2023-05-29T00:00:00
11970,SAVEUPI7UO,10,200,2026-04-30,False,2026-01-12T00:00:00
11971,OFF4CZZTX,10,50,2027-05-18,True,2026-03-19T00:00:00
11972,TOPWKTNR1,50,500,2023-03-07,False,2025-04-28T00:00:00
11973,SUPERSTG7X9,50,100,2023-06-10,False,2025-08-25T00:00:00
11974,PROMOBOE3XR,15,300,2023-11-19,False,2025-05-14T00:00:00
11975,PROMO61N0GZ,50,50,2023-08-16,False,2025-04-22T00:00:00
11976,SAVE6M9K29,15,500,2025-09-01,False,2023-10-19T00:00:00
11977,MEGAS7W8BB,10,150,2024-12-14,False,2023-11-27T00:00:00
11978,TOP5OACAK,50,200,2024-11-20,False,2024-02-05T00:00:00
11979,TOPBWP8W8,25,100,2027-03-26,True,2023-03-14T00:00:00
11980,SAVEZQ35MY,30,200,2023-07-21,False,2026-02-06T00:00:00
11981,PROMOXK0MJM,20,200,2026-04-12,False,2023-07-13T00:00:00
11982,PROMO6ENZB2,20,500,2023-10-01,False,2023-08-07T00:00:00
11983,PROMOMRS5DQ,10,300,2026-08-16,False,2024-06-08T00:00:00
11984,DESC9BR8EM,25,100,2024-02-11,False,2026-06-04T00:00:00
11985,PROMORPN1P1,5,200,2026-01-18,False,2023-09-14T00:00:00
11986,PROMOJYTLXC,25,150,2024-04-21,False,2026-02-02T00:00:00
11987,PROMOH4OWWW,40,150,2024-12-31,False,2025-06-01T00:00:00
11988,PROMOAUSIU9,50,50,2024-04-21,False,2025-10-05T00:00:00
11989,TOPRUQHI7,20,500,2023-10-17,False,2025-06-24T00:00:00
11990,TOPD16OS5,50,200,2026-10-23,False,2025-04-07T00:00:00
11991,SUPERWGVV1Y,30,200,2026-05-16,False,2025-10-19T00:00:00
11992,SAVEB0QT8N,50,300,2026-04-22,False,2024-05-22T00:00:00
11993,DESCKO0LCB,30,50,2023-09-13,False,2024-07-02T00:00:00
11994,DESC9BGBP6,40,300,2024-01-19,False,2023-08-03T00:00:00
11995,OFF5CJ0NC,15,150,2024-04-18,False,2024-01-04T00:00:00
11996,SUPER6FKVQJ,5,300,2025-01-12,False,2025-06-04T00:00:00
11997,SAVEDDQ5PV,20,50,2025-06-17,False,2023-09-19T00:00:00
11998,TOP8O2Z74,30,200,2024-12-25,False,2026-05-31T00:00:00
11999,SAVEW9BCJ5,20,100,2026-10-13,True,2024-10-23T00:00:00
12000,TOPNLPS7M,5,150,2026-10-16,True,2024-02-06T00:00:00
12001,PROMO0O7HET,50,300,2023-01-20,False,2024-01-13T00:00:00
12002,SUPER3GMAXO,15,50,2026-05-10,False,2023-04-28T00:00:00
12003,SUPERV41QMR,20,300,2025-01-17,False,2023-09-06T00:00:00
12004,DESCCP5RYZ,10,100,2024-09-17,False,2023-12-27T00:00:00
12005,SAVE1J2MW0,15,200,2026-03-28,False,2024-08-16T00:00:00
12006,MEGAIPRR11,20,100,2027-01-24,True,2023-05-12T00:00:00
12007,PROMOKY21EF,20,50,2026-03-30,False,2024-03-04T00:00:00
12008,SUPERVADL1U,25,50,2023-12-03,False,2023-08-19T00:00:00
12009,MEGAXI2VBR,50,300,2023-01-30,False,2024-01-07T00:00:00
12010,SAVEVTR6QE,25,500,2023-09-20,False,2023-02-16T00:00:00
12011,DESC3YZ5G5,20,100,2024-06-21,False,2023-10-04T00:00:00
12012,SALEK58DOS,25,100,2025-06-08,False,2024-03-12T00:00:00
12013,OFF909SW4,40,100,2025-08-29,False,2025-09-30T00:00:00
12014,TOPF81QW3,40,50,2026-07-26,True,2024-10-03T00:00:00
12015,SAVE7YHW6Z,10,500,2024-05-31,False,2023-12-13T00:00:00
12016,SAVEII0OU8,50,200,2027-06-15,True,2023-07-26T00:00:00
12017,SUPER4H6HDP,50,300,2023-03-31,False,2025-02-04T00:00:00
12018,SUPERKHEZJ7,15,200,2026-06-15,False,2025-08-17T00:00:00
12019,SUPERG0YLGL,10,200,2024-08-06,False,2023-08-18T00:00:00
12020,SAVETH4JF3,40,100,2026-09-17,True,2024-10-20T00:00:00
12021,SUPER507O24,15,150,2027-06-24,False,2025-02-07T00:00:00
12022,DESC8GO3WD,30,300,2024-10-18,False,2026-03-01T00:00:00
12023,SUPERQROJST,10,200,2023-11-29,False,2024-12-30T00:00:00
12024,SAVECEHQAS,10,100,2024-04-19,False,2025-10-08T00:00:00
12025,SUPERDL4L2A,10,50,2027-12-23,True,2026-03-27T00:00:00
12026,SAVEFZHZQL,15,150,2023-04-26,False,2025-07-20T00:00:00
12027,PROMODAB7I9,5,300,2023-12-23,False,2025-06-15T00:00:00
12028,PROMOROZA8O,5,150,2024-06-19,False,2024-12-17T00:00:00
12029,MEGA98LJL2,20,200,2027-05-29,True,2026-05-16T00:00:00
12030,SAVEY39ITH,30,300,2024-11-29,False,2024-07-21T00:00:00
12031,SAVEV1BD48,5,100,2025-10-14,False,2025-03-05T00:00:00
12032,MEGAE5S1OT,50,150,2024-06-25,False,2025-04-23T00:00:00
12033,DESCWU44C5,20,300,2023-12-27,False,2025-11-05T00:00:00
12034,TOP8Z5GH2,10,150,2024-03-21,False,2025-06-13T00:00:00
12035,SAVEMJO1FP,20,300,2026-10-28,False,2026-03-06T00:00:00
12036,SALE34QU2L,25,50,2026-01-01,False,2024-06-03T00:00:00
12037,TOP5KYSVJ,20,150,2026-01-16,False,2024-12-18T00:00:00
12038,SAVE7TMHUC,5,300,2024-06-18,False,2023-10-14T00:00:00
12039,PROMOTF7IIF,5,200,2024-10-28,False,2023-04-30T00:00:00
12040,PROMOZZ2CBR,50,500,2024-11-19,False,2026-05-13T00:00:00
12041,MEGACU6HIO,10,300,2027-10-27,True,2023-06-29T00:00:00
12042,SAVE1BANXM,25,150,2024-11-28,False,2024-09-26T00:00:00
12043,SALE2B3HNT,50,200,2024-10-04,False,2026-01-18T00:00:00
12044,OFF687MEO,10,500,2023-11-28,False,2023-11-16T00:00:00
12045,MEGAMCSA8Y,40,200,2024-02-06,False,2025-07-13T00:00:00
12046,PROMOVN22B5,25,150,2024-05-30,False,2023-05-07T00:00:00
12047,MEGALUEP99,25,500,2024-05-19,False,2024-02-14T00:00:00
12048,SUPERYX0BBP,5,300,2024-12-29,False,2025-11-07T00:00:00
12049,PROMOUHRWG1,30,500,2027-06-16,True,2026-01-11T00:00:00
12050,MEGAOS8V5X,15,200,2024-06-03,False,2025-09-26T00:00:00
12051,PROMOZAUXPK,30,150,2025-06-14,False,2023-12-22T00:00:00
12052,TOPPYES0N,50,150,2023-03-31,False,2025-12-24T00:00:00
12053,SAVEK4Q1K1,40,300,2023-04-24,False,2023-03-04T00:00:00
12054,SALESQGMG2,15,150,2026-02-11,False,2025-08-18T00:00:00
12055,MEGADCEBMZ,5,100,2025-07-26,False,2026-06-03T00:00:00
12056,DESC8CMISO,15,300,2027-03-29,True,2023-02-06T00:00:00
12057,SUPERHETCT8,25,200,2026-12-26,True,2023-05-05T00:00:00
12058,OFFSAWYQ4,25,100,2024-12-09,False,2025-12-12T00:00:00
12059,SAVEQZFPBJ,20,500,2027-03-19,True,2023-01-03T00:00:00
12060,DESCKR5XOY,30,150,2027-07-23,True,2024-12-18T00:00:00
12061,TOP2QPBZ2,30,50,2026-08-09,True,2026-01-10T00:00:00
12062,TOPV83SZ6,15,100,2025-08-17,False,2023-08-05T00:00:00
12063,SUPEROK8YSZ,30,300,2023-04-04,False,2025-02-05T00:00:00
12064,MEGA7N9PH0,20,100,2026-08-20,True,2023-12-07T00:00:00
12065,MEGAC2ERO0,50,50,2026-03-05,False,2026-05-06T00:00:00
12066,TOP8AWKR9,40,50,2026-05-16,False,2026-04-21T00:00:00
12067,MEGA55JKI5,5,150,2027-10-23,True,2026-05-27T00:00:00
12068,SALEDQ8CJ8,50,300,2026-04-03,False,2025-11-18T00:00:00
12069,DESCW3H3MF,5,100,2025-05-09,False,2024-02-07T00:00:00
12070,TOPDS1UUO,10,50,2026-04-04,False,2026-06-11T00:00:00
12071,DESC7RRJNK,40,300,2026-04-17,False,2024-12-20T00:00:00
12072,SALEOWJUXG,25,50,2027-08-26,False,2024-01-26T00:00:00
12073,DESCE5874J,30,150,2025-03-02,False,2025-07-08T00:00:00
12074,SAVELSIFIJ,20,200,2023-08-01,False,2023-08-17T00:00:00
12075,MEGAO5RYDC,20,150,2023-02-06,False,2023-12-02T00:00:00
12076,MEGAJA9PF0,25,100,2026-10-14,True,2025-05-29T00:00:00
12077,SUPER2EY72M,25,50,2023-01-01,False,2025-08-19T00:00:00
12078,SALEK8V1N8,30,300,2025-11-22,False,2025-09-26T00:00:00
12079,DESCNDQGK9,15,150,2026-05-19,False,2023-04-21T00:00:00
12080,PROMO52Q7DT,15,300,2026-03-11,False,2025-05-20T00:00:00
12081,SAVEA3DVT5,40,300,2026-01-27,False,2025-12-25T00:00:00
12082,DESC4QG0CS,5,150,2024-09-12,False,2023-11-09T00:00:00
12083,SUPERIIJNUS,15,300,2025-10-17,False,2024-06-16T00:00:00
12084,OFF4OF0MF,5,300,2027-08-04,False,2025-10-01T00:00:00
12085,PROMOQQPKII,30,50,2023-04-05,False,2023-03-19T00:00:00
12086,DESC83XU2W,30,150,2027-08-04,True,2026-04-26T00:00:00
12087,PROMOVQL79G,15,50,2024-05-04,False,2024-10-22T00:00:00
12088,SAVE9WVW4M,25,300,2027-10-20,False,2025-10-01T00:00:00
12089,OFFMI0RWO,25,300,2025-04-30,False,2024-07-29T00:00:00
12090,PROMO16KGUH,40,50,2025-10-06,False,2024-09-25T00:00:00
12091,OFF1HA4UE,10,200,2025-04-05,False,2025-04-28T00:00:00
12092,SAVE0RQZ54,10,50,2025-01-25,False,2023-04-12T00:00:00
12093,SUPERDZVXWA,5,500,2025-11-19,False,2023-08-28T00:00:00
12094,PROMOAPTUMZ,15,50,2027-10-30,False,2023-07-12T00:00:00
12095,DESC4P78VS,40,50,2023-11-25,False,2023-10-30T00:00:00
12096,PROMOQCC7BS,15,50,2023-02-12,False,2025-06-07T00:00:00
12097,MEGAK5Y2O6,15,300,2027-01-26,True,2025-04-05T00:00:00
12098,SUPER4ASV16,40,150,2023-10-31,False,2024-03-26T00:00:00
12099,MEGADLLSVY,25,200,2027-10-27,True,2026-01-26T00:00:00
12100,OFFFOWQ6C,30,150,2023-03-28,False,2023-12-02T00:00:00
12101,DESCP2JUG1,20,100,2026-12-02,False,2025-10-07T00:00:00
12102,PROMOXO9SKC,5,100,2023-05-07,False,2026-04-17T00:00:00
12103,SALEW8B5MA,15,300,2024-03-16,False,2024-04-07T00:00:00
12104,DESCBESH6G,5,100,2024-09-07,False,2026-04-24T00:00:00
12105,MEGAYW0HKQ,30,50,2025-07-13,False,2024-12-04T00:00:00
12106,SAVEUPBW2O,5,300,2027-09-25,False,2026-02-06T00:00:00
12107,DESCX2OPHW,40,300,2025-08-03,False,2024-08-03T00:00:00
12108,DESCMTL076,10,50,2027-01-10,True,2024-05-13T00:00:00
12109,PROMOUTXOH3,25,50,2023-03-20,False,2025-04-20T00:00:00
12110,PROMOYKNQ6I,15,100,2024-03-24,False,2026-05-06T00:00:00
12111,TOPP5SZBH,15,500,2027-06-26,False,2023-04-15T00:00:00
12112,DESCWLZHIB,20,300,2024-12-25,False,2023-09-08T00:00:00
12113,SUPERMDGQJ9,50,300,2024-06-22,False,2023-02-20T00:00:00
12114,PROMOA89JBF,30,500,2025-11-17,False,2024-07-24T00:00:00
12115,OFFPR9XO8,40,100,2024-03-02,False,2023-04-02T00:00:00
12116,MEGAO7H2RL,15,300,2027-09-04,False,2023-11-09T00:00:00
12117,PROMOGYN10Q,10,300,2027-02-18,True,2025-08-24T00:00:00
12118,DESC84MHV1,25,200,2027-05-03,False,2025-11-21T00:00:00
12119,SAVETTJ4CS,20,100,2024-10-08,False,2024-10-29T00:00:00
12120,DESCDI95JJ,20,500,2025-11-09,False,2023-08-18T00:00:00
12121,SALE1S7IEQ,5,500,2024-02-29,False,2023-03-09T00:00:00
12122,PROMOK9SA8W,10,300,2023-10-21,False,2026-05-27T00:00:00
12123,DESCH1OAG4,50,100,2026-01-10,False,2023-07-05T00:00:00
12124,PROMOZPRQC2,20,100,2025-07-23,False,2024-06-26T00:00:00
12125,MEGA55QJW1,5,500,2023-08-11,False,2024-11-28T00:00:00
12126,OFFGWG0VY,10,150,2026-01-26,False,2024-12-02T00:00:00
12127,SALEV1JHBO,50,200,2027-06-05,True,2025-12-30T00:00:00
12128,OFFHQUD86,30,200,2025-02-25,False,2024-07-10T00:00:00
12129,DESC6TZARB,10,50,2023-07-18,False,2024-11-18T00:00:00
12130,TOPJJBQ0H,10,150,2024-08-11,False,2026-05-26T00:00:00
12131,MEGA2DZL2A,25,150,2023-06-12,False,2024-01-20T00:00:00
12132,MEGA32M5A0,50,100,2026-02-16,False,2025-02-08T00:00:00
12133,SALEWGF8NQ,50,500,2026-01-14,False,2024-09-04T00:00:00
12134,OFF9JCPRI,30,500,2026-09-02,True,2024-05-09T00:00:00
12135,TOPL6N1KA,50,150,2026-05-11,False,2025-05-27T00:00:00
12136,PROMO9Y0KLB,25,50,2024-09-20,False,2023-06-03T00:00:00
12137,OFFE062X9,15,300,2024-02-02,False,2025-11-09T00:00:00
12138,TOPWXOKT9,5,50,2023-04-01,False,2026-05-23T00:00:00
12139,MEGA1XDG16,25,100,2023-01-21,False,2024-03-23T00:00:00
12140,TOPMAUFHG,10,300,2025-01-28,False,2025-08-19T00:00:00
12141,DESCYJ53I5,50,200,2025-08-06,False,2025-12-03T00:00:00
12142,TOPFDKKE9,25,200,2023-08-28,False,2026-05-14T00:00:00
12143,SALE4344RR,15,100,2027-01-25,True,2024-05-24T00:00:00
12144,PROMO9OHQTQ,20,50,2023-12-25,False,2025-02-22T00:00:00
12145,DESCLU4BPO,5,100,2025-11-03,False,2025-11-11T00:00:00
12146,OFFWULGO9,5,150,2026-11-10,False,2023-10-28T00:00:00
12147,SAVE2Q1BGY,10,50,2023-03-23,False,2023-04-26T00:00:00
12148,DESCIUYIQI,20,200,2027-12-06,True,2024-03-12T00:00:00
12149,PROMOYQN8IN,5,500,2025-03-30,False,2023-06-27T00:00:00
12150,OFFS8QSS1,10,50,2025-11-11,False,2024-05-29T00:00:00
12151,SALE9ORJZA,40,300,2026-01-30,False,2024-07-20T00:00:00
12152,SALE45BLZL,20,50,2023-02-22,False,2024-08-23T00:00:00
12153,SUPER2DXW00,20,50,2025-05-28,False,2025-12-02T00:00:00
12154,SALEG24VEN,5,300,2023-05-24,False,2025-07-16T00:00:00
12155,PROMOLN5WMA,40,500,2027-08-17,True,2023-12-27T00:00:00
12156,MEGAFER98A,5,300,2025-04-15,False,2023-06-10T00:00:00
12157,SALE8MNOKF,15,200,2026-05-28,False,2023-09-23T00:00:00
12158,DESCOX8VY6,40,300,2027-12-08,True,2025-02-18T00:00:00
12159,SALE7P01E5,40,500,2027-01-24,True,2023-07-18T00:00:00
12160,SALE589Q3T,15,50,2027-01-13,True,2025-05-20T00:00:00
12161,TOPM5NNEQ,30,200,2027-05-04,False,2025-03-16T00:00:00
12162,MEGABNE3XU,5,200,2025-07-02,False,2025-09-16T00:00:00
12163,DESCFJ5UBG,50,50,2026-05-24,False,2024-04-27T00:00:00
12164,TOPQPICZL,10,150,2026-12-20,True,2026-06-07T00:00:00
12165,SALEI90V40,50,100,2023-02-25,False,2026-06-04T00:00:00
12166,SAVE3T0BJJ,5,500,2024-03-06,False,2026-02-28T00:00:00
12167,SALET3I2FV,25,300,2027-03-31,True,2023-03-22T00:00:00
12168,SUPERNWSP5I,25,300,2027-03-31,True,2024-10-27T00:00:00
12169,PROMOHL6LFL,40,500,2024-09-23,False,2025-09-12T00:00:00
12170,SUPERZEBW58,40,300,2026-05-09,False,2023-06-25T00:00:00
12171,TOPGQ6XMO,5,150,2024-06-14,False,2025-03-06T00:00:00
12172,PROMOMKJ9ES,25,100,2026-04-03,False,2024-09-05T00:00:00
12173,TOPUT4H1F,25,500,2027-03-22,False,2023-12-01T00:00:00
12174,MEGACPSU4U,5,150,2026-09-10,True,2024-03-07T00:00:00
12175,SALET52FI1,10,150,2027-07-23,True,2024-03-20T00:00:00
12176,PROMONF8MOP,40,150,2023-04-18,False,2024-12-08T00:00:00
12177,MEGAU54Z3V,50,300,2025-06-06,False,2024-06-17T00:00:00
12178,SALEFJG4F3,10,100,2024-10-05,False,2024-11-26T00:00:00
12179,DESC0FUU19,20,50,2026-03-28,False,2023-03-29T00:00:00
12180,PROMOXWEDSM,5,500,2027-04-22,True,2024-02-15T00:00:00
12181,OFFU53SA1,30,50,2027-04-15,True,2025-08-02T00:00:00
12182,DESCG9K8YN,30,500,2025-11-29,False,2024-07-12T00:00:00
12183,TOPXY7T4M,50,500,2024-05-31,False,2024-05-26T00:00:00
12184,SUPERZX8TUD,20,100,2023-07-01,False,2024-03-27T00:00:00
12185,PROMO8SGMFC,30,300,2027-12-22,True,2024-06-26T00:00:00
12186,SAVERHV57E,10,500,2026-07-04,False,2023-08-12T00:00:00
12187,SUPERUNNOGA,25,150,2027-12-08,True,2025-03-30T00:00:00
12188,TOPH5MR24,50,200,2027-08-25,True,2023-01-19T00:00:00
12189,MEGA6V00P2,20,300,2025-06-22,False,2025-08-27T00:00:00
12190,SAVEZJPNHR,10,500,2024-09-29,False,2024-04-23T00:00:00
12191,MEGAXTALQK,30,200,2025-08-26,False,2023-06-25T00:00:00
12192,PROMODROLW1,5,150,2026-11-30,True,2023-12-01T00:00:00
12193,MEGA3HJUN0,20,200,2024-03-25,False,2023-11-27T00:00:00
12194,DESCOUOPWQ,25,300,2024-06-30,False,2024-07-08T00:00:00
12195,SUPERD26WPH,5,50,2025-04-06,False,2024-12-15T00:00:00
12196,MEGAYFB7ON,10,100,2024-07-07,False,2023-06-06T00:00:00
12197,OFFKMK350,15,100,2025-09-22,False,2024-12-31T00:00:00
12198,DESC1JYH7R,40,200,2025-02-10,False,2024-02-02T00:00:00
12199,DESCWR8Z4D,20,500,2024-12-21,False,2023-01-22T00:00:00
12200,PROMO3D8XRF,10,50,2024-02-01,False,2026-05-13T00:00:00
12201,TOPZLX5GE,5,500,2026-09-06,True,2024-08-16T00:00:00
12202,MEGAM34UBV,30,500,2024-07-22,False,2025-03-14T00:00:00
12203,PROMOBA0JN0,50,300,2027-04-01,True,2023-08-13T00:00:00
12204,SALECUJTEN,5,200,2023-11-18,False,2024-10-20T00:00:00
12205,SUPER4S42AV,50,300,2024-06-03,False,2025-07-23T00:00:00
12206,TOPSJSG7W,30,100,2024-09-15,False,2026-03-18T00:00:00
12207,PROMONCD7AM,10,500,2024-08-05,False,2025-01-11T00:00:00
12208,MEGARUTGEQ,15,300,2025-10-01,False,2025-05-12T00:00:00
12209,PROMOH59QJ3,30,500,2026-07-24,False,2023-03-03T00:00:00
12210,OFF5N8YBE,40,100,2024-03-29,False,2023-01-31T00:00:00
12211,TOPOB5XD6,40,200,2023-05-19,False,2023-03-27T00:00:00
12212,MEGA3DA7Z4,10,50,2025-11-18,False,2025-12-05T00:00:00
12213,OFF4KQSNN,40,150,2025-07-11,False,2023-06-23T00:00:00
12214,TOP3MVE9R,40,300,2026-08-01,True,2023-05-09T00:00:00
12215,SUPERZLBT54,5,500,2024-03-02,False,2025-07-07T00:00:00
12216,DESC0U594H,40,50,2025-11-11,False,2025-12-01T00:00:00
12217,MEGAINX77N,25,300,2025-11-11,False,2024-01-30T00:00:00
12218,SUPER1MTPPW,5,300,2025-12-24,False,2026-02-03T00:00:00
12219,SALEWPZ97Q,10,300,2023-04-11,False,2025-02-06T00:00:00
12220,SALETRTRMR,20,200,2025-08-20,False,2023-07-21T00:00:00
12221,DESC2RW9MO,5,500,2027-05-14,True,2023-04-20T00:00:00
12222,OFFT9FXZ8,40,150,2027-12-07,False,2025-02-03T00:00:00
12223,PROMOKM20T3,10,50,2027-01-30,False,2023-10-08T00:00:00
12224,SALEHWW0HS,20,100,2026-02-23,False,2025-09-20T00:00:00
12225,OFFJVPWC7,20,100,2026-03-19,False,2025-07-09T00:00:00
12226,TOPCVAUNU,20,200,2023-02-28,False,2024-10-31T00:00:00
12227,OFFTFM89T,15,300,2027-03-28,False,2026-01-10T00:00:00
12228,DESC75PRPT,10,300,2025-11-06,False,2023-03-15T00:00:00
12229,SAVE6OQOGJ,40,200,2026-08-12,True,2025-12-03T00:00:00
12230,PROMOZU310V,30,500,2027-11-11,False,2023-12-18T00:00:00
12231,SAVEA45P50,40,500,2026-02-19,False,2024-01-13T00:00:00
12232,OFF80S5O8,20,100,2027-07-03,True,2023-08-15T00:00:00
12233,MEGABB8GW0,15,50,2023-11-22,False,2025-05-09T00:00:00
12234,MEGA4LPUZK,5,150,2027-09-21,True,2023-08-25T00:00:00
12235,DESC44YPKL,25,300,2025-09-18,False,2023-09-17T00:00:00
12236,DESC9F3F4G,20,300,2025-08-07,False,2025-06-19T00:00:00
12237,OFFRDI4S3,40,200,2025-06-05,False,2025-09-30T00:00:00
12238,PROMOHKSUQV,5,300,2026-08-14,False,2025-12-30T00:00:00
12239,SAVE7QYXV5,10,200,2026-10-14,False,2025-04-21T00:00:00
12240,OFF11RYB4,30,500,2024-09-20,False,2024-07-26T00:00:00
12241,PROMO6B4VE1,40,50,2024-06-09,False,2025-11-27T00:00:00
12242,TOPIVMJGX,5,150,2026-03-25,False,2025-05-17T00:00:00
12243,DESCG43DD8,20,100,2023-02-17,False,2023-07-06T00:00:00
12244,SUPER3CD5Q3,25,200,2027-09-09,True,2026-01-19T00:00:00
12245,TOP4KWWDL,15,50,2023-02-15,False,2025-08-05T00:00:00
12246,TOPXFL4IH,5,500,2025-10-27,False,2024-09-02T00:00:00
12247,SALEC9SN5D,15,300,2027-04-13,True,2023-05-22T00:00:00
12248,SALEYKBTKY,25,300,2027-01-30,True,2023-01-15T00:00:00
12249,SAVEQNSL0S,20,500,2027-06-14,False,2025-03-30T00:00:00
12250,TOP23KNIY,25,300,2026-05-31,False,2024-07-26T00:00:00
12251,SAVEAU0JLM,40,150,2026-07-10,True,2024-01-04T00:00:00
12252,DESCVR8JAG,10,200,2025-03-08,False,2024-10-15T00:00:00
12253,OFF2YIXXJ,40,50,2024-06-18,False,2025-09-09T00:00:00
12254,SAVEPAEPB9,25,150,2025-09-15,False,2025-12-12T00:00:00
12255,DESCENDI77,40,500,2023-01-18,False,2024-09-18T00:00:00
12256,OFFP9JB4K,40,300,2025-12-04,False,2023-04-13T00:00:00
12257,SAVED5QJAW,25,500,2027-03-17,True,2023-12-24T00:00:00
12258,OFFU2JEAN,15,100,2026-04-21,False,2023-01-03T00:00:00
12259,MEGAXTPUMQ,15,100,2025-07-19,False,2023-02-04T00:00:00
12260,SALE7EFNSK,30,50,2025-08-26,False,2023-07-08T00:00:00
12261,SUPERINWKKP,50,100,2026-02-04,False,2023-11-12T00:00:00
12262,SAVEGDVINF,50,500,2027-12-22,True,2024-05-25T00:00:00
12263,PROMO8SPOMC,20,150,2025-05-31,False,2025-02-24T00:00:00
12264,SUPER8IEE1A,50,50,2023-09-25,False,2023-02-06T00:00:00
12265,DESCC1AZYZ,50,50,2025-03-30,False,2023-06-28T00:00:00
12266,TOPHO6T1E,20,300,2023-11-09,False,2024-07-30T00:00:00
12267,SALE17YAZY,50,100,2027-01-09,True,2026-02-01T00:00:00
12268,MEGANSYJ4L,5,100,2025-08-15,False,2025-11-07T00:00:00
12269,SALEFPX9DW,50,300,2024-05-26,False,2026-05-22T00:00:00
12270,SUPER297XZ3,40,200,2027-04-09,True,2023-04-12T00:00:00
12271,SUPERQUVTBM,15,50,2025-11-11,False,2023-08-06T00:00:00
12272,SAVE9UTXP4,50,150,2023-01-29,False,2023-07-21T00:00:00
12273,SALEUMR029,20,500,2023-08-09,False,2024-09-01T00:00:00
12274,PROMOELS2AR,40,50,2024-09-17,False,2025-02-04T00:00:00
12275,MEGA0A8GQX,40,50,2023-05-28,False,2023-08-21T00:00:00
12276,DESCKIWYID,15,50,2024-05-29,False,2025-01-06T00:00:00
12277,TOPS0XWNJ,25,300,2026-09-02,True,2025-09-13T00:00:00
12278,PROMOOWV4ZV,20,50,2026-02-24,False,2025-09-14T00:00:00
12279,SAVEZ079IP,20,200,2026-08-01,True,2023-11-12T00:00:00
12280,SAVEANS3RN,10,200,2026-03-03,False,2026-03-17T00:00:00
12281,PROMOWUHE6L,15,200,2024-07-26,False,2023-01-27T00:00:00
12282,OFF9NCP6W,25,150,2025-06-06,False,2025-10-22T00:00:00
12283,SALESPYITL,20,300,2023-06-12,False,2025-11-15T00:00:00
12284,SALEZWAWEU,50,200,2024-09-02,False,2024-12-10T00:00:00
12285,PROMOHLGUYF,40,500,2023-05-30,False,2026-04-15T00:00:00
12286,OFFCW61H8,50,50,2025-01-06,False,2023-07-17T00:00:00
12287,SAVE1AHP12,10,500,2026-10-28,False,2025-09-18T00:00:00
12288,SALEXGRBTU,10,200,2027-05-22,True,2024-01-17T00:00:00
12289,PROMOZCUJV1,25,100,2024-06-25,False,2024-02-14T00:00:00
12290,MEGAM0NEKA,5,150,2024-12-23,False,2026-03-19T00:00:00
12291,DESCH1A2XZ,5,200,2027-04-19,False,2023-06-26T00:00:00
12292,SALEMZUJBJ,30,50,2024-12-11,False,2024-09-13T00:00:00
12293,SALEDE8U6Z,40,500,2023-10-02,False,2025-04-02T00:00:00
12294,TOPQVADW1,50,200,2024-03-10,False,2024-01-06T00:00:00
12295,PROMOS55230,50,50,2025-05-09,False,2024-07-28T00:00:00
12296,SUPERJ1VPNJ,25,200,2023-10-15,False,2025-04-09T00:00:00
12297,MEGA11X544,30,100,2026-12-13,False,2024-02-19T00:00:00
12298,OFFI56VIC,10,50,2024-09-21,False,2026-04-02T00:00:00
12299,SALEUU2B20,10,500,2023-12-05,False,2024-10-20T00:00:00
12300,SALEW88VED,10,300,2025-09-26,False,2025-08-02T00:00:00
12301,MEGAABXFNC,25,500,2026-05-16,False,2025-06-28T00:00:00
12302,TOPWOEOPW,50,50,2023-04-08,False,2024-06-16T00:00:00
12303,SALEOWJQJV,40,500,2027-03-24,True,2026-06-05T00:00:00
12304,DESCE8KC5M,20,100,2023-09-28,False,2025-01-25T00:00:00
12305,OFFXB94IT,10,50,2027-06-26,False,2026-03-08T00:00:00
12306,OFFK66VFI,20,150,2027-10-28,True,2026-02-16T00:00:00
12307,SAVEZD41J6,5,500,2026-09-15,True,2025-06-03T00:00:00
12308,DESCEU3BL3,15,100,2025-12-15,False,2025-08-14T00:00:00
12309,SAVEPQBL07,15,150,2025-09-24,False,2025-11-02T00:00:00
12310,OFF4TRS5B,15,300,2023-11-29,False,2023-10-20T00:00:00
12311,MEGA9IU9DU,5,100,2027-11-23,True,2024-06-14T00:00:00
12312,OFFM3K0YE,10,300,2026-09-20,False,2025-06-20T00:00:00
12313,TOPDTINKY,30,300,2026-07-20,True,2024-05-25T00:00:00
12314,PROMO31QPN5,5,300,2025-09-28,False,2024-11-21T00:00:00
12315,MEGAQS4H63,5,300,2023-11-03,False,2024-04-21T00:00:00
12316,SUPERCIKOHI,30,200,2025-07-27,False,2023-05-17T00:00:00
12317,SAVEYMVI26,50,500,2027-04-02,True,2024-03-16T00:00:00
12318,PROMO581V8P,15,50,2026-10-11,True,2026-02-17T00:00:00
12319,DESCBQE8YA,40,50,2023-12-22,False,2023-12-31T00:00:00
12320,PROMORAQGWJ,5,100,2024-01-30,False,2023-10-10T00:00:00
12321,SUPERKAZMUC,50,500,2023-10-08,False,2023-12-04T00:00:00
12322,TOPS9XN44,40,150,2024-06-28,False,2025-03-24T00:00:00
12323,DESCOXMU8A,30,200,2026-05-22,False,2024-03-05T00:00:00
12324,DESCN7B4H9,15,100,2023-06-05,False,2024-07-09T00:00:00
12325,TOPKC665Z,15,200,2027-03-19,False,2025-09-08T00:00:00
12326,SUPERWIC0C7,50,50,2023-02-25,False,2023-06-17T00:00:00
12327,MEGA36W6FU,50,100,2026-09-19,True,2024-01-01T00:00:00
12328,DESCDUW9X2,25,50,2024-12-22,False,2024-09-08T00:00:00
12329,SUPER7F7X51,40,200,2024-08-09,False,2024-10-02T00:00:00
12330,DESCPQ1P00,25,500,2026-10-08,False,2025-01-20T00:00:00
12331,SUPER4CNWCJ,15,300,2026-04-27,False,2026-01-29T00:00:00
12332,PROMOJIBUO1,40,500,2024-10-26,False,2023-03-03T00:00:00
12333,TOP1P4WSD,25,500,2026-12-30,False,2025-07-27T00:00:00
12334,TOPZWBWBS,15,150,2023-06-17,False,2025-07-12T00:00:00
12335,MEGA1GGG2T,40,50,2024-07-11,False,2024-06-13T00:00:00
12336,SUPERJQ06MG,15,300,2023-03-12,False,2023-06-16T00:00:00
12337,PROMO2H8RET,10,500,2025-03-22,False,2023-09-26T00:00:00
12338,SUPER514FZK,40,300,2023-11-29,False,2026-05-13T00:00:00
12339,TOPZK6VNX,5,50,2027-01-04,True,2023-03-14T00:00:00
12340,SUPERO3SKWP,30,50,2026-07-15,False,2024-10-14T00:00:00
12341,TOPNAFHZK,10,300,2025-11-05,False,2023-08-12T00:00:00
12342,SAVERWI7L9,40,500,2024-07-21,False,2024-08-27T00:00:00
12343,PROMO5UR46A,30,500,2025-01-16,False,2025-06-12T00:00:00
12344,SALEJ2FTPF,5,50,2023-09-26,False,2023-07-12T00:00:00
12345,PROMO15JWUM,50,300,2027-05-10,True,2026-04-13T00:00:00
12346,TOP9Y0RYP,5,50,2025-09-22,False,2025-12-25T00:00:00
12347,SUPER0436BB,5,300,2026-02-28,False,2025-09-26T00:00:00
12348,MEGAGGF0PY,40,150,2024-06-26,False,2023-04-20T00:00:00
12349,SAVERFQPXU,10,100,2025-07-25,False,2024-01-14T00:00:00
12350,SUPERXJKDRY,20,300,2027-02-11,False,2023-10-10T00:00:00
12351,TOPP6CDA6,15,50,2027-06-26,False,2024-05-01T00:00:00
12352,SALERYRQAZ,25,200,2024-12-22,False,2023-10-24T00:00:00
12353,OFFV3V3BB,25,500,2023-10-25,False,2025-02-01T00:00:00
12354,MEGAC5O1QS,50,100,2025-02-11,False,2024-01-15T00:00:00
12355,SALESQQTF6,50,100,2027-02-09,False,2024-11-21T00:00:00
12356,PROMOZ5WW4Y,30,100,2027-05-19,True,2024-10-06T00:00:00
12357,OFFDCU8HX,50,100,2026-06-05,False,2026-05-22T00:00:00
12358,PROMOPF1BLY,20,500,2023-03-05,False,2024-09-17T00:00:00
12359,SAVEBRTVU1,20,200,2023-03-10,False,2024-02-22T00:00:00
12360,DESCUGU9NE,15,150,2026-01-06,False,2025-03-10T00:00:00
12361,PROMO9483FQ,10,500,2027-07-31,True,2026-04-04T00:00:00
12362,SUPERXS05QN,15,50,2024-10-22,False,2024-02-18T00:00:00
12363,PROMOLSA8E6,5,50,2026-08-24,True,2024-11-15T00:00:00
12364,MEGA9K2V93,50,50,2025-09-10,False,2025-06-03T00:00:00
12365,MEGA5GH1RV,15,150,2024-04-18,False,2025-03-03T00:00:00
12366,MEGA1AJVXB,10,50,2024-04-19,False,2024-01-06T00:00:00
12367,DESCUOE1YG,25,300,2024-11-17,False,2026-01-12T00:00:00
12368,SALEWH48SE,5,100,2023-03-07,False,2025-11-07T00:00:00
12369,SALEJRHOC2,15,200,2026-02-23,False,2025-04-27T00:00:00
12370,TOPKRSDI6,25,300,2023-06-30,False,2026-05-08T00:00:00
12371,TOPB2N15E,30,50,2026-04-25,False,2023-09-22T00:00:00
12372,OFF6TYKUX,15,300,2025-12-05,False,2024-07-16T00:00:00
12373,DESCKZL1I3,10,300,2025-03-16,False,2025-01-23T00:00:00
12374,PROMOPYSDKB,20,200,2025-04-20,False,2024-12-19T00:00:00
12375,TOPWU001D,15,300,2023-03-07,False,2023-02-23T00:00:00
12376,SALEVS0ND9,5,50,2023-06-02,False,2026-02-19T00:00:00
12377,OFF2QMBSW,30,150,2026-12-07,True,2025-12-16T00:00:00
12378,TOP8BO9XM,40,50,2025-10-18,False,2024-01-07T00:00:00
12379,OFFHRXRP9,15,300,2026-01-20,False,2024-09-27T00:00:00
12380,SAVE8W0103,5,200,2026-09-12,False,2024-12-01T00:00:00
12381,MEGAP4UAKO,30,500,2024-01-10,False,2024-05-11T00:00:00
12382,SAVELHF3AI,15,50,2026-05-20,False,2023-02-22T00:00:00
12383,TOPFZ0F1U,10,300,2027-08-30,False,2024-11-28T00:00:00
12384,PROMOYFJHCF,40,500,2027-03-11,True,2024-09-14T00:00:00
12385,TOP7T0SFM,30,50,2024-11-15,False,2023-02-11T00:00:00
12386,TOPABLJ6F,20,50,2023-11-21,False,2025-04-05T00:00:00
12387,SUPERM8XCNP,30,300,2026-09-14,True,2024-11-21T00:00:00
12388,SALE6YBSRR,10,300,2024-06-26,False,2025-06-11T00:00:00
12389,MEGASKV05Q,50,500,2027-10-12,False,2026-01-08T00:00:00
12390,SAVE3TXLKB,5,150,2026-04-02,False,2023-03-16T00:00:00
12391,SALET7LYTM,25,200,2026-02-15,False,2024-11-23T00:00:00
12392,SUPERP9RZHF,10,150,2023-11-04,False,2024-02-14T00:00:00
12393,SAVEXUBHED,30,150,2023-04-05,False,2023-07-05T00:00:00
12394,DESCVTY75I,10,500,2023-04-05,False,2025-01-13T00:00:00
12395,SALERKPJ1J,5,200,2026-08-30,True,2025-01-11T00:00:00
12396,SUPERMNRN6O,15,200,2026-11-16,False,2023-01-21T00:00:00
12397,MEGAKDU15A,50,200,2024-11-20,False,2026-06-04T00:00:00
12398,PROMO7IUDVL,15,150,2026-09-05,True,2025-10-25T00:00:00
12399,SAVEG2G210,20,500,2023-02-28,False,2024-02-11T00:00:00
12400,SALEBNNATB,5,300,2027-10-14,False,2023-12-20T00:00:00
12401,MEGAU0ROIG,5,150,2024-02-29,False,2023-05-17T00:00:00
12402,TOPGPZWXH,10,500,2023-12-14,False,2023-01-01T00:00:00
12403,DESCDSP7K3,20,150,2023-05-17,False,2023-01-05T00:00:00
12404,SAVEGOGTN0,30,100,2027-08-30,True,2023-01-23T00:00:00
12405,TOPD9EOFV,30,200,2023-08-13,False,2024-02-10T00:00:00
12406,MEGA0VKANA,30,100,2027-10-14,False,2023-05-19T00:00:00
12407,OFFNJEN3M,15,500,2026-10-26,True,2024-12-12T00:00:00
12408,SAVE39M9PL,50,150,2026-04-21,False,2023-06-01T00:00:00
12409,OFFMIIY4W,30,100,2023-10-26,False,2025-05-06T00:00:00
12410,MEGA76TURJ,25,200,2026-04-01,False,2024-10-16T00:00:00
12411,MEGAIACPFM,50,300,2026-07-02,False,2026-05-08T00:00:00
12412,MEGAHVA9EO,10,150,2026-11-27,True,2026-03-14T00:00:00
12413,OFFG2XKJ7,20,500,2027-03-28,True,2025-10-07T00:00:00
12414,SALEH9WK1S,40,500,2025-03-04,False,2026-04-26T00:00:00
12415,SAVEZPZOYL,25,50,2023-03-15,False,2024-05-06T00:00:00
12416,TOPI8N3VY,10,200,2023-07-01,False,2025-06-21T00:00:00
12417,SALEZNMIPS,30,150,2027-09-09,True,2025-08-13T00:00:00
12418,SALEB2C04O,25,300,2023-02-28,False,2024-09-28T00:00:00
12419,SUPERA6TWBB,10,500,2025-04-18,False,2025-07-30T00:00:00
12420,SAVEDIHBIA,30,200,2027-09-30,False,2024-01-14T00:00:00
12421,SAVE3SFBID,40,200,2025-03-15,False,2023-10-13T00:00:00
12422,DESC9S2IO0,50,300,2023-08-18,False,2025-11-21T00:00:00
12423,SALENNLSR0,15,200,2025-06-30,False,2024-01-15T00:00:00
12424,SUPERQQXRPO,25,100,2025-06-07,False,2025-04-06T00:00:00
12425,SALEKVES07,50,300,2023-05-22,False,2024-01-17T00:00:00
12426,MEGAJGD9RJ,50,300,2023-11-21,False,2025-04-22T00:00:00
12427,PROMOM7HKT9,5,150,2027-02-26,True,2024-05-12T00:00:00
12428,DESCUJZ6PU,40,100,2026-10-01,True,2025-02-20T00:00:00
12429,DESC2EBMIF,40,300,2026-07-08,False,2025-11-16T00:00:00
12430,DESC2HEDFL,20,300,2026-05-13,False,2023-02-10T00:00:00
12431,OFFVES02H,25,500,2027-04-11,False,2024-06-16T00:00:00
12432,SAVETEWYV4,30,50,2023-11-22,False,2025-10-15T00:00:00
12433,PROMOMVZ9HP,10,100,2026-12-10,True,2024-02-19T00:00:00
12434,PROMOQR1XS0,30,300,2024-04-19,False,2024-09-02T00:00:00
12435,SUPER0MH178,40,500,2026-07-12,True,2024-05-11T00:00:00
12436,DESCH1H8TF,10,500,2023-10-06,False,2023-06-23T00:00:00
12437,MEGA4ZPCZ4,10,200,2027-05-22,False,2024-12-12T00:00:00
12438,TOPYSDU79,15,50,2023-09-22,False,2023-09-27T00:00:00
12439,TOP1GCDUE,5,300,2026-07-02,False,2025-04-14T00:00:00
12440,SUPERWHRDUF,50,200,2023-11-30,False,2024-09-04T00:00:00
12441,PROMOL5LTWV,20,150,2027-06-24,False,2023-02-06T00:00:00
12442,SAVEZRYBKK,10,150,2024-06-30,False,2023-05-12T00:00:00
12443,OFFABWFNB,30,100,2025-12-25,False,2026-01-18T00:00:00
12444,PROMO052VJP,10,300,2026-04-28,False,2025-12-11T00:00:00
12445,SUPERAFB433,30,100,2027-11-23,True,2023-07-02T00:00:00
12446,DESC2Y9Y6Z,10,50,2027-03-21,True,2026-01-31T00:00:00
12447,MEGARW96X9,40,500,2025-06-13,False,2025-05-06T00:00:00
12448,DESCOGCGAH,30,300,2024-12-20,False,2024-09-09T00:00:00
12449,PROMOGN3847,10,300,2026-02-10,False,2026-02-12T00:00:00
12450,TOP4LBFD7,5,150,2024-06-21,False,2024-10-05T00:00:00
12451,DESC9DQVMY,50,300,2026-05-31,False,2023-10-10T00:00:00
12452,MEGAWZIB72,25,500,2023-03-19,False,2024-03-31T00:00:00
12453,SAVEA2OCIU,30,200,2027-07-03,False,2026-01-28T00:00:00
12454,SALEZB9YGZ,20,100,2024-09-13,False,2024-11-17T00:00:00
12455,SALE2MWLH3,5,150,2026-04-19,False,2024-02-10T00:00:00
12456,SUPER3M031R,25,300,2027-05-30,True,2023-03-02T00:00:00
12457,MEGAU4PYPA,25,150,2024-11-08,False,2024-02-20T00:00:00
12458,MEGA6JN2WT,10,150,2024-06-27,False,2025-03-28T00:00:00
12459,SALE3LPAQD,30,300,2025-03-19,False,2025-10-29T00:00:00
12460,TOPL2K845,50,150,2026-04-20,False,2025-02-16T00:00:00
12461,SAVE1CWQWH,50,150,2026-12-10,True,2026-02-19T00:00:00
12462,DESCLVM1KJ,40,200,2026-08-16,False,2024-07-03T00:00:00
12463,SALEM2BWR2,50,300,2024-09-12,False,2024-07-17T00:00:00
12464,SALERD4QQN,40,500,2027-07-14,True,2023-09-24T00:00:00
12465,PROMOFR6IE5,10,150,2027-10-15,True,2024-10-23T00:00:00
12466,SAVEGKZ1U2,20,500,2024-11-19,False,2023-11-26T00:00:00
12467,SUPERY28FJP,40,150,2026-06-18,True,2025-01-07T00:00:00
12468,OFFA5TYI4,20,50,2026-11-29,False,2024-05-21T00:00:00
12469,TOP2K7CJS,20,100,2027-05-12,True,2023-06-05T00:00:00
12470,OFF9JWBLB,15,100,2024-01-20,False,2025-03-25T00:00:00
12471,SAVEM179D5,30,100,2024-12-07,False,2023-10-11T00:00:00
12472,PROMOS9QH1B,25,200,2023-09-05,False,2024-08-21T00:00:00
12473,OFF4O3HA6,50,50,2027-11-09,True,2026-02-02T00:00:00
12474,DESC8YJT11,10,100,2023-10-18,False,2025-09-12T00:00:00
12475,TOP8DO8T5,5,300,2027-06-20,True,2024-05-24T00:00:00
12476,TOPX8CRB3,40,500,2025-08-31,False,2026-01-24T00:00:00
12477,MEGA8241GG,40,500,2026-05-23,False,2025-03-31T00:00:00
12478,SAVE8Y8KMU,5,150,2025-08-23,False,2024-10-26T00:00:00
12479,SAVESUE2PF,20,150,2023-08-16,False,2023-08-23T00:00:00
12480,SALEKXWESO,40,500,2025-09-17,False,2023-03-11T00:00:00
12481,MEGA19IW1Z,15,300,2026-11-28,True,2025-11-26T00:00:00
12482,SUPERP63ZXS,50,100,2027-06-02,True,2026-04-17T00:00:00
12483,TOP1VIYM4,25,50,2024-09-23,False,2023-07-15T00:00:00
12484,SAVE2PLYSV,5,150,2024-07-08,False,2026-02-13T00:00:00
12485,TOPR8EFTU,30,200,2026-09-06,True,2024-12-26T00:00:00
12486,PROMOT6GBFZ,40,500,2024-12-05,False,2023-04-05T00:00:00
12487,DESC71K5D1,10,300,2024-06-09,False,2025-05-11T00:00:00
12488,MEGAA6HMFS,40,150,2027-05-06,True,2025-09-09T00:00:00
12489,PROMORSA8JY,40,200,2025-11-28,False,2025-02-17T00:00:00
12490,SAVE42OP5H,50,300,2024-07-18,False,2026-02-14T00:00:00
12491,MEGAX3ZWX4,20,150,2023-03-25,False,2024-07-02T00:00:00
12492,SALE7S22II,5,150,2025-07-14,False,2026-04-02T00:00:00
12493,PROMOJUXLW4,10,300,2025-04-24,False,2024-08-27T00:00:00
12494,SAVEBE33UZ,10,50,2026-06-08,False,2025-03-01T00:00:00
12495,SAVE54QWOW,15,150,2023-07-14,False,2024-07-28T00:00:00
12496,PROMOCFTDHC,25,150,2026-06-03,False,2024-05-16T00:00:00
12497,TOPD01IVW,50,50,2024-11-21,False,2023-10-08T00:00:00
12498,SUPERD0VNDW,40,200,2023-03-26,False,2023-06-24T00:00:00
12499,PROMOX03QH6,50,500,2026-08-10,False,2023-12-09T00:00:00
12500,PROMON55GNQ,10,100,2026-03-21,False,2024-11-20T00:00:00
12501,SALEJLVSRM,15,300,2025-04-24,False,2026-05-24T00:00:00
12502,MEGAVGYFE5,40,300,2026-07-08,True,2025-05-25T00:00:00
12503,MEGAEMQVOY,40,50,2027-01-25,False,2024-05-24T00:00:00
12504,MEGA1TEZ16,5,200,2026-12-05,True,2025-01-23T00:00:00
12505,MEGAOITGIS,10,100,2025-01-11,False,2024-11-28T00:00:00
12506,OFFH5NROM,25,500,2023-06-07,False,2024-02-27T00:00:00
12507,MEGASKNYGB,30,200,2024-03-28,False,2023-04-12T00:00:00
12508,SALELUXFZY,25,300,2023-10-27,False,2023-05-13T00:00:00
12509,OFFT0JZ3V,20,150,2026-11-08,True,2026-03-19T00:00:00
12510,SUPERL2CPNK,10,500,2026-12-28,True,2023-10-11T00:00:00
12511,TOPRB2Y3H,15,100,2024-01-05,False,2023-10-24T00:00:00
12512,MEGARF5ACJ,50,200,2026-07-16,True,2023-05-15T00:00:00
12513,SAVERJOKN0,20,200,2026-09-03,True,2023-08-31T00:00:00
12514,SALE02DGWA,15,500,2026-03-01,False,2025-06-20T00:00:00
12515,MEGAA84NHI,15,500,2023-11-22,False,2024-05-05T00:00:00
12516,OFFO5S63R,15,200,2024-01-25,False,2023-06-27T00:00:00
12517,SUPERSGCUC4,30,150,2026-06-11,False,2025-08-21T00:00:00
12518,SUPERY3TNJ8,40,200,2023-02-01,False,2025-08-11T00:00:00
12519,SUPERVV96Q2,15,200,2024-03-09,False,2023-04-20T00:00:00
12520,SALE8NISLH,10,500,2026-12-18,False,2025-03-12T00:00:00
12521,TOPTT2XD3,30,300,2023-03-16,False,2024-11-14T00:00:00
12522,SAVEG5G56L,25,500,2023-08-07,False,2023-10-10T00:00:00
12523,DESC8GWGLE,10,50,2024-10-31,False,2024-04-13T00:00:00
12524,SALE0EVO6M,40,200,2023-08-16,False,2024-02-29T00:00:00
12525,DESC5QBSXT,50,200,2026-04-17,False,2024-03-23T00:00:00
12526,SAVEPL67KM,50,500,2023-06-24,False,2024-08-26T00:00:00
12527,DESCU68PQA,50,200,2024-08-08,False,2025-10-19T00:00:00
12528,SUPERT7P4QN,10,50,2025-06-02,False,2024-11-24T00:00:00
12529,PROMO0EOCRG,40,200,2026-06-21,True,2024-03-13T00:00:00
12530,SAVELJVUYX,25,100,2027-11-13,True,2023-10-09T00:00:00
12531,DESC5X9H1F,30,500,2026-10-29,False,2026-02-08T00:00:00
12532,OFF24DVM2,10,200,2027-11-06,False,2025-06-25T00:00:00
12533,DESC5XDUU8,15,300,2027-11-27,True,2023-08-15T00:00:00
12534,OFFEH3LQ9,20,200,2027-08-26,True,2026-04-30T00:00:00
12535,SALE02KXSR,5,50,2024-10-15,False,2024-07-02T00:00:00
12536,TOPO6EY2U,10,50,2025-02-07,False,2025-12-29T00:00:00
12537,SUPERHD1XSS,30,500,2026-03-26,False,2023-03-23T00:00:00
12538,PROMOFI2YE1,50,50,2027-04-22,True,2023-10-02T00:00:00
12539,OFFYJAB71,50,50,2025-03-12,False,2023-05-09T00:00:00
12540,SAVENOMNXM,30,150,2027-05-25,True,2025-05-08T00:00:00
12541,DESC13ZTYB,10,50,2027-10-16,True,2024-07-31T00:00:00
12542,SUPERGXWBRS,50,200,2027-07-24,False,2025-12-17T00:00:00
12543,OFFV7EPLW,25,150,2024-05-10,False,2026-03-17T00:00:00
12544,SAVE3SMSJA,40,50,2026-09-10,True,2023-12-25T00:00:00
12545,PROMO1J8NNK,20,300,2027-01-14,True,2024-08-21T00:00:00
12546,TOP2AIY8R,5,300,2024-06-26,False,2025-02-20T00:00:00
12547,MEGAP6DYFR,5,100,2024-05-03,False,2024-11-27T00:00:00
12548,SUPERNX0BAG,40,200,2023-05-05,False,2023-06-24T00:00:00
12549,PROMOJ2Q9QF,40,50,2024-01-16,False,2025-08-13T00:00:00
12550,OFFHTJQUA,15,300,2025-03-25,False,2025-02-03T00:00:00
12551,MEGARO2YPB,20,50,2027-09-05,False,2024-08-06T00:00:00
12552,SAVEZTPJBA,40,150,2026-03-04,False,2024-04-30T00:00:00
12553,MEGA8918VW,15,300,2026-11-26,True,2026-03-20T00:00:00
12554,OFF43BRVS,10,150,2023-08-07,False,2026-01-25T00:00:00
12555,DESCZ4PPWK,40,500,2026-11-13,True,2026-03-03T00:00:00
12556,TOP2EY7XR,50,100,2024-10-23,False,2024-01-05T00:00:00
12557,DESCMUF723,10,100,2024-03-06,False,2026-01-04T00:00:00
12558,SAVE3HXHP9,30,200,2027-08-14,True,2024-01-12T00:00:00
12559,DESC1TI0WG,10,500,2025-03-28,False,2024-10-06T00:00:00
12560,SALEWEJDB9,5,100,2026-01-12,False,2024-08-04T00:00:00
12561,TOPC36EHC,20,300,2027-03-14,False,2024-09-28T00:00:00
12562,PROMO8LAZ0R,25,500,2025-05-26,False,2025-03-17T00:00:00
12563,OFF1K53C3,30,100,2027-06-30,True,2025-06-14T00:00:00
12564,SALEHV7AAN,25,300,2024-04-27,False,2024-03-31T00:00:00
12565,TOPCG8BQP,25,500,2025-10-04,False,2026-01-12T00:00:00
12566,SUPERQ7VNCQ,10,50,2023-03-13,False,2025-05-15T00:00:00
12567,TOP9UIJ6S,25,150,2023-02-09,False,2025-05-04T00:00:00
12568,MEGACNKUUM,50,300,2027-05-11,False,2025-03-02T00:00:00
12569,MEGATWNHE1,5,50,2024-10-26,False,2025-12-19T00:00:00
12570,MEGAZUWJRC,15,100,2026-11-25,False,2024-08-29T00:00:00
12571,MEGADS7MUK,10,150,2027-11-28,True,2024-11-17T00:00:00
12572,SAVE40OILK,20,50,2027-03-13,False,2023-01-11T00:00:00
12573,SUPER3WCJHX,40,50,2024-07-20,False,2025-05-01T00:00:00
12574,TOPDEJYJU,25,150,2026-07-03,True,2024-07-07T00:00:00
12575,SAVER9R811,5,50,2024-11-11,False,2026-01-16T00:00:00
12576,SALECRZ3BF,25,200,2025-03-16,False,2025-11-01T00:00:00
12577,MEGA3IJBJN,10,500,2027-09-16,True,2024-05-05T00:00:00
12578,TOP0O6L22,10,50,2023-05-10,False,2023-11-03T00:00:00
12579,SAVE80RWE6,40,300,2026-04-04,False,2026-05-08T00:00:00
12580,SALEFTSE82,20,500,2024-07-14,False,2025-04-07T00:00:00
12581,TOPGCZ37I,10,50,2027-11-18,False,2025-05-08T00:00:00
12582,PROMO2C9O8Q,10,150,2026-10-17,True,2023-06-28T00:00:00
12583,DESC04GK7U,40,50,2024-09-22,False,2026-05-01T00:00:00
12584,DESC2NB3A3,30,100,2025-07-05,False,2023-07-20T00:00:00
12585,SUPERYTSLBV,30,100,2023-08-11,False,2024-03-13T00:00:00
12586,SUPERPBZD3T,30,200,2024-07-15,False,2025-08-17T00:00:00
12587,PROMOKJT47D,30,200,2025-05-07,False,2023-11-20T00:00:00
12588,SUPERG2FKYK,10,100,2023-12-22,False,2025-09-11T00:00:00
12589,SALE2XIUAO,40,500,2026-10-27,False,2025-06-21T00:00:00
12590,PROMOS7IEXS,10,100,2027-10-26,True,2023-02-11T00:00:00
12591,SALESE53GA,15,200,2026-01-17,False,2023-04-26T00:00:00
12592,SUPERH5WFSH,25,300,2023-05-19,False,2024-04-28T00:00:00
12593,SALEOO04PX,10,300,2023-09-19,False,2026-01-22T00:00:00
12594,DESCSFWLBM,5,100,2025-11-26,False,2025-07-28T00:00:00
12595,OFFI2E3I4,20,200,2023-09-13,False,2025-02-20T00:00:00
12596,MEGA2GMII7,15,200,2023-01-31,False,2023-10-16T00:00:00
12597,MEGAK0PQID,10,500,2025-01-22,False,2025-10-08T00:00:00
12598,SAVET3URFC,5,300,2024-11-02,False,2025-04-24T00:00:00
12599,OFFDUTBQC,15,300,2026-11-28,True,2023-11-29T00:00:00
12600,MEGAL5JQTJ,15,500,2023-02-10,False,2026-04-08T00:00:00
12601,SUPERS60FJ3,40,500,2025-09-13,False,2023-02-19T00:00:00
12602,PROMOM2UL8A,40,150,2023-06-19,False,2025-05-12T00:00:00
12603,DESCJPUAK1,40,200,2024-05-25,False,2024-01-05T00:00:00
12604,TOP396O7T,20,200,2025-05-11,False,2024-08-27T00:00:00
12605,PROMOXPZ0ZK,10,50,2023-05-12,False,2026-01-30T00:00:00
12606,TOP713L9S,40,100,2023-09-08,False,2024-12-10T00:00:00
12607,OFFRND3YG,15,300,2023-08-07,False,2026-05-04T00:00:00
12608,TOP5YHT47,25,50,2025-07-21,False,2023-02-07T00:00:00
12609,SAVE8UD7M9,40,200,2023-07-17,False,2024-04-10T00:00:00
12610,SALEVA8P7W,10,500,2026-09-10,False,2025-10-25T00:00:00
12611,TOPWBLRPL,15,100,2026-09-29,True,2024-06-09T00:00:00
12612,OFFAZF7W8,30,100,2024-12-09,False,2024-11-30T00:00:00
12613,SUPERDOX1EV,25,100,2024-12-16,False,2024-03-02T00:00:00
12614,PROMODB2WD1,20,200,2023-10-14,False,2025-02-14T00:00:00
12615,MEGAA9GZR1,10,300,2025-01-05,False,2024-03-25T00:00:00
12616,SUPERCM6TT8,25,50,2027-05-27,True,2025-01-14T00:00:00
12617,DESCV7717H,30,50,2025-04-18,False,2025-09-18T00:00:00
12618,OFFREBRG8,15,150,2024-06-24,False,2025-02-16T00:00:00
12619,SALE5UMBGG,25,200,2023-09-15,False,2023-12-26T00:00:00
12620,DESCZSUFAG,30,500,2024-01-31,False,2025-10-29T00:00:00
12621,PROMOXG5DXE,25,300,2027-05-09,True,2024-10-26T00:00:00
12622,DESCB5KOLS,40,150,2023-11-24,False,2026-03-09T00:00:00
12623,TOP4MUTER,30,50,2026-05-02,False,2023-11-19T00:00:00
12624,OFFNQ3CIS,20,50,2027-02-13,True,2023-05-10T00:00:00
12625,PROMOQWK84G,10,500,2024-12-25,False,2023-06-18T00:00:00
12626,SUPEROOG107,10,100,2023-11-15,False,2025-07-29T00:00:00
12627,SUPER0OXACM,20,100,2023-01-06,False,2025-08-16T00:00:00
12628,OFF4ISX6U,30,100,2023-07-09,False,2026-04-05T00:00:00
12629,PROMOH5AKMZ,50,200,2024-09-30,False,2024-11-10T00:00:00
12630,SALE3MMNZ3,5,50,2023-05-18,False,2023-05-19T00:00:00
12631,OFFRBXY5A,20,500,2027-06-22,True,2025-02-12T00:00:00
12632,DESCURCXGH,5,200,2027-04-07,False,2024-02-01T00:00:00
12633,SUPERZTPI1E,20,150,2027-07-07,True,2024-07-07T00:00:00
12634,PROMO0VIP1R,25,500,2023-09-02,False,2023-11-13T00:00:00
12635,SUPERX8PEMB,10,200,2025-02-20,False,2023-10-19T00:00:00
12636,OFFS7FZNG,20,150,2025-01-28,False,2026-04-25T00:00:00
12637,MEGA2CAJE2,15,200,2024-11-11,False,2025-05-10T00:00:00
12638,DESCLC3GJ0,30,100,2027-04-16,True,2023-03-25T00:00:00
12639,SUPERH2EUOI,15,100,2027-03-10,False,2024-06-16T00:00:00
12640,SALEPGM44Z,25,300,2025-01-12,False,2025-08-24T00:00:00
12641,DESCO55HED,25,500,2023-05-27,False,2024-05-21T00:00:00
12642,MEGAGC2QVH,40,500,2025-03-05,False,2025-09-27T00:00:00
12643,DESC1PIU8K,15,150,2027-04-17,True,2026-01-16T00:00:00
12644,SALEWWWUXU,5,300,2025-02-02,False,2025-06-27T00:00:00
12645,PROMOU83FMT,5,50,2023-06-18,False,2026-04-12T00:00:00
12646,MEGAUA8SRB,40,150,2025-02-20,False,2024-05-09T00:00:00
12647,SUPERZMBXT6,40,50,2027-02-02,False,2025-08-10T00:00:00
12648,SUPERX0JP2W,10,100,2024-06-13,False,2025-12-31T00:00:00
12649,DESC7APMQX,30,200,2023-07-07,False,2023-06-30T00:00:00
12650,MEGALT06AP,50,300,2027-10-14,False,2023-07-17T00:00:00
12651,OFFS8QR34,10,200,2026-04-09,False,2024-11-18T00:00:00
12652,OFFHAW8Z4,10,100,2027-11-18,True,2025-06-18T00:00:00
12653,DESC5863AW,30,200,2023-07-27,False,2025-08-06T00:00:00
12654,PROMOF1GS50,20,300,2026-06-18,False,2023-01-07T00:00:00
12655,PROMOKU89D6,15,50,2027-06-11,False,2024-10-19T00:00:00
12656,DESCZU9NFV,15,100,2026-02-20,False,2025-06-26T00:00:00
12657,TOPWYV5N1,30,500,2023-11-30,False,2023-07-09T00:00:00
12658,SAVEOZ1P7G,30,50,2024-01-07,False,2024-02-23T00:00:00
12659,SUPERX88S1G,25,200,2026-06-15,True,2024-01-27T00:00:00
12660,SAVEHK25B4,50,500,2025-10-09,False,2025-01-02T00:00:00
12661,OFFH89EDF,10,150,2025-02-11,False,2024-01-23T00:00:00
12662,OFFWW8L63,30,200,2024-02-08,False,2025-10-30T00:00:00
12663,OFFWE8HYU,20,100,2027-02-22,True,2025-06-20T00:00:00
12664,SALEVSYYG2,5,300,2023-02-10,False,2023-11-19T00:00:00
12665,OFFTKRNJQ,50,500,2027-02-18,True,2026-01-28T00:00:00
12666,TOPSIY1ZV,10,150,2023-04-03,False,2026-05-27T00:00:00
12667,SUPER5OSUNF,30,50,2023-04-07,False,2026-05-04T00:00:00
12668,TOPC368BK,15,100,2023-05-23,False,2025-12-27T00:00:00
12669,DESC91SF04,40,500,2027-02-21,True,2025-07-12T00:00:00
12670,SALE6OJLH9,40,50,2026-11-06,True,2025-05-30T00:00:00
12671,PROMOINPRLC,40,500,2025-08-20,False,2026-05-28T00:00:00
12672,SUPERH6OPLT,5,150,2024-09-19,False,2025-07-29T00:00:00
12673,DESCJZ408B,10,300,2026-11-09,True,2025-07-28T00:00:00
12674,SUPER37A0DN,15,50,2023-11-27,False,2023-04-06T00:00:00
12675,OFF84R8V7,30,150,2024-11-20,False,2023-08-02T00:00:00
12676,SAVE6ZG8Z8,15,300,2027-02-27,False,2026-05-15T00:00:00
12677,PROMOJN1ZR0,10,500,2023-11-08,False,2024-08-03T00:00:00
12678,MEGA7R03GW,30,50,2027-08-05,True,2023-03-28T00:00:00
12679,SUPERTOATMW,5,300,2023-07-26,False,2023-11-18T00:00:00
12680,MEGAMU4C5Z,40,300,2026-10-25,True,2026-01-11T00:00:00
12681,SALEH70W5J,10,100,2026-08-06,False,2024-07-09T00:00:00
12682,PROMOQ6VEIU,30,150,2023-04-19,False,2023-07-01T00:00:00
12683,OFF0N7M42,40,100,2025-10-06,False,2023-12-13T00:00:00
12684,PROMO7MMT09,30,50,2024-11-13,False,2025-07-21T00:00:00
12685,SUPERVT5SFR,40,500,2025-05-27,False,2025-05-21T00:00:00
12686,SUPERV2QPH7,15,50,2027-08-29,True,2025-09-15T00:00:00
12687,OFFCFQQAF,20,150,2026-10-20,True,2024-12-21T00:00:00
12688,OFFX8A3P7,5,50,2026-09-25,True,2023-08-24T00:00:00
12689,PROMOOBX097,25,150,2026-08-28,True,2024-02-15T00:00:00
12690,PROMOHP6AFG,50,150,2026-07-18,False,2024-12-22T00:00:00
12691,DESCM4J0GO,20,500,2027-07-14,True,2024-07-22T00:00:00
12692,SALERWVY5V,20,100,2027-07-18,True,2024-11-21T00:00:00
12693,SALEKGFMZK,30,150,2027-11-30,True,2023-09-09T00:00:00
12694,SAVEKRDZS2,25,300,2023-07-06,False,2025-10-13T00:00:00
12695,DESC4L4WIC,25,200,2026-06-08,False,2026-03-01T00:00:00
12696,SAVEQX48XP,10,300,2027-09-09,True,2023-11-14T00:00:00
12697,TOPQJD3ZH,30,500,2026-12-13,True,2024-03-25T00:00:00
12698,MEGAZ8QTWV,40,50,2025-07-07,False,2025-06-01T00:00:00
12699,MEGACCL0NK,50,200,2027-05-15,True,2024-11-18T00:00:00
12700,MEGAIV1OL3,20,200,2026-08-26,True,2025-01-16T00:00:00
12701,SALEX7PXPV,5,200,2027-08-27,False,2026-06-05T00:00:00
12702,SUPER4F91N7,40,100,2027-10-30,False,2023-06-29T00:00:00
12703,TOPRYNZGK,5,200,2025-12-25,False,2024-11-04T00:00:00
12704,TOPANMLNU,40,200,2026-07-10,False,2026-04-05T00:00:00
12705,OFFKRH0OU,30,100,2027-11-15,False,2026-01-18T00:00:00
12706,SALEVSKMDH,5,300,2026-04-17,False,2023-01-19T00:00:00
12707,PROMOPOXEM7,5,200,2023-10-14,False,2024-08-31T00:00:00
12708,MEGAODT6JJ,15,300,2023-06-30,False,2026-04-14T00:00:00
12709,OFFTPIXO4,30,200,2027-12-06,True,2024-07-21T00:00:00
12710,OFFF5JZC4,5,300,2027-02-18,False,2024-09-16T00:00:00
12711,SALEM772HS,40,300,2023-05-29,False,2023-12-30T00:00:00
12712,SAVEAQF7Y5,25,200,2023-06-05,False,2024-07-20T00:00:00
12713,OFFLDW15C,10,500,2026-12-09,True,2023-09-19T00:00:00
12714,DESCI38ZCB,50,150,2027-03-18,True,2025-12-04T00:00:00
12715,TOPMBBGSJ,40,300,2023-12-23,False,2024-02-28T00:00:00
12716,PROMO64BC3Q,40,300,2025-08-11,False,2025-01-12T00:00:00
12717,SAVEWJUTG5,30,200,2024-12-27,False,2023-01-07T00:00:00
12718,SAVEZ3FD9I,5,500,2026-10-26,True,2025-09-03T00:00:00
12719,TOPGH9EWB,30,50,2023-07-14,False,2023-10-10T00:00:00
12720,PROMO6F6V9A,5,200,2025-06-13,False,2025-02-02T00:00:00
12721,OFFHSBJYT,50,50,2025-10-22,False,2024-02-23T00:00:00
12722,SAVETPP3WW,5,150,2024-09-28,False,2023-12-25T00:00:00
12723,SUPER4A7NA0,15,200,2025-02-28,False,2025-03-11T00:00:00
12724,PROMOVXU2L7,25,500,2025-03-19,False,2023-01-14T00:00:00
12725,DESCPUUAOS,5,200,2023-02-26,False,2025-02-12T00:00:00
12726,SAVEGDNO6D,20,500,2024-03-05,False,2024-09-16T00:00:00
12727,SAVE6CMDJG,20,150,2026-02-11,False,2024-04-13T00:00:00
12728,OFFIFBADI,20,300,2027-12-01,True,2026-03-30T00:00:00
12729,TOP2Y087H,15,300,2024-05-24,False,2023-10-02T00:00:00
12730,SAVE5XRV2X,10,300,2026-03-27,False,2025-05-27T00:00:00
12731,OFF0U9H2P,10,300,2025-02-28,False,2025-11-07T00:00:00
12732,TOPHLDF66,5,300,2026-12-27,True,2024-05-23T00:00:00
12733,OFFVACHZM,20,200,2027-02-08,True,2026-05-11T00:00:00
12734,SALEZIUOSM,40,100,2023-10-06,False,2025-04-09T00:00:00
12735,DESC75LDOG,50,50,2023-02-03,False,2025-08-16T00:00:00
12736,OFFZLUYHQ,5,50,2026-03-09,False,2026-06-05T00:00:00
12737,SUPER4L56KZ,15,500,2026-02-05,False,2025-09-01T00:00:00
12738,SAVEWCNZIK,40,150,2025-05-04,False,2024-04-15T00:00:00
12739,SALEOIKOTE,40,100,2023-07-19,False,2024-12-14T00:00:00
12740,SUPERUT2J74,50,100,2024-04-08,False,2024-03-01T00:00:00
12741,OFFAYD8BW,5,50,2025-12-13,False,2024-11-13T00:00:00
12742,MEGAK50RMH,25,150,2026-06-22,True,2025-07-17T00:00:00
12743,OFFBBOR4W,25,50,2024-07-11,False,2026-05-20T00:00:00
12744,TOP2HFBA1,15,500,2026-04-08,False,2025-05-10T00:00:00
12745,SALE1CG260,10,150,2026-12-18,True,2023-08-04T00:00:00
12746,OFFP03E4X,25,200,2027-01-29,True,2025-03-25T00:00:00
12747,SUPERKQT091,50,100,2025-01-21,False,2026-03-21T00:00:00
12748,DESCTR2M85,10,150,2023-08-25,False,2025-09-24T00:00:00
12749,TOPGU0UJE,40,200,2024-07-07,False,2023-11-02T00:00:00
12750,PROMOGBLCD7,25,50,2023-09-11,False,2023-11-11T00:00:00
12751,DESC84FTRC,5,500,2023-07-20,False,2023-11-27T00:00:00
12752,SAVEZ0A6FB,5,100,2025-06-02,False,2025-06-29T00:00:00
12753,TOPP1YIXA,10,50,2023-12-31,False,2023-10-06T00:00:00
12754,TOPBK4T6V,50,200,2024-07-16,False,2025-03-27T00:00:00
12755,SUPERCZI19A,50,150,2025-11-20,False,2023-05-26T00:00:00
12756,SAVEVX5BJL,30,50,2024-06-27,False,2025-01-05T00:00:00
12757,SAVE4X4RXH,5,300,2024-07-22,False,2023-01-01T00:00:00
12758,DESCNDNQNS,20,300,2026-09-25,True,2024-11-06T00:00:00
12759,PROMOMXS5O5,20,500,2026-08-30,False,2025-07-31T00:00:00
12760,SALE2V8XO7,50,150,2026-04-09,False,2025-02-27T00:00:00
12761,SALE5MX6E7,30,50,2027-08-12,True,2025-10-23T00:00:00
12762,MEGA2SPH4G,5,200,2023-12-29,False,2023-07-05T00:00:00
12763,OFFCGRSE5,10,500,2027-08-24,True,2024-07-07T00:00:00
12764,DESCOJ4IWD,20,50,2023-09-20,False,2025-11-24T00:00:00
12765,MEGAYVUEOX,15,150,2026-09-04,True,2023-05-16T00:00:00
12766,OFFN201LB,20,200,2023-11-13,False,2026-04-17T00:00:00
12767,SALE99G5TJ,5,200,2025-11-28,False,2025-05-05T00:00:00
12768,SAVEK74UZG,10,300,2026-07-05,True,2025-01-18T00:00:00
12769,SALEEKNDGW,15,300,2025-09-30,False,2023-01-18T00:00:00
12770,PROMOHVBA0B,30,150,2026-11-17,True,2024-02-13T00:00:00
12771,OFF9GI8MG,40,100,2025-05-17,False,2025-08-22T00:00:00
12772,MEGAP13FPT,30,200,2024-10-08,False,2024-03-02T00:00:00
12773,SAVEDGL0L5,25,150,2027-03-16,True,2023-10-03T00:00:00
12774,SALEVBN72Z,15,200,2023-04-21,False,2024-03-11T00:00:00
12775,PROMOWXIJ92,5,500,2023-08-31,False,2026-05-17T00:00:00
12776,SAVEDWKSTG,10,50,2023-10-02,False,2024-03-08T00:00:00
12777,DESCEKD5JH,40,200,2027-07-31,True,2025-01-18T00:00:00
12778,SAVEQSEPYT,15,50,2023-02-28,False,2023-04-07T00:00:00
12779,SUPER45EON6,10,200,2023-09-24,False,2024-11-27T00:00:00
12780,SAVEWJFRWR,30,100,2023-02-03,False,2023-05-12T00:00:00
12781,SAVE6P0B0N,50,300,2027-08-15,False,2025-07-30T00:00:00
12782,SUPERRBGFC1,50,500,2025-01-09,False,2026-05-01T00:00:00
12783,SUPERONPFZQ,25,200,2024-12-24,False,2023-09-29T00:00:00
12784,DESCAK2HNN,15,50,2023-05-21,False,2025-02-13T00:00:00
12785,OFFEQGNCD,50,300,2025-08-10,False,2023-01-30T00:00:00
12786,OFFOILX2Y,15,300,2024-08-02,False,2025-05-08T00:00:00
12787,TOPENCN63,20,50,2025-04-14,False,2023-12-13T00:00:00
12788,MEGAJS7QS5,10,50,2023-04-21,False,2025-12-21T00:00:00
12789,SALEO3849L,30,300,2026-02-08,False,2025-03-10T00:00:00
12790,OFF1PTRYZ,25,100,2025-08-06,False,2023-06-07T00:00:00
12791,SAVE3VJFRE,30,150,2023-10-12,False,2025-08-01T00:00:00
12792,PROMOR7GXJT,30,150,2026-05-28,False,2023-10-05T00:00:00
12793,SUPERSWK6W0,50,150,2027-09-21,True,2023-12-13T00:00:00
12794,MEGAN5UOMP,25,50,2025-01-25,False,2026-04-22T00:00:00
12795,SALEVKURHT,25,500,2026-02-09,False,2023-10-26T00:00:00
12796,PROMO5DD3UA,50,100,2025-09-19,False,2025-09-29T00:00:00
12797,DESCRKJ2KH,15,300,2027-01-26,False,2024-01-12T00:00:00
12798,SAVEPQL4QO,25,200,2024-03-30,False,2024-05-20T00:00:00
12799,SALER6CC25,25,100,2023-09-05,False,2026-02-23T00:00:00
12800,DESC0VUWH7,25,100,2024-04-27,False,2023-07-04T00:00:00
12801,PROMOUSAXPS,5,300,2027-11-28,False,2025-03-21T00:00:00
12802,SUPERSCHB5K,10,200,2023-06-21,False,2024-02-25T00:00:00
12803,OFFZPNFEG,30,200,2023-09-27,False,2023-10-31T00:00:00
12804,SALEID792U,25,50,2027-10-02,True,2023-05-27T00:00:00
12805,TOP55AEQJ,5,100,2024-10-23,False,2024-11-26T00:00:00
12806,SUPERPPEB79,30,200,2027-08-28,True,2024-03-25T00:00:00
12807,DESCZQ95BC,5,500,2027-08-06,True,2024-02-07T00:00:00
12808,SALEL3PAO4,40,300,2025-10-16,False,2025-05-30T00:00:00
12809,SALENAAPM8,50,300,2026-07-14,True,2024-12-25T00:00:00
12810,PROMO4WQ1BQ,10,300,2026-05-05,False,2024-02-11T00:00:00
12811,MEGAER602P,5,500,2024-10-19,False,2024-08-29T00:00:00
12812,SALE4X2HIF,15,300,2023-08-26,False,2024-06-18T00:00:00
12813,PROMOZ0FEAL,15,500,2025-02-14,False,2025-05-18T00:00:00
12814,PROMOBH62I2,5,100,2023-02-21,False,2026-05-29T00:00:00
12815,TOP1AI0GO,20,200,2026-02-17,False,2025-07-12T00:00:00
12816,TOPPW8CWG,20,500,2024-09-21,False,2024-10-21T00:00:00
12817,DESC5H7KJB,25,50,2024-04-13,False,2026-05-04T00:00:00
12818,PROMO89M6DS,10,150,2025-06-04,False,2026-05-12T00:00:00
12819,MEGABNDRNQ,15,500,2023-01-21,False,2026-04-27T00:00:00
12820,SAVE3JWJ6L,50,300,2027-01-11,True,2025-11-25T00:00:00
12821,TOP2TGPWM,40,50,2025-02-02,False,2025-10-12T00:00:00
12822,MEGAE1P9C7,30,50,2027-07-31,True,2025-06-07T00:00:00
12823,SALE7ZVJCU,15,500,2026-05-25,False,2023-05-26T00:00:00
12824,MEGAXRUAQT,25,300,2026-03-14,False,2023-03-25T00:00:00
12825,SAVEDHEB9P,50,100,2027-01-30,False,2023-03-06T00:00:00
12826,MEGA7Q1ANP,5,500,2025-03-26,False,2024-01-20T00:00:00
12827,PROMOAIH3MC,15,300,2024-09-18,False,2025-12-15T00:00:00
12828,PROMOGXQW1C,5,300,2026-09-16,False,2024-12-05T00:00:00
12829,DESC644BZ1,25,500,2027-03-29,True,2023-04-25T00:00:00
12830,SALEVGTDZE,20,500,2026-12-04,True,2023-09-05T00:00:00
12831,SAVEOZZK1R,25,50,2024-12-14,False,2025-10-29T00:00:00
12832,PROMO5SF95S,25,100,2024-03-10,False,2024-10-16T00:00:00
12833,TOPMWRJCT,25,50,2026-11-05,True,2024-05-31T00:00:00
12834,SALENAGCVX,10,500,2027-01-27,True,2023-11-24T00:00:00
12835,MEGAWCXWQZ,25,500,2023-01-19,False,2025-08-31T00:00:00
12836,TOPY72NWI,40,300,2026-12-20,False,2024-01-30T00:00:00
12837,OFFYON2P5,50,100,2025-03-13,False,2024-11-22T00:00:00
12838,OFFL79YGK,20,500,2026-05-07,False,2025-06-25T00:00:00
12839,OFFSRADBY,50,500,2027-01-16,False,2023-01-30T00:00:00
12840,PROMOAAK3WI,30,300,2025-02-06,False,2024-11-09T00:00:00
12841,DESCLLGI2M,25,300,2023-03-21,False,2023-01-29T00:00:00
12842,TOPKX7MAO,10,300,2025-04-13,False,2025-05-05T00:00:00
12843,MEGAEJMWRJ,20,150,2027-09-17,True,2024-03-30T00:00:00
12844,SUPER2U8X8W,30,500,2027-04-10,True,2025-12-01T00:00:00
12845,PROMO9JS52R,5,500,2027-01-13,True,2026-03-22T00:00:00
12846,SAVELYQ827,20,300,2023-03-17,False,2024-02-09T00:00:00
12847,SUPERPT8IXF,15,100,2026-02-11,False,2026-04-10T00:00:00
12848,SAVES16YX1,5,300,2024-09-06,False,2025-01-01T00:00:00
12849,SAVEGFP9Y4,40,150,2026-02-17,False,2026-04-23T00:00:00
12850,OFFUK1X2V,40,50,2027-01-19,False,2024-07-23T00:00:00
12851,TOPZZZVRW,40,200,2025-07-05,False,2024-02-10T00:00:00
12852,TOPYBC04G,5,300,2027-09-11,True,2024-11-12T00:00:00
12853,TOP4ZJMML,20,200,2024-08-12,False,2025-03-15T00:00:00
12854,SALE6QVP7U,5,100,2024-05-02,False,2024-08-12T00:00:00
12855,PROMOI6TGL2,50,200,2023-02-21,False,2024-04-18T00:00:00
12856,SALESV2SGP,5,150,2024-11-29,False,2025-02-15T00:00:00
12857,SALEAH9XCI,15,500,2025-07-02,False,2024-08-24T00:00:00
12858,SALEMCPZVK,20,300,2024-12-13,False,2023-01-27T00:00:00
12859,SUPER2JUHQX,40,200,2023-12-09,False,2023-02-03T00:00:00
12860,SALE5JUN4V,30,300,2025-08-16,False,2025-08-12T00:00:00
12861,SAVECR08X2,15,150,2024-01-13,False,2023-07-25T00:00:00
12862,SALEYQDRTU,40,150,2026-06-08,False,2023-06-02T00:00:00
12863,DESC7KAVFO,30,50,2024-01-15,False,2025-02-15T00:00:00
12864,OFF6W9Y3N,20,100,2027-02-19,True,2025-03-19T00:00:00
12865,SAVEJQEA3A,15,200,2024-05-18,False,2023-11-27T00:00:00
12866,PROMO06O91W,5,300,2025-09-06,False,2024-10-21T00:00:00
12867,PROMOGC324P,5,50,2027-11-24,True,2023-06-17T00:00:00
12868,TOPBCQX6V,30,50,2023-09-22,False,2025-04-26T00:00:00
12869,SUPERCR89VK,15,200,2026-04-16,False,2024-03-16T00:00:00
12870,SAVEQR0M22,50,50,2026-11-27,True,2023-04-04T00:00:00
12871,SAVE8ADDPE,5,200,2024-09-20,False,2026-02-13T00:00:00
12872,PROMOB02DO5,50,500,2026-04-30,False,2024-12-18T00:00:00
12873,SALERTJFW0,30,100,2025-04-19,False,2026-01-16T00:00:00
12874,OFF23LWPL,30,200,2026-05-24,False,2025-10-22T00:00:00
12875,OFFXSBI8E,40,50,2025-09-15,False,2025-03-25T00:00:00
12876,DESC5QT7OU,30,50,2024-06-05,False,2025-04-16T00:00:00
12877,SALEKDZAYJ,50,50,2025-03-25,False,2024-09-07T00:00:00
12878,MEGA616ACE,15,500,2024-04-07,False,2024-08-30T00:00:00
12879,SALE6ZU08Z,25,100,2025-04-29,False,2024-02-04T00:00:00
12880,OFFPDHFPB,30,150,2024-10-07,False,2026-02-08T00:00:00
12881,MEGAZ5H4YA,20,150,2025-11-30,False,2026-01-23T00:00:00
12882,SUPERG5BJRZ,30,150,2024-10-04,False,2025-10-24T00:00:00
12883,OFF2INFX3,50,50,2026-09-26,False,2023-09-08T00:00:00
12884,SALEYCBXLF,20,300,2024-08-14,False,2024-07-26T00:00:00
12885,TOP5W1GAJ,30,100,2026-05-29,False,2023-07-08T00:00:00
12886,SUPERLP09CZ,20,500,2024-03-28,False,2024-03-11T00:00:00
12887,MEGA0HOIZI,50,100,2026-08-01,True,2023-03-18T00:00:00
12888,OFFX2CI2D,25,100,2024-11-19,False,2024-05-10T00:00:00
12889,OFF94SM47,20,200,2027-07-05,False,2026-02-24T00:00:00
12890,TOPAXBK1M,10,500,2027-07-01,True,2026-01-26T00:00:00
12891,SALE3VCVJR,20,500,2024-10-29,False,2023-04-21T00:00:00
12892,SUPERV4HUE2,15,150,2023-12-19,False,2023-04-20T00:00:00
12893,PROMO8TKNKL,10,300,2027-02-07,False,2024-01-14T00:00:00
12894,OFFFIQ44L,10,100,2023-12-07,False,2023-12-18T00:00:00
12895,SUPER43MAU1,50,200,2024-03-09,False,2023-12-19T00:00:00
12896,MEGA7LNYNX,15,50,2023-04-28,False,2025-03-06T00:00:00
12897,TOPD6YHPH,10,100,2027-07-08,True,2024-12-01T00:00:00
12898,SUPERHWEVR3,40,50,2025-01-19,False,2024-12-01T00:00:00
12899,DESC3MHGTX,5,100,2025-07-26,False,2023-01-30T00:00:00
12900,PROMOYTRXDN,30,300,2023-08-20,False,2023-12-29T00:00:00
12901,PROMO9GXBNP,40,150,2026-04-24,False,2023-01-17T00:00:00
12902,MEGAFLYSPC,30,50,2026-07-03,True,2025-09-24T00:00:00
12903,DESCDK8FZJ,40,500,2026-12-28,True,2025-08-19T00:00:00
12904,MEGAGKIX3P,25,300,2026-02-27,False,2026-02-16T00:00:00
12905,DESCVKC9RC,30,100,2026-05-01,False,2024-12-03T00:00:00
12906,SAVE8S3C6Z,5,300,2026-04-19,False,2023-12-16T00:00:00
12907,OFFWFYIJY,20,300,2027-12-21,False,2024-05-26T00:00:00
12908,TOPP0RGP5,15,200,2025-03-02,False,2023-12-22T00:00:00
12909,SAVEOLB7YC,5,100,2026-04-16,False,2026-05-17T00:00:00
12910,SAVE1A20X0,30,150,2024-01-10,False,2024-03-03T00:00:00
12911,SAVE9CX4ZY,30,500,2024-01-04,False,2024-10-11T00:00:00
12912,OFFZSF88W,5,200,2024-11-30,False,2024-08-18T00:00:00
12913,MEGAGFW7UO,30,100,2027-11-15,False,2025-08-14T00:00:00
12914,DESCKDE4GK,25,200,2025-08-18,False,2026-03-17T00:00:00
12915,SUPEROC301D,5,200,2023-02-28,False,2025-01-28T00:00:00
12916,MEGAZCT0IJ,5,500,2025-01-12,False,2024-05-18T00:00:00
12917,PROMOJ3Z06B,40,100,2023-05-09,False,2023-07-02T00:00:00
12918,TOPZDXBVL,15,50,2024-12-13,False,2024-05-30T00:00:00
12919,SALE2BNL8E,20,500,2025-09-30,False,2025-03-20T00:00:00
12920,SUPER8D8687,25,150,2023-10-25,False,2026-03-25T00:00:00
12921,MEGABLRFBG,30,150,2023-03-16,False,2023-05-31T00:00:00
12922,SAVEY93OCS,30,500,2026-11-21,False,2026-04-12T00:00:00
12923,SUPERA5DHHN,25,100,2027-03-31,True,2026-02-03T00:00:00
12924,MEGALFULL3,50,300,2025-09-28,False,2023-09-25T00:00:00
12925,SUPERAR945L,5,100,2023-09-02,False,2024-06-20T00:00:00
12926,DESC6CSWMS,5,500,2027-01-22,True,2024-12-17T00:00:00
12927,TOP45814J,15,500,2023-07-14,False,2025-12-14T00:00:00
12928,PROMO83YC54,20,150,2025-09-21,False,2024-10-18T00:00:00
12929,SUPERQ0J0QT,20,50,2027-03-14,True,2026-02-03T00:00:00
12930,SALEG5F2CC,15,50,2026-12-01,True,2024-10-23T00:00:00
12931,TOPSIMOPT,40,200,2023-07-03,False,2024-12-24T00:00:00
12932,DESCL75MV9,10,150,2023-03-29,False,2025-06-29T00:00:00
12933,SAVEC6B11Z,50,150,2023-04-19,False,2023-08-11T00:00:00
12934,OFFF4KEI9,30,150,2025-10-06,False,2025-04-11T00:00:00
12935,MEGABL3BHL,5,100,2023-09-14,False,2023-09-07T00:00:00
12936,SALET4SV5H,25,200,2023-02-11,False,2026-04-07T00:00:00
12937,SUPERAN9HDI,30,500,2025-02-18,False,2023-06-19T00:00:00
12938,OFFKZ80QN,5,500,2025-09-20,False,2023-03-08T00:00:00
12939,MEGARO65IU,50,100,2024-09-03,False,2024-02-03T00:00:00
12940,DESCIE8Q2N,40,200,2024-03-15,False,2024-01-10T00:00:00
12941,OFF2OCP6U,50,200,2027-02-16,True,2023-12-15T00:00:00
12942,TOPH6S4VV,15,200,2026-11-19,True,2023-04-08T00:00:00
12943,OFFUPI93N,50,300,2025-10-26,False,2023-05-31T00:00:00
12944,PROMOBG61OI,20,150,2023-10-23,False,2023-10-30T00:00:00
12945,DESC6RIO53,30,200,2026-03-15,False,2025-05-14T00:00:00
12946,SUPER1H2GG2,20,50,2026-06-18,True,2023-05-10T00:00:00
12947,PROMOPQ6ROL,40,300,2025-05-15,False,2023-05-25T00:00:00
12948,MEGA5SF0UQ,10,500,2027-04-10,True,2024-09-10T00:00:00
12949,MEGAOE0Q98,25,50,2025-03-28,False,2026-05-03T00:00:00
12950,SALE2GD6LS,20,200,2026-04-27,False,2026-04-28T00:00:00
12951,DESCEQRRHS,5,50,2023-09-26,False,2024-05-08T00:00:00
12952,TOPOAKQ4B,15,50,2024-10-15,False,2023-11-14T00:00:00
12953,SUPERUGF32A,40,300,2027-10-14,True,2026-01-11T00:00:00
12954,DESCDZHQZS,30,50,2023-07-13,False,2024-01-29T00:00:00
12955,DESC08M83E,10,100,2026-01-30,False,2025-05-22T00:00:00
12956,MEGAG2516D,20,150,2023-10-16,False,2023-02-26T00:00:00
12957,PROMO3U1D1S,20,300,2025-09-22,False,2023-10-08T00:00:00
12958,SAVE748KP2,5,50,2026-02-03,False,2026-01-18T00:00:00
12959,SAVETB7XLI,25,500,2026-01-02,False,2024-11-10T00:00:00
12960,MEGAU8Z247,5,500,2026-07-28,False,2025-08-19T00:00:00
12961,TOPJGQNN1,5,50,2027-10-26,False,2026-06-04T00:00:00
12962,SALEVIY542,30,500,2027-07-03,False,2026-04-13T00:00:00
12963,DESCF2RFFX,40,150,2026-08-18,True,2024-03-22T00:00:00
12964,SALEZG0O6W,40,150,2024-06-22,False,2024-12-17T00:00:00
12965,SUPERON2MJ0,30,500,2027-10-29,True,2024-12-16T00:00:00
12966,SALETGGIUP,15,200,2027-11-23,True,2025-12-29T00:00:00
12967,PROMO8QQCLG,40,200,2025-06-19,False,2023-01-28T00:00:00
12968,TOPT0708I,40,150,2023-10-10,False,2024-10-10T00:00:00
12969,MEGAG7RH3H,40,150,2024-11-23,False,2026-05-05T00:00:00
12970,SUPEREMWAIZ,30,100,2023-04-29,False,2023-12-17T00:00:00
12971,OFFKOFZZU,5,150,2024-11-01,False,2024-07-05T00:00:00
12972,DESC3WI85U,15,200,2023-07-21,False,2024-12-02T00:00:00
12973,SUPERTG2P4W,25,50,2024-03-24,False,2024-04-20T00:00:00
12974,OFF1DFS14,10,200,2023-07-07,False,2023-02-09T00:00:00
12975,SALE8QLVAT,5,100,2023-07-25,False,2025-02-12T00:00:00
12976,PROMOOCBO7C,20,200,2025-09-24,False,2024-07-23T00:00:00
12977,TOP1U5GXX,5,150,2024-12-14,False,2024-12-28T00:00:00
12978,OFFUB3BF2,15,500,2024-03-04,False,2026-01-02T00:00:00
12979,SUPERI7I0CY,50,50,2025-12-11,False,2026-04-03T00:00:00
12980,PROMOTIZI09,40,300,2026-06-29,False,2024-09-02T00:00:00
12981,TOP5LAHTM,25,50,2027-01-24,True,2024-09-25T00:00:00
12982,PROMODQWU38,15,200,2025-11-04,False,2024-04-28T00:00:00
12983,SUPER4MHWUN,25,500,2024-06-07,False,2023-10-21T00:00:00
12984,DESCEAHC04,5,200,2025-08-29,False,2023-08-19T00:00:00
12985,MEGAM4CFNU,25,300,2025-02-07,False,2023-04-11T00:00:00
12986,SALEG2RD65,25,500,2027-03-18,True,2025-06-17T00:00:00
12987,MEGAQBIEZY,25,500,2027-07-23,False,2025-11-17T00:00:00
12988,DESCYJDC4V,15,200,2027-09-06,True,2023-06-03T00:00:00
12989,MEGAL1DNM5,30,300,2027-07-04,True,2024-07-16T00:00:00
12990,SAVEQFQU7S,50,300,2025-08-31,False,2024-07-27T00:00:00
12991,DESCINSHI2,25,150,2024-10-13,False,2024-02-28T00:00:00
12992,OFFXCXA4Z,10,300,2025-07-28,False,2024-12-14T00:00:00
12993,SALEUC8AJ7,40,500,2025-04-30,False,2024-04-06T00:00:00
12994,MEGAGC2J1I,30,300,2024-02-06,False,2025-07-06T00:00:00
12995,SAVECPSGKM,5,500,2023-12-19,False,2025-11-29T00:00:00
12996,PROMOG493LW,40,300,2026-11-18,True,2023-09-26T00:00:00
12997,TOP1VI4EE,10,300,2027-07-23,True,2025-01-28T00:00:00
12998,TOPPRFUKQ,10,50,2023-09-24,False,2024-10-02T00:00:00
12999,PROMORURV7P,40,50,2024-09-11,False,2024-06-09T00:00:00
13000,MEGAG5UAWM,30,50,2026-07-21,True,2026-04-27T00:00:00
13001,MEGAWPWT6D,50,150,2026-09-30,True,2025-04-23T00:00:00
13002,SAVE7FL5IM,50,500,2026-05-26,False,2026-02-01T00:00:00
13003,DESC7IVUHG,10,50,2025-06-06,False,2025-12-04T00:00:00
13004,DESCSQLOIJ,10,100,2024-07-31,False,2026-04-06T00:00:00
13005,DESC1ULZX2,30,100,2026-07-21,True,2025-01-26T00:00:00
13006,SALE3IZKV2,30,100,2024-10-20,False,2025-07-10T00:00:00
13007,PROMOQKV2ND,40,200,2024-06-04,False,2025-11-24T00:00:00
13008,SAVE9QMPJ0,50,100,2025-02-25,False,2023-11-01T00:00:00
13009,PROMOWGQR9T,15,200,2024-01-06,False,2023-12-06T00:00:00
13010,SUPERKXUMY3,10,200,2026-08-11,True,2023-05-10T00:00:00
13011,PROMOV8FZBK,40,50,2023-03-02,False,2025-02-16T00:00:00
13012,OFFXPORUI,50,500,2025-09-14,False,2026-03-14T00:00:00
13013,SAVEO0I31C,30,500,2023-12-20,False,2023-09-16T00:00:00
13014,TOP7XS40F,25,150,2027-09-06,True,2023-07-13T00:00:00
13015,TOP9T56KR,30,50,2026-07-31,True,2024-03-07T00:00:00
13016,DESCLKSHW7,40,100,2025-01-05,False,2024-06-05T00:00:00
13017,SALEI3JLN7,20,100,2024-07-14,False,2025-08-28T00:00:00
13018,SUPERI0TJKV,25,500,2027-01-31,True,2023-08-26T00:00:00
13019,SUPER63ZUDL,20,100,2024-01-26,False,2025-01-02T00:00:00
13020,PROMOP79W89,25,200,2026-01-21,False,2025-03-06T00:00:00
13021,PROMONYALVF,25,100,2027-02-24,True,2026-01-07T00:00:00
13022,PROMOJYEAHV,15,200,2023-10-24,False,2026-03-02T00:00:00
13023,SUPERP2DF4Z,10,50,2023-10-24,False,2024-07-24T00:00:00
13024,MEGA6IM1FK,40,100,2025-05-21,False,2024-01-17T00:00:00
13025,DESCKTGOL1,15,500,2026-03-10,False,2025-12-04T00:00:00
13026,MEGAP6R4JZ,20,300,2025-08-03,False,2025-05-03T00:00:00
13027,SALEIAJZSJ,20,150,2027-03-26,True,2025-06-27T00:00:00
13028,PROMOQNXM2U,20,150,2027-05-16,True,2023-07-16T00:00:00
13029,SUPERL68PLA,30,500,2026-11-01,True,2025-08-26T00:00:00
13030,SALECPMWUM,10,300,2025-04-28,False,2025-09-05T00:00:00
13031,SALE958XHL,10,300,2024-07-22,False,2023-06-13T00:00:00
13032,SALE62UG4V,50,200,2027-01-29,True,2024-02-24T00:00:00
13033,OFFIBX35A,15,150,2024-07-04,False,2025-12-07T00:00:00
13034,OFFOTEKFA,25,200,2024-11-25,False,2023-08-14T00:00:00
13035,DESCOHJPDB,25,300,2026-01-10,False,2023-09-10T00:00:00
13036,DESC3258QG,25,200,2024-02-03,False,2023-11-19T00:00:00
13037,MEGAJ85I0E,40,300,2023-07-08,False,2026-05-02T00:00:00
13038,MEGAZ1SMEX,20,50,2023-06-22,False,2023-08-13T00:00:00
13039,SALEOMEEGA,30,100,2024-11-18,False,2026-02-05T00:00:00
13040,TOPWHLQ4F,5,50,2026-06-09,False,2025-12-26T00:00:00
13041,OFFRY3OGZ,40,50,2027-05-14,True,2025-06-09T00:00:00
13042,DESCOM4I3O,15,100,2025-08-14,False,2024-05-31T00:00:00
13043,SALEDIUUZB,10,200,2027-08-23,True,2025-07-09T00:00:00
13044,TOPFC9TQW,5,150,2027-11-08,True,2024-08-14T00:00:00
13045,OFFNK3B1H,10,300,2027-11-10,True,2025-07-31T00:00:00
13046,TOPNMOFS0,15,50,2026-03-14,False,2025-01-28T00:00:00
13047,SAVE1249ER,10,150,2026-04-11,False,2025-05-30T00:00:00
13048,OFFJGT688,30,150,2024-11-10,False,2023-06-15T00:00:00
13049,DESC3NYSS3,10,50,2024-11-27,False,2023-11-15T00:00:00
13050,MEGA0AEJ13,20,50,2025-12-28,False,2024-12-07T00:00:00
13051,OFFEZ8N7B,30,500,2025-03-31,False,2026-05-30T00:00:00
13052,SUPER43IHIT,20,150,2026-02-15,False,2025-03-16T00:00:00
13053,SALE48H672,30,300,2023-02-27,False,2024-06-10T00:00:00
13054,TOPTX40JJ,15,150,2027-08-01,True,2023-01-22T00:00:00
13055,PROMO5QAII4,20,500,2023-05-08,False,2024-04-12T00:00:00
13056,TOPQWK8J2,40,200,2027-10-01,True,2025-07-18T00:00:00
13057,TOPG85E08,25,100,2026-03-18,False,2024-01-26T00:00:00
13058,PROMO8NNNGO,5,300,2023-03-06,False,2025-05-03T00:00:00
13059,MEGA3I1V5T,10,100,2024-03-21,False,2023-01-19T00:00:00
13060,PROMOHGHXWK,15,200,2024-08-27,False,2025-12-09T00:00:00
13061,MEGA26ZHMA,25,50,2024-09-04,False,2025-04-07T00:00:00
13062,MEGA7JN0KD,50,200,2027-04-18,True,2025-02-21T00:00:00
13063,MEGALUVX0I,30,100,2023-11-07,False,2023-04-05T00:00:00
13064,SUPERVULAWT,30,100,2027-06-23,False,2025-12-11T00:00:00
13065,SAVEPYIPRX,10,150,2027-06-04,True,2025-07-08T00:00:00
13066,SAVE1GXLAM,20,50,2025-07-09,False,2023-07-13T00:00:00
13067,SAVEJM398V,30,500,2025-06-09,False,2024-04-07T00:00:00
13068,DESCDBI0IN,40,150,2026-09-16,False,2025-10-05T00:00:00
13069,SUPERYV4BPG,15,50,2026-03-18,False,2025-10-03T00:00:00
13070,OFFA249MU,15,100,2023-04-27,False,2023-01-21T00:00:00
13071,TOPPZ4Y3C,15,50,2024-02-12,False,2025-03-17T00:00:00
13072,MEGA6NNGC9,30,500,2023-09-01,False,2023-10-24T00:00:00
13073,TOPC5AF3J,25,150,2027-09-08,True,2025-03-02T00:00:00
13074,OFFPVN599,15,500,2026-01-01,False,2024-04-25T00:00:00
13075,DESC1UXSWT,15,200,2026-06-05,False,2025-06-04T00:00:00
13076,MEGAK6CCPH,40,100,2025-02-21,False,2026-05-06T00:00:00
13077,DESC5LV9S4,25,300,2025-01-15,False,2023-07-31T00:00:00
13078,DESC95NP6V,5,150,2024-11-06,False,2026-02-09T00:00:00
13079,SAVENRX6FS,30,500,2023-01-09,False,2025-12-15T00:00:00
13080,DESC3JLB6X,40,200,2027-04-12,True,2024-03-25T00:00:00
13081,PROMOE287C8,5,50,2023-02-05,False,2026-04-15T00:00:00
13082,SALEIRYNXQ,40,100,2025-05-25,False,2024-02-05T00:00:00
13083,SALE6374QE,25,500,2023-09-19,False,2025-07-27T00:00:00
13084,OFF6NA9F1,15,150,2025-10-25,False,2024-07-30T00:00:00
13085,PROMOI8Y26V,25,300,2023-05-18,False,2026-05-20T00:00:00
13086,OFFORE2B0,10,500,2024-06-10,False,2025-07-15T00:00:00
13087,TOPGNSGG2,15,300,2027-07-26,True,2025-01-10T00:00:00
13088,SALEI4BUB1,5,200,2025-03-13,False,2025-06-15T00:00:00
13089,PROMOXFWUR2,15,500,2025-07-11,False,2023-06-06T00:00:00
13090,SALE21XG7F,15,150,2023-08-22,False,2025-10-04T00:00:00
13091,SALERJX2VK,15,100,2024-12-05,False,2023-01-11T00:00:00
13092,SAVEXMTGF8,30,50,2027-11-18,True,2023-10-22T00:00:00
13093,PROMO2PCDPW,5,50,2026-08-14,True,2024-03-15T00:00:00
13094,DESCP06EXJ,10,100,2024-03-06,False,2024-10-09T00:00:00
13095,SAVENCX2RM,50,150,2027-09-29,False,2024-02-06T00:00:00
13096,SUPERN3YXK7,10,200,2025-03-20,False,2024-12-17T00:00:00
13097,SUPERTR4178,50,100,2023-12-25,False,2026-01-24T00:00:00
13098,SALES8SK38,30,200,2027-09-08,True,2023-11-27T00:00:00
13099,OFFRINR7M,25,150,2027-05-23,True,2024-04-15T00:00:00
13100,MEGAV2VVHU,10,50,2026-09-21,True,2025-01-26T00:00:00
13101,PROMOAY35Y9,25,150,2023-04-27,False,2026-04-11T00:00:00
13102,OFFXQU2SH,10,150,2024-06-13,False,2024-02-07T00:00:00
13103,SUPER3NFB0Z,20,100,2026-07-03,True,2025-11-23T00:00:00
13104,TOPY5AMGL,5,50,2025-10-29,False,2025-03-02T00:00:00
13105,OFFX0SW82,15,300,2025-08-01,False,2025-11-07T00:00:00
13106,SUPERPVQ1UP,50,150,2024-03-29,False,2025-06-11T00:00:00
13107,SAVETL1XRI,50,100,2025-08-29,False,2023-05-14T00:00:00
13108,PROMOC3QP45,15,300,2023-11-13,False,2023-08-27T00:00:00
13109,SUPER0NM0T7,10,150,2024-03-23,False,2024-06-06T00:00:00
13110,SALEXSSY63,10,100,2027-05-18,True,2025-07-15T00:00:00
13111,TOP2ZKI8M,30,500,2023-08-09,False,2026-04-06T00:00:00
13112,OFFWAEMET,25,300,2026-07-01,False,2026-03-11T00:00:00
13113,MEGAMHUXP3,10,100,2025-11-12,False,2025-09-30T00:00:00
13114,SAVE52SE3C,20,100,2027-02-25,True,2024-11-06T00:00:00
13115,MEGA3VIH8H,5,500,2024-06-22,False,2023-07-11T00:00:00
13116,SAVEHKRLOM,15,200,2023-04-12,False,2025-01-03T00:00:00
13117,PROMOA0EKB0,20,50,2026-12-23,False,2023-05-11T00:00:00
13118,TOPNRY51Q,10,100,2027-02-12,True,2023-01-21T00:00:00
13119,MEGAQ7IE8L,40,500,2027-03-10,True,2024-03-08T00:00:00
13120,SUPER69B5J2,10,150,2027-08-02,False,2024-02-11T00:00:00
13121,TOPGPYS0B,30,200,2023-08-30,False,2025-11-16T00:00:00
13122,TOP8R3XK3,50,300,2023-02-07,False,2023-01-20T00:00:00
13123,SUPERPOIABJ,20,500,2026-12-02,True,2024-06-14T00:00:00
13124,SAVE1G2AN5,15,150,2027-02-20,True,2024-02-02T00:00:00
13125,TOP6KV6ZX,40,300,2026-03-11,False,2024-05-06T00:00:00
13126,SAVEK2WBBN,20,50,2026-10-30,True,2025-03-31T00:00:00
13127,TOP07U23L,5,100,2023-07-16,False,2023-03-08T00:00:00
13128,OFFX8ZZ14,20,500,2026-07-04,False,2025-06-23T00:00:00
13129,SALERBV9OW,30,300,2027-11-14,False,2024-09-23T00:00:00
13130,MEGAMDJR9C,10,100,2024-02-16,False,2025-07-04T00:00:00
13131,SUPER0PS052,10,300,2023-01-17,False,2023-10-14T00:00:00
13132,SALE7IUPCE,15,500,2027-09-27,True,2024-01-12T00:00:00
13133,SUPER8F6UZ4,30,150,2027-11-06,False,2026-03-01T00:00:00
13134,TOPIVJV6B,30,200,2027-02-22,True,2023-07-20T00:00:00
13135,TOP4TGKB4,10,300,2026-08-25,False,2023-02-03T00:00:00
13136,TOP6LSURA,5,150,2023-12-24,False,2023-04-11T00:00:00
13137,SALEBIOIZC,50,100,2025-06-20,False,2025-02-20T00:00:00
13138,SALETZEYQK,50,200,2025-05-21,False,2025-11-12T00:00:00
13139,PROMOOWZX68,40,150,2025-11-27,False,2023-06-01T00:00:00
13140,DESCCF6T4I,5,150,2026-04-05,False,2026-04-23T00:00:00
13141,TOP013N5X,40,50,2026-05-11,False,2025-08-15T00:00:00
13142,SALE2M6JF9,30,300,2023-04-22,False,2025-09-16T00:00:00
13143,MEGAN3FKFY,5,50,2025-01-06,False,2025-01-31T00:00:00
13144,SUPERJCYF83,40,500,2024-10-10,False,2026-01-02T00:00:00
13145,MEGAXYCKNG,15,200,2024-03-31,False,2024-10-02T00:00:00
13146,DESCZEW4KO,5,100,2023-03-18,False,2024-01-23T00:00:00
13147,DESC7CEJQN,20,200,2025-11-27,False,2023-02-18T00:00:00
13148,TOP7LO5QY,40,500,2024-10-02,False,2025-09-05T00:00:00
13149,MEGADGLYZ5,20,100,2024-07-10,False,2026-05-07T00:00:00
13150,SUPERPCNBHP,30,500,2024-04-23,False,2023-07-27T00:00:00
13151,MEGA3HNZR0,5,50,2027-05-30,True,2024-06-18T00:00:00
13152,TOPE5YC93,15,100,2027-01-10,True,2026-04-30T00:00:00
13153,PROMOSMTD5V,25,500,2023-06-20,False,2025-07-03T00:00:00
13154,PROMOCEGCEJ,5,100,2027-10-24,True,2025-05-16T00:00:00
13155,DESC73Y6M6,20,50,2025-04-28,False,2025-06-07T00:00:00
13156,SUPERFRXHMV,15,150,2023-06-24,False,2025-03-23T00:00:00
13157,SUPERC9BEFL,50,500,2027-07-31,True,2025-09-25T00:00:00
13158,OFFXNY64Z,40,150,2026-08-12,False,2025-09-04T00:00:00
13159,SALED6S62A,30,500,2024-03-26,False,2023-11-11T00:00:00
13160,SAVEYCFMTG,40,50,2027-12-05,True,2023-08-27T00:00:00
13161,OFFJFSD6Y,30,200,2023-11-26,False,2025-10-04T00:00:00
13162,MEGA0Y2VQ9,30,150,2027-09-03,False,2024-08-26T00:00:00
13163,MEGAKCQNEU,50,150,2024-07-08,False,2026-01-12T00:00:00
13164,SAVECI715W,20,150,2027-07-29,True,2024-08-03T00:00:00
13165,MEGAVUZFAI,5,50,2026-08-07,True,2024-01-25T00:00:00
13166,PROMO23CKSX,15,200,2027-12-05,True,2024-08-07T00:00:00
13167,MEGACMPS7I,30,100,2026-05-02,False,2025-06-29T00:00:00
13168,SALELMLZ9U,5,50,2025-05-06,False,2024-10-14T00:00:00
13169,PROMOJ96LYS,50,500,2025-05-24,False,2025-10-09T00:00:00
13170,SAVE9OLCTU,20,500,2026-07-30,True,2026-04-28T00:00:00
13171,PROMOFRK1UM,50,200,2025-07-08,False,2023-05-11T00:00:00
13172,TOPS564KM,25,200,2024-07-28,False,2023-12-05T00:00:00
13173,SALECOXGFC,10,500,2026-04-23,False,2023-07-15T00:00:00
13174,DESCR29VEU,50,50,2023-05-23,False,2024-07-13T00:00:00
13175,PROMOGOF5PH,10,150,2026-04-15,False,2024-04-08T00:00:00
13176,PROMOBZP3TB,5,50,2023-12-07,False,2025-06-30T00:00:00
13177,SALEGIHY73,5,300,2027-02-21,False,2024-11-03T00:00:00
13178,SAVEOPG406,30,500,2024-03-29,False,2024-01-03T00:00:00
13179,DESC1ZRVIZ,30,300,2026-01-03,False,2024-04-06T00:00:00
13180,SALEFHSPBT,20,150,2024-10-07,False,2026-04-15T00:00:00
13181,SUPERQP7UVM,30,500,2024-11-17,False,2023-02-22T00:00:00
13182,SAVEKXEMHE,30,200,2024-10-20,False,2025-07-23T00:00:00
13183,SAVEV2YL57,5,100,2025-07-17,False,2024-11-15T00:00:00
13184,SAVERSD6GN,10,50,2023-01-16,False,2023-08-03T00:00:00
13185,SUPERIPJEVQ,50,150,2026-04-24,False,2026-01-01T00:00:00
13186,SAVET61O1X,5,500,2024-04-21,False,2025-04-07T00:00:00
13187,OFFSQ5W5H,40,50,2024-02-28,False,2026-01-31T00:00:00
13188,MEGANA350G,15,300,2023-06-05,False,2025-08-20T00:00:00
13189,DESC4T9L2N,25,50,2023-11-21,False,2026-02-15T00:00:00
13190,TOPT0SM2W,40,500,2026-11-23,True,2025-07-20T00:00:00
13191,SALERGOF6N,50,500,2027-05-19,True,2023-09-10T00:00:00
13192,PROMOCNKCD4,30,50,2023-01-13,False,2025-09-10T00:00:00
13193,DESCBRE7QP,25,50,2027-02-28,True,2024-09-09T00:00:00
13194,SUPERR6G7G3,50,300,2025-02-07,False,2023-03-10T00:00:00
13195,OFFLCAML2,20,300,2023-09-06,False,2024-11-17T00:00:00
13196,DESCRMG0JF,40,200,2027-09-08,True,2024-09-19T00:00:00
13197,PROMOARC4SN,25,300,2023-01-15,False,2026-04-17T00:00:00
13198,SAVETZLRQY,20,200,2026-09-14,True,2023-09-24T00:00:00
13199,SAVEJ112AB,25,150,2027-05-18,True,2026-02-02T00:00:00
13200,SAVE7790KC,30,200,2026-03-18,False,2024-12-25T00:00:00
13201,SALEUJGXCR,25,200,2024-10-18,False,2026-01-18T00:00:00
13202,SALED03MQJ,5,50,2025-12-14,False,2023-03-20T00:00:00
13203,SALEWA4J7X,15,50,2026-09-20,False,2025-01-28T00:00:00
13204,TOP6J9ZP9,15,500,2026-07-11,True,2024-03-20T00:00:00
13205,SAVET5M6BX,15,300,2025-05-19,False,2024-03-20T00:00:00
13206,SALEQS0GR5,20,300,2023-11-12,False,2026-01-19T00:00:00
13207,SAVEIA9340,10,50,2023-11-08,False,2025-09-01T00:00:00
13208,DESCENA9D7,40,150,2025-01-15,False,2024-07-23T00:00:00
13209,TOP5HHV5Y,30,150,2025-05-01,False,2024-12-03T00:00:00
13210,TOPB7BIN7,40,150,2023-07-07,False,2024-02-21T00:00:00
13211,SAVE5YIHN9,5,100,2026-12-30,True,2023-12-02T00:00:00
13212,DESCU2PP80,40,100,2025-08-21,False,2025-04-26T00:00:00
13213,OFFP1GTDN,30,150,2024-10-04,False,2024-10-03T00:00:00
13214,TOPRB0XZH,20,150,2027-08-24,True,2026-02-02T00:00:00
13215,SAVEZQ7C9M,40,100,2023-03-20,False,2023-02-11T00:00:00
13216,SAVEC86SN8,20,150,2024-06-30,False,2025-04-13T00:00:00
13217,MEGAOTP36X,40,100,2026-10-10,False,2025-09-06T00:00:00
13218,SUPERCEQY2A,20,100,2024-01-22,False,2023-10-25T00:00:00
13219,DESCUN6PVU,30,100,2023-10-17,False,2026-04-25T00:00:00
13220,SAVETMSY30,20,200,2025-11-09,False,2023-09-08T00:00:00
13221,SALEP4D5QD,40,200,2025-05-09,False,2025-08-10T00:00:00
13222,SUPERBVTJJ7,10,300,2027-05-11,True,2025-09-12T00:00:00
13223,SUPEROXY3OZ,50,50,2027-02-01,True,2024-03-21T00:00:00
13224,OFFFDPUYZ,10,100,2024-05-21,False,2023-01-21T00:00:00
13225,SALEHUQ47E,10,200,2026-07-05,True,2026-01-19T00:00:00
13226,TOP8EX833,25,100,2024-05-17,False,2024-08-23T00:00:00
13227,SUPERD9680F,25,500,2023-10-30,False,2025-04-28T00:00:00
13228,SALEXMSCXL,50,50,2023-10-20,False,2026-04-11T00:00:00
13229,OFFQKRXRY,10,300,2025-11-12,False,2024-12-15T00:00:00
13230,DESCQIMOTP,10,300,2025-02-09,False,2025-04-13T00:00:00
13231,PROMO40G80W,50,100,2024-06-06,False,2025-06-04T00:00:00
13232,OFFUFSG75,30,150,2024-03-06,False,2026-01-24T00:00:00
13233,DESCYAGJC0,30,200,2023-04-08,False,2025-11-08T00:00:00
13234,PROMOI4JMTY,15,100,2027-11-12,True,2024-03-24T00:00:00
13235,OFFQQ8MDL,20,500,2025-12-07,False,2026-05-31T00:00:00
13236,DESC3Y31XD,15,500,2027-04-20,False,2024-02-08T00:00:00
13237,PROMO3JLRVB,20,500,2027-09-30,True,2024-11-23T00:00:00
13238,SUPERFI4AJY,10,50,2026-12-05,True,2026-02-27T00:00:00
13239,MEGAKMFK12,30,150,2024-11-24,False,2026-04-11T00:00:00
13240,MEGA0OPEUL,15,50,2023-04-25,False,2026-03-15T00:00:00
13241,OFF8RL1YQ,15,200,2024-08-23,False,2024-01-20T00:00:00
13242,SUPERJXLZTI,40,150,2024-04-06,False,2024-02-15T00:00:00
13243,SUPERV8X2B7,10,500,2023-02-08,False,2023-01-07T00:00:00
13244,OFFF0QX32,40,500,2027-07-23,True,2023-11-14T00:00:00
13245,DESCDBZH89,25,300,2027-01-21,False,2023-07-20T00:00:00
13246,DESCZ2SNT7,10,50,2026-01-04,False,2023-07-14T00:00:00
13247,OFFJZVVIC,15,300,2024-01-24,False,2023-05-20T00:00:00
13248,SAVEDPPPE7,10,100,2023-08-17,False,2023-12-13T00:00:00
13249,PROMOY4AQIH,25,150,2025-12-02,False,2025-09-13T00:00:00
13250,SALE00R0R1,5,200,2026-09-10,True,2025-01-16T00:00:00
13251,PROMOS3KQTG,30,100,2025-10-07,False,2026-03-28T00:00:00
13252,OFFOQHGK2,15,100,2025-04-11,False,2024-01-21T00:00:00
13253,PROMOBKZ5D7,10,300,2024-03-14,False,2024-09-19T00:00:00
13254,OFFG7SS6T,50,200,2027-10-05,True,2023-04-06T00:00:00
13255,MEGAZKRK0I,20,50,2027-03-01,True,2025-07-06T00:00:00
13256,TOP332MBL,30,300,2025-02-08,False,2026-06-08T00:00:00
13257,PROMOVA4L71,50,500,2024-02-22,False,2024-12-31T00:00:00
13258,PROMOQMUF0R,30,500,2026-01-27,False,2026-03-06T00:00:00
13259,TOPH857SL,15,50,2024-11-21,False,2024-12-26T00:00:00
13260,PROMO170UXI,15,500,2026-05-31,False,2024-09-21T00:00:00
13261,TOPIZOFR1,30,150,2023-04-28,False,2025-10-07T00:00:00
13262,SUPERLFJX9C,25,150,2024-06-28,False,2024-06-29T00:00:00
13263,PROMODTJNSQ,20,100,2026-09-11,True,2024-03-07T00:00:00
13264,DESCF83ARV,20,500,2023-10-04,False,2023-04-07T00:00:00
13265,PROMOAIE7K8,5,50,2026-04-05,False,2023-04-26T00:00:00
13266,MEGAIIBI2N,5,300,2023-11-10,False,2023-04-18T00:00:00
13267,SALEXANMI8,25,200,2027-11-24,True,2023-06-24T00:00:00
13268,SALE2SYX6V,40,100,2027-12-05,True,2024-04-23T00:00:00
13269,MEGAXFFBGJ,10,500,2026-04-09,False,2023-08-07T00:00:00
13270,PROMO7BO6XQ,15,200,2025-01-28,False,2026-04-09T00:00:00
13271,OFF3Y54RE,30,200,2027-10-18,False,2024-04-16T00:00:00
13272,DESCFQSBOK,15,300,2024-05-26,False,2026-01-27T00:00:00
13273,SALE0VTFBL,30,500,2024-12-02,False,2025-05-02T00:00:00
13274,TOPNHGSTU,10,150,2025-10-07,False,2023-09-28T00:00:00
13275,SAVEFODFGV,10,300,2024-01-01,False,2026-01-16T00:00:00
13276,SAVEZMDZVT,50,150,2025-02-26,False,2026-02-04T00:00:00
13277,TOPLUYUDG,50,200,2023-08-25,False,2025-09-12T00:00:00
13278,TOPWO4NBF,30,100,2025-09-09,False,2025-05-26T00:00:00
13279,SAVEXAK69Y,50,150,2025-12-29,False,2025-07-08T00:00:00
13280,SALEP5UCS1,15,50,2023-02-10,False,2026-01-08T00:00:00
13281,SUPER54VZQ0,5,300,2023-06-29,False,2024-11-19T00:00:00
13282,SUPER027QXW,15,50,2024-04-26,False,2023-12-08T00:00:00
13283,PROMOWYSZ25,40,300,2025-03-13,False,2026-05-23T00:00:00
13284,TOP0W1TFU,5,100,2025-01-07,False,2025-11-12T00:00:00
13285,MEGAA4T35A,30,150,2026-12-22,True,2025-04-23T00:00:00
13286,TOPQCTHUC,50,150,2025-08-05,False,2024-03-01T00:00:00
13287,OFF31SZW4,30,50,2023-02-14,False,2023-09-04T00:00:00
13288,SAVEQ69M97,15,300,2025-03-31,False,2023-09-16T00:00:00
13289,SALEEP7PEX,5,50,2023-01-06,False,2023-03-24T00:00:00
13290,PROMOWOP79Z,15,300,2025-11-10,False,2024-01-08T00:00:00
13291,PROMOVL6XDZ,40,200,2026-07-01,True,2025-03-03T00:00:00
13292,SAVEZY9F20,15,150,2026-01-04,False,2025-05-04T00:00:00
13293,SAVEAOJ3T4,50,150,2026-05-31,False,2023-01-14T00:00:00
13294,PROMO19V00L,40,150,2025-02-16,False,2026-03-01T00:00:00
13295,OFFOM1AUV,15,300,2026-09-27,False,2025-08-04T00:00:00
13296,SALEYTFY1B,20,150,2025-01-18,False,2024-07-06T00:00:00
13297,MEGAWG4I3T,10,50,2024-07-11,False,2025-09-19T00:00:00
13298,OFFHSSSFC,5,150,2025-02-01,False,2023-08-09T00:00:00
13299,SAVES4BKWJ,20,150,2026-07-12,False,2024-03-01T00:00:00
13300,TOPQ21B2Q,5,50,2025-10-21,False,2023-08-03T00:00:00
13301,OFFKKVO6S,5,100,2024-08-07,False,2024-07-15T00:00:00
13302,DESCC3WREV,50,150,2026-09-04,False,2025-12-19T00:00:00
13303,DESCLTEKA7,10,100,2025-08-09,False,2024-07-06T00:00:00
13304,SUPER0K59OO,15,50,2024-01-22,False,2024-08-12T00:00:00
13305,MEGAOPWQRY,30,100,2023-01-08,False,2023-01-31T00:00:00
13306,TOPZ5DMED,50,100,2024-11-20,False,2023-12-05T00:00:00
13307,MEGA8OGFY0,5,100,2026-06-21,True,2023-01-08T00:00:00
13308,SUPERHQ75FF,25,50,2025-04-08,False,2024-05-22T00:00:00
13309,MEGAOK3X9O,30,50,2026-08-18,True,2024-03-01T00:00:00
13310,SALEYJ02CY,50,500,2027-04-26,True,2023-03-27T00:00:00
13311,DESCMM18VT,5,500,2027-07-13,False,2024-09-26T00:00:00
13312,SUPERZLDECK,20,150,2025-11-07,False,2023-01-09T00:00:00
13313,SALEX0NCMV,30,50,2023-10-11,False,2023-04-26T00:00:00
13314,TOPPY00E0,25,500,2024-09-13,False,2025-04-11T00:00:00
13315,SUPERI30FLA,40,200,2027-06-24,False,2025-02-13T00:00:00
13316,DESCGSIK30,20,500,2023-11-02,False,2023-12-12T00:00:00
13317,SALEQFEINU,40,200,2023-04-03,False,2025-11-05T00:00:00
13318,TOPRH9GOD,50,100,2025-03-28,False,2026-04-05T00:00:00
13319,SUPER8RGFP7,25,500,2026-10-18,True,2026-05-28T00:00:00
13320,SALEHVPP33,15,300,2023-05-02,False,2023-02-12T00:00:00
13321,MEGADVMSFO,40,500,2023-05-02,False,2026-05-19T00:00:00
13322,MEGAJ8EYQ6,5,200,2024-01-30,False,2025-12-26T00:00:00
13323,SUPERIXYQNM,30,100,2024-10-31,False,2025-01-08T00:00:00
13324,TOP68EGA5,40,50,2025-06-14,False,2025-08-13T00:00:00
13325,SALEUBN96B,10,300,2025-11-21,False,2023-04-25T00:00:00
13326,SALEWDRLV6,5,100,2026-08-11,True,2023-09-20T00:00:00
13327,TOPYCLUXK,20,150,2026-08-07,False,2025-09-08T00:00:00
13328,SALEL8TCI5,5,100,2024-12-20,False,2026-01-29T00:00:00
13329,SAVEYSVFPN,50,500,2026-12-23,False,2023-09-05T00:00:00
13330,SALEV16TQJ,30,100,2024-12-07,False,2026-05-20T00:00:00
13331,SAVE0Y1GC7,5,100,2024-02-24,False,2023-07-16T00:00:00
13332,SALEZO7RO9,5,200,2025-05-14,False,2025-10-14T00:00:00
13333,TOP7KK9LF,15,200,2023-05-21,False,2026-02-18T00:00:00
13334,MEGA6D1P6Y,10,50,2026-04-18,False,2023-04-26T00:00:00
13335,SALEI3Z0BD,40,200,2025-01-28,False,2025-07-10T00:00:00
13336,SALE1MX5GF,20,50,2023-03-19,False,2025-01-14T00:00:00
13337,SAVEVMCD3D,20,300,2025-09-17,False,2025-09-06T00:00:00
13338,SAVE4O0JZA,30,200,2026-04-03,False,2025-08-27T00:00:00
13339,DESC1DKGYM,40,300,2024-04-18,False,2023-08-29T00:00:00
13340,SAVE7K9MVP,5,300,2025-01-09,False,2023-08-20T00:00:00
13341,DESCJJJZ04,15,150,2025-03-13,False,2024-04-07T00:00:00
13342,PROMOOV7Q9Z,15,500,2026-08-25,True,2025-01-02T00:00:00
13343,TOP97GCZU,25,50,2026-05-19,False,2025-07-07T00:00:00
13344,PROMOVCQTW1,40,100,2024-06-10,False,2023-05-29T00:00:00
13345,DESCYEYEJY,15,300,2027-01-08,True,2023-07-08T00:00:00
13346,SAVE2QDVQP,40,150,2026-05-11,False,2023-03-12T00:00:00
13347,PROMOBVNPPA,25,50,2024-12-17,False,2024-01-31T00:00:00
13348,SAVE17DXY1,20,150,2025-03-24,False,2025-10-22T00:00:00
13349,MEGATHFGRL,15,500,2024-03-23,False,2024-03-28T00:00:00
13350,SALEF98A62,50,150,2027-12-06,True,2024-01-15T00:00:00
13351,TOPQR2YAY,40,100,2025-12-21,False,2023-11-14T00:00:00
13352,SUPERU0ZV7T,30,50,2025-11-12,False,2025-02-06T00:00:00
13353,DESCX93QQ9,5,100,2025-04-08,False,2025-02-24T00:00:00
13354,TOP3GFN48,15,50,2023-12-18,False,2025-11-27T00:00:00
13355,SAVEIO4ANM,30,200,2027-01-15,True,2023-07-04T00:00:00
13356,SAVE8710PD,50,300,2025-02-18,False,2023-04-29T00:00:00
13357,OFF4XTWFD,20,300,2024-04-05,False,2024-04-28T00:00:00
13358,DESCB5D744,50,200,2025-01-19,False,2025-11-24T00:00:00
13359,DESC1R3CA1,25,200,2023-10-22,False,2023-04-12T00:00:00
13360,DESCSSJJGU,25,200,2026-03-25,False,2023-07-04T00:00:00
13361,MEGAE16S21,50,300,2026-09-03,True,2025-01-17T00:00:00
13362,PROMOGFQ2KV,20,50,2027-02-16,False,2023-03-14T00:00:00
13363,SUPERO7MSBN,20,150,2023-05-30,False,2025-10-23T00:00:00
13364,SALEDWSG5G,50,300,2025-03-03,False,2025-03-05T00:00:00
13365,SUPERZ7D5Q5,10,500,2024-01-03,False,2026-04-03T00:00:00
13366,MEGARW78LF,40,150,2024-10-03,False,2024-02-26T00:00:00
13367,OFFE9K11A,30,100,2025-04-22,False,2025-11-11T00:00:00
13368,OFFRQK8EQ,5,100,2023-02-03,False,2023-09-30T00:00:00
13369,SAVEMEF53F,40,500,2025-07-15,False,2025-12-28T00:00:00
13370,TOPTAYALE,40,500,2026-11-19,False,2025-07-06T00:00:00
13371,SALEFQW82L,10,500,2026-09-14,True,2025-09-11T00:00:00
13372,TOPETUV3G,30,150,2023-06-11,False,2024-12-29T00:00:00
13373,TOPNAU5WT,30,150,2024-05-04,False,2025-05-23T00:00:00
13374,SAVEUJPP60,20,300,2025-06-12,False,2025-07-27T00:00:00
13375,DESCIUL8JC,25,100,2024-02-08,False,2023-07-25T00:00:00
13376,SALE4KM3IP,50,200,2023-09-17,False,2024-10-30T00:00:00
13377,TOPPQVG8J,25,150,2023-04-23,False,2023-03-27T00:00:00
13378,PROMOSEYF66,25,150,2025-10-03,False,2023-01-19T00:00:00
13379,DESCTPVS8T,10,50,2026-02-08,False,2026-03-22T00:00:00
13380,MEGA6Q1Q2K,50,50,2023-07-16,False,2024-06-17T00:00:00
13381,SAVE10KGWA,15,200,2023-06-18,False,2026-05-10T00:00:00
13382,SAVE6X9KU5,10,100,2024-12-24,False,2023-08-27T00:00:00
13383,SUPERRQWTRT,25,300,2024-11-07,False,2023-01-21T00:00:00
13384,SALE6RF209,50,200,2025-11-01,False,2025-05-01T00:00:00
13385,SALEVN9JUK,15,200,2023-01-11,False,2023-12-19T00:00:00
13386,SUPER284OK4,30,50,2024-10-19,False,2024-01-18T00:00:00
13387,TOP88FCM5,5,100,2024-11-01,False,2025-10-26T00:00:00
13388,SALE849DZ8,5,100,2027-04-01,True,2024-10-16T00:00:00
13389,SUPER1V4AFE,10,300,2023-05-23,False,2025-05-22T00:00:00
13390,SAVE2B4AB6,25,50,2026-01-12,False,2026-06-03T00:00:00
13391,SAVE32CQ2B,25,200,2024-02-17,False,2025-07-03T00:00:00
13392,SALE2WAH44,15,50,2025-02-03,False,2024-01-08T00:00:00
13393,SUPERMPEV67,50,200,2024-01-13,False,2026-02-18T00:00:00
13394,SALE41DQJN,50,300,2026-03-20,False,2026-06-07T00:00:00
13395,DESCIQ7AV3,25,150,2023-12-01,False,2024-06-26T00:00:00
13396,PROMOQXRL2G,15,150,2026-05-14,False,2025-09-18T00:00:00
13397,TOPMC37AX,5,300,2027-09-16,True,2024-05-25T00:00:00
13398,SAVE8G1UEJ,5,300,2027-08-25,False,2025-03-23T00:00:00
13399,SUPERKF97F2,30,500,2023-01-26,False,2023-02-26T00:00:00
13400,DESCVTDD9F,25,300,2023-06-11,False,2024-07-10T00:00:00
13401,SAVEKAOVOM,10,50,2023-06-21,False,2025-11-19T00:00:00
13402,MEGA4O68X2,5,200,2027-12-25,False,2025-01-12T00:00:00
13403,MEGAMHBQ79,40,200,2024-09-24,False,2023-08-14T00:00:00
13404,OFFT7GRWT,10,500,2026-01-02,False,2025-08-30T00:00:00
13405,MEGA9I4CYY,10,300,2027-09-20,False,2023-04-20T00:00:00
13406,PROMOIXFAO4,30,300,2024-11-22,False,2026-03-21T00:00:00
13407,TOPGCH64T,10,300,2027-09-05,True,2025-02-20T00:00:00
13408,PROMOVTYP2N,15,500,2027-03-14,True,2025-05-27T00:00:00
13409,SAVECU4N7A,50,50,2026-01-29,False,2025-01-18T00:00:00
13410,MEGAYCMAG3,50,500,2026-05-27,False,2023-06-29T00:00:00
13411,PROMOT0PFGX,50,150,2027-11-22,True,2023-11-26T00:00:00
13412,TOPMAEJ22,30,500,2026-08-21,True,2025-04-13T00:00:00
13413,PROMO6VBBWN,25,200,2025-12-26,False,2023-08-01T00:00:00
13414,MEGATWO5B5,10,300,2023-04-13,False,2024-04-20T00:00:00
13415,TOP2ZEVD3,15,150,2024-02-18,False,2025-09-27T00:00:00
13416,DESCND2BVL,25,300,2025-03-05,False,2025-12-14T00:00:00
13417,PROMO0GKR08,20,200,2023-12-24,False,2024-09-28T00:00:00
13418,SAVEYFIQ32,25,100,2024-03-10,False,2026-02-05T00:00:00
13419,MEGA3FHMYM,15,100,2023-11-15,False,2025-08-20T00:00:00
13420,OFFZ98YMS,15,200,2025-06-26,False,2024-07-05T00:00:00
13421,SUPERY4BIVA,5,50,2026-12-22,False,2025-09-01T00:00:00
13422,PROMO24SDW5,20,200,2026-07-17,True,2025-05-30T00:00:00
13423,SAVE7Q32ZP,30,200,2023-01-12,False,2023-03-07T00:00:00
13424,SAVE9EC2IQ,20,150,2026-07-22,True,2024-01-27T00:00:00
13425,OFFYHMBFV,40,500,2026-11-29,True,2024-03-21T00:00:00
13426,MEGANBPFBJ,40,150,2025-10-29,False,2024-01-15T00:00:00
13427,MEGABRY78Z,20,300,2026-09-25,True,2024-09-15T00:00:00
13428,DESCC5J5C9,20,300,2023-09-30,False,2024-02-16T00:00:00
13429,DESCFIFIR5,10,300,2025-04-16,False,2026-01-06T00:00:00
13430,TOPXH6QRL,50,200,2026-11-24,True,2025-01-01T00:00:00
13431,SALEPUC6PG,15,100,2027-12-25,True,2023-09-26T00:00:00
13432,MEGADU87BQ,10,100,2023-10-04,False,2024-06-21T00:00:00
13433,OFF2ZA3XW,25,200,2026-02-04,False,2024-12-30T00:00:00
13434,MEGA87D1PU,15,50,2027-09-12,False,2025-03-12T00:00:00
13435,MEGAQXM7M4,40,300,2025-08-08,False,2026-06-01T00:00:00
13436,SAVEA62F1Q,50,500,2025-09-19,False,2023-01-22T00:00:00
13437,SAVEL1BX4M,5,500,2026-07-13,True,2023-11-06T00:00:00
13438,TOPFEIUPG,50,100,2027-01-08,True,2025-09-18T00:00:00
13439,SUPERE80XGS,25,50,2025-07-17,False,2025-01-10T00:00:00
13440,SUPER6L9Q8Z,20,50,2024-06-26,False,2023-12-13T00:00:00
13441,SUPERT90CLJ,5,300,2025-02-03,False,2025-03-16T00:00:00
13442,DESC8J13CR,30,150,2024-08-24,False,2024-01-12T00:00:00
13443,OFF6K7ZT1,10,500,2024-06-20,False,2023-02-12T00:00:00
13444,DESCPYHZIH,50,200,2025-06-11,False,2025-04-05T00:00:00
13445,TOPM9POZM,5,500,2026-06-09,False,2025-02-05T00:00:00
13446,SAVET6KMXU,40,500,2024-04-23,False,2024-10-20T00:00:00
13447,SALEZJ4PG9,15,150,2023-05-12,False,2024-12-04T00:00:00
13448,OFFGMSTEA,40,300,2026-06-21,False,2024-11-18T00:00:00
13449,PROMO2ZFWV7,50,200,2023-03-21,False,2024-04-15T00:00:00
13450,MEGAJ0J4UO,40,150,2023-07-25,False,2026-05-19T00:00:00
13451,OFFU5WT3X,20,300,2025-01-09,False,2024-03-25T00:00:00
13452,DESCWE0D1G,40,300,2026-08-12,False,2026-03-22T00:00:00
13453,OFFMOBBCK,30,50,2025-10-27,False,2024-10-04T00:00:00
13454,DESCJEDS9S,20,500,2026-09-05,True,2024-09-24T00:00:00
13455,SALE7ZAZ49,30,100,2023-05-25,False,2025-10-04T00:00:00
13456,OFFX6UKNW,30,200,2023-08-12,False,2024-03-21T00:00:00
13457,MEGADFNK3F,5,150,2026-08-26,False,2025-11-01T00:00:00
13458,MEGAUI27FD,15,150,2026-10-15,True,2026-05-15T00:00:00
13459,DESC3VO9P6,30,50,2025-08-22,False,2026-01-07T00:00:00
13460,SAVE0HPGVP,15,300,2024-11-01,False,2025-01-21T00:00:00
13461,MEGA7NAEOM,30,500,2023-04-11,False,2025-06-17T00:00:00
13462,TOP0MLK3U,50,150,2026-03-28,False,2026-02-14T00:00:00
13463,DESC9XO8AQ,10,200,2027-11-05,True,2023-07-13T00:00:00
13464,TOPOJD30Y,20,200,2026-02-07,False,2024-03-08T00:00:00
13465,TOPR4MMDT,20,200,2024-01-17,False,2023-01-31T00:00:00
13466,OFF2I4T4Q,10,50,2027-04-07,True,2025-09-17T00:00:00
13467,SALEL3IZCM,50,150,2024-04-01,False,2026-03-08T00:00:00
13468,TOPP65REP,10,50,2027-05-03,False,2024-03-10T00:00:00
13469,SALEOAFICR,15,150,2024-06-20,False,2025-11-24T00:00:00
13470,SAVEXE8KEJ,50,100,2024-06-03,False,2025-08-15T00:00:00
13471,MEGA2JRWRX,30,100,2023-07-29,False,2026-06-01T00:00:00
13472,DESC4YOAZ7,20,50,2027-05-20,True,2025-04-29T00:00:00
13473,PROMOV5X2EA,10,150,2023-05-10,False,2025-03-18T00:00:00
13474,DESC0BQYDD,40,500,2027-11-21,False,2024-07-23T00:00:00
13475,PROMOZ3K9I1,10,500,2026-04-11,False,2026-05-26T00:00:00
13476,MEGAGK243V,10,100,2023-12-05,False,2025-05-26T00:00:00
13477,SALE1VC9SP,25,100,2025-10-13,False,2023-03-01T00:00:00
13478,PROMOZOM0J8,30,50,2026-02-04,False,2025-11-14T00:00:00
13479,SALEYR5QRC,5,200,2027-09-02,False,2023-03-11T00:00:00
13480,MEGA6K70C0,10,300,2023-05-20,False,2025-10-28T00:00:00
13481,MEGAXRPT7S,25,200,2024-11-13,False,2024-01-27T00:00:00
13482,OFF5AQ15L,15,500,2027-07-26,False,2024-04-23T00:00:00
13483,TOP6CWIHR,10,300,2024-10-29,False,2024-03-15T00:00:00
13484,SAVE7M0D7F,20,150,2023-07-08,False,2023-05-17T00:00:00
13485,OFFXWHEIJ,25,100,2026-11-21,False,2025-12-19T00:00:00
13486,TOPQDA8HN,50,100,2026-04-23,False,2025-04-17T00:00:00
13487,DESCIZA7E6,25,100,2026-05-29,False,2025-09-06T00:00:00
13488,OFFR5UVVA,25,100,2023-04-16,False,2023-09-16T00:00:00
13489,OFF0F4NIV,25,100,2024-08-28,False,2024-05-08T00:00:00
13490,SAVESDMD3B,15,500,2027-12-19,True,2024-12-03T00:00:00
13491,SALE7NO7A9,25,100,2027-01-27,False,2023-12-12T00:00:00
13492,OFFRCAONU,30,150,2026-07-19,False,2024-04-29T00:00:00
13493,TOP0934GU,15,200,2025-11-15,False,2024-07-21T00:00:00
13494,OFFEW0TNF,5,200,2023-11-06,False,2025-11-04T00:00:00
13495,SAVE93XA7W,50,300,2024-03-19,False,2025-03-08T00:00:00
13496,MEGAO548LY,20,200,2023-09-25,False,2025-04-20T00:00:00
13497,PROMOIM1UHZ,30,50,2023-04-07,False,2026-01-25T00:00:00
13498,SALEOY226S,30,300,2027-08-10,True,2024-07-27T00:00:00
13499,MEGAZPPKF8,40,500,2026-07-19,True,2023-11-19T00:00:00
13500,OFFMBY43U,25,500,2024-08-23,False,2024-07-11T00:00:00
13501,MEGA9AX53Z,40,300,2024-03-19,False,2025-12-15T00:00:00
13502,OFFXJ7G0O,5,500,2027-10-10,True,2024-08-10T00:00:00
13503,PROMOF4VFUN,30,150,2026-11-12,True,2025-04-21T00:00:00
13504,SAVEGVKY7M,15,200,2023-01-02,False,2025-01-03T00:00:00
13505,SALEOOKUAM,40,150,2026-05-01,False,2025-08-26T00:00:00
13506,SUPERVZPVPP,20,150,2026-08-02,True,2025-06-01T00:00:00
13507,SALEF5O8T2,50,50,2023-02-02,False,2025-08-13T00:00:00
13508,DESCUV0JOM,50,300,2023-07-17,False,2026-05-24T00:00:00
13509,PROMORU387I,50,150,2023-01-19,False,2023-11-30T00:00:00
13510,SALEN7NR80,30,100,2027-04-01,True,2023-06-03T00:00:00
13511,DESCGPX1UE,25,300,2025-09-15,False,2025-04-16T00:00:00
13512,PROMOONNJ8R,20,200,2026-02-24,False,2026-01-01T00:00:00
13513,SALEF8LKB5,10,50,2023-12-04,False,2025-08-18T00:00:00
13514,OFFEOLLH7,15,200,2027-01-01,False,2026-06-01T00:00:00
13515,SAVEE1M58M,25,300,2024-12-13,False,2023-08-23T00:00:00
13516,SUPERT9FCP5,15,300,2024-12-30,False,2023-11-14T00:00:00
13517,MEGA1UKB0I,40,500,2027-08-04,True,2023-01-27T00:00:00
13518,PROMOF7534I,40,300,2026-01-05,False,2025-01-30T00:00:00
13519,MEGAZLSW8M,30,150,2025-06-02,False,2024-07-05T00:00:00
13520,SALEVP8RLS,15,500,2027-01-06,True,2026-03-08T00:00:00
13521,DESCVXAT17,30,500,2024-09-10,False,2025-12-30T00:00:00
13522,MEGAZUW33C,15,50,2026-06-02,False,2026-05-23T00:00:00
13523,SALEEY5X3Q,50,100,2025-09-09,False,2024-07-25T00:00:00
13524,TOPWZ2C2J,20,50,2023-11-28,False,2023-10-30T00:00:00
13525,TOPMGBB3Z,20,200,2025-10-22,False,2024-11-28T00:00:00
13526,TOPUCK9DG,50,300,2023-08-20,False,2024-07-03T00:00:00
13527,SALEZINDLL,15,300,2025-10-21,False,2023-06-25T00:00:00
13528,SALEGU6H1I,25,300,2027-03-17,True,2023-09-17T00:00:00
13529,SAVEM9G6J1,50,50,2027-12-30,False,2023-07-19T00:00:00
13530,DESCW9E6GA,20,500,2023-05-28,False,2026-06-05T00:00:00
13531,SUPER0YF3ER,25,100,2024-11-27,False,2025-02-03T00:00:00
13532,PROMOI0YDAL,50,150,2023-12-23,False,2024-03-03T00:00:00
13533,TOPJPKGDB,30,200,2023-03-30,False,2025-04-15T00:00:00
13534,SAVEQTZZPI,15,100,2024-07-12,False,2025-02-27T00:00:00
13535,TOP4L8OQ7,40,100,2026-05-18,False,2025-10-14T00:00:00
13536,SUPEREPS8HB,5,300,2024-05-08,False,2024-07-30T00:00:00
13537,DESC4O8H4L,40,200,2027-02-15,True,2023-01-07T00:00:00
13538,SALE7RND5M,10,100,2027-11-01,True,2024-08-05T00:00:00
13539,SUPERMIDXTA,25,300,2025-06-12,False,2025-11-16T00:00:00
13540,MEGAR2RAIV,50,500,2025-12-09,False,2025-10-15T00:00:00
13541,SUPER0H2S3I,30,150,2023-02-12,False,2025-07-23T00:00:00
13542,MEGAIWZJS0,40,50,2024-01-04,False,2023-06-04T00:00:00
13543,SAVE4KKB88,15,50,2027-02-16,True,2025-10-06T00:00:00
13544,SAVE3Q74M4,40,200,2024-07-05,False,2024-08-30T00:00:00
13545,MEGAKHWDO5,15,500,2023-07-23,False,2026-04-18T00:00:00
13546,SAVEL06GW2,20,200,2023-10-01,False,2025-09-27T00:00:00
13547,DESC3WDVTW,15,500,2025-05-06,False,2024-04-26T00:00:00
13548,TOPCD2LWU,50,200,2024-08-21,False,2025-05-30T00:00:00
13549,OFFQUVJSC,25,500,2024-07-24,False,2026-04-02T00:00:00
13550,OFFRYCFSQ,25,150,2025-04-01,False,2026-03-07T00:00:00
13551,SALE1CCCLF,15,50,2024-11-08,False,2026-04-05T00:00:00
13552,DESCRAI4I6,20,500,2027-09-27,True,2023-12-12T00:00:00
13553,OFFU700AX,20,50,2025-05-19,False,2023-04-11T00:00:00
13554,SAVEE2JVZD,15,500,2025-03-26,False,2024-07-16T00:00:00
13555,TOP4YS79K,20,200,2023-09-22,False,2025-05-03T00:00:00
13556,SUPERVIOZZH,30,200,2023-02-09,False,2023-05-19T00:00:00
13557,PROMO1PYJPH,25,200,2026-08-07,True,2025-03-05T00:00:00
13558,TOPAIMICL,15,500,2026-04-02,False,2025-01-11T00:00:00
13559,OFFZY5Y94,20,300,2026-12-19,True,2023-09-17T00:00:00
13560,SUPERP3WRKJ,20,50,2024-07-14,False,2026-03-28T00:00:00
13561,SALE1WDU3C,30,500,2026-12-11,False,2023-06-18T00:00:00
13562,DESCAHFNZZ,20,150,2026-01-25,False,2023-12-17T00:00:00
13563,DESCUNYUKB,15,50,2025-10-23,False,2025-10-07T00:00:00
13564,PROMOH8RNUC,30,50,2025-12-17,False,2024-09-23T00:00:00
13565,OFF8HA6O2,20,200,2026-08-03,True,2025-06-08T00:00:00
13566,TOPA5P0AZ,20,50,2026-03-04,False,2024-11-09T00:00:00
13567,TOPVQV0MP,20,300,2027-05-16,True,2025-07-18T00:00:00
13568,TOPZ934AS,40,500,2027-11-02,True,2025-12-22T00:00:00
13569,SALEFVBKRL,5,200,2026-10-15,True,2023-01-09T00:00:00
13570,OFFQF4SDA,30,100,2023-12-18,False,2025-10-20T00:00:00
13571,SAVEEKLX1P,25,500,2024-08-19,False,2024-06-03T00:00:00
13572,DESCLM0ZXM,30,300,2026-08-09,True,2025-05-29T00:00:00
13573,OFFA1HXK4,20,500,2024-02-29,False,2026-06-11T00:00:00
13574,SAVEJM1CO4,10,100,2024-02-22,False,2026-05-29T00:00:00
13575,SALEB1FIRJ,20,50,2026-12-26,False,2023-07-29T00:00:00
13576,SUPERZS1XEZ,30,150,2023-06-12,False,2023-05-27T00:00:00
13577,SUPER50O3XJ,50,300,2027-04-26,False,2024-10-12T00:00:00
13578,SAVELHODMT,15,50,2027-06-14,True,2023-04-05T00:00:00
13579,MEGAQSPAE4,5,300,2026-02-27,False,2025-12-21T00:00:00
13580,TOP3JKC7M,20,300,2024-10-18,False,2023-04-02T00:00:00
13581,PROMOTC4AWI,5,100,2027-07-22,True,2026-06-10T00:00:00
13582,OFFLTQGW5,5,500,2026-07-26,True,2024-12-26T00:00:00
13583,TOP9ZLE8S,15,100,2023-05-31,False,2023-01-08T00:00:00
13584,TOPOMHJBF,25,500,2023-12-01,False,2024-01-06T00:00:00
13585,MEGAHOYN0S,50,300,2023-08-16,False,2024-10-15T00:00:00
13586,MEGAGWIIPW,50,500,2027-07-31,False,2025-04-09T00:00:00
13587,PROMO8SRSTA,50,150,2026-04-17,False,2024-07-04T00:00:00
13588,SUPERN52MPK,15,500,2027-07-05,False,2024-02-04T00:00:00
13589,DESC7K4BMS,15,150,2023-04-19,False,2025-05-11T00:00:00
13590,PROMOTNSL2O,10,100,2025-02-06,False,2023-01-04T00:00:00
13591,SAVEQZ6C27,50,300,2023-09-07,False,2023-01-24T00:00:00
13592,OFFR76LLH,20,500,2026-02-11,False,2024-12-25T00:00:00
13593,SAVEX0VR90,40,200,2025-09-22,False,2024-11-29T00:00:00
13594,SUPERHYXEUB,20,300,2025-01-02,False,2026-04-07T00:00:00
13595,TOPJZOH50,10,150,2026-01-20,False,2023-05-21T00:00:00
13596,SAVE8VJP4T,20,100,2025-11-16,False,2025-01-27T00:00:00
13597,OFFBCY3GW,30,200,2023-12-31,False,2025-10-15T00:00:00
13598,OFFFZNCDP,30,300,2025-09-19,False,2026-01-20T00:00:00
13599,TOP0J5QEJ,25,200,2026-04-21,False,2025-11-10T00:00:00
13600,TOPUSV53Q,50,500,2025-05-16,False,2023-07-18T00:00:00
13601,MEGADEBWCX,5,150,2023-05-29,False,2025-12-11T00:00:00
13602,SUPER7EG9OH,50,500,2023-09-22,False,2023-06-21T00:00:00
13603,SUPER0JKP7F,25,50,2027-02-02,True,2023-01-30T00:00:00
13604,OFFF5AX48,5,150,2023-12-16,False,2023-01-05T00:00:00
13605,SAVE8IIKEB,15,200,2027-07-12,True,2026-06-04T00:00:00
13606,OFFWBHAX0,40,150,2023-06-20,False,2023-12-04T00:00:00
13607,PROMOGEHY84,40,500,2027-11-26,False,2025-12-25T00:00:00
13608,DESC7G5SDX,20,50,2025-10-23,False,2023-01-10T00:00:00
13609,MEGACW5LSA,10,500,2026-07-18,False,2024-03-05T00:00:00
13610,SUPERXRS0PH,10,50,2023-04-08,False,2025-09-05T00:00:00
13611,DESCHSB0AE,15,150,2026-05-08,False,2024-09-29T00:00:00
13612,OFFBTORVL,30,50,2024-03-22,False,2025-08-21T00:00:00
13613,MEGARQAOGC,50,50,2023-05-10,False,2024-04-20T00:00:00
13614,SALESHSEAA,10,50,2025-09-08,False,2024-01-15T00:00:00
13615,SUPER7YC1EA,25,200,2024-06-18,False,2025-03-13T00:00:00
13616,SUPERY3Z9U4,25,300,2025-05-08,False,2023-07-01T00:00:00
13617,DESC13V8XX,10,500,2023-03-26,False,2025-12-11T00:00:00
13618,PROMOVRV1JR,20,500,2023-08-28,False,2025-09-09T00:00:00
13619,SUPER4YE8ES,5,500,2025-07-02,False,2024-02-11T00:00:00
13620,TOPVE6FJ5,5,300,2024-03-13,False,2026-05-10T00:00:00
13621,SALESVR9LH,15,500,2027-11-12,False,2023-05-14T00:00:00
13622,SAVEDIW2WU,30,50,2025-01-20,False,2025-01-23T00:00:00
13623,SUPER3RSXUA,50,500,2024-02-23,False,2024-06-21T00:00:00
13624,SUPER76EOPT,50,50,2025-10-07,False,2024-04-11T00:00:00
13625,SALEVBKRAX,50,300,2027-11-02,True,2025-02-11T00:00:00
13626,PROMOIOH9IU,15,300,2024-10-07,False,2023-08-21T00:00:00
13627,SUPER3AYMAB,10,500,2025-05-13,False,2025-04-30T00:00:00
13628,OFFVVTIMR,15,150,2027-10-25,False,2024-04-24T00:00:00
13629,PROMONZ94XQ,5,50,2024-07-01,False,2025-01-12T00:00:00
13630,MEGA5YTEUO,25,200,2023-06-15,False,2024-11-06T00:00:00
13631,SUPERX8HCPU,30,200,2025-04-27,False,2024-05-29T00:00:00
13632,DESCV46IWS,40,150,2026-08-11,True,2026-02-12T00:00:00
13633,OFFFJNCLV,15,50,2026-10-14,True,2023-02-08T00:00:00
13634,SAVE3BJZGR,5,50,2024-01-15,False,2024-10-22T00:00:00
13635,PROMOCW4TX8,30,200,2024-11-27,False,2025-05-01T00:00:00
13636,SALEKOMJAT,40,100,2023-07-05,False,2024-05-12T00:00:00
13637,SAVEWKUQ5Z,50,500,2024-01-31,False,2024-08-25T00:00:00
13638,TOPO0N3GE,30,500,2026-01-30,False,2026-04-09T00:00:00
13639,MEGANIZK5U,15,500,2024-08-27,False,2024-12-16T00:00:00
13640,MEGA8ZWY72,15,300,2024-05-11,False,2023-05-01T00:00:00
13641,OFFQ1QT9K,10,100,2023-08-29,False,2025-02-21T00:00:00
13642,SALE76CLD8,50,100,2027-03-07,True,2025-05-18T00:00:00
13643,SAVE93ZQ3G,50,100,2024-06-18,False,2024-08-01T00:00:00
13644,SUPERYSQLH9,40,100,2023-07-26,False,2023-11-23T00:00:00
13645,TOPUCSGQ0,25,150,2026-09-13,True,2023-12-29T00:00:00
13646,SALE8WPNE5,5,50,2024-11-21,False,2025-04-25T00:00:00
13647,SALEV1VTNQ,50,300,2027-09-28,True,2023-05-30T00:00:00
13648,MEGA7GIIZR,50,150,2027-10-12,True,2024-11-06T00:00:00
13649,SAVEXYA09B,50,50,2027-05-07,True,2025-01-09T00:00:00
13650,SUPERV1T74I,5,200,2024-09-24,False,2023-12-25T00:00:00
13651,SUPER4R7B2R,10,500,2027-08-02,True,2025-01-03T00:00:00
13652,SALEORFSFR,15,500,2023-10-22,False,2023-03-06T00:00:00
13653,SALEKED3BA,30,50,2026-10-02,True,2025-04-29T00:00:00
13654,SALEVYHZDX,10,150,2023-01-15,False,2023-12-04T00:00:00
13655,SAVE7INVQS,50,100,2026-10-20,False,2023-03-02T00:00:00
13656,SAVEQDQLDM,5,100,2027-07-15,True,2025-06-14T00:00:00
13657,SALE2RRG7K,10,150,2027-07-07,True,2023-08-12T00:00:00
13658,SALEIUT4M4,15,150,2026-06-18,False,2025-08-31T00:00:00
13659,SALE09G5YB,25,100,2026-02-23,False,2026-04-14T00:00:00
13660,DESCV4H0U8,25,50,2026-05-15,False,2023-11-17T00:00:00
13661,SAVEBH3TMB,20,500,2026-04-19,False,2024-04-07T00:00:00
13662,SALEKCBTY2,40,100,2027-02-05,True,2025-03-04T00:00:00
13663,SAVEA9GZ2P,20,300,2023-08-29,False,2024-12-24T00:00:00
13664,SAVEF2FI67,20,500,2027-05-05,True,2024-09-08T00:00:00
13665,MEGAPPLJF5,40,150,2025-09-08,False,2026-01-20T00:00:00
13666,PROMOIW0PTR,40,50,2023-12-07,False,2024-07-22T00:00:00
13667,MEGA5U3QF2,50,500,2023-08-13,False,2025-03-24T00:00:00
13668,OFFVUHAKQ,40,200,2026-03-08,False,2025-10-24T00:00:00
13669,SALES61A22,5,300,2027-01-22,True,2025-03-13T00:00:00
13670,TOP7JW6CH,5,200,2024-01-13,False,2025-06-25T00:00:00
13671,OFFA95EPW,50,100,2023-08-10,False,2025-04-18T00:00:00
13672,PROMOJYLL1P,25,200,2023-11-13,False,2024-09-11T00:00:00
13673,SALEFOVRZP,50,200,2027-09-05,True,2026-01-11T00:00:00
13674,SAVEMM2VCI,50,200,2026-02-12,False,2024-07-04T00:00:00
13675,DESCGI71RJ,5,150,2027-08-24,True,2023-10-31T00:00:00
13676,PROMONQRXP1,30,200,2027-03-30,False,2023-03-16T00:00:00
13677,TOPFR6FHD,30,100,2023-05-11,False,2023-12-31T00:00:00
13678,SALEX8T2GF,5,500,2026-05-29,False,2024-11-02T00:00:00
13679,DESCM2EA13,10,50,2023-10-29,False,2024-02-02T00:00:00
13680,TOP9QYIC1,50,500,2026-02-17,False,2024-08-21T00:00:00
13681,SAVEI33R3P,15,300,2026-09-16,True,2025-09-20T00:00:00
13682,OFFUUBYSZ,50,500,2025-11-01,False,2025-09-11T00:00:00
13683,MEGAO7ESVJ,10,200,2026-03-18,False,2025-11-13T00:00:00
13684,SAVE8E2ZP5,10,150,2024-05-07,False,2025-08-03T00:00:00
13685,DESC6HLJ4E,15,300,2023-08-06,False,2025-10-03T00:00:00
13686,SALELWX0SU,5,100,2025-06-22,False,2023-05-10T00:00:00
13687,SALEWPNVG3,25,300,2024-10-16,False,2026-01-20T00:00:00
13688,OFF1T34IL,40,100,2025-08-29,False,2024-04-09T00:00:00
13689,OFF35V3II,5,150,2024-08-08,False,2025-06-28T00:00:00
13690,SAVE1URPR1,5,300,2026-07-28,False,2024-07-06T00:00:00
13691,OFFUO7HWX,5,500,2025-01-17,False,2025-07-31T00:00:00
13692,SALE31TNY7,40,50,2023-10-23,False,2025-01-12T00:00:00
13693,OFFG54W3S,25,200,2023-05-28,False,2024-12-21T00:00:00
13694,DESCZZ05FF,20,150,2025-12-09,False,2026-02-21T00:00:00
13695,SALEYKP63U,30,150,2026-10-20,True,2023-01-17T00:00:00
13696,DESCM4N96E,30,500,2026-11-12,True,2026-03-14T00:00:00
13697,PROMOVALPBO,30,50,2025-11-15,False,2023-09-18T00:00:00
13698,PROMO24OZI1,20,100,2023-08-18,False,2025-01-17T00:00:00
13699,SALEC08CVB,40,500,2026-09-26,True,2024-12-19T00:00:00
13700,PROMOPURQUZ,30,150,2027-09-26,True,2023-10-23T00:00:00
13701,SALEI5RRAU,50,150,2025-04-19,False,2024-06-17T00:00:00
13702,DESCHVPGV5,50,300,2026-06-16,True,2024-01-03T00:00:00
13703,PROMOBASVM2,30,50,2027-09-25,True,2025-07-09T00:00:00
13704,OFF36NA4C,30,300,2023-09-22,False,2025-02-21T00:00:00
13705,TOPLB742K,5,500,2024-04-23,False,2024-08-21T00:00:00
13706,MEGA395Q6R,10,300,2024-06-13,False,2025-05-17T00:00:00
13707,PROMOIG7K0T,10,300,2027-02-21,False,2024-09-15T00:00:00
13708,SALEZW52WI,15,200,2026-03-28,False,2025-12-28T00:00:00
13709,SALE1OJ3I0,20,300,2027-10-16,True,2025-03-21T00:00:00
13710,SUPEREOQDS0,40,150,2023-04-23,False,2024-06-14T00:00:00
13711,DESCCZHMTZ,40,300,2026-02-09,False,2025-06-28T00:00:00
13712,SALE9M6Y1Q,10,100,2024-03-12,False,2024-09-09T00:00:00
13713,MEGA5L3X6L,40,200,2027-01-31,True,2024-02-27T00:00:00
13714,SALE77UEWU,20,300,2023-04-10,False,2026-04-02T00:00:00
13715,SAVE3X98I8,25,150,2027-05-19,False,2025-03-24T00:00:00
13716,MEGA0S0HIO,50,50,2026-08-10,False,2025-01-24T00:00:00
13717,TOP40E0AN,5,50,2027-02-17,False,2024-08-29T00:00:00
13718,SALE1B2WVL,50,150,2027-05-11,False,2025-03-30T00:00:00
13719,OFFI22PL5,25,150,2024-05-18,False,2026-03-09T00:00:00
13720,SAVERUINHD,10,100,2025-08-25,False,2023-12-20T00:00:00
13721,SUPERRQ8BPD,40,300,2025-02-21,False,2025-11-23T00:00:00
13722,SALEZSU0LZ,25,50,2024-09-21,False,2023-07-15T00:00:00
13723,SAVE5Y0RX2,25,50,2027-07-09,True,2025-11-13T00:00:00
13724,OFF64WF5O,50,300,2027-08-01,True,2026-03-23T00:00:00
13725,DESCTZISQ2,15,200,2023-09-02,False,2024-05-05T00:00:00
13726,DESCK3AZOO,15,150,2025-02-14,False,2025-06-20T00:00:00
13727,TOPNQ4M4X,20,150,2023-12-15,False,2024-09-22T00:00:00
13728,MEGAO8UZQJ,25,100,2027-08-13,True,2024-10-22T00:00:00
13729,OFFF32TIV,5,100,2023-02-18,False,2023-04-12T00:00:00
13730,MEGAQ5YDUH,5,200,2023-12-18,False,2023-12-11T00:00:00
13731,TOPZ6HN2Y,30,50,2026-08-31,False,2023-05-20T00:00:00
13732,DESCLXCHE0,10,300,2023-04-07,False,2025-10-13T00:00:00
13733,MEGAY4PGIG,15,300,2024-09-23,False,2025-08-18T00:00:00
13734,SALEA742M5,40,50,2025-11-22,False,2025-02-18T00:00:00
13735,TOPN9VA8Y,5,200,2027-06-24,True,2025-09-26T00:00:00
13736,MEGAWX0XVI,30,100,2024-06-15,False,2023-04-06T00:00:00
13737,SAVEXRGGWT,25,300,2024-02-23,False,2023-04-09T00:00:00
13738,DESCA4G86A,40,150,2023-03-04,False,2023-02-20T00:00:00
13739,TOPVH2D0N,40,50,2025-09-02,False,2025-10-28T00:00:00
13740,SAVES2VFTN,25,300,2027-06-14,True,2024-05-17T00:00:00
13741,SALE0MKJ29,40,50,2027-07-13,True,2026-05-19T00:00:00
13742,SAVE9JQLT3,10,200,2023-11-11,False,2025-01-23T00:00:00
13743,PROMONU8QT6,5,100,2024-12-16,False,2023-01-16T00:00:00
13744,DESC7TJTJL,40,300,2027-12-16,True,2023-12-30T00:00:00
13745,SUPERN6P1E6,40,150,2024-09-14,False,2024-09-06T00:00:00
13746,TOPHHO6JQ,20,100,2026-09-06,True,2024-01-19T00:00:00
13747,SAVEXKUC74,40,50,2027-09-06,True,2025-01-06T00:00:00
13748,PROMOJHHK35,40,150,2023-12-15,False,2023-03-20T00:00:00
13749,MEGAQSP5TX,10,50,2027-02-01,True,2025-04-28T00:00:00
13750,MEGASW569N,10,100,2025-01-31,False,2025-01-03T00:00:00
13751,DESCWF3337,50,150,2026-04-27,False,2025-10-05T00:00:00
13752,TOPJZRDY8,10,100,2024-04-16,False,2023-09-23T00:00:00
13753,SALE063R7X,5,100,2026-03-02,False,2023-11-17T00:00:00
13754,MEGAZKQALK,20,300,2023-10-18,False,2025-10-08T00:00:00
13755,DESCW4P5QH,10,150,2026-05-17,False,2026-03-30T00:00:00
13756,SAVE3447FJ,10,100,2027-12-11,True,2025-11-05T00:00:00
13757,DESC1QR41T,5,50,2023-02-15,False,2023-02-21T00:00:00
13758,PROMO1MSC57,25,200,2023-08-29,False,2025-09-25T00:00:00
13759,SALEA3PNFP,40,500,2024-11-10,False,2025-06-12T00:00:00
13760,TOP58XYG8,25,300,2027-11-13,True,2023-03-07T00:00:00
13761,OFFZ009Q1,40,50,2023-07-04,False,2023-12-18T00:00:00
13762,PROMORP0KWL,25,200,2027-12-11,True,2023-04-25T00:00:00
13763,SUPERISL7WC,40,500,2023-02-01,False,2026-01-10T00:00:00
13764,SALEO1PBPO,10,500,2027-02-03,False,2025-11-01T00:00:00
13765,SUPERNEZRYB,30,50,2026-05-09,False,2023-03-04T00:00:00
13766,SALE4ZPW6I,20,50,2023-02-21,False,2024-04-04T00:00:00
13767,TOP23HG83,20,500,2025-05-30,False,2023-11-14T00:00:00
13768,TOPBW4UNM,5,500,2025-01-21,False,2024-04-06T00:00:00
13769,PROMOCGGWNI,30,200,2023-06-22,False,2025-04-02T00:00:00
13770,DESCEDOVCY,50,150,2027-07-06,True,2024-11-11T00:00:00
13771,SAVECFSQ4D,10,200,2023-03-25,False,2025-01-10T00:00:00
13772,DESCAND1XC,10,50,2025-04-10,False,2024-04-18T00:00:00
13773,PROMO3OOC6Z,30,300,2025-09-28,False,2024-11-12T00:00:00
13774,SAVE6QN711,25,50,2025-05-30,False,2023-04-03T00:00:00
13775,DESCOR3QOE,25,50,2024-03-15,False,2026-04-28T00:00:00
13776,TOP4OKGRZ,20,200,2023-02-17,False,2023-03-28T00:00:00
13777,TOPR7U6FX,50,300,2023-11-08,False,2023-03-27T00:00:00
13778,DESC7ENQ8H,10,100,2027-06-20,True,2025-06-23T00:00:00
13779,PROMO72Q55I,25,200,2026-09-19,True,2025-05-09T00:00:00
13780,TOPRHPQWL,50,300,2023-12-01,False,2023-04-06T00:00:00
13781,SAVEKXFY6G,10,300,2026-03-07,False,2023-04-13T00:00:00
13782,OFFKOLR1R,30,200,2027-02-25,True,2025-11-11T00:00:00
13783,PROMOE1UBAE,25,300,2024-01-27,False,2025-11-10T00:00:00
13784,TOP4HOFJW,40,150,2024-02-29,False,2025-12-26T00:00:00
13785,DESCUFTE4U,30,100,2027-03-21,False,2024-05-29T00:00:00
13786,DESCNE5PON,5,200,2025-05-25,False,2024-04-21T00:00:00
13787,SAVEJKUASH,25,50,2025-05-27,False,2024-06-02T00:00:00
13788,SUPER5NGYWN,40,100,2025-10-21,False,2024-09-25T00:00:00
13789,DESCPNE2N6,20,300,2024-02-23,False,2024-07-13T00:00:00
13790,DESCLN48DS,15,300,2027-05-16,True,2026-05-03T00:00:00
13791,PROMOGVBJD6,25,150,2025-12-28,False,2023-10-18T00:00:00
13792,SAVE8LL2QB,5,100,2026-08-26,False,2026-01-03T00:00:00
13793,OFFPXYTX9,50,50,2025-07-10,False,2026-06-01T00:00:00
13794,TOPJDMP92,50,100,2024-08-10,False,2023-04-05T00:00:00
13795,OFFGR8FG7,20,300,2024-12-02,False,2023-07-24T00:00:00
13796,OFFE2YY58,20,500,2027-12-13,True,2023-12-13T00:00:00
13797,MEGABD8R7F,5,50,2024-02-23,False,2026-05-12T00:00:00
13798,SALEOVHO2M,20,200,2027-02-07,True,2023-07-15T00:00:00
13799,SAVE3859P4,10,50,2026-08-12,False,2025-11-03T00:00:00
13800,DESCR9JHLV,40,100,2027-12-06,False,2023-01-04T00:00:00
13801,OFF0FH6MS,5,500,2023-04-19,False,2025-01-21T00:00:00
13802,SUPERM2VUU1,40,300,2026-02-24,False,2024-11-06T00:00:00
13803,SALE2YOJ5B,40,50,2027-12-26,True,2025-11-01T00:00:00
13804,SALEFG8EB6,25,500,2025-02-26,False,2023-12-16T00:00:00
13805,SALE0RQBZM,40,500,2027-08-22,True,2025-02-28T00:00:00
13806,OFFPCI6WN,5,100,2027-05-17,False,2024-07-04T00:00:00
13807,SUPERRX5BKW,40,300,2026-04-23,False,2026-02-19T00:00:00
13808,OFF0ODS63,30,150,2025-08-22,False,2024-02-19T00:00:00
13809,MEGA4MP3NW,30,300,2027-06-26,False,2025-09-09T00:00:00
13810,OFFBYXHTW,40,150,2024-07-18,False,2023-11-02T00:00:00
13811,SAVEP3NBH4,10,50,2023-03-11,False,2023-11-07T00:00:00
13812,PROMOTCBPZL,25,200,2024-11-18,False,2023-10-15T00:00:00
13813,SAVEQD7A7J,40,200,2027-10-19,False,2024-06-20T00:00:00
13814,PROMOCAA66I,10,50,2026-11-11,False,2024-04-08T00:00:00
13815,MEGA9MU9W1,40,50,2027-06-28,False,2024-12-03T00:00:00
13816,OFFP2Z5LJ,20,150,2024-06-21,False,2023-01-10T00:00:00
13817,SUPER66YRE5,25,300,2027-08-20,False,2023-07-28T00:00:00
13818,SALEZ718R3,50,150,2026-03-01,False,2024-09-03T00:00:00
13819,PROMOCFGDD1,10,50,2026-09-08,True,2024-02-05T00:00:00
13820,PROMO0WYIPU,10,300,2024-05-10,False,2023-01-23T00:00:00
13821,SAVEANLNBV,30,150,2024-09-23,False,2023-11-01T00:00:00
13822,MEGA12M3QG,30,200,2026-08-24,True,2024-05-09T00:00:00
13823,SUPERUWW99V,40,100,2024-07-16,False,2025-08-02T00:00:00
13824,DESCXIVK1D,5,50,2025-08-02,False,2024-06-29T00:00:00
13825,OFFYPH9XH,25,100,2023-08-16,False,2025-08-04T00:00:00
13826,TOPA22KA4,50,100,2023-12-02,False,2025-05-28T00:00:00
13827,PROMOEV8RHF,10,100,2027-10-08,True,2026-04-21T00:00:00
13828,PROMOZKMLVG,25,200,2027-02-18,False,2023-08-01T00:00:00
13829,SUPERDW1HOY,40,50,2023-04-27,False,2023-09-02T00:00:00
13830,SUPERZKKOTA,20,50,2026-09-30,True,2023-05-10T00:00:00
13831,SALE7MECVE,40,50,2025-12-20,False,2024-02-26T00:00:00
13832,DESCUYGESA,30,500,2023-03-23,False,2024-01-02T00:00:00
13833,PROMO2TT374,15,300,2025-05-26,False,2024-02-15T00:00:00
13834,PROMON4I9RC,30,200,2027-09-12,True,2024-09-13T00:00:00
13835,OFF93UAYN,25,50,2026-12-22,True,2023-03-20T00:00:00
13836,TOPMK0NB3,15,500,2027-02-13,True,2025-07-08T00:00:00
13837,MEGABWGIIC,15,500,2023-02-11,False,2025-01-23T00:00:00
13838,PROMOD2XT32,10,100,2023-10-12,False,2023-05-25T00:00:00
13839,SAVEF3A40B,10,500,2023-05-01,False,2024-07-27T00:00:00
13840,TOPVIX9QJ,50,300,2024-12-03,False,2024-10-29T00:00:00
13841,SALE5NZOUH,15,100,2027-05-23,False,2024-07-11T00:00:00
13842,OFFXF414K,15,500,2025-07-01,False,2023-10-04T00:00:00
13843,SUPERYULGZ2,40,50,2023-05-22,False,2023-04-25T00:00:00
13844,TOPV04GCR,20,50,2025-05-24,False,2025-09-23T00:00:00
13845,SALELG4RO4,5,150,2025-07-19,False,2025-11-10T00:00:00
13846,SAVEE0AVV0,10,150,2023-10-15,False,2024-07-26T00:00:00
13847,SALEICLZ7E,50,300,2026-11-08,True,2025-09-07T00:00:00
13848,TOPGMOOQT,15,200,2026-01-31,False,2023-05-25T00:00:00
13849,SALENLI2X3,5,100,2025-06-17,False,2025-04-07T00:00:00
13850,OFFQUL4H9,15,50,2026-10-05,True,2024-07-06T00:00:00
13851,TOPWG6ACR,15,500,2026-12-07,False,2025-11-03T00:00:00
13852,TOPOHCJEH,40,100,2025-12-23,False,2025-01-13T00:00:00
13853,DESCM774Y7,15,300,2024-12-20,False,2023-07-19T00:00:00
13854,SALEP1IBO1,50,300,2026-03-16,False,2026-04-15T00:00:00
13855,PROMOP3OIW5,40,50,2025-11-14,False,2025-06-22T00:00:00
13856,MEGA0OJZ59,15,300,2023-03-26,False,2023-03-18T00:00:00
13857,MEGA0VYHTT,25,50,2025-06-20,False,2026-01-04T00:00:00
13858,PROMO6DNU75,50,50,2027-08-01,True,2025-07-18T00:00:00
13859,SAVEG5IK51,50,500,2027-04-01,True,2024-11-10T00:00:00
13860,TOP6EZV3G,10,50,2026-12-02,True,2024-03-21T00:00:00
13861,TOPA0TJ60,25,100,2025-05-19,False,2026-05-25T00:00:00
13862,SALEQ9H2MS,10,100,2027-10-10,False,2026-05-28T00:00:00
13863,TOPSRD4S2,40,150,2024-04-10,False,2025-10-07T00:00:00
13864,SALE2QS5S4,10,50,2023-12-18,False,2024-03-26T00:00:00
13865,SUPERC73NK8,25,50,2023-01-29,False,2024-11-29T00:00:00
13866,PROMOXK0IE0,15,50,2023-11-10,False,2026-03-10T00:00:00
13867,SALESWK19H,25,150,2026-02-07,False,2023-02-11T00:00:00
13868,TOPFDON98,40,100,2027-02-16,False,2023-07-09T00:00:00
13869,SUPER4RQSBK,25,100,2027-10-28,True,2023-05-14T00:00:00
13870,SUPERG5ZVO8,50,150,2027-05-08,True,2024-09-02T00:00:00
13871,MEGAKNAZAL,50,500,2027-08-19,True,2025-03-10T00:00:00
13872,MEGA2HU0TU,40,50,2023-08-18,False,2023-07-02T00:00:00
13873,SUPERE5YCRE,15,50,2026-01-11,False,2024-09-18T00:00:00
13874,TOPPSZ1O8,50,100,2026-08-21,True,2025-11-26T00:00:00
13875,OFFRHBKGA,10,300,2024-11-28,False,2025-03-25T00:00:00
13876,SAVEHC77UT,10,500,2027-01-21,False,2025-09-09T00:00:00
13877,MEGAMP9FVT,10,300,2024-07-17,False,2023-12-03T00:00:00
13878,DESCOQV1KT,25,100,2024-06-03,False,2023-01-14T00:00:00
13879,SUPERGQCY40,15,50,2024-11-16,False,2025-08-01T00:00:00
13880,PROMOI2SIGQ,30,300,2023-02-22,False,2025-09-18T00:00:00
13881,SAVEZ0LA6L,20,50,2026-11-20,False,2023-02-11T00:00:00
13882,MEGAC6ZFUM,50,50,2026-04-30,False,2025-02-12T00:00:00
13883,SALELPR2RB,50,100,2023-07-20,False,2026-01-05T00:00:00
13884,MEGATL7M6N,15,300,2024-08-02,False,2024-10-29T00:00:00
13885,PROMOER26DG,5,300,2023-02-02,False,2024-09-18T00:00:00
13886,MEGAIAT493,50,150,2023-02-21,False,2023-09-09T00:00:00
13887,PROMORF62X5,25,50,2026-07-28,False,2023-03-18T00:00:00
13888,SUPERZV8X9Y,30,500,2024-06-01,False,2023-06-23T00:00:00
13889,MEGA9B2DPV,5,300,2023-11-21,False,2025-02-17T00:00:00
13890,PROMO5N8DRA,50,200,2026-02-01,False,2024-03-23T00:00:00
13891,TOPPO5L0W,30,300,2023-07-27,False,2026-01-20T00:00:00
13892,OFFCMZ2YK,15,100,2023-08-06,False,2024-03-25T00:00:00
13893,DESCG7VISC,5,50,2023-02-14,False,2024-05-08T00:00:00
13894,TOP8SD473,25,100,2023-09-13,False,2026-02-28T00:00:00
13895,SAVE2A45DP,20,50,2024-09-23,False,2025-06-02T00:00:00
13896,SUPERZXEMFR,20,50,2023-08-29,False,2026-02-21T00:00:00
13897,OFF9RB2XA,15,150,2024-07-30,False,2025-09-15T00:00:00
13898,TOP133OPL,20,500,2024-09-08,False,2023-01-01T00:00:00
13899,PROMOLMLHED,50,100,2023-01-30,False,2024-11-24T00:00:00
13900,PROMOM8XD8J,10,500,2025-09-10,False,2023-08-01T00:00:00
13901,SALEL8OTUQ,30,500,2025-04-03,False,2025-04-19T00:00:00
13902,MEGARK52D2,15,150,2026-09-10,False,2024-06-09T00:00:00
13903,SAVEF4B1A5,5,50,2023-06-21,False,2023-03-20T00:00:00
13904,SALESHJF2M,25,200,2026-10-30,True,2025-12-02T00:00:00
13905,OFFWP6Z66,15,200,2024-10-29,False,2025-04-11T00:00:00
13906,OFFGA9A4T,15,500,2023-02-17,False,2025-07-20T00:00:00
13907,SUPER08UELH,15,50,2025-03-20,False,2024-02-03T00:00:00
13908,PROMOHTSDM7,15,150,2023-03-25,False,2025-04-07T00:00:00
13909,SUPER70ZUBK,30,150,2024-10-26,False,2025-02-02T00:00:00
13910,TOPHISZ96,25,150,2024-03-21,False,2024-02-10T00:00:00
13911,OFF1PBXVR,25,100,2023-11-16,False,2025-09-28T00:00:00
13912,SUPER9CJQ8S,10,150,2027-01-02,True,2025-09-18T00:00:00
13913,PROMOTPPP5W,25,300,2024-01-12,False,2024-04-06T00:00:00
13914,OFF7QDH8A,10,50,2023-04-06,False,2026-05-30T00:00:00
13915,SUPERGRRN3R,5,500,2025-04-29,False,2024-10-30T00:00:00
13916,TOPFOSI1R,15,300,2024-12-24,False,2023-04-19T00:00:00
13917,MEGAZAFD3J,50,150,2027-08-13,True,2024-09-04T00:00:00
13918,MEGAX0H40P,30,100,2023-06-14,False,2023-02-06T00:00:00
13919,PROMOI6YEP9,50,300,2024-03-05,False,2024-05-09T00:00:00
13920,SALEXYDX3P,20,150,2024-01-05,False,2023-05-08T00:00:00
13921,OFFT7RVCD,30,300,2027-08-20,False,2025-07-31T00:00:00
13922,SUPERZNV481,30,300,2024-07-19,False,2024-05-25T00:00:00
13923,DESCL53JMG,15,150,2024-02-25,False,2025-06-12T00:00:00
13924,DESC5VR8GS,40,200,2025-11-17,False,2025-06-06T00:00:00
13925,DESCLOI9IU,30,150,2023-07-26,False,2024-09-27T00:00:00
13926,SUPERV82LPI,40,200,2024-03-22,False,2023-11-14T00:00:00
13927,PROMODDY0VL,20,300,2025-12-04,False,2025-11-28T00:00:00
13928,TOP29FY2J,5,100,2026-11-11,False,2024-07-23T00:00:00
13929,PROMOTABAYZ,5,50,2025-03-03,False,2026-02-08T00:00:00
13930,DESCYD65MJ,40,150,2025-01-14,False,2024-04-13T00:00:00
13931,PROMOKYXPMA,5,50,2024-12-12,False,2023-02-22T00:00:00
13932,MEGA416IVZ,40,50,2026-03-21,False,2024-11-15T00:00:00
13933,DESCBYA3J1,20,150,2026-06-08,False,2025-02-24T00:00:00
13934,DESCJKMYXF,20,50,2024-12-11,False,2025-06-08T00:00:00
13935,PROMOP1VQ5V,15,150,2025-05-11,False,2025-10-06T00:00:00
13936,DESC867MDX,20,150,2023-10-10,False,2025-09-18T00:00:00
13937,SAVEUZ02YF,50,100,2023-06-10,False,2025-12-14T00:00:00
13938,TOPQSRK1L,10,150,2027-07-22,False,2024-11-03T00:00:00
13939,SALEXKFJLU,30,500,2023-01-16,False,2026-06-05T00:00:00
13940,MEGAHDRAFC,25,300,2023-06-27,False,2026-01-07T00:00:00
13941,OFF6U7HVD,20,50,2026-08-09,True,2024-01-15T00:00:00
13942,SUPER7D3527,5,150,2025-02-23,False,2023-11-30T00:00:00
13943,DESCNU6SCM,30,500,2027-07-27,True,2023-02-07T00:00:00
13944,TOPQ4SQLC,25,500,2025-04-16,False,2023-10-08T00:00:00
13945,PROMOD3G55E,10,200,2026-03-08,False,2024-05-02T00:00:00
13946,SAVEX9DAB5,20,100,2026-04-28,False,2023-10-05T00:00:00
13947,MEGALZ7W1Y,50,200,2027-04-17,True,2024-05-07T00:00:00
13948,PROMOLQH05D,20,150,2026-12-28,True,2023-05-04T00:00:00
13949,SUPERFMV49O,15,200,2026-07-25,False,2024-06-22T00:00:00
13950,SAVE9UR7YB,10,50,2026-03-12,False,2024-07-26T00:00:00
13951,TOPYNQ4VB,5,100,2024-09-26,False,2025-11-07T00:00:00
13952,TOP7L6OCU,30,100,2023-08-31,False,2024-05-18T00:00:00
13953,SUPERFBM9ZN,5,500,2023-07-18,False,2025-10-07T00:00:00
13954,SUPERU7281B,15,500,2025-08-14,False,2024-03-04T00:00:00
13955,PROMOZOYA0M,25,300,2024-02-10,False,2025-07-09T00:00:00
13956,OFFIVZA53,10,50,2027-08-04,True,2023-02-25T00:00:00
13957,PROMOVMEL21,20,300,2024-12-02,False,2024-01-31T00:00:00
13958,SALED4HYGN,50,50,2023-12-23,False,2023-02-18T00:00:00
13959,SAVE1PXM3U,30,100,2023-11-27,False,2026-04-12T00:00:00
13960,SUPERE41FZ9,40,50,2024-06-02,False,2023-12-10T00:00:00
13961,SALEMBAY9F,10,100,2023-11-19,False,2025-03-18T00:00:00
13962,MEGA5W4AXC,5,500,2027-11-23,True,2024-08-20T00:00:00
13963,SALEM9TRQA,30,300,2024-10-17,False,2026-05-29T00:00:00
13964,SUPERFHHDR0,15,50,2023-02-24,False,2025-03-24T00:00:00
13965,MEGAX9BMW4,30,200,2024-12-10,False,2025-08-25T00:00:00
13966,DESCF9NO8S,10,300,2027-10-16,True,2023-09-10T00:00:00
13967,SAVEBH19YZ,10,150,2024-09-19,False,2026-03-22T00:00:00
13968,SUPEREEATX3,20,500,2023-01-29,False,2025-11-11T00:00:00
13969,TOP2RFDCM,50,100,2027-04-05,True,2024-01-17T00:00:00
13970,MEGAQ3C3UC,15,500,2027-04-13,False,2023-12-05T00:00:00
13971,OFFYIG4FC,30,200,2027-02-26,True,2025-08-08T00:00:00
13972,TOPA8W6HQ,5,50,2023-08-27,False,2024-01-08T00:00:00
13973,OFFFRIZUI,30,200,2024-06-16,False,2025-06-16T00:00:00
13974,DESCKCWOMZ,10,500,2026-06-28,True,2025-04-14T00:00:00
13975,TOPHINBGY,40,50,2023-07-20,False,2024-06-02T00:00:00
13976,SAVE9DB5WY,15,500,2023-08-16,False,2025-10-24T00:00:00
13977,DESCN5MHI5,15,500,2024-02-14,False,2023-12-28T00:00:00
13978,SUPERR0TWBZ,50,300,2027-02-28,False,2024-10-15T00:00:00
13979,SAVEULE4UO,15,50,2023-04-26,False,2024-06-03T00:00:00
13980,SUPERUC3OOM,15,300,2023-12-21,False,2024-01-22T00:00:00
13981,DESC2YKN0Z,50,50,2027-02-17,False,2024-12-28T00:00:00
13982,SAVENNGRZD,10,200,2023-01-15,False,2023-10-21T00:00:00
13983,DESCREXKJ7,15,150,2025-08-20,False,2025-01-12T00:00:00
13984,PROMOSTWT6Z,15,500,2026-07-27,True,2023-10-10T00:00:00
13985,SALEPCPML2,25,50,2026-03-09,False,2023-01-27T00:00:00
13986,TOP5TYSRB,15,100,2023-10-13,False,2023-06-06T00:00:00
13987,PROMO47RCFI,20,100,2024-11-11,False,2024-03-06T00:00:00
13988,SAVEIPXHV2,50,500,2023-10-04,False,2024-09-25T00:00:00
13989,PROMO28IGEG,15,500,2024-05-27,False,2025-02-10T00:00:00
13990,SAVEY17U0S,5,200,2026-11-15,True,2024-10-29T00:00:00
13991,DESCKAF2HX,25,200,2023-09-04,False,2024-09-16T00:00:00
13992,PROMO3W2HV6,15,150,2026-12-20,True,2025-02-10T00:00:00
13993,TOPDXV4ZU,30,150,2023-07-15,False,2024-06-29T00:00:00
13994,MEGA8EKLXK,5,300,2024-06-29,False,2024-07-31T00:00:00
13995,SALERNIV85,40,200,2027-04-27,True,2024-10-07T00:00:00
13996,SUPERRZIWO5,5,50,2027-08-12,True,2025-03-25T00:00:00
13997,PROMOL6AMLS,5,500,2025-02-25,False,2024-10-21T00:00:00
13998,DESCXR4IFV,50,50,2024-03-21,False,2025-06-09T00:00:00
13999,SAVEPKXY8F,30,200,2024-03-15,False,2023-09-18T00:00:00
14000,SALENB1Y03,15,100,2027-12-28,True,2023-08-17T00:00:00
14001,SALE11CNAX,50,300,2024-04-12,False,2025-12-27T00:00:00
14002,DESCGFWYLN,50,100,2023-05-25,False,2025-09-16T00:00:00
14003,MEGA3AO4OD,30,500,2023-06-16,False,2023-12-04T00:00:00
14004,TOP76PW7U,40,100,2027-06-28,True,2024-03-26T00:00:00
14005,OFFEZYQLC,30,200,2023-10-10,False,2023-05-26T00:00:00
14006,PROMODTWYJ3,40,100,2027-08-22,False,2025-09-21T00:00:00
14007,TOPOQE4UP,30,50,2027-07-16,True,2024-08-27T00:00:00
14008,PROMOU2639E,15,500,2026-04-02,False,2025-10-12T00:00:00
14009,SALEW4AO9T,30,300,2025-04-06,False,2025-04-11T00:00:00
14010,SALEGP1TBA,20,150,2023-03-27,False,2023-05-09T00:00:00
14011,TOPJJ8MT8,20,50,2024-12-15,False,2023-03-13T00:00:00
14012,MEGAWG0F4E,5,500,2023-11-24,False,2026-06-01T00:00:00
14013,MEGAYYCSLH,50,50,2023-01-09,False,2025-09-23T00:00:00
14014,SAVELKUL3G,20,500,2025-05-14,False,2024-08-26T00:00:00
14015,OFFTSIN5M,25,50,2027-01-28,True,2025-03-22T00:00:00
14016,TOP8WLNB3,10,150,2024-06-26,False,2024-06-21T00:00:00
14017,SAVEZB98Y3,20,150,2024-03-11,False,2025-01-14T00:00:00
14018,SAVEVLVNEZ,15,300,2023-12-30,False,2025-11-10T00:00:00
14019,DESCXZWQBW,50,50,2027-11-04,True,2023-07-22T00:00:00
14020,OFFY0DHFM,5,300,2026-05-14,False,2023-12-31T00:00:00
14021,MEGAO643CR,40,100,2026-01-19,False,2024-03-03T00:00:00
14022,MEGAOFSCYK,50,150,2027-06-01,True,2026-01-19T00:00:00
14023,SAVEU2SGE3,50,150,2023-10-18,False,2025-11-12T00:00:00
14024,TOP90MMMR,50,150,2024-12-04,False,2023-07-20T00:00:00
14025,TOP2782Q5,10,200,2023-08-20,False,2023-11-28T00:00:00
14026,MEGANUI7WU,15,50,2025-08-15,False,2023-10-17T00:00:00
14027,SALE945ESU,20,200,2026-06-10,False,2025-07-24T00:00:00
14028,SUPER8LFJZZ,5,300,2026-10-03,False,2024-02-07T00:00:00
14029,TOPH7L6VM,50,50,2023-01-21,False,2025-10-06T00:00:00
14030,PROMOEI5SW5,50,100,2027-04-24,True,2026-01-31T00:00:00
14031,OFFANT8VP,25,50,2025-11-25,False,2024-12-13T00:00:00
14032,SAVEPQJ1AW,15,300,2025-03-05,False,2023-03-26T00:00:00
14033,SUPERXDZJFS,50,100,2026-04-17,False,2024-02-15T00:00:00
14034,SUPERYWJWLA,25,100,2026-07-13,True,2023-09-08T00:00:00
14035,DESCSB3KR4,25,150,2026-03-25,False,2023-06-19T00:00:00
14036,TOPN1Q8RI,5,50,2024-12-18,False,2025-04-27T00:00:00
14037,DESCQBSG2S,40,150,2024-05-22,False,2026-03-02T00:00:00
14038,DESCBZX21W,10,200,2023-01-21,False,2023-02-13T00:00:00
14039,PROMOW08EJ6,25,150,2025-07-18,False,2024-07-12T00:00:00
14040,SALEP5R737,15,200,2024-01-27,False,2024-09-12T00:00:00
14041,SAVENSBWIE,20,100,2024-07-18,False,2024-09-08T00:00:00
14042,SALEBTR2XJ,20,500,2026-03-08,False,2024-03-16T00:00:00
14043,SALEQ6R3BF,40,200,2024-03-18,False,2024-06-03T00:00:00
14044,DESC3T1A2G,5,500,2026-07-22,True,2023-10-07T00:00:00
14045,MEGAYRZ0ZX,40,300,2024-06-24,False,2024-02-29T00:00:00
14046,SAVE8TA6XN,20,300,2027-11-15,True,2023-06-19T00:00:00
14047,SAVET0XFLL,20,100,2026-08-02,False,2024-10-10T00:00:00
14048,PROMOLPLNK5,15,100,2023-12-16,False,2025-12-28T00:00:00
14049,SAVEN0X0KS,40,300,2023-01-25,False,2023-02-21T00:00:00
14050,TOPP40XKO,20,500,2026-11-23,True,2023-09-30T00:00:00
14051,PROMOW0262B,50,50,2027-07-12,True,2023-09-24T00:00:00
14052,PROMOW6OHFC,5,300,2025-12-24,False,2024-12-13T00:00:00
14053,SAVEAUF2K2,20,300,2027-10-18,True,2023-12-12T00:00:00
14054,MEGARFTCQ0,50,100,2025-11-27,False,2025-07-05T00:00:00
14055,PROMOHDBBOL,25,50,2027-12-26,False,2025-04-17T00:00:00
14056,OFFKMTTD9,10,200,2026-06-30,False,2023-11-06T00:00:00
14057,SAVEBAT113,15,100,2026-10-14,False,2024-03-10T00:00:00
14058,OFFGMUI2W,30,50,2026-09-24,False,2026-04-14T00:00:00
14059,SUPER1UCD2Q,50,300,2025-01-27,False,2025-01-15T00:00:00
14060,SAVELQ10QQ,40,150,2023-07-25,False,2023-02-24T00:00:00
14061,OFF7M8YTE,30,50,2024-11-12,False,2025-06-21T00:00:00
14062,MEGAU3OCAV,30,50,2023-04-12,False,2025-04-22T00:00:00
14063,SAVEWSI6EV,30,50,2026-09-07,True,2024-12-03T00:00:00
14064,TOPTBTZ6T,25,50,2027-04-25,True,2023-12-17T00:00:00
14065,TOP72ESYN,5,300,2023-10-03,False,2025-12-29T00:00:00
14066,SAVECMW97W,15,500,2025-10-01,False,2024-12-25T00:00:00
14067,MEGAY1KMDA,30,50,2023-12-18,False,2023-10-10T00:00:00
14068,PROMO5RFX70,20,300,2026-10-20,True,2025-03-26T00:00:00
14069,SUPERYPS3OP,50,300,2025-06-12,False,2023-09-30T00:00:00
14070,SUPER82RDNL,5,50,2023-03-26,False,2025-06-13T00:00:00
14071,SUPERUZG6X7,5,150,2026-01-10,False,2024-03-24T00:00:00
14072,DESCDQ6RUI,15,100,2025-03-28,False,2024-04-18T00:00:00
14073,SAVEOP6VVD,5,100,2023-10-13,False,2023-10-24T00:00:00
14074,SUPER7E1FT8,40,100,2024-10-27,False,2024-08-20T00:00:00
14075,OFFWAPHFZ,30,150,2026-03-16,False,2026-03-25T00:00:00
14076,OFFSAVQIY,30,50,2023-07-04,False,2025-10-10T00:00:00
14077,OFFV4SI4M,15,200,2023-03-12,False,2023-09-29T00:00:00
14078,SUPERQW70RF,40,500,2025-04-11,False,2025-06-09T00:00:00
14079,TOP51FBPI,5,150,2023-10-13,False,2023-12-29T00:00:00
14080,OFFWH7BCH,50,50,2026-07-12,True,2023-10-06T00:00:00
14081,SUPERXLBYIE,15,150,2024-05-20,False,2025-05-04T00:00:00
14082,SALEAUO7CR,50,100,2024-11-27,False,2024-02-21T00:00:00
14083,SAVEY1Q2EZ,25,500,2024-01-11,False,2023-09-11T00:00:00
14084,SAVEKM3KPP,15,50,2025-09-05,False,2023-07-31T00:00:00
14085,TOPBXCJV9,20,300,2026-10-08,True,2023-04-12T00:00:00
14086,DESCZT1NLE,30,200,2027-11-17,False,2025-04-12T00:00:00
14087,MEGAFJ34RY,50,500,2027-12-20,True,2025-07-07T00:00:00
14088,SUPERSEKS51,50,100,2027-05-17,False,2026-04-05T00:00:00
14089,SUPERRGP9D9,40,200,2027-11-23,False,2026-05-17T00:00:00
14090,SALEG6LYXK,40,150,2026-01-09,False,2023-05-29T00:00:00
14091,SAVEI2TGSV,5,150,2023-04-14,False,2025-05-27T00:00:00
14092,SALEI0RYO6,30,200,2023-12-06,False,2025-02-12T00:00:00
14093,SALEA7QBA5,20,50,2027-08-14,True,2023-11-22T00:00:00
14094,SALELYPG9W,25,150,2025-06-18,False,2023-09-11T00:00:00
14095,OFFSWUH9W,50,100,2023-01-08,False,2025-04-27T00:00:00
14096,OFFUUY8ZI,20,500,2026-05-18,False,2023-09-23T00:00:00
14097,PROMOMASCBU,40,300,2024-10-17,False,2025-06-04T00:00:00
14098,TOP368QMI,20,150,2026-09-02,False,2026-05-16T00:00:00
14099,DESCE6330W,15,300,2024-03-19,False,2024-10-18T00:00:00
14100,PROMOA0YARZ,20,200,2027-06-18,True,2025-06-01T00:00:00
14101,TOPQEQIA4,15,150,2023-06-02,False,2023-02-25T00:00:00
14102,SAVEGV8QLD,25,300,2026-09-25,False,2024-11-08T00:00:00
14103,PROMOTCZE35,20,300,2026-03-02,False,2023-11-03T00:00:00
14104,MEGADUOHG0,30,200,2024-12-10,False,2024-02-29T00:00:00
14105,DESCIMFAJJ,50,500,2026-01-04,False,2024-07-03T00:00:00
14106,TOPHBNAYJ,15,150,2025-10-12,False,2024-05-19T00:00:00
14107,DESCKQRLON,10,500,2025-12-28,False,2024-02-02T00:00:00
14108,DESCBTECKF,50,50,2027-09-16,False,2026-02-24T00:00:00
14109,OFF93ZX3C,40,50,2024-01-24,False,2024-06-05T00:00:00
14110,MEGANHMDLK,40,150,2025-09-21,False,2024-12-31T00:00:00
14111,SUPERYQJSX8,5,200,2027-01-18,False,2025-05-31T00:00:00
14112,SUPERTVHT85,5,100,2023-07-09,False,2024-06-12T00:00:00
14113,TOPUDLHE5,50,50,2027-04-28,True,2023-04-23T00:00:00
14114,TOPR1RU9D,10,150,2026-10-17,True,2024-10-27T00:00:00
14115,DESCJJJWH1,10,500,2027-12-28,True,2024-07-24T00:00:00
14116,TOPRNC86K,30,200,2026-04-29,False,2023-02-07T00:00:00
14117,PROMOG25CS2,25,150,2025-09-24,False,2023-02-05T00:00:00
14118,SALE0159BF,40,100,2026-03-08,False,2024-08-16T00:00:00
14119,MEGA6J99JK,40,200,2027-11-10,True,2023-04-14T00:00:00
14120,SUPERFEUCNZ,10,200,2025-11-28,False,2023-01-14T00:00:00
14121,PROMOGPO5RO,40,50,2025-07-26,False,2023-10-15T00:00:00
14122,DESCV6WCXW,25,200,2026-04-09,False,2023-02-07T00:00:00
14123,PROMOQSYNSK,15,50,2023-02-05,False,2023-09-26T00:00:00
14124,SALEL1N2NN,5,150,2024-06-10,False,2024-07-11T00:00:00
14125,OFF1ESKRG,15,500,2025-12-17,False,2024-03-10T00:00:00
14126,SALEW2W4MU,25,300,2026-07-21,False,2025-01-28T00:00:00
14127,OFFH0QD4P,20,200,2026-11-02,False,2023-04-07T00:00:00
14128,DESCWHK3PC,20,100,2024-10-28,False,2025-08-21T00:00:00
14129,MEGA08ZOBS,5,100,2025-03-12,False,2026-03-04T00:00:00
14130,OFFKIJHSJ,5,300,2024-06-02,False,2023-02-03T00:00:00
14131,OFFUAL2W0,10,150,2023-04-15,False,2024-12-19T00:00:00
14132,SALEX6Z61W,25,50,2026-11-15,False,2024-05-06T00:00:00
14133,SUPERUV43UV,5,300,2023-12-03,False,2025-09-29T00:00:00
14134,TOPUF6CX3,40,50,2027-08-18,True,2025-04-14T00:00:00
14135,SAVE2UEOVJ,30,150,2027-07-22,False,2024-02-13T00:00:00
14136,TOPGB7062,30,150,2026-05-02,False,2026-02-12T00:00:00
14137,TOPE9Z2B4,5,200,2027-03-29,True,2024-01-01T00:00:00
14138,SALE9EC1D2,25,300,2025-02-22,False,2025-02-09T00:00:00
14139,DESCM6O6VT,40,500,2024-06-06,False,2025-04-27T00:00:00
14140,SALEMN3I07,50,150,2026-07-02,True,2024-06-29T00:00:00
14141,PROMOCDQP8Y,50,150,2026-06-22,True,2026-03-15T00:00:00
14142,SAVEB4KY1L,20,200,2023-10-23,False,2024-10-29T00:00:00
14143,TOPDO8ORB,5,100,2024-08-08,False,2023-03-05T00:00:00
14144,OFFNR6E93,50,500,2023-07-16,False,2025-03-26T00:00:00
14145,SALEGE7PWQ,10,50,2027-10-30,True,2025-10-11T00:00:00
14146,PROMOAXUJ4Q,5,100,2027-09-16,True,2023-06-08T00:00:00
14147,TOP6S98IQ,30,150,2023-07-14,False,2025-12-10T00:00:00
14148,DESCI276UQ,20,100,2023-11-23,False,2024-08-02T00:00:00
14149,SALE1S8PKG,50,500,2025-09-12,False,2023-03-03T00:00:00
14150,SALEIQQVOT,20,50,2025-03-09,False,2023-02-22T00:00:00
14151,SAVEXA3GXI,40,100,2025-03-26,False,2023-07-19T00:00:00
14152,PROMOUR0CI2,15,150,2025-01-28,False,2023-11-25T00:00:00
14153,TOP25OIAP,15,100,2025-05-11,False,2024-09-02T00:00:00
14154,MEGAQXWVN3,15,150,2023-05-23,False,2023-07-21T00:00:00
14155,TOPUN4YD7,20,50,2024-06-07,False,2026-02-27T00:00:00
14156,SALE8MCPPE,10,300,2024-01-22,False,2024-07-06T00:00:00
14157,SALEJL1ATO,50,50,2023-03-04,False,2026-02-13T00:00:00
14158,OFFZL6V0B,40,100,2026-10-19,True,2026-01-11T00:00:00
14159,SUPER24FWFT,10,300,2027-03-04,True,2025-08-23T00:00:00
14160,MEGAEVJGBA,10,200,2024-04-08,False,2024-11-29T00:00:00
14161,OFF5NVR8M,15,500,2024-06-11,False,2023-10-02T00:00:00
14162,DESCR8TM1L,10,100,2025-02-03,False,2024-03-22T00:00:00
14163,TOP7SEI80,5,300,2027-01-13,False,2023-10-18T00:00:00
14164,DESC8UO0SG,10,500,2027-01-20,True,2023-03-22T00:00:00
14165,SALEE1Y918,15,500,2023-07-01,False,2025-02-26T00:00:00
14166,SUPERYT7UAY,40,300,2024-01-20,False,2024-01-02T00:00:00
14167,SALE423E6T,40,150,2023-03-12,False,2023-01-28T00:00:00
14168,TOPK2RFI5,25,50,2027-05-22,True,2025-11-25T00:00:00
14169,TOPPCE47W,5,200,2025-10-10,False,2025-06-12T00:00:00
14170,PROMOV9AZOA,15,50,2024-01-26,False,2026-03-24T00:00:00
14171,DESCT0YVWO,20,50,2026-07-09,True,2024-09-18T00:00:00
14172,DESC2FSTJX,15,300,2023-08-30,False,2025-10-01T00:00:00
14173,TOPEB791K,30,100,2027-11-24,True,2025-06-09T00:00:00
14174,SALE99Q7JO,40,100,2024-06-04,False,2026-01-26T00:00:00
14175,SALE0UWE2M,15,200,2023-03-27,False,2025-12-14T00:00:00
14176,TOPIJ96V9,15,100,2026-10-03,True,2025-07-29T00:00:00
14177,TOPV5C0US,40,300,2023-06-23,False,2024-10-12T00:00:00
14178,SUPERL07H08,40,200,2027-02-12,False,2026-03-15T00:00:00
14179,OFFO1W6JG,30,50,2027-03-18,False,2026-04-07T00:00:00
14180,DESCD0NLOR,50,500,2026-06-26,True,2024-10-28T00:00:00
14181,OFFDLMHAO,15,100,2023-09-11,False,2023-01-28T00:00:00
14182,OFFN5BSVW,15,50,2026-04-05,False,2024-02-17T00:00:00
14183,DESCBWDD5X,10,200,2023-04-13,False,2024-08-26T00:00:00
14184,SALEVDH3CZ,40,300,2026-10-31,True,2023-05-07T00:00:00
14185,OFF56WAC1,25,50,2025-01-20,False,2024-12-06T00:00:00
14186,SAVEUAYI09,40,300,2025-05-04,False,2025-03-29T00:00:00
14187,DESCR1O0OQ,30,50,2023-02-27,False,2024-12-16T00:00:00
14188,SALENLZPNX,10,50,2027-08-22,False,2026-04-29T00:00:00
14189,TOPGRPLBV,30,200,2024-07-27,False,2025-12-22T00:00:00
14190,DESCY4OE4O,30,200,2023-09-22,False,2026-04-18T00:00:00
14191,DESCYQ245L,20,300,2026-08-08,True,2023-02-11T00:00:00
14192,SUPERM83R6Q,10,300,2023-01-02,False,2023-08-19T00:00:00
14193,SALE6FBQL4,15,50,2023-10-10,False,2026-01-13T00:00:00
14194,SUPERA0Y91H,30,50,2026-04-15,False,2024-11-05T00:00:00
14195,PROMO8750YH,25,50,2025-06-09,False,2026-05-02T00:00:00
14196,SALEAEYWG1,40,300,2026-09-17,True,2024-11-22T00:00:00
14197,SAVEWWCUU4,20,50,2027-04-10,False,2023-05-22T00:00:00
14198,SUPERKDXBVZ,30,100,2027-07-06,False,2023-05-07T00:00:00
14199,TOPUS5DT2,30,150,2024-05-01,False,2025-08-18T00:00:00
14200,PROMOX2G25K,30,300,2023-06-27,False,2026-02-04T00:00:00
14201,SAVEV6R18Z,50,200,2023-05-02,False,2024-12-13T00:00:00
14202,TOPLA0XYN,15,500,2026-05-03,False,2023-07-02T00:00:00
14203,DESCRBKVZL,25,50,2023-10-01,False,2023-08-25T00:00:00
14204,TOPPSFE27,10,50,2026-03-10,False,2023-05-15T00:00:00
14205,OFFHWZ8EH,15,100,2025-04-07,False,2023-03-01T00:00:00
14206,OFFVYK0RU,50,50,2026-09-04,True,2025-02-10T00:00:00
14207,SAVE6AU5XT,15,300,2025-11-21,False,2023-06-13T00:00:00
14208,TOPPFNRUO,20,500,2026-09-25,True,2023-10-12T00:00:00
14209,SAVEX8Z21I,10,300,2027-09-23,True,2023-01-16T00:00:00
14210,SUPERQI0BQ3,40,100,2023-01-03,False,2024-07-05T00:00:00
14211,PROMONZ2IHQ,25,100,2027-06-29,False,2023-03-16T00:00:00
14212,OFFJUIADV,25,300,2024-08-17,False,2025-02-17T00:00:00
14213,SUPERZ3BG4F,20,300,2027-07-08,True,2025-04-08T00:00:00
14214,SUPER4HVLGD,15,150,2027-12-25,True,2026-02-12T00:00:00
14215,SUPERO4U4UX,10,150,2024-09-24,False,2023-04-30T00:00:00
14216,DESC8WQ6NQ,10,150,2025-07-03,False,2023-12-08T00:00:00
14217,PROMOB4B038,50,100,2026-03-14,False,2024-01-07T00:00:00
14218,SUPERKX6T9D,25,300,2023-07-31,False,2024-02-26T00:00:00
14219,DESCB4GIR3,40,500,2024-11-01,False,2024-09-25T00:00:00
14220,SALE863S7F,15,200,2024-01-19,False,2024-07-23T00:00:00
14221,DESCEQGBQE,25,200,2024-05-03,False,2024-07-25T00:00:00
14222,SALES0MOSC,40,100,2027-06-29,True,2025-08-20T00:00:00
14223,TOPHD3JJ1,50,300,2023-04-07,False,2025-02-27T00:00:00
14224,SAVESLU5QN,40,500,2024-02-17,False,2025-11-14T00:00:00
14225,SUPERIHL304,15,200,2027-12-11,True,2024-07-22T00:00:00
14226,SAVEERV3K2,30,100,2024-05-14,False,2025-08-30T00:00:00
14227,SAVEJA1Y8Y,25,100,2027-05-11,True,2025-05-06T00:00:00
14228,SALEG5P3ZR,10,150,2026-12-30,True,2023-07-28T00:00:00
14229,SUPERC36Q7D,50,50,2026-06-28,True,2023-10-02T00:00:00
14230,MEGAPTYPUN,50,50,2026-01-04,False,2023-07-02T00:00:00
14231,SUPERNK19B9,30,200,2024-04-15,False,2023-08-04T00:00:00
14232,PROMOK0ODU2,40,150,2023-05-29,False,2023-01-26T00:00:00
14233,TOP1A008C,50,300,2024-06-09,False,2025-12-29T00:00:00
14234,TOPUTP09S,30,200,2026-09-28,False,2025-10-19T00:00:00
14235,SUPER5JQFWB,50,50,2023-10-02,False,2023-09-19T00:00:00
14236,SUPERGL66ZC,20,300,2027-07-16,True,2025-11-03T00:00:00
14237,SALE42I3B3,50,300,2025-10-14,False,2023-01-16T00:00:00
14238,DESCW9C617,15,50,2026-04-03,False,2025-09-06T00:00:00
14239,SALEUEOW0K,20,300,2024-05-26,False,2023-02-13T00:00:00
14240,TOPEKTQDI,25,300,2026-08-29,True,2024-06-15T00:00:00
14241,PROMOX5B8VT,50,500,2025-01-07,False,2026-01-03T00:00:00
14242,MEGAUF8Z6V,10,50,2027-12-20,False,2025-09-28T00:00:00
14243,SALE6T9XIB,5,200,2023-04-13,False,2025-11-20T00:00:00
14244,SUPERVMJSOI,50,50,2027-07-10,False,2023-02-22T00:00:00
14245,MEGA0BHY3Z,25,100,2026-04-17,False,2026-04-28T00:00:00
14246,DESCU6DFDB,50,300,2023-02-05,False,2024-09-19T00:00:00
14247,MEGARDJQHF,40,100,2027-03-18,False,2024-01-18T00:00:00
14248,SALEGW6ACG,30,300,2026-12-20,True,2026-03-04T00:00:00
14249,SAVE1GOUFR,30,500,2026-07-12,True,2025-01-12T00:00:00
14250,DESCPU6X37,15,300,2023-09-22,False,2026-04-21T00:00:00
14251,MEGAAHF5IY,50,300,2024-01-08,False,2024-03-15T00:00:00
14252,TOPH8HXR7,40,300,2026-08-15,True,2025-10-24T00:00:00
14253,PROMOZ7O3TO,20,500,2026-12-24,False,2025-06-10T00:00:00
14254,SAVE5RTO5A,5,50,2024-04-10,False,2026-03-24T00:00:00
14255,MEGA7GLN2F,10,50,2027-05-31,True,2023-02-09T00:00:00
14256,OFFWGNZTP,40,50,2026-01-11,False,2025-05-17T00:00:00
14257,DESCK4U4LQ,10,50,2026-04-25,False,2025-02-06T00:00:00
14258,DESCPF2K2M,25,150,2024-09-26,False,2023-08-11T00:00:00
14259,MEGAWXDZPT,25,50,2024-08-29,False,2023-07-22T00:00:00
14260,OFFZUV3XT,15,150,2023-03-27,False,2026-02-05T00:00:00
14261,TOPZ0WYXL,50,500,2025-11-07,False,2023-11-02T00:00:00
14262,MEGAEF77ZR,25,100,2023-06-22,False,2024-10-04T00:00:00
14263,DESC0E2QE0,20,500,2026-11-15,True,2025-11-10T00:00:00
14264,SALEW7J81I,20,150,2025-07-24,False,2024-07-10T00:00:00
14265,PROMO7FDL1E,25,500,2026-04-21,False,2026-04-04T00:00:00
14266,OFFD98KTX,30,50,2027-06-21,False,2023-08-24T00:00:00
14267,PROMOYWD1OC,5,50,2026-06-27,False,2025-09-24T00:00:00
14268,SALE6H7T65,15,500,2026-09-09,True,2023-01-07T00:00:00
14269,PROMOH4KOJN,5,500,2024-08-25,False,2025-01-26T00:00:00
14270,SUPERO7QNNN,5,50,2026-04-13,False,2023-12-28T00:00:00
14271,PROMO4TKZZD,40,50,2024-07-08,False,2026-02-05T00:00:00
14272,OFFWGCZNY,20,50,2027-08-20,True,2024-06-10T00:00:00
14273,TOP6HOFF5,25,300,2027-12-10,True,2023-01-06T00:00:00
14274,SUPERZIM1AX,50,50,2026-06-24,False,2024-01-09T00:00:00
14275,SUPER4JF8ZH,20,200,2025-04-08,False,2025-12-16T00:00:00
14276,MEGATJYQB0,15,200,2024-04-05,False,2024-06-04T00:00:00
14277,SALESSR8JT,50,150,2023-02-07,False,2025-07-25T00:00:00
14278,MEGADOF6JC,20,500,2024-11-25,False,2023-12-11T00:00:00
14279,SUPER4QGI8B,5,100,2026-11-17,True,2023-01-12T00:00:00
14280,SALESV8C7H,10,500,2026-09-24,True,2026-03-10T00:00:00
14281,SAVEYPPYR1,25,150,2024-09-30,False,2024-05-16T00:00:00
14282,SAVEKDWSTR,25,300,2026-05-12,False,2023-01-13T00:00:00
14283,MEGAWKSW5V,50,200,2023-12-11,False,2026-03-21T00:00:00
14284,SAVEZG1TVQ,25,100,2026-01-21,False,2026-03-26T00:00:00
14285,MEGA16AX0V,25,150,2024-10-28,False,2025-07-26T00:00:00
14286,SAVEQ7HAFV,20,100,2024-05-29,False,2026-05-25T00:00:00
14287,SUPERR4HJSH,20,300,2024-09-27,False,2023-08-12T00:00:00
14288,SAVEN7JEBF,10,200,2027-09-24,True,2024-11-19T00:00:00
14289,PROMOK8KF6E,25,500,2025-01-04,False,2025-10-13T00:00:00
14290,MEGA424GSO,15,150,2027-11-19,True,2026-03-01T00:00:00
14291,MEGASRS2HQ,15,150,2024-07-27,False,2025-07-18T00:00:00
14292,OFFTO7UPV,15,200,2023-07-22,False,2023-07-24T00:00:00
14293,MEGAV377PH,10,500,2025-08-28,False,2025-12-07T00:00:00
14294,SALEY5OFJ3,10,200,2025-12-31,False,2026-05-09T00:00:00
14295,SALEYUY5O6,40,300,2025-05-11,False,2025-04-05T00:00:00
14296,MEGA5JIV3I,50,150,2026-10-17,True,2024-06-26T00:00:00
14297,MEGAW5HFLQ,40,200,2023-06-11,False,2024-04-24T00:00:00
14298,MEGA2WPNDE,25,150,2024-01-02,False,2023-06-06T00:00:00
14299,MEGATVD2BI,5,500,2027-06-07,True,2023-02-22T00:00:00
14300,TOPRCES06,20,500,2023-09-12,False,2024-10-05T00:00:00
14301,SUPER5QQL66,20,150,2023-04-02,False,2023-12-06T00:00:00
14302,TOPVA5W5J,40,50,2025-05-10,False,2026-05-22T00:00:00
14303,OFF16IS3V,15,200,2026-05-12,False,2023-06-26T00:00:00
14304,DESCLDKKKJ,25,150,2024-10-11,False,2026-02-20T00:00:00
14305,TOPUWCT42,20,150,2024-10-05,False,2024-01-22T00:00:00
14306,PROMO06P7C8,15,50,2027-11-07,False,2024-10-29T00:00:00
14307,SUPER1FFALR,20,150,2023-05-06,False,2024-12-17T00:00:00
14308,SALE5ATQVI,10,500,2023-10-23,False,2023-01-21T00:00:00
14309,PROMO28HH7V,10,150,2023-11-04,False,2026-01-16T00:00:00
14310,DESCVC6MY7,10,200,2023-12-16,False,2025-01-12T00:00:00
14311,MEGA9NVEAX,25,200,2025-01-10,False,2024-12-29T00:00:00
14312,TOP74E8HQ,20,100,2025-05-21,False,2025-12-13T00:00:00
14313,SALEZYLR7K,20,200,2026-05-30,False,2025-11-14T00:00:00
14314,DESCDXQMSC,40,300,2024-11-20,False,2026-06-09T00:00:00
14315,MEGAJK1ZPR,20,200,2026-12-02,False,2025-08-29T00:00:00
14316,MEGAFZFMFE,30,50,2026-07-26,True,2024-01-09T00:00:00
14317,MEGASFBTM1,25,200,2025-10-11,False,2024-07-30T00:00:00
14318,OFF1T7GD7,10,150,2023-05-07,False,2025-01-05T00:00:00
14319,TOPLBQGHE,25,300,2027-01-29,True,2024-02-14T00:00:00
14320,SALEHPZOOI,50,100,2023-11-22,False,2025-01-23T00:00:00
14321,OFF02GUAS,10,200,2023-08-27,False,2025-06-30T00:00:00
14322,SAVE8H286O,50,300,2024-10-27,False,2025-09-23T00:00:00
14323,MEGAFEBMLE,10,50,2025-03-20,False,2023-06-30T00:00:00
14324,SUPERCQGZ17,20,50,2024-10-17,False,2024-02-12T00:00:00
14325,DESCNK82NX,5,50,2027-06-07,True,2024-02-25T00:00:00
14326,SALEDSFA58,50,150,2025-11-06,False,2023-08-25T00:00:00
14327,PROMOKGWGOH,25,50,2027-08-09,True,2026-04-15T00:00:00
14328,SALEVH1MW5,30,100,2026-08-07,False,2024-01-14T00:00:00
14329,DESCXQZNXY,20,500,2026-06-29,True,2024-09-26T00:00:00
14330,SALEKBMQEU,50,150,2023-01-28,False,2025-06-09T00:00:00
14331,PROMOPEHPRH,25,100,2024-06-04,False,2023-06-09T00:00:00
14332,MEGAY9AXVV,25,200,2027-04-17,False,2023-12-01T00:00:00
14333,PROMOU1LJXY,5,500,2027-11-16,True,2025-04-05T00:00:00
14334,OFF7U5R3U,5,300,2026-01-28,False,2026-06-02T00:00:00
14335,TOPPRHQ7A,20,150,2025-01-10,False,2024-02-05T00:00:00
14336,SAVE75KW9Z,15,300,2026-09-07,False,2024-03-20T00:00:00
14337,SAVEIX6S52,30,50,2026-01-13,False,2023-01-29T00:00:00
14338,SALEHANNOL,20,200,2027-03-26,True,2025-12-13T00:00:00
14339,TOP1MTOAY,20,200,2027-10-25,True,2025-03-11T00:00:00
14340,SAVEUEJ97B,15,200,2027-02-01,True,2025-12-17T00:00:00
14341,SUPERUD3FQ5,10,300,2025-06-07,False,2025-11-11T00:00:00
14342,MEGAUSTQ5W,30,150,2025-11-01,False,2024-10-01T00:00:00
14343,PROMOD8Y47Y,25,300,2025-09-13,False,2024-02-28T00:00:00
14344,PROMOZOFPMP,5,200,2025-05-13,False,2025-10-09T00:00:00
14345,TOPCK1EH9,5,100,2023-01-01,False,2024-04-26T00:00:00
14346,MEGAIIU4QH,5,200,2027-05-27,True,2024-01-23T00:00:00
14347,SAVEYYDR6H,5,300,2027-11-10,True,2024-04-21T00:00:00
14348,DESCBMTB0A,5,100,2025-05-04,False,2023-02-02T00:00:00
14349,PROMOBUU5QG,50,50,2025-05-02,False,2024-06-06T00:00:00
14350,PROMOMH6RJ7,50,50,2024-08-28,False,2023-12-22T00:00:00
14351,MEGAQ6GWWW,20,150,2026-08-08,True,2023-04-13T00:00:00
14352,SUPERAJ4RS2,25,50,2025-07-07,False,2025-05-31T00:00:00
14353,SAVE7T871T,40,150,2023-09-25,False,2025-10-01T00:00:00
14354,DESCI2K1OU,5,50,2025-02-15,False,2025-12-09T00:00:00
14355,DESCR8L0DV,50,500,2025-06-09,False,2024-12-21T00:00:00
14356,MEGABQU3EO,30,300,2024-10-07,False,2023-09-09T00:00:00
14357,SALEJEZPSN,20,200,2026-09-17,False,2024-01-09T00:00:00
14358,SUPERF3MRNP,25,50,2024-12-18,False,2025-02-17T00:00:00
14359,PROMOW5XY0H,30,50,2023-01-06,False,2026-01-08T00:00:00
14360,MEGA1Q1LHQ,30,100,2027-08-28,True,2023-02-04T00:00:00
14361,MEGA6QQM81,20,500,2027-10-22,False,2026-06-07T00:00:00
14362,OFF0A0GA5,15,300,2024-10-11,False,2025-05-07T00:00:00
14363,TOPCVVA1E,20,500,2025-05-17,False,2024-11-16T00:00:00
14364,PROMOJH3WIO,30,200,2027-08-30,True,2024-12-01T00:00:00
14365,SUPER7A3QEL,40,300,2023-04-30,False,2025-03-09T00:00:00
14366,OFFD1501I,20,50,2027-03-03,True,2024-04-29T00:00:00
14367,MEGA0MNUZ4,10,300,2026-11-16,True,2026-05-25T00:00:00
14368,DESCQ7Z62V,10,300,2024-10-06,False,2026-04-16T00:00:00
14369,PROMOYAOKV2,50,500,2023-02-07,False,2024-06-02T00:00:00
14370,SUPER8R3Q8A,25,100,2025-02-16,False,2023-04-18T00:00:00
14371,MEGAROWJST,25,50,2026-07-09,True,2023-01-07T00:00:00
14372,DESCK0DR76,25,300,2025-04-17,False,2025-02-25T00:00:00
14373,SUPERZW3TQD,40,50,2024-04-06,False,2024-11-19T00:00:00
14374,PROMOFCUIA3,40,50,2027-01-12,True,2023-08-01T00:00:00
14375,TOPPSP5HS,5,300,2025-08-25,False,2024-09-29T00:00:00
14376,MEGAOS7SEU,50,50,2027-01-09,True,2025-01-18T00:00:00
14377,SUPERC6Z8M9,40,100,2027-01-26,True,2025-05-31T00:00:00
14378,SALEUG0NM1,25,150,2023-02-15,False,2025-10-25T00:00:00
14379,SAVEZDH7WX,30,200,2026-08-02,False,2026-05-15T00:00:00
14380,SALEWD64O7,15,500,2024-06-24,False,2025-02-01T00:00:00
14381,SAVEW4YS30,15,300,2025-04-22,False,2024-03-18T00:00:00
14382,MEGAKK8Y5L,30,150,2027-05-15,True,2026-03-05T00:00:00
14383,DESCV8R4TK,50,100,2024-11-19,False,2025-11-23T00:00:00
14384,TOPW6J0JT,30,500,2027-08-20,False,2023-11-01T00:00:00
14385,SUPERHVKDEE,10,200,2026-08-05,True,2024-01-25T00:00:00
14386,SALEO7PDEH,50,300,2025-02-24,False,2023-08-01T00:00:00
14387,SALE61JNTH,25,300,2025-12-26,False,2025-09-28T00:00:00
14388,SAVEOVARYX,30,200,2024-09-10,False,2024-03-04T00:00:00
14389,SALEKD2H77,15,50,2024-09-19,False,2023-01-17T00:00:00
14390,PROMOIBLZDY,5,100,2027-04-12,False,2025-06-25T00:00:00
14391,SUPERKIKW8S,10,500,2026-04-12,False,2023-09-07T00:00:00
14392,PROMOENFBWX,10,300,2025-02-15,False,2026-02-13T00:00:00
14393,TOPE5IGBG,5,50,2023-05-08,False,2023-07-31T00:00:00
14394,SUPER39WP6R,10,150,2027-06-19,False,2026-06-10T00:00:00
14395,SUPERGLXEXA,10,100,2025-11-29,False,2023-01-11T00:00:00
14396,PROMOQ5VEXJ,5,500,2025-12-22,False,2024-04-23T00:00:00
14397,SUPEROTU2BX,10,500,2027-08-18,True,2026-06-10T00:00:00
14398,SUPEREP4ZR2,50,500,2027-07-16,False,2024-03-21T00:00:00
14399,MEGACOPMAY,30,100,2027-09-15,True,2024-01-27T00:00:00
14400,TOPHC2MVZ,50,150,2026-03-14,False,2024-11-17T00:00:00
14401,OFFXDIP6C,20,100,2025-06-24,False,2023-03-08T00:00:00
14402,SUPERXZIO4T,20,500,2026-02-09,False,2025-09-09T00:00:00
14403,SAVENTL06Q,15,200,2027-07-04,False,2026-03-04T00:00:00
14404,PROMOBZSYNL,10,200,2023-01-24,False,2026-02-11T00:00:00
14405,SUPERQ0R0HD,50,100,2027-07-27,True,2025-11-17T00:00:00
14406,SALEEMX4N4,10,50,2025-10-06,False,2024-06-30T00:00:00
14407,MEGAI6Y61O,20,50,2025-03-08,False,2024-02-01T00:00:00
14408,SALE1M2RZA,50,300,2026-03-04,False,2025-03-27T00:00:00
14409,MEGAQ9UBU1,30,200,2026-02-23,False,2026-04-29T00:00:00
14410,DESCJ5MWAF,25,500,2027-01-08,True,2026-01-18T00:00:00
14411,TOPYYRO5S,20,500,2026-11-25,True,2023-11-28T00:00:00
14412,MEGA52SX7U,5,50,2023-12-31,False,2023-06-29T00:00:00
14413,DESCMQJ2PE,15,150,2023-05-28,False,2025-02-15T00:00:00
14414,PROMORWUUQI,50,100,2024-08-31,False,2024-09-07T00:00:00
14415,SALEQC45XX,50,50,2025-04-26,False,2025-11-28T00:00:00
14416,SUPEROX3QPA,5,500,2025-12-09,False,2025-10-14T00:00:00
14417,SALEOITZGD,50,50,2023-04-08,False,2026-03-26T00:00:00
14418,TOPYJLKBB,40,50,2023-03-23,False,2026-02-05T00:00:00
14419,PROMOQJ11J8,40,150,2025-06-18,False,2025-06-17T00:00:00
14420,MEGAL05XED,50,200,2027-12-08,False,2024-08-17T00:00:00
14421,TOP0N5BIF,30,300,2025-09-20,False,2023-10-17T00:00:00
14422,SALE8ZH9S2,20,100,2027-03-24,False,2023-05-13T00:00:00
14423,MEGAWU0V0O,30,500,2023-07-29,False,2025-07-24T00:00:00
14424,PROMOBRGP0I,30,50,2024-07-28,False,2026-05-12T00:00:00
14425,SAVEKVK60G,25,50,2023-04-06,False,2026-02-18T00:00:00
14426,MEGA591AR8,5,200,2027-05-17,True,2025-09-25T00:00:00
14427,OFFBOYE77,50,300,2027-04-02,True,2023-11-23T00:00:00
14428,OFFFW5BJJ,30,150,2023-05-22,False,2025-02-25T00:00:00
14429,MEGABFE9MV,25,500,2027-11-06,True,2025-12-13T00:00:00
14430,PROMOUUT49Q,50,100,2025-10-20,False,2024-06-02T00:00:00
14431,SAVEITRIJ9,25,500,2027-09-07,True,2025-07-25T00:00:00
14432,OFFEFU3I4,30,50,2024-11-01,False,2025-02-14T00:00:00
14433,TOPBJXMG1,5,200,2023-06-14,False,2023-01-25T00:00:00
14434,MEGA26IJ6J,5,150,2024-01-19,False,2024-09-26T00:00:00
14435,TOPRLGHPH,25,500,2025-10-13,False,2023-10-14T00:00:00
14436,SALE33JZQG,20,50,2023-10-14,False,2023-06-09T00:00:00
14437,SAVEZJGNBO,10,100,2023-08-09,False,2025-03-13T00:00:00
14438,SUPERPEOBO0,30,500,2024-02-05,False,2025-10-22T00:00:00
14439,MEGA9YO3OX,40,200,2027-07-19,True,2026-05-24T00:00:00
14440,MEGAWWAA1Y,5,50,2027-02-28,False,2025-10-05T00:00:00
14441,SALE5UPADS,40,200,2025-06-09,False,2026-03-15T00:00:00
14442,PROMO0FG75L,20,200,2024-05-23,False,2024-12-29T00:00:00
14443,TOP2WJUOD,15,500,2027-09-26,True,2024-04-26T00:00:00
14444,SALELQFO6N,30,500,2025-03-04,False,2023-04-27T00:00:00
14445,TOPXIWGXP,40,200,2025-01-30,False,2025-11-30T00:00:00
14446,SALENYQ6FI,5,150,2023-10-25,False,2024-12-09T00:00:00
14447,SAVE8T7ZYG,40,200,2027-01-18,False,2023-03-27T00:00:00
14448,MEGA3LM32V,20,150,2026-03-05,False,2025-09-10T00:00:00
14449,TOPVGRHG9,15,200,2025-03-26,False,2024-10-28T00:00:00
14450,SUPERSYRFJQ,25,150,2025-01-11,False,2024-07-08T00:00:00
14451,SAVEM9817V,15,200,2024-10-09,False,2023-07-24T00:00:00
14452,PROMOASVNYF,5,50,2025-09-17,False,2024-02-21T00:00:00
14453,TOP1BTE4S,40,50,2026-10-23,True,2025-09-20T00:00:00
14454,SAVEDFJE00,50,100,2024-10-09,False,2025-05-22T00:00:00
14455,OFFS7NVIP,15,200,2024-05-01,False,2025-08-19T00:00:00
14456,OFFYY28CY,5,100,2023-12-24,False,2025-12-07T00:00:00
14457,OFFTK0A6M,50,300,2027-02-21,True,2026-04-18T00:00:00
14458,OFFILTGAW,5,300,2027-05-09,True,2023-03-31T00:00:00
14459,SAVEU8ZA9Z,10,150,2027-12-23,False,2024-06-03T00:00:00
14460,SAVE3TR2TB,20,50,2023-12-11,False,2025-04-01T00:00:00
14461,DESCTZ9Q9E,20,50,2023-07-19,False,2024-12-08T00:00:00
14462,DESCZ1B0WX,40,200,2027-07-06,True,2023-02-18T00:00:00
14463,SALEO9LYG8,10,50,2027-05-26,False,2025-01-04T00:00:00
14464,SUPERHDPC7S,10,150,2026-06-13,False,2023-03-04T00:00:00
14465,SALE4T2AOT,40,500,2025-06-25,False,2023-02-11T00:00:00
14466,OFFQMYCR1,15,300,2027-01-01,True,2025-05-20T00:00:00
14467,DESCQ37ZJF,40,50,2025-11-19,False,2024-08-15T00:00:00
14468,SALEC6FXQX,30,300,2026-10-09,True,2024-06-20T00:00:00
14469,TOP3LKC5Q,20,100,2023-05-26,False,2025-12-24T00:00:00
14470,SALEZIHJTB,25,100,2025-07-04,False,2024-10-25T00:00:00
14471,MEGAOYOCSQ,25,150,2027-01-24,True,2025-05-05T00:00:00
14472,DESC03YNV9,30,150,2023-01-20,False,2024-05-06T00:00:00
14473,SUPERIM1AKL,15,100,2025-06-17,False,2026-03-04T00:00:00
14474,MEGA8V0RQ4,5,50,2025-10-01,False,2024-05-30T00:00:00
14475,PROMOLNWSSQ,25,200,2025-01-26,False,2024-10-16T00:00:00
14476,MEGAVE9XJ0,20,100,2025-11-21,False,2023-12-17T00:00:00
14477,MEGAUMPB8F,30,150,2026-07-11,True,2023-06-12T00:00:00
14478,SALE23PMUG,50,100,2025-04-18,False,2025-08-10T00:00:00
14479,OFF1VY2SS,25,150,2023-03-08,False,2025-06-05T00:00:00
14480,SUPERIKMVFV,15,500,2025-04-24,False,2025-04-21T00:00:00
14481,SALE6S276Z,20,300,2023-06-26,False,2026-02-15T00:00:00
14482,DESCFEEXEY,5,500,2024-02-14,False,2023-02-15T00:00:00
14483,SUPERRFOW60,50,50,2027-10-06,True,2024-01-28T00:00:00
14484,MEGACIWXW1,30,200,2023-03-30,False,2025-04-19T00:00:00
14485,OFF0ARHIZ,30,150,2024-07-21,False,2025-01-02T00:00:00
14486,DESCL65BGF,10,150,2024-08-10,False,2025-11-28T00:00:00
14487,OFFQAON5B,10,500,2026-09-17,True,2024-02-14T00:00:00
14488,PROMOWWOG5M,40,150,2025-05-04,False,2025-03-10T00:00:00
14489,TOPJT52RX,15,300,2023-09-30,False,2026-03-15T00:00:00
14490,TOPFOQUJ6,30,500,2023-12-10,False,2024-06-13T00:00:00
14491,PROMOMB3TCU,20,150,2024-06-10,False,2025-11-21T00:00:00
14492,SAVE0D00JD,50,500,2023-08-11,False,2025-08-13T00:00:00
14493,SALESAML7J,5,150,2023-09-11,False,2026-01-09T00:00:00
14494,TOP9NWPK0,50,150,2023-04-29,False,2023-11-24T00:00:00
14495,SAVEVMC0EJ,20,150,2027-03-16,True,2024-10-04T00:00:00
14496,SAVEC0MP6R,50,200,2024-11-09,False,2023-08-05T00:00:00
14497,TOPJ6VP6I,40,200,2027-11-21,False,2025-07-18T00:00:00
14498,DESC0VTRVC,50,100,2024-10-04,False,2025-06-06T00:00:00
14499,SALEVKYTRS,25,150,2025-09-21,False,2024-08-18T00:00:00
14500,TOP52T5UZ,50,50,2027-08-19,False,2025-05-31T00:00:00
14501,OFFG9APRQ,30,500,2026-05-05,False,2025-02-08T00:00:00
14502,TOPYJXLBU,30,50,2024-12-19,False,2024-04-01T00:00:00
14503,TOPJVCUT1,10,200,2024-08-21,False,2024-10-16T00:00:00
14504,SALEH88RUK,50,200,2025-04-19,False,2023-11-12T00:00:00
14505,OFFU21K4I,20,50,2027-04-22,False,2025-01-13T00:00:00
14506,DESC89JCYQ,15,200,2025-11-11,False,2023-08-20T00:00:00
14507,SALEPRLV31,40,500,2026-07-26,False,2023-10-23T00:00:00
14508,PROMOO2JA0Q,20,150,2027-12-31,True,2026-06-03T00:00:00
14509,PROMO0BHROL,30,50,2024-07-04,False,2023-10-29T00:00:00
14510,SAVEJZVAT8,40,300,2025-09-21,False,2025-04-03T00:00:00
14511,OFFXJIY86,10,50,2023-10-30,False,2025-07-18T00:00:00
14512,OFFQ1YE0Y,50,50,2024-04-24,False,2026-01-28T00:00:00
14513,PROMO2RPLUM,50,300,2026-01-09,False,2024-03-01T00:00:00
14514,SALEFNU786,40,150,2027-05-01,False,2026-02-21T00:00:00
14515,TOPZMFNXX,50,200,2027-10-22,True,2024-02-22T00:00:00
14516,OFFS3ROKP,10,100,2025-01-31,False,2024-01-03T00:00:00
14517,OFF0M9ECO,40,500,2024-02-14,False,2025-03-04T00:00:00
14518,DESCZ9TVZL,25,150,2026-12-30,True,2025-12-09T00:00:00
14519,OFFW22YA8,15,150,2027-03-01,False,2023-10-20T00:00:00
14520,DESCVV6S1F,30,50,2024-11-09,False,2023-10-06T00:00:00
14521,PROMO91K5KD,20,150,2023-06-05,False,2026-03-04T00:00:00
14522,SALENN9M7E,25,300,2026-12-11,True,2024-09-10T00:00:00
14523,OFF2H9WVK,50,200,2025-12-09,False,2023-04-29T00:00:00
14524,SALEZZY7C0,30,200,2025-04-19,False,2024-07-30T00:00:00
14525,TOPHRA4T5,5,300,2025-11-01,False,2026-04-15T00:00:00
14526,SALEQ6Z728,25,300,2024-03-01,False,2024-12-17T00:00:00
14527,SALE80VBHD,50,150,2023-10-10,False,2026-04-25T00:00:00
14528,TOPW2UGLJ,40,500,2025-05-05,False,2023-06-09T00:00:00
14529,DESC1YY335,25,100,2024-02-17,False,2023-07-18T00:00:00
14530,MEGA5ODLRU,15,100,2023-06-12,False,2024-06-08T00:00:00
14531,DESCX513Y8,15,200,2027-05-03,True,2024-07-04T00:00:00
14532,MEGA0NZFJS,20,200,2027-09-26,True,2025-02-20T00:00:00
14533,SAVEIVLP59,20,300,2024-01-11,False,2024-05-22T00:00:00
14534,SALE4R2OYC,40,200,2023-03-01,False,2023-03-19T00:00:00
14535,SUPERYSVZ76,40,150,2026-11-05,True,2024-08-16T00:00:00
14536,SUPERTPMCEV,50,50,2024-09-26,False,2026-05-06T00:00:00
14537,TOPSZ557M,10,100,2026-07-08,True,2024-03-11T00:00:00
14538,PROMO6SER8W,25,50,2024-06-18,False,2024-01-28T00:00:00
14539,SALEGJC8VJ,10,300,2024-05-04,False,2023-07-05T00:00:00
14540,SALE4TZ8SZ,5,500,2023-09-29,False,2025-07-11T00:00:00
14541,DESCASV30Q,25,300,2027-04-28,True,2023-11-29T00:00:00
14542,DESCVOC8ZF,15,500,2023-02-16,False,2023-10-16T00:00:00
14543,SALEDFXLRO,30,200,2027-03-22,True,2023-02-07T00:00:00
14544,PROMOQVYU3O,20,200,2026-06-30,False,2024-04-15T00:00:00
14545,PROMOMMO4HB,5,50,2026-01-05,False,2025-11-21T00:00:00
14546,DESCK0NRIX,50,200,2024-04-03,False,2024-10-30T00:00:00
14547,TOPUGSVQ0,40,500,2027-10-30,True,2023-07-30T00:00:00
14548,SALEZRISNR,25,100,2026-05-22,False,2026-05-22T00:00:00
14549,SUPERUPX38Z,40,50,2024-09-27,False,2025-10-25T00:00:00
14550,DESCQMGHDI,10,50,2026-10-20,True,2025-01-07T00:00:00
14551,MEGADCNZ05,50,200,2027-12-18,True,2025-07-12T00:00:00
14552,OFFAMAQKO,20,100,2026-10-03,True,2023-09-08T00:00:00
14553,SAVE9YVSH4,30,200,2025-06-03,False,2025-07-20T00:00:00
14554,MEGAZ1JXP0,30,300,2025-05-10,False,2025-05-03T00:00:00
14555,SALEZ0N2I3,20,500,2023-04-26,False,2024-06-16T00:00:00
14556,DESC4M5IV1,25,100,2024-01-14,False,2024-04-10T00:00:00
14557,SAVEQXF7S9,10,50,2025-05-30,False,2024-04-12T00:00:00
14558,SAVE4POAGT,10,500,2024-04-24,False,2023-06-23T00:00:00
14559,TOPOEU23K,20,200,2023-06-08,False,2025-07-09T00:00:00
14560,DESCHEFQGE,30,300,2025-02-10,False,2025-05-16T00:00:00
14561,SAVES91C89,40,150,2024-01-08,False,2024-03-13T00:00:00
14562,SAVERFNFDV,30,100,2023-02-14,False,2026-04-18T00:00:00
14563,MEGAZXTR8Z,40,300,2027-12-14,True,2025-04-03T00:00:00
14564,MEGAVC4BU5,25,50,2026-04-10,False,2024-05-27T00:00:00
14565,TOP3E51UX,15,500,2027-06-25,True,2025-10-11T00:00:00
14566,DESC3W8PQR,30,50,2026-02-08,False,2025-04-02T00:00:00
14567,SAVEF4BP85,50,300,2023-09-02,False,2026-01-25T00:00:00
14568,MEGAYRHCWA,30,300,2027-05-03,True,2023-12-25T00:00:00
14569,SAVE3445VA,10,150,2024-03-19,False,2024-08-14T00:00:00
14570,SAVES5S9D4,5,50,2023-04-08,False,2024-02-20T00:00:00
14571,TOP76S5BK,30,50,2023-09-22,False,2024-08-05T00:00:00
14572,SALEG5DCNM,25,150,2025-04-23,False,2025-07-31T00:00:00
14573,PROMORD0I1K,15,200,2027-11-20,True,2024-11-05T00:00:00
14574,PROMOPG18EB,15,200,2025-06-10,False,2025-05-27T00:00:00
14575,SALE6U0B5N,15,500,2023-04-22,False,2024-11-12T00:00:00
14576,PROMO3K4R8X,10,50,2024-11-17,False,2026-02-14T00:00:00
14577,SAVECXA56I,5,300,2026-06-04,False,2024-11-15T00:00:00
14578,OFFX5E0LN,30,500,2023-01-10,False,2025-04-07T00:00:00
14579,SALEP8PI0T,50,500,2023-09-27,False,2023-01-19T00:00:00
14580,OFFR9IQ4X,30,50,2027-08-17,True,2023-07-12T00:00:00
14581,DESCE8VE9S,10,200,2023-06-27,False,2023-01-21T00:00:00
14582,DESCFDVUUS,15,150,2026-08-18,False,2026-04-06T00:00:00
14583,MEGAD2J5VD,30,100,2025-06-04,False,2025-02-03T00:00:00
14584,SALEKGGKGX,15,300,2024-12-03,False,2023-10-03T00:00:00
14585,TOPQBGZOS,10,100,2023-02-13,False,2024-04-29T00:00:00
14586,SALEI9YCK9,50,500,2026-08-03,True,2026-01-10T00:00:00
14587,SAVES45KZX,20,150,2024-04-19,False,2024-04-16T00:00:00
14588,DESCBL3OQB,20,300,2024-03-17,False,2026-02-20T00:00:00
14589,SUPERWW7PQW,50,500,2025-09-14,False,2023-05-06T00:00:00
14590,OFF11GKYQ,20,50,2025-10-21,False,2023-08-22T00:00:00
14591,SUPEROESFHH,5,200,2026-09-22,True,2023-02-26T00:00:00
14592,TOPSIG88Z,50,50,2026-08-21,True,2025-12-05T00:00:00
14593,OFFTIPHWI,5,100,2024-09-27,False,2025-03-26T00:00:00
14594,SUPER5WU5TD,50,50,2023-08-03,False,2024-07-21T00:00:00
14595,PROMOP9XKEQ,10,50,2025-02-01,False,2026-02-07T00:00:00
14596,MEGAL8QHB6,20,300,2026-10-17,True,2024-12-24T00:00:00
14597,DESCDYDU2T,20,50,2025-09-29,False,2023-09-07T00:00:00
14598,MEGABL0EAP,50,100,2024-07-23,False,2024-09-08T00:00:00
14599,SUPER90B1GP,10,100,2025-11-12,False,2024-03-01T00:00:00
14600,TOPSNLOR2,10,100,2027-11-29,True,2025-10-07T00:00:00
14601,OFFZJTZZJ,20,200,2023-07-15,False,2023-12-28T00:00:00
14602,DESC00E7TU,15,50,2023-02-23,False,2023-09-23T00:00:00
14603,DESCACO23S,30,100,2027-09-18,True,2023-04-07T00:00:00
14604,PROMO3JPH4C,20,100,2025-03-11,False,2023-10-14T00:00:00
14605,SAVEEF99BN,10,300,2023-03-31,False,2024-06-12T00:00:00
14606,MEGA7VU6S7,20,200,2027-03-18,True,2023-05-18T00:00:00
14607,SAVE1HJN75,30,500,2026-04-08,False,2025-09-23T00:00:00
14608,TOPQG0KVT,5,500,2027-12-21,False,2024-09-01T00:00:00
14609,DESC43XIF4,50,500,2023-08-18,False,2025-01-10T00:00:00
14610,SALEWAVPQ3,10,500,2024-07-25,False,2023-01-28T00:00:00
14611,TOPDRURW4,50,100,2026-05-15,False,2024-07-23T00:00:00
14612,DESCCN2PBN,30,100,2025-02-05,False,2023-04-06T00:00:00
14613,SAVEHRWSN0,40,500,2027-01-17,True,2023-07-01T00:00:00
14614,OFFICUHCC,10,150,2023-05-03,False,2023-12-28T00:00:00
14615,SALE7RON68,10,500,2024-12-21,False,2023-12-29T00:00:00
14616,SUPER4WB4VQ,40,300,2026-03-31,False,2026-01-27T00:00:00
14617,TOPBTCMHE,40,300,2023-01-20,False,2025-02-13T00:00:00
14618,SUPER5VKEZR,30,300,2026-03-05,False,2024-08-29T00:00:00
14619,PROMOR0Q3BD,20,50,2023-09-11,False,2024-10-13T00:00:00
14620,SUPERPER3IP,30,150,2023-09-14,False,2024-02-02T00:00:00
14621,OFF842PKB,30,100,2025-09-29,False,2024-01-20T00:00:00
14622,SALEKDDLCP,25,200,2024-09-10,False,2024-06-04T00:00:00
14623,SUPERXHUKNX,20,200,2024-05-11,False,2023-07-04T00:00:00
14624,SALET6UOH4,40,500,2023-10-06,False,2024-12-17T00:00:00
14625,DESCSNFZPX,5,200,2023-01-13,False,2024-08-08T00:00:00
14626,DESCHJL9KR,30,300,2025-06-12,False,2024-12-10T00:00:00
14627,OFFRPTYY3,25,500,2027-10-07,True,2023-08-06T00:00:00
14628,TOPDQ9L6M,30,150,2024-11-28,False,2024-01-13T00:00:00
14629,MEGAKM1MPW,15,150,2024-07-30,False,2023-12-01T00:00:00
14630,SUPERMV2RT3,50,150,2025-06-02,False,2024-05-26T00:00:00
14631,TOPA4MBPO,25,500,2026-01-06,False,2026-01-04T00:00:00
14632,SUPERQTOHYM,25,500,2026-03-29,False,2024-08-13T00:00:00
14633,OFF3UHYAB,20,150,2026-01-22,False,2023-02-25T00:00:00
14634,MEGACN4JYD,15,500,2025-04-03,False,2025-12-30T00:00:00
14635,SUPER1CI39C,30,200,2023-04-24,False,2023-01-12T00:00:00
14636,SALEE9V0YU,15,150,2024-12-12,False,2025-10-28T00:00:00
14637,MEGAGLPGLW,25,500,2024-03-24,False,2024-06-01T00:00:00
14638,MEGANCEU5O,20,300,2027-09-25,True,2023-08-11T00:00:00
14639,SALEDM97PA,10,50,2023-06-30,False,2025-03-15T00:00:00
14640,SAVEHACUDO,25,50,2026-07-11,True,2023-08-19T00:00:00
14641,MEGA1NJA7X,5,50,2024-10-04,False,2024-01-07T00:00:00
14642,OFFW61U1Z,20,100,2027-01-01,True,2023-05-13T00:00:00
14643,MEGAESWLPX,10,150,2024-02-03,False,2025-02-16T00:00:00
14644,SAVETW0MRY,20,50,2023-04-28,False,2023-08-13T00:00:00
14645,SUPERCU6DAF,25,150,2025-05-20,False,2023-06-04T00:00:00
14646,OFFJ6IADC,50,150,2026-03-17,False,2023-02-17T00:00:00
14647,SAVEPQZT0E,5,50,2023-07-31,False,2025-04-14T00:00:00
14648,SAVEFKFJ8I,5,300,2025-01-04,False,2024-08-30T00:00:00
14649,SALE9TSYOZ,40,200,2025-03-29,False,2025-10-05T00:00:00
14650,SUPERKZKPEJ,20,150,2023-09-17,False,2026-03-23T00:00:00
14651,OFF26SQMJ,5,200,2026-04-22,False,2024-04-15T00:00:00
14652,OFFRVO15U,40,50,2027-05-20,False,2024-11-06T00:00:00
14653,OFFE6NV28,20,500,2023-04-08,False,2025-08-18T00:00:00
14654,MEGAHRMS46,40,300,2026-02-08,False,2024-10-19T00:00:00
14655,SAVE74A8SV,15,300,2023-02-27,False,2025-12-24T00:00:00
14656,SUPERK16INX,50,50,2026-12-05,False,2024-08-26T00:00:00
14657,SAVEUTIZBG,30,500,2024-06-08,False,2026-04-03T00:00:00
14658,TOP1ZO821,20,300,2027-08-04,False,2025-12-04T00:00:00
14659,TOPP3501H,15,300,2025-02-11,False,2023-12-04T00:00:00
14660,PROMOGXYJ35,20,300,2023-10-19,False,2025-01-14T00:00:00
14661,SUPERA1VN4I,50,500,2025-09-07,False,2025-03-24T00:00:00
14662,MEGANGPCKM,25,150,2024-07-30,False,2024-01-24T00:00:00
14663,SUPERHQ9JZ2,30,100,2027-11-26,False,2023-03-18T00:00:00
14664,PROMOF23J4T,20,50,2026-03-24,False,2025-09-17T00:00:00
14665,OFFE6PY90,20,300,2026-02-04,False,2025-07-23T00:00:00
14666,SUPEREHW3DK,20,200,2027-09-27,True,2023-10-09T00:00:00
14667,TOP47YV5N,30,300,2024-04-27,False,2023-11-05T00:00:00
14668,PROMO4EQZV3,40,500,2024-04-29,False,2025-09-09T00:00:00
14669,OFF6F8OUB,5,500,2027-12-29,False,2025-05-15T00:00:00
14670,SAVEABSAOZ,50,150,2025-06-27,False,2023-03-28T00:00:00
14671,TOP4V58V5,30,50,2025-01-24,False,2024-10-03T00:00:00
14672,DESCEGGJT3,40,200,2025-02-18,False,2024-05-23T00:00:00
14673,SUPEROEN0H3,30,100,2027-05-22,True,2023-01-05T00:00:00
14674,PROMOILCRRC,30,300,2025-07-29,False,2024-12-24T00:00:00
14675,SAVE7R9KY7,10,200,2026-09-15,True,2026-05-24T00:00:00
14676,MEGALZMVZH,15,200,2023-02-21,False,2023-09-19T00:00:00
14677,MEGAT296IV,5,100,2026-12-17,True,2023-10-15T00:00:00
14678,OFFXEBW31,40,300,2023-09-28,False,2026-01-27T00:00:00
14679,SALE44MKQE,30,200,2023-07-26,False,2024-05-23T00:00:00
14680,TOPGZYM9R,10,50,2024-11-09,False,2023-01-18T00:00:00
14681,SAVE2PRZQW,40,150,2026-07-12,False,2024-12-16T00:00:00
14682,SUPERKOUWRN,5,100,2025-01-12,False,2023-09-16T00:00:00
14683,OFFLELSDZ,25,200,2027-11-27,True,2026-02-28T00:00:00
14684,SUPERD1C7KR,5,100,2025-12-02,False,2026-01-05T00:00:00
14685,SUPER7H9AWU,50,50,2023-07-08,False,2023-09-22T00:00:00
14686,OFFKV8KV0,20,300,2027-06-22,False,2023-07-28T00:00:00
14687,MEGAS5OD32,40,200,2023-03-22,False,2023-05-05T00:00:00
14688,MEGAS2ZWQR,50,200,2025-01-19,False,2023-03-23T00:00:00
14689,SALEJIS4RQ,15,50,2027-02-24,True,2025-10-13T00:00:00
14690,SUPER1ODWT7,15,150,2023-08-13,False,2024-05-06T00:00:00
14691,SAVEA1QZOL,30,500,2024-03-05,False,2023-04-23T00:00:00
14692,SALEPVPKUN,30,300,2025-11-07,False,2025-05-18T00:00:00
14693,SUPEROEQICM,20,200,2024-04-17,False,2024-05-16T00:00:00
14694,PROMOC2K25Y,50,50,2027-11-04,True,2023-02-16T00:00:00
14695,SUPERWTMG4N,50,300,2027-07-14,False,2024-08-26T00:00:00
14696,TOPKVUEES,20,200,2026-10-02,False,2024-02-27T00:00:00
14697,OFFYHS8Z4,15,150,2025-07-30,False,2025-03-02T00:00:00
14698,SUPERPYOCR6,5,500,2025-08-26,False,2024-04-19T00:00:00
14699,PROMOENU1XQ,15,100,2023-11-23,False,2026-01-21T00:00:00
14700,TOPXHS35I,10,150,2026-05-16,False,2026-05-06T00:00:00
14701,PROMOGCKSZ9,15,200,2027-06-05,True,2025-08-10T00:00:00
14702,SALEIEWITO,10,500,2025-07-07,False,2023-04-20T00:00:00
14703,SALE9SG738,5,150,2027-08-23,False,2025-09-20T00:00:00
14704,DESCEGL47T,40,50,2027-03-26,True,2023-03-03T00:00:00
14705,PROMOKNW94T,5,500,2023-05-13,False,2024-02-19T00:00:00
14706,PROMODW50Q6,5,150,2027-04-21,False,2024-10-22T00:00:00
14707,SUPERGNTDMQ,20,200,2023-01-29,False,2024-04-24T00:00:00
14708,DESCGQ9U2F,20,200,2025-07-14,False,2024-10-08T00:00:00
14709,SALEVRRRYN,10,300,2026-10-09,False,2024-08-07T00:00:00
14710,MEGAPXV461,15,200,2026-03-06,False,2025-08-06T00:00:00
14711,OFF4LA03W,5,500,2023-04-29,False,2023-10-01T00:00:00
14712,MEGALFREW9,20,500,2025-08-04,False,2023-03-15T00:00:00
14713,OFFQ4CQOS,30,200,2023-04-26,False,2024-01-22T00:00:00
14714,MEGA4ZIE08,5,500,2023-04-18,False,2025-01-11T00:00:00
14715,OFFXGK8BV,5,150,2025-03-19,False,2025-01-09T00:00:00
14716,SUPERSQSCJC,5,50,2026-02-24,False,2023-08-02T00:00:00
14717,OFFGCN8QS,5,150,2026-10-18,False,2025-12-08T00:00:00
14718,DESCM7CQQQ,50,200,2027-09-30,True,2024-09-11T00:00:00
14719,SUPERBD9E51,25,150,2023-03-15,False,2025-03-03T00:00:00
14720,SUPERE8Y27C,15,300,2027-10-27,True,2026-05-26T00:00:00
14721,DESC2FARKA,50,300,2023-09-25,False,2023-09-21T00:00:00
14722,SUPER0FIA7E,30,200,2027-01-25,True,2024-02-14T00:00:00
14723,DESCBSRJWY,25,500,2023-04-06,False,2024-08-11T00:00:00
14724,SALEKPXF7B,10,50,2023-05-03,False,2024-01-03T00:00:00
14725,PROMOYFSZ5Z,10,50,2024-07-07,False,2024-08-29T00:00:00
14726,PROMOQLEHXX,10,50,2027-09-13,False,2023-03-29T00:00:00
14727,SAVEX98NT5,40,300,2024-12-12,False,2024-01-15T00:00:00
14728,DESCXN5MD5,5,200,2023-04-22,False,2023-04-07T00:00:00
14729,OFFRTP0WQ,50,200,2025-06-07,False,2025-06-01T00:00:00
14730,OFF3XZ3EZ,50,300,2024-09-26,False,2023-03-07T00:00:00
14731,MEGA2RTGMR,50,300,2024-03-03,False,2023-04-01T00:00:00
14732,OFFZSKJPZ,15,200,2025-02-27,False,2025-11-11T00:00:00
14733,TOPTNN4V2,30,50,2025-04-15,False,2025-12-15T00:00:00
14734,OFFX0ICGX,50,300,2024-09-18,False,2023-03-05T00:00:00
14735,PROMOXK9UUH,20,50,2026-11-09,False,2024-03-17T00:00:00
14736,SUPERHE7P02,15,100,2025-03-13,False,2025-01-04T00:00:00
14737,OFF4Z8Z3Y,20,200,2024-09-15,False,2024-08-10T00:00:00
14738,SAVETV1HFY,40,150,2027-09-22,False,2026-05-30T00:00:00
14739,DESCNCSURK,30,300,2023-03-05,False,2023-02-17T00:00:00
14740,PROMO811N8X,10,300,2027-03-04,True,2023-08-18T00:00:00
14741,MEGAU401AF,50,300,2025-03-22,False,2025-05-02T00:00:00
14742,PROMOVCC8OL,30,100,2023-09-08,False,2024-07-13T00:00:00
14743,MEGA3OTVW7,10,200,2025-01-27,False,2025-11-14T00:00:00
14744,DESCFA1UVO,10,200,2024-12-04,False,2023-08-11T00:00:00
14745,MEGABPT76C,40,150,2023-10-26,False,2024-06-08T00:00:00
14746,SAVEM3ZODS,10,100,2025-12-24,False,2023-08-09T00:00:00
14747,SAVE2TFQI6,30,500,2026-03-21,False,2023-12-25T00:00:00
14748,SAVEGSEVSV,5,50,2027-06-13,False,2024-10-31T00:00:00
14749,SUPERZN6UML,5,300,2024-03-29,False,2024-01-24T00:00:00
14750,DESCRWVVNX,10,300,2027-07-10,False,2023-11-07T00:00:00
14751,SUPERTF6MR3,10,100,2025-07-24,False,2024-03-18T00:00:00
14752,TOPJJ9EAC,20,150,2024-08-01,False,2024-05-03T00:00:00
14753,SALER4DUWX,20,100,2026-08-27,True,2024-06-27T00:00:00
14754,DESCX32F0V,5,150,2023-05-15,False,2025-04-25T00:00:00
14755,SAVEF7ZCJG,25,150,2026-05-24,False,2025-04-06T00:00:00
14756,SUPERP9ODK2,50,300,2025-03-07,False,2023-08-18T00:00:00
14757,MEGAK2VPPD,40,500,2024-03-24,False,2026-01-04T00:00:00
14758,MEGACQIFVS,10,150,2024-06-21,False,2024-01-01T00:00:00
14759,MEGA5PZXXY,15,50,2024-09-08,False,2024-11-23T00:00:00
14760,PROMO1PDNWE,10,500,2026-04-20,False,2024-12-13T00:00:00
14761,SAVELJGGOR,20,500,2026-01-19,False,2026-03-24T00:00:00
14762,SUPERRL0H11,30,500,2024-10-08,False,2023-01-22T00:00:00
14763,MEGAC6BJ5B,20,500,2027-07-13,True,2025-09-13T00:00:00
14764,OFFZDZYK0,15,200,2027-05-23,True,2024-01-20T00:00:00
14765,PROMO5X2YZ7,20,100,2024-07-06,False,2024-04-23T00:00:00
14766,PROMOJMF2V9,20,150,2027-11-29,False,2024-03-31T00:00:00
14767,PROMOSY9EH5,20,500,2027-08-25,True,2023-01-25T00:00:00
14768,SAVEIFNEKE,10,100,2027-08-01,True,2025-10-05T00:00:00
14769,SUPERTS1BEG,50,300,2026-02-17,False,2024-12-26T00:00:00
14770,MEGATOJ0VL,5,150,2024-03-06,False,2025-04-22T00:00:00
14771,PROMOS3MPHB,50,500,2024-03-20,False,2024-02-07T00:00:00
14772,MEGAD2523E,15,100,2024-03-06,False,2025-08-05T00:00:00
14773,DESC2YI7YK,15,100,2026-01-19,False,2025-10-05T00:00:00
14774,TOPI6Z52X,10,200,2024-07-30,False,2024-05-26T00:00:00
14775,PROMOMKCK4I,5,150,2025-12-07,False,2023-10-19T00:00:00
14776,SALEYOFK43,25,300,2023-10-14,False,2025-08-27T00:00:00
14777,DESCSIQJTS,5,500,2026-05-18,False,2023-01-07T00:00:00
14778,SUPERYU4BOC,15,200,2027-05-14,True,2023-03-07T00:00:00
14779,SUPER5LXG7C,15,200,2024-11-04,False,2026-01-05T00:00:00
14780,MEGAW8V5F9,50,100,2025-03-28,False,2026-01-08T00:00:00
14781,SUPERQQF4D5,5,200,2027-09-15,True,2024-11-09T00:00:00
14782,TOP7VXW5X,20,100,2025-12-06,False,2024-07-14T00:00:00
14783,SAVE4QI9QN,5,100,2026-06-03,False,2024-11-11T00:00:00
14784,TOPA9XYE6,15,500,2024-10-22,False,2023-06-07T00:00:00
14785,SALEAHDZO7,40,150,2023-02-21,False,2025-04-22T00:00:00
14786,DESC8ZUYHX,25,500,2023-01-16,False,2024-05-07T00:00:00
14787,PROMOJWV9JN,20,100,2025-09-20,False,2024-03-28T00:00:00
14788,SAVE8B221R,50,100,2024-09-22,False,2025-08-29T00:00:00
14789,OFF49K80F,20,300,2025-12-24,False,2024-12-13T00:00:00
14790,SAVEWSQXUQ,25,500,2024-02-02,False,2026-06-11T00:00:00
14791,DESCM7IPBV,25,50,2024-05-16,False,2025-10-09T00:00:00
14792,DESCN9FO2S,15,500,2026-03-13,False,2024-07-22T00:00:00
14793,PROMO0PGQH3,10,150,2024-08-16,False,2024-03-06T00:00:00
14794,SALEH03WFN,50,150,2023-05-22,False,2025-05-18T00:00:00
14795,SAVEWSEAS2,40,300,2023-02-23,False,2024-08-28T00:00:00
14796,MEGA917XYM,50,50,2027-08-12,False,2023-01-04T00:00:00
14797,DESCY0Z6GP,25,50,2026-05-30,False,2025-10-06T00:00:00
14798,SUPERM7KPRU,50,300,2027-08-12,True,2025-10-10T00:00:00
14799,TOPU4NH3U,25,200,2023-09-18,False,2023-05-11T00:00:00
14800,TOPO01O39,5,50,2025-10-25,False,2025-10-07T00:00:00
14801,SUPERAMKOIQ,50,100,2026-10-11,True,2024-04-17T00:00:00
14802,TOPRBDOW3,25,150,2027-03-03,True,2026-01-30T00:00:00
14803,SUPERU8LRW1,10,200,2027-04-27,True,2024-12-31T00:00:00
14804,MEGAZS8S06,30,300,2025-04-26,False,2025-11-12T00:00:00
14805,MEGAPS2TA5,20,50,2025-07-10,False,2025-07-20T00:00:00
14806,SUPERVNZ959,25,200,2023-02-19,False,2024-04-11T00:00:00
14807,TOPNL0N6E,25,150,2024-05-11,False,2025-01-08T00:00:00
14808,SAVEN3SRT9,5,200,2024-04-11,False,2025-05-29T00:00:00
14809,MEGAT00TL9,10,500,2025-04-18,False,2024-09-03T00:00:00
14810,DESC8N7NKM,50,150,2023-11-30,False,2024-11-04T00:00:00
14811,DESCLH5VZC,10,50,2025-12-11,False,2025-08-05T00:00:00
14812,TOPHQZX6C,50,150,2027-05-01,False,2023-05-18T00:00:00
14813,SAVEC0HYIV,40,300,2026-08-22,True,2026-03-14T00:00:00
14814,MEGA899JRL,10,300,2027-06-25,True,2025-02-22T00:00:00
14815,SAVEXEI35K,15,200,2025-02-28,False,2024-10-21T00:00:00
14816,PROMOQ2G3EM,15,300,2025-06-17,False,2023-06-22T00:00:00
14817,MEGATABQFB,10,500,2024-07-13,False,2024-03-15T00:00:00
14818,DESCO7KMND,15,200,2025-01-03,False,2025-01-12T00:00:00
14819,TOPAKTCS8,5,500,2025-12-27,False,2024-01-03T00:00:00
14820,OFFMDKGUU,10,100,2023-06-13,False,2025-12-02T00:00:00
14821,MEGAE6K5F2,25,500,2025-07-26,False,2023-02-17T00:00:00
14822,PROMOPYRBXM,50,500,2024-07-21,False,2023-02-20T00:00:00
14823,SALEOPGOKG,20,50,2023-02-12,False,2025-04-20T00:00:00
14824,MEGAYQYV0S,15,50,2025-02-18,False,2025-02-20T00:00:00
14825,TOP7GGCEI,30,300,2025-03-30,False,2023-04-29T00:00:00
14826,PROMOPZVETS,10,100,2023-08-26,False,2023-04-13T00:00:00
14827,OFF7ZHZ32,15,100,2025-04-14,False,2025-04-14T00:00:00
14828,SUPERWWTXWS,20,500,2025-07-13,False,2025-06-12T00:00:00
14829,SAVEKXDMY3,50,300,2024-09-04,False,2023-10-10T00:00:00
14830,MEGA4CDEAM,15,300,2027-01-13,True,2025-07-15T00:00:00
14831,OFFV0VOF7,50,150,2023-02-01,False,2024-05-14T00:00:00
14832,SALEBOUM8R,20,50,2027-07-20,False,2024-01-06T00:00:00
14833,OFFHO7JX6,15,300,2026-03-15,False,2023-08-03T00:00:00
14834,SAVES9WFEA,15,200,2027-12-27,True,2024-01-28T00:00:00
14835,TOPTLXD4E,10,50,2024-08-14,False,2026-03-24T00:00:00
14836,SUPERKPM3XR,20,200,2025-05-12,False,2026-04-16T00:00:00
14837,DESCP70GFC,40,150,2027-02-12,True,2024-05-15T00:00:00
14838,PROMOGU1QWA,40,150,2027-09-27,True,2024-11-05T00:00:00
14839,TOPO4H1XH,5,300,2027-08-09,False,2023-03-10T00:00:00
14840,PROMOT5PXMK,15,150,2025-12-11,False,2024-10-17T00:00:00
14841,DESCLDYJVV,5,50,2025-02-15,False,2025-10-22T00:00:00
14842,SUPER9041FM,10,150,2023-10-21,False,2024-01-12T00:00:00
14843,PROMOSD2YND,20,100,2025-05-06,False,2025-07-31T00:00:00
14844,DESCMYP9FO,25,200,2024-10-06,False,2025-02-17T00:00:00
14845,OFFJU3KJ6,20,100,2023-07-06,False,2023-12-30T00:00:00
14846,SUPERMTVNJC,5,300,2027-11-04,False,2024-03-31T00:00:00
14847,MEGA49AV71,40,200,2025-01-07,False,2024-12-01T00:00:00
14848,SUPER7XHOTL,5,100,2023-11-15,False,2024-10-24T00:00:00
14849,MEGAN5SFQL,25,300,2027-11-01,True,2023-06-29T00:00:00
14850,TOPC3Z9LC,15,50,2025-05-22,False,2026-05-11T00:00:00
14851,MEGAADC92J,40,100,2027-08-13,True,2025-04-23T00:00:00
14852,SAVE0L8QO8,15,200,2025-04-19,False,2025-01-30T00:00:00
14853,MEGAJON1FM,30,150,2024-01-05,False,2024-08-21T00:00:00
14854,DESCYCC5Y6,10,50,2024-11-07,False,2025-02-24T00:00:00
14855,TOP1GOYLA,50,100,2024-03-21,False,2023-09-18T00:00:00
14856,OFFBII7H9,25,500,2025-08-23,False,2023-06-10T00:00:00
14857,SAVE8TQB58,20,500,2023-01-01,False,2025-08-21T00:00:00
14858,TOPIJG1IC,30,300,2027-12-10,True,2025-03-05T00:00:00
14859,PROMOEUVSHE,50,500,2024-03-12,False,2026-03-18T00:00:00
14860,DESCFQ1QDG,15,100,2026-01-11,False,2024-09-06T00:00:00
14861,SUPER201OVX,30,300,2025-05-16,False,2025-08-08T00:00:00
14862,SALE5LY6AL,5,150,2025-08-02,False,2024-06-04T00:00:00
14863,SAVECO9FG6,5,500,2025-07-18,False,2023-10-04T00:00:00
14864,SAVEYGN1IN,30,100,2024-05-25,False,2025-05-25T00:00:00
14865,TOPPPNYT8,40,200,2024-03-18,False,2025-07-23T00:00:00
14866,PROMOD1CO4K,40,50,2027-09-07,False,2026-05-04T00:00:00
14867,SALETDNC8B,5,50,2023-11-22,False,2024-01-11T00:00:00
14868,SAVEFVNY26,20,100,2026-01-01,False,2023-10-11T00:00:00
14869,MEGA00T2JM,10,50,2027-07-06,True,2023-09-04T00:00:00
14870,MEGABD2EG5,30,500,2025-08-09,False,2023-04-19T00:00:00
14871,SALEXNORYM,5,100,2027-04-26,True,2024-12-31T00:00:00
14872,MEGAJ3GJ03,10,100,2023-07-10,False,2026-04-27T00:00:00
14873,DESCGF3EYV,10,150,2025-06-09,False,2024-11-04T00:00:00
14874,SALE96IDHI,40,100,2024-10-18,False,2023-03-10T00:00:00
14875,MEGA39691V,15,300,2026-09-28,True,2024-04-29T00:00:00
14876,MEGAF9RDAU,5,150,2027-10-28,False,2024-12-05T00:00:00
14877,SAVE45AELV,5,300,2024-09-05,False,2024-11-26T00:00:00
14878,PROMODZBQLZ,40,200,2024-11-01,False,2023-08-15T00:00:00
14879,SALEIE7TK4,50,200,2027-03-19,True,2025-07-17T00:00:00
14880,MEGA6NIWJS,20,100,2026-08-08,True,2025-02-22T00:00:00
14881,SUPER23WTYZ,5,200,2026-02-17,False,2023-06-04T00:00:00
14882,TOPEA8DVL,5,100,2026-01-19,False,2023-04-03T00:00:00
14883,SUPER8CXV3R,15,50,2024-02-18,False,2023-06-03T00:00:00
14884,SALEFS1UTO,20,150,2025-11-27,False,2024-11-08T00:00:00
14885,MEGA3HRLOO,10,150,2025-03-09,False,2025-04-25T00:00:00
14886,MEGA89ZX73,30,200,2026-03-13,False,2025-09-26T00:00:00
14887,TOPG6H2EX,20,100,2025-09-14,False,2025-03-18T00:00:00
14888,PROMOBHGIQI,30,500,2025-07-17,False,2024-06-11T00:00:00
14889,MEGA9MZX5D,15,50,2025-12-26,False,2025-02-16T00:00:00
14890,TOPFUL477,5,150,2027-11-30,False,2024-01-22T00:00:00
14891,MEGA3GSSQ5,5,500,2027-12-21,False,2024-09-04T00:00:00
14892,DESCTXBFFJ,15,300,2025-09-20,False,2024-02-13T00:00:00
14893,TOPOG3S4N,40,150,2027-07-07,True,2024-10-06T00:00:00
14894,DESCQHY7P1,10,150,2026-07-31,False,2025-01-11T00:00:00
14895,MEGAYJ63ZE,50,50,2027-05-12,True,2025-12-30T00:00:00
14896,SALELXBB67,40,200,2027-11-16,True,2023-10-14T00:00:00
14897,OFFFWGR6T,30,300,2024-06-15,False,2024-04-13T00:00:00
14898,SALEGKZGN5,20,150,2024-12-17,False,2024-11-14T00:00:00
14899,TOP2WWWOS,20,50,2023-02-04,False,2026-01-09T00:00:00
14900,SALE8G4NR6,20,100,2026-10-04,False,2026-05-09T00:00:00
14901,TOPJRP314,10,150,2027-01-21,False,2026-02-11T00:00:00
14902,SALEXX5KYT,5,50,2024-09-09,False,2024-10-17T00:00:00
14903,SAVETMFWAI,25,300,2025-09-17,False,2024-05-30T00:00:00
14904,PROMOOH8WQR,10,100,2025-12-20,False,2023-06-21T00:00:00
14905,TOP0EWSYB,30,200,2025-07-24,False,2024-04-01T00:00:00
14906,DESCV8IEIK,25,300,2023-10-17,False,2023-07-05T00:00:00
14907,DESCCIVY4O,15,500,2027-08-22,True,2023-12-17T00:00:00
14908,SALE2QADI1,50,150,2026-09-28,True,2026-03-10T00:00:00
14909,MEGA9U1L46,50,150,2025-04-02,False,2024-07-05T00:00:00
14910,DESCABH6TW,30,300,2025-05-03,False,2023-09-06T00:00:00
14911,SAVEKFBIXM,20,150,2025-08-24,False,2023-09-25T00:00:00
14912,MEGAX4DGYH,25,50,2024-09-28,False,2025-01-16T00:00:00
14913,PROMOD5JLUQ,15,300,2026-07-21,True,2026-04-16T00:00:00
14914,MEGAFVZ3H6,30,500,2027-10-16,False,2023-11-10T00:00:00
14915,DESCRBO2GL,50,50,2024-10-20,False,2024-12-05T00:00:00
14916,SALEUJ79EO,15,100,2024-06-19,False,2023-12-16T00:00:00
14917,PROMOEY5FKH,25,150,2024-02-04,False,2023-03-05T00:00:00
14918,DESCU8RJB5,5,300,2027-06-14,True,2023-08-26T00:00:00
14919,MEGAWYAD4X,25,150,2026-11-26,True,2025-10-28T00:00:00
14920,MEGATWYTTL,30,200,2025-07-04,False,2024-02-20T00:00:00
14921,DESCX9XAPK,40,150,2026-10-24,False,2025-10-30T00:00:00
14922,OFFTKBD7R,40,150,2023-11-12,False,2024-05-25T00:00:00
14923,SALENQN9HO,25,100,2024-04-21,False,2023-10-09T00:00:00
14924,OFFBDITKN,50,500,2024-05-18,False,2025-09-06T00:00:00
14925,OFFSL0RSM,10,100,2024-07-06,False,2024-12-06T00:00:00
14926,OFFQIKO9E,50,150,2025-02-28,False,2025-07-15T00:00:00
14927,OFFE0S9TG,25,100,2024-05-05,False,2025-02-15T00:00:00
14928,OFFL2V3ZD,20,100,2025-09-03,False,2026-04-27T00:00:00
14929,OFFU6MWUF,40,500,2023-12-28,False,2023-12-31T00:00:00
14930,SAVE4QXIZC,20,150,2024-11-25,False,2024-05-16T00:00:00
14931,DESCURF1VU,5,300,2026-03-17,False,2025-05-05T00:00:00
14932,SAVEMULC5U,50,300,2025-05-07,False,2026-05-25T00:00:00
14933,MEGA7Y1VCT,20,150,2027-04-23,True,2024-09-25T00:00:00
14934,OFF7YFHLC,15,100,2024-07-10,False,2024-07-01T00:00:00
14935,OFF4PWWP2,15,100,2026-06-10,False,2023-08-21T00:00:00
14936,MEGAJNMTEZ,50,100,2027-11-19,True,2024-03-10T00:00:00
14937,MEGAGS9B89,20,200,2024-07-29,False,2025-04-15T00:00:00
14938,OFFJCKFLC,25,150,2027-01-24,True,2025-03-28T00:00:00
14939,SUPER5ZP992,40,150,2027-07-24,False,2024-01-16T00:00:00
14940,OFFGL057X,15,300,2025-07-20,False,2023-06-21T00:00:00
14941,SALEQLST1L,50,150,2027-05-31,True,2024-04-22T00:00:00
14942,OFFHDWRAK,20,150,2024-01-21,False,2025-05-17T00:00:00
14943,PROMO9J5RJB,20,150,2027-08-28,True,2026-05-16T00:00:00
14944,SAVEQZP554,20,300,2024-09-22,False,2026-05-04T00:00:00
14945,SALEO6DZCG,10,150,2023-11-07,False,2023-01-04T00:00:00
14946,OFFQDNGEF,25,50,2023-10-20,False,2023-08-02T00:00:00
14947,MEGAU8J1YT,15,150,2024-04-25,False,2026-01-03T00:00:00
14948,PROMORBVK7O,15,500,2024-03-12,False,2026-02-15T00:00:00
14949,OFF98B0TF,30,50,2023-01-11,False,2023-10-01T00:00:00
14950,SUPER9Q94TR,15,150,2026-03-07,False,2024-10-23T00:00:00
14951,OFFGIYSAE,30,300,2024-01-21,False,2023-08-06T00:00:00
14952,PROMO0W1KSD,10,500,2027-05-22,False,2026-05-26T00:00:00
14953,PROMOU2WFH2,30,150,2024-07-03,False,2024-03-13T00:00:00
14954,TOPLPTOTC,10,150,2024-09-01,False,2025-03-03T00:00:00
14955,SAVEQBSDGH,20,150,2023-04-26,False,2026-02-15T00:00:00
14956,TOPRGAGBH,20,200,2023-06-17,False,2023-01-25T00:00:00
14957,SAVES291X0,50,50,2024-05-21,False,2025-02-04T00:00:00
14958,DESCFDAJWP,40,100,2025-08-20,False,2023-11-23T00:00:00
14959,OFFGMX576,10,50,2023-03-13,False,2026-03-24T00:00:00
14960,DESCF2LNOV,25,200,2026-02-11,False,2026-02-21T00:00:00
14961,OFFP6YQ71,10,500,2024-03-28,False,2023-06-11T00:00:00
14962,SUPERQBI2JT,25,200,2026-05-30,False,2024-05-18T00:00:00
14963,DESCOB8V3L,20,50,2027-08-31,False,2025-07-08T00:00:00
14964,OFFPO7ZHG,50,50,2025-12-02,False,2025-07-13T00:00:00
14965,TOPBVI84O,20,500,2027-08-27,True,2025-12-04T00:00:00
14966,TOPCC5D98,20,200,2025-02-27,False,2026-01-15T00:00:00
14967,PROMODXY5Y8,40,200,2025-02-22,False,2023-01-25T00:00:00
14968,SALE0IYZ1A,40,150,2024-11-14,False,2024-12-29T00:00:00
14969,SUPERKUPCGM,40,200,2023-01-08,False,2026-04-16T00:00:00
14970,DESCNLWCR9,20,200,2024-07-08,False,2025-10-09T00:00:00
14971,SALEJUDPQR,25,300,2026-07-12,False,2026-04-18T00:00:00
14972,SAVE7B40KI,40,150,2026-05-29,False,2024-08-04T00:00:00
14973,PROMO6079TA,15,150,2024-04-26,False,2025-05-14T00:00:00
14974,PROMO0Y4PE2,15,200,2027-12-25,False,2024-12-31T00:00:00
14975,MEGAZINN7D,5,50,2026-12-20,True,2023-01-31T00:00:00
14976,PROMO2HTY88,25,500,2025-06-25,False,2024-04-04T00:00:00
14977,OFFO29END,5,500,2026-09-23,True,2023-02-06T00:00:00
14978,PROMOQDF5W1,25,500,2023-04-09,False,2026-01-01T00:00:00
14979,SAVEYDBET4,5,150,2024-01-02,False,2024-10-09T00:00:00
14980,SUPERLJUSQR,10,150,2024-04-11,False,2024-06-18T00:00:00
14981,DESCD08Q4F,5,50,2024-12-11,False,2026-02-12T00:00:00
14982,OFF61CRXO,20,150,2027-06-22,True,2026-04-11T00:00:00
14983,PROMOSHJUWX,25,200,2024-03-05,False,2024-09-06T00:00:00
14984,SAVESEXH3G,15,50,2023-03-29,False,2024-09-22T00:00:00
14985,SAVEDJR4W8,25,300,2027-07-26,True,2025-09-13T00:00:00
14986,DESC4Z4O9G,30,200,2026-06-01,False,2024-02-03T00:00:00
14987,SUPERSDWV2E,15,300,2023-12-11,False,2024-05-27T00:00:00
14988,MEGATRPKUD,20,150,2024-09-05,False,2026-04-14T00:00:00
14989,TOP263HLE,50,150,2025-04-26,False,2026-02-14T00:00:00
14990,DESCTWZ9B7,25,150,2023-10-08,False,2026-05-16T00:00:00
14991,OFFQ40KT4,10,500,2027-07-02,False,2025-05-04T00:00:00
14992,PROMOGCVO8F,50,200,2027-08-11,True,2024-04-04T00:00:00
14993,SUPER8AZ4L9,40,150,2027-01-30,True,2024-08-22T00:00:00
14994,DESC65JV5W,50,200,2027-12-29,True,2024-04-23T00:00:00
14995,OFFCSVBLC,10,500,2027-06-20,True,2023-07-31T00:00:00
14996,SUPERNWINCQ,25,500,2023-04-11,False,2023-08-12T00:00:00
14997,DESCHGRTV0,40,500,2023-03-23,False,2023-08-24T00:00:00
14998,DESCLBIXDD,30,150,2024-08-08,False,2025-05-10T00:00:00
14999,OFFZH2H13,20,100,2024-09-21,False,2025-10-18T00:00:00
15000,OFF38VFW9,30,500,2027-08-25,True,2026-01-27T00:00:00
