id_item,id_pedido,id_produto,quantidade,valor_unitario,desconto_percentual,subtotal,updated_at
1,13237,7922,5,857.33,5.0,4072.32,2024-04-15T00:00:00
2,12983,14084,8,2656.84,29.0,15090.85,2023-03-26T00:00:00
3,761,3923,2,2000.68,6.0,3761.28,2025-03-09T00:00:00
4,5016,10232,1,1243.18,22.0,969.68,2023-09-25T00:00:00
5,792,9836,3,1541.97,17.0,3839.51,2026-04-21T00:00:00
6,9287,3588,10,333.72,9.0,3036.85,2023-02-11T00:00:00
7,3646,2101,5,2351.74,16.0,9877.31,2023-05-16T00:00:00
8,9488,10582,5,2710.39,6.0,12738.83,2024-02-05T00:00:00
9,6168,1434,2,1505.61,24.0,2288.53,2025-01-21T00:00:00
10,11818,1496,9,1943.06,1.0,17312.66,2026-02-17T00:00:00
11,9194,9112,2,533.09,12.0,938.24,2024-10-07T00:00:00
12,11370,13754,7,2949.51,23.0,15897.86,2026-01-22T00:00:00
13,1272,8363,3,1018.79,10.0,2750.73,2025-07-31T00:00:00
14,8663,2180,10,2651.77,1.0,26252.52,2024-06-06T00:00:00
15,1456,8988,2,2569.41,7.0,4779.1,2026-02-12T00:00:00
16,6989,1772,7,147.57,14.0,888.37,2023-02-02T00:00:00
17,14576,1119,1,1741.9,23.0,1341.26,2024-02-28T00:00:00
18,2296,11027,3,1130.4,13.0,2950.34,2025-10-06T00:00:00
19,14140,10288,4,1694.24,0.0,6776.96,2024-11-17T00:00:00
20,12514,5558,4,55.53,22.0,173.25,2025-09-01T00:00:00
21,12185,9041,2,2606.96,9.0,4744.67,2024-04-19T00:00:00
22,5666,4393,9,1945.74,5.0,16636.08,2025-11-29T00:00:00
23,8632,5211,1,483.27,12.0,425.28,2024-02-24T00:00:00
24,4068,1169,4,1576.18,3.0,6115.58,2023-10-27T00:00:00
25,10500,13744,1,1605.3,21.0,1268.19,2023-07-30T00:00:00
26,6906,3119,4,1672.5,25.0,5017.5,2024-05-10T00:00:00
27,6561,9209,10,2502.78,19.0,20272.52,2026-02-19T00:00:00
28,5961,6128,9,931.24,9.0,7626.86,2026-03-30T00:00:00
29,9619,9258,8,1272.99,26.0,7536.1,2023-12-09T00:00:00
30,11442,4949,1,1199.63,26.0,887.73,2023-11-11T00:00:00
31,9397,8586,8,1541.76,1.0,12210.74,2026-05-09T00:00:00
32,12123,2466,4,2340.33,5.0,8893.25,2023-03-21T00:00:00
33,10281,10961,10,1021.95,0.0,10219.5,2023-11-28T00:00:00
34,4213,11682,3,654.69,28.0,1414.13,2025-07-05T00:00:00
35,8345,12040,2,1773.63,18.0,2908.75,2024-05-02T00:00:00
36,13555,6772,10,2057.38,16.0,17281.99,2025-06-04T00:00:00
37,9272,709,4,21.26,8.0,78.24,2023-07-13T00:00:00
38,8531,3408,3,1231.73,7.0,3436.53,2026-04-24T00:00:00
39,1534,1152,10,1547.64,16.0,13000.18,2026-02-16T00:00:00
40,3473,13228,8,2405.32,20.0,15394.05,2024-06-25T00:00:00
41,12769,9510,3,1268.0,2.0,3727.92,2023-09-05T00:00:00
42,7739,3959,3,940.38,29.0,2003.01,2024-02-11T00:00:00
43,1607,12990,7,71.39,5.0,474.74,2024-01-05T00:00:00
44,7449,9182,10,1615.12,29.0,11467.35,2025-10-05T00:00:00
45,3606,10649,6,2329.3,21.0,11040.88,2024-12-14T00:00:00
46,14427,62,9,194.97,25.0,1316.05,2025-03-05T00:00:00
47,14598,6284,8,2169.78,1.0,17184.66,2026-01-02T00:00:00
48,9256,9190,2,2511.1,15.0,4268.87,2025-06-15T00:00:00
49,3450,9203,4,1169.52,30.0,3274.66,2025-11-24T00:00:00
50,673,1284,2,844.18,23.0,1300.04,2024-12-12T00:00:00
51,9664,2057,4,2357.76,10.0,8487.94,2026-01-14T00:00:00
52,11722,8998,10,891.04,28.0,6415.49,2023-08-11T00:00:00
53,3135,451,10,1364.94,3.0,13239.92,2024-01-23T00:00:00
54,3468,2660,8,298.63,23.0,1839.56,2025-09-22T00:00:00
55,1952,801,4,876.18,8.0,3224.34,2026-02-27T00:00:00
56,12602,8562,4,1295.34,25.0,3886.02,2026-03-20T00:00:00
57,8842,8534,2,1850.84,11.0,3294.5,2026-06-02T00:00:00
58,14479,7484,6,56.14,29.0,239.16,2025-09-16T00:00:00
59,4381,719,8,2584.7,10.0,18609.84,2023-01-14T00:00:00
60,10973,5280,2,360.68,15.0,613.16,2024-10-26T00:00:00
61,1319,1485,1,2613.12,14.0,2247.28,2026-03-07T00:00:00
62,13115,12845,9,2165.66,0.0,19490.94,2023-06-29T00:00:00
63,10713,7916,6,971.04,15.0,4952.3,2025-10-26T00:00:00
64,3012,1165,3,2308.59,30.0,4848.04,2025-12-08T00:00:00
65,285,2168,9,435.48,17.0,3253.04,2023-02-27T00:00:00
66,1593,6108,9,1917.31,18.0,14149.75,2024-07-15T00:00:00
67,7910,7357,5,1466.86,24.0,5574.07,2023-11-10T00:00:00
68,5763,12068,3,692.92,23.0,1600.65,2024-04-27T00:00:00
69,10842,5471,6,18.38,27.0,80.5,2026-02-02T00:00:00
70,8192,5287,10,1018.68,24.0,7741.97,2024-07-10T00:00:00
71,10902,235,1,2406.09,20.0,1924.87,2023-04-30T00:00:00
72,14790,12006,2,2403.8,16.0,4038.38,2024-05-07T00:00:00
73,14471,8583,9,100.62,4.0,869.36,2024-01-28T00:00:00
74,6209,3823,3,238.72,9.0,651.71,2024-07-01T00:00:00
75,14174,2711,6,689.09,14.0,3555.7,2024-06-25T00:00:00
76,4992,13112,6,815.9,8.0,4503.77,2024-05-14T00:00:00
77,10830,7958,5,2378.11,3.0,11533.83,2025-11-22T00:00:00
78,5676,13316,5,2547.09,16.0,10697.78,2025-01-11T00:00:00
79,10880,6655,9,1230.02,26.0,8191.93,2024-03-01T00:00:00
80,9945,2627,1,1519.34,13.0,1321.83,2025-01-03T00:00:00
81,3039,4571,4,214.1,12.0,753.63,2023-10-20T00:00:00
82,170,5683,2,826.74,19.0,1339.32,2024-07-19T00:00:00
83,14213,5129,6,1430.66,26.0,6352.13,2024-12-31T00:00:00
84,4480,5525,5,2039.56,7.0,9483.95,2024-06-04T00:00:00
85,9731,13532,4,2682.4,22.0,8369.09,2023-11-25T00:00:00
86,10023,809,5,1040.69,27.0,3798.52,2026-04-11T00:00:00
87,9879,4131,7,153.54,19.0,870.57,2026-01-03T00:00:00
88,6668,2411,6,2642.29,16.0,13317.14,2024-04-25T00:00:00
89,13635,1078,7,735.31,2.0,5044.23,2025-08-06T00:00:00
90,1435,11241,3,489.07,16.0,1232.46,2023-04-16T00:00:00
91,5716,7121,8,564.47,3.0,4380.29,2023-09-12T00:00:00
92,5420,11216,3,578.16,24.0,1318.2,2024-08-22T00:00:00
93,6754,13916,7,2696.69,12.0,16611.61,2023-07-19T00:00:00
94,10872,13771,8,2873.72,28.0,16552.63,2025-04-28T00:00:00
95,4504,7265,1,2696.99,25.0,2022.74,2026-02-27T00:00:00
96,8251,1217,7,2755.19,30.0,13500.43,2025-01-28T00:00:00
97,1247,9324,8,1939.05,17.0,12875.29,2025-10-01T00:00:00
98,12989,6680,9,1892.47,0.0,17032.23,2025-10-31T00:00:00
99,10028,12973,7,2630.7,29.0,13074.58,2024-08-15T00:00:00
100,3658,118,3,2079.02,11.0,5550.98,2025-09-14T00:00:00
101,14856,6145,8,1228.24,11.0,8745.07,2026-04-16T00:00:00
102,9208,12106,4,2878.33,12.0,10131.72,2023-11-14T00:00:00
103,4188,4079,1,2246.32,18.0,1841.98,2024-06-20T00:00:00
104,10241,8165,1,903.45,6.0,849.24,2025-12-27T00:00:00
105,6746,17,6,24.15,21.0,114.47,2025-02-06T00:00:00
106,1815,8494,8,2012.48,10.0,14489.86,2023-06-28T00:00:00
107,11140,14805,7,2527.31,10.0,15922.05,2024-11-25T00:00:00
108,8816,7538,4,81.78,17.0,271.51,2025-04-08T00:00:00
109,8205,7386,7,2653.26,23.0,14301.07,2025-07-19T00:00:00
110,1554,13983,9,1673.28,13.0,13101.78,2024-11-10T00:00:00
111,6006,6638,10,149.68,9.0,1362.09,2023-12-18T00:00:00
112,4025,5596,3,713.49,23.0,1648.16,2025-08-07T00:00:00
113,1888,4261,5,2137.45,17.0,8870.42,2025-04-15T00:00:00
114,4061,4451,5,1958.81,15.0,8324.94,2023-06-20T00:00:00
115,3505,14660,3,447.37,15.0,1140.79,2024-08-20T00:00:00
116,6466,9444,9,808.15,9.0,6618.75,2024-04-29T00:00:00
117,7398,9749,4,1264.77,2.0,4957.9,2025-04-04T00:00:00
118,3984,11150,2,365.37,25.0,548.06,2024-02-01T00:00:00
119,6013,6435,10,590.88,15.0,5022.48,2024-05-27T00:00:00
120,11593,2802,4,2596.95,29.0,7375.34,2026-02-13T00:00:00
121,2282,9162,7,2878.28,3.0,19543.52,2023-11-27T00:00:00
122,6262,12550,8,2221.7,7.0,16529.45,2025-05-26T00:00:00
123,6729,13205,7,1155.34,5.0,7683.01,2024-02-08T00:00:00
124,3316,7224,1,1023.59,26.0,757.46,2023-02-24T00:00:00
125,12071,5634,6,731.21,25.0,3290.45,2023-11-07T00:00:00
126,12512,13162,3,2359.01,26.0,5237.0,2026-04-07T00:00:00
127,13136,1740,1,494.3,14.0,425.1,2025-06-26T00:00:00
128,4209,14665,1,2285.6,1.0,2262.74,2023-10-01T00:00:00
129,228,14532,10,526.58,8.0,4844.54,2025-03-20T00:00:00
130,5106,6148,4,1803.31,10.0,6491.92,2023-03-26T00:00:00
131,11143,6869,10,1622.95,9.0,14768.85,2024-03-22T00:00:00
132,13349,6959,4,1436.39,17.0,4768.81,2025-12-31T00:00:00
133,805,2669,4,2580.19,8.0,9495.1,2025-02-09T00:00:00
134,320,2510,8,2777.43,18.0,18219.94,2025-06-12T00:00:00
135,11312,4805,4,1793.76,11.0,6385.79,2023-01-30T00:00:00
136,8635,6297,2,2516.89,30.0,3523.65,2023-06-24T00:00:00
137,9443,802,7,1211.09,14.0,7290.76,2025-09-01T00:00:00
138,12688,2188,8,73.07,10.0,526.1,2026-05-24T00:00:00
139,11831,10031,2,668.17,8.0,1229.43,2024-07-25T00:00:00
140,12616,11589,2,1077.62,8.0,1982.82,2023-07-26T00:00:00
141,9262,8635,6,1527.6,11.0,8157.38,2024-11-13T00:00:00
142,14727,6412,3,2348.11,1.0,6973.89,2024-10-27T00:00:00
143,654,228,8,347.29,14.0,2389.36,2025-01-07T00:00:00
144,7332,8920,9,784.47,15.0,6001.2,2024-02-10T00:00:00
145,13687,4101,4,2775.92,0.0,11103.68,2026-01-13T00:00:00
146,13204,12621,3,482.05,20.0,1156.92,2025-03-18T00:00:00
147,3434,5204,2,2851.96,13.0,4962.41,2025-06-20T00:00:00
148,5166,6783,3,624.88,14.0,1612.19,2024-09-27T00:00:00
149,4105,11110,10,2909.04,7.0,27054.07,2026-03-20T00:00:00
150,8656,10279,4,566.56,28.0,1631.69,2026-04-25T00:00:00
151,616,14269,2,2078.67,20.0,3325.87,2023-11-24T00:00:00
152,4486,1307,9,1498.89,14.0,11601.41,2024-01-29T00:00:00
153,2104,12698,9,1884.96,7.0,15777.12,2023-06-12T00:00:00
154,10263,10256,6,1829.33,27.0,8012.47,2023-07-16T00:00:00
155,14772,12081,10,1544.46,19.0,12510.13,2025-09-03T00:00:00
156,8446,9025,9,1613.28,24.0,11034.84,2023-08-15T00:00:00
157,12383,6341,9,1651.94,23.0,11447.94,2024-03-04T00:00:00
158,481,2129,10,1195.77,7.0,11120.66,2024-08-18T00:00:00
159,3427,12841,6,2098.44,16.0,10576.14,2023-07-10T00:00:00
160,1105,12016,9,2447.56,28.0,15860.19,2025-04-17T00:00:00
161,14675,12757,4,1070.28,18.0,3510.52,2023-06-08T00:00:00
162,11101,597,5,416.37,24.0,1582.21,2024-11-07T00:00:00
163,5324,4088,10,646.1,2.0,6331.78,2025-10-30T00:00:00
164,7853,14363,1,1962.11,9.0,1785.52,2025-06-03T00:00:00
165,5254,669,3,419.43,9.0,1145.04,2024-11-17T00:00:00
166,2473,2283,8,1246.98,26.0,7382.12,2024-01-09T00:00:00
167,8508,9552,5,2807.98,9.0,12776.31,2025-01-03T00:00:00
168,2300,4757,4,357.61,30.0,1001.31,2024-07-05T00:00:00
169,5507,12501,7,1179.71,21.0,6523.8,2025-09-07T00:00:00
170,11106,6703,6,2030.46,19.0,9868.04,2023-11-24T00:00:00
171,11132,13176,9,1642.23,21.0,11676.26,2025-03-18T00:00:00
172,5978,14534,2,914.72,18.0,1500.14,2026-02-09T00:00:00
173,10817,800,3,1826.67,26.0,4055.21,2024-09-26T00:00:00
174,6110,2449,8,672.51,21.0,4250.26,2025-04-20T00:00:00
175,7336,12638,7,2043.06,28.0,10297.02,2026-06-08T00:00:00
176,14017,13398,1,989.68,20.0,791.74,2023-05-13T00:00:00
177,2227,8778,7,2526.58,19.0,14325.71,2025-11-19T00:00:00
178,11007,6615,4,2051.66,16.0,6893.58,2025-10-09T00:00:00
179,8143,2947,4,2946.51,5.0,11196.74,2025-06-24T00:00:00
180,4615,14123,9,254.98,6.0,2157.13,2026-03-11T00:00:00
181,9684,10924,9,2460.37,8.0,20371.86,2024-04-17T00:00:00
182,6009,13850,10,182.12,30.0,1274.84,2025-02-07T00:00:00
183,11297,5177,4,416.92,25.0,1250.76,2025-07-02T00:00:00
184,3135,6691,7,65.25,1.0,452.18,2024-07-20T00:00:00
185,4737,13968,10,145.09,24.0,1102.68,2026-03-21T00:00:00
186,12560,11067,5,561.84,15.0,2387.82,2023-09-03T00:00:00
187,1280,13887,10,1841.83,26.0,13629.54,2025-05-10T00:00:00
188,2889,8473,4,613.87,30.0,1718.84,2023-12-29T00:00:00
189,6976,11472,10,2122.58,20.0,16980.64,2025-10-19T00:00:00
190,3085,9527,5,1985.14,29.0,7047.25,2024-03-28T00:00:00
191,2110,4083,7,696.34,2.0,4776.89,2023-07-02T00:00:00
192,5991,5777,1,818.1,11.0,728.11,2023-05-14T00:00:00
193,3519,1653,1,1828.67,17.0,1517.8,2023-06-13T00:00:00
194,3936,3785,2,1986.73,19.0,3218.5,2025-08-29T00:00:00
195,13430,2029,4,1131.46,15.0,3846.96,2023-11-20T00:00:00
196,8591,2217,9,1521.49,21.0,10817.79,2026-02-19T00:00:00
197,14880,7910,8,2859.18,20.0,18298.75,2026-03-26T00:00:00
198,12573,4121,3,267.73,28.0,578.3,2025-08-05T00:00:00
199,1175,12389,9,1958.11,18.0,14450.85,2025-04-17T00:00:00
200,3234,4377,9,728.76,19.0,5312.66,2023-10-02T00:00:00
201,10352,4459,7,291.22,9.0,1855.07,2024-03-09T00:00:00
202,11417,1318,4,2053.28,1.0,8130.99,2023-05-09T00:00:00
203,4566,12040,7,502.17,13.0,3058.22,2026-01-14T00:00:00
204,8003,6839,2,1714.75,5.0,3258.02,2026-03-12T00:00:00
205,1829,2273,3,2961.81,23.0,6841.78,2024-11-11T00:00:00
206,7703,974,5,592.18,4.0,2842.46,2025-10-05T00:00:00
207,2968,3014,2,323.69,20.0,517.9,2023-02-18T00:00:00
208,6724,5614,10,2724.08,15.0,23154.68,2025-10-12T00:00:00
209,667,8,9,1977.13,22.0,13879.45,2025-11-02T00:00:00
210,1304,11892,1,1386.22,15.0,1178.29,2026-02-23T00:00:00
211,11529,9614,10,2765.54,13.0,24060.2,2023-01-26T00:00:00
212,13843,10093,1,1458.45,25.0,1093.84,2025-07-16T00:00:00
213,2613,2012,4,223.13,16.0,749.72,2023-01-18T00:00:00
214,8980,8465,1,479.28,10.0,431.35,2024-01-14T00:00:00
215,12539,12796,1,2612.31,26.0,1933.11,2026-01-23T00:00:00
216,2688,10643,3,2695.53,14.0,6954.47,2024-01-01T00:00:00
217,9266,1583,5,1386.25,19.0,5614.31,2025-11-18T00:00:00
218,10811,11185,5,1669.46,4.0,8013.41,2025-10-23T00:00:00
219,9437,9778,7,947.31,24.0,5039.69,2023-05-15T00:00:00
220,14252,6720,6,2352.87,21.0,11152.6,2024-11-28T00:00:00
221,1627,5717,2,2467.86,18.0,4047.29,2023-06-30T00:00:00
222,13950,1733,8,1309.58,16.0,8800.38,2023-06-27T00:00:00
223,9967,880,10,1373.07,11.0,12220.32,2024-11-24T00:00:00
224,14498,4547,2,2083.93,7.0,3876.11,2024-02-28T00:00:00
225,3049,9070,5,2063.07,6.0,9696.43,2023-05-12T00:00:00
226,500,1729,8,1575.44,17.0,10460.92,2024-01-27T00:00:00
227,3877,1837,9,902.36,26.0,6009.72,2023-02-07T00:00:00
228,4609,7790,9,945.97,24.0,6470.43,2024-05-13T00:00:00
229,8353,11557,2,2610.82,20.0,4177.31,2024-06-05T00:00:00
230,6139,14458,3,2505.6,4.0,7216.13,2024-05-31T00:00:00
231,3939,14617,4,2253.02,22.0,7029.42,2023-08-31T00:00:00
232,9922,11802,3,687.39,14.0,1773.47,2026-01-07T00:00:00
233,5989,11070,2,133.54,20.0,213.66,2025-11-29T00:00:00
234,11894,2735,6,2189.73,17.0,10904.86,2026-04-15T00:00:00
235,6318,243,2,1560.8,25.0,2341.2,2023-07-13T00:00:00
236,14402,3110,9,234.45,10.0,1899.04,2024-03-11T00:00:00
237,6680,12190,8,1540.6,12.0,10845.82,2025-08-24T00:00:00
238,11589,8142,9,161.87,3.0,1413.13,2024-06-09T00:00:00
239,817,3667,2,1187.78,26.0,1757.91,2025-08-17T00:00:00
240,10411,12130,5,2370.54,12.0,10430.38,2026-01-11T00:00:00
241,10150,10932,6,2424.85,5.0,13821.64,2023-09-23T00:00:00
242,11717,5869,8,2099.28,10.0,15114.82,2026-03-14T00:00:00
243,13410,9768,9,581.7,0.0,5235.3,2023-07-29T00:00:00
244,5632,2849,1,2721.12,6.0,2557.85,2023-05-02T00:00:00
245,5743,6608,3,1508.37,30.0,3167.58,2025-06-28T00:00:00
246,7755,14317,1,1762.8,26.0,1304.47,2024-04-09T00:00:00
247,2203,2172,8,1807.51,16.0,12146.47,2025-04-14T00:00:00
248,6290,11010,9,1491.0,11.0,11942.91,2023-10-09T00:00:00
249,3751,5693,8,739.43,19.0,4791.51,2024-09-09T00:00:00
250,5674,12412,4,882.07,20.0,2822.62,2026-05-20T00:00:00
251,2456,14712,10,2247.77,3.0,21803.37,2025-08-26T00:00:00
252,8128,12243,4,2219.6,22.0,6925.15,2023-09-13T00:00:00
253,11069,1154,2,2464.27,8.0,4534.26,2024-04-12T00:00:00
254,4933,1323,2,2420.3,5.0,4598.57,2023-02-13T00:00:00
255,6427,8707,2,1164.0,11.0,2071.92,2023-12-05T00:00:00
256,6000,7591,1,1791.66,13.0,1558.74,2023-01-09T00:00:00
257,3148,14365,4,365.94,17.0,1214.92,2023-07-07T00:00:00
258,2347,9436,3,2309.8,11.0,6167.17,2023-03-02T00:00:00
259,1260,12618,8,1360.01,8.0,10009.67,2025-08-13T00:00:00
260,5124,4667,3,1204.79,6.0,3397.51,2025-07-10T00:00:00
261,12685,13604,7,1277.61,25.0,6707.45,2024-09-22T00:00:00
262,9143,2744,8,2896.06,14.0,19924.89,2025-12-27T00:00:00
263,9305,387,9,2016.98,28.0,13070.03,2026-03-08T00:00:00
264,9035,9004,3,2340.11,2.0,6879.92,2023-12-31T00:00:00
265,4196,14474,2,1613.18,8.0,2968.25,2025-12-09T00:00:00
266,919,6794,3,2795.66,21.0,6625.71,2024-03-17T00:00:00
267,7865,10433,9,2243.96,13.0,17570.21,2023-04-06T00:00:00
268,3301,5285,3,2896.0,17.0,7211.04,2023-04-02T00:00:00
269,4514,12255,2,184.29,15.0,313.29,2024-04-16T00:00:00
270,8142,11181,6,133.77,14.0,690.25,2023-07-21T00:00:00
271,10886,12133,7,830.21,1.0,5753.36,2024-05-25T00:00:00
272,8276,8800,4,1284.62,3.0,4984.33,2024-10-29T00:00:00
273,7490,6641,5,2133.45,5.0,10133.89,2025-12-13T00:00:00
274,3742,8625,3,292.93,24.0,667.88,2023-09-25T00:00:00
275,13886,8150,7,1157.97,16.0,6808.86,2023-12-26T00:00:00
276,7205,11764,6,2548.06,24.0,11619.15,2023-05-06T00:00:00
277,12563,11212,5,2936.21,12.0,12919.32,2026-05-23T00:00:00
278,9083,8805,9,2669.57,7.0,22344.3,2025-11-19T00:00:00
279,6541,6569,8,760.68,23.0,4685.79,2024-09-13T00:00:00
280,12189,11635,10,520.97,13.0,4532.44,2024-07-27T00:00:00
281,6983,2608,8,1009.8,27.0,5897.23,2023-06-29T00:00:00
282,7023,7129,9,1255.77,2.0,11075.89,2025-08-01T00:00:00
283,4653,2367,4,1718.8,7.0,6393.94,2023-11-14T00:00:00
284,3486,4055,9,2611.34,15.0,19976.75,2023-04-27T00:00:00
285,5939,6163,4,791.87,14.0,2724.03,2025-07-27T00:00:00
286,9022,13543,6,1985.77,10.0,10723.16,2025-03-20T00:00:00
287,7647,2330,6,82.63,12.0,436.29,2025-07-13T00:00:00
288,7785,11702,10,699.26,17.0,5803.86,2024-09-09T00:00:00
289,4750,13189,8,2266.18,10.0,16316.5,2026-03-11T00:00:00
290,7963,2462,8,1167.29,12.0,8217.72,2025-09-29T00:00:00
291,6390,2605,7,1368.37,23.0,7375.51,2025-03-06T00:00:00
292,3237,1214,7,2332.53,27.0,11919.23,2025-03-04T00:00:00
293,6209,11700,1,2662.09,27.0,1943.33,2024-06-05T00:00:00
294,7349,4635,9,1290.03,17.0,9636.52,2023-03-03T00:00:00
295,3175,14699,9,866.86,18.0,6397.43,2023-09-23T00:00:00
296,5666,3047,2,2634.45,26.0,3898.99,2024-01-13T00:00:00
297,7067,3200,5,662.81,3.0,3214.63,2024-07-13T00:00:00
298,13509,4690,1,852.77,20.0,682.22,2026-04-17T00:00:00
299,702,14290,1,2490.91,0.0,2490.91,2023-05-25T00:00:00
300,5888,1440,10,2416.77,0.0,24167.7,2024-03-07T00:00:00
301,726,14221,6,1027.35,6.0,5794.25,2024-07-31T00:00:00
302,11674,12742,9,2098.46,20.0,15108.91,2025-12-01T00:00:00
303,2371,8619,9,2835.51,16.0,21436.46,2025-06-25T00:00:00
304,6887,2667,10,1254.82,12.0,11042.42,2024-02-19T00:00:00
305,9473,8040,1,746.99,1.0,739.52,2024-10-04T00:00:00
306,1431,3192,7,1664.06,27.0,8503.35,2024-11-30T00:00:00
307,11881,14294,1,858.76,7.0,798.65,2025-06-22T00:00:00
308,14312,10873,2,2984.8,10.0,5372.64,2024-06-09T00:00:00
309,6771,1766,6,2113.01,17.0,10522.79,2024-06-15T00:00:00
310,10122,8734,5,618.51,19.0,2504.97,2026-03-04T00:00:00
311,5783,12198,3,1285.86,22.0,3008.91,2023-08-02T00:00:00
312,3933,14833,7,1690.81,11.0,10533.75,2026-05-22T00:00:00
313,12002,12867,8,1427.0,19.0,9246.96,2024-02-07T00:00:00
314,2736,367,7,1507.61,0.0,10553.27,2024-03-23T00:00:00
315,11077,12915,4,2660.59,0.0,10642.36,2025-01-20T00:00:00
316,9241,8564,9,435.61,13.0,3410.83,2025-12-15T00:00:00
317,757,757,10,2648.66,11.0,23573.07,2023-04-19T00:00:00
318,6959,9643,1,1983.71,10.0,1785.34,2025-01-26T00:00:00
319,6287,8159,6,1251.45,21.0,5931.87,2023-11-24T00:00:00
320,1844,12608,1,2815.23,1.0,2787.08,2025-08-10T00:00:00
321,4942,222,3,1974.58,20.0,4738.99,2023-12-20T00:00:00
322,11161,3850,8,44.48,21.0,281.11,2026-02-13T00:00:00
323,1974,5574,4,1886.59,12.0,6640.8,2026-02-18T00:00:00
324,8755,4281,2,2950.62,21.0,4661.98,2024-04-20T00:00:00
325,9127,2036,9,541.57,11.0,4337.98,2025-03-20T00:00:00
326,4814,11312,5,910.38,25.0,3413.92,2025-11-30T00:00:00
327,10143,1114,10,41.61,1.0,411.94,2023-08-10T00:00:00
328,13557,2591,9,42.16,9.0,345.29,2025-09-24T00:00:00
329,1114,2550,8,1918.65,28.0,11051.42,2024-02-03T00:00:00
330,9823,9459,7,1388.34,27.0,7094.42,2023-01-05T00:00:00
331,1394,3013,7,862.67,15.0,5132.89,2026-04-18T00:00:00
332,12214,4865,7,1581.81,25.0,8304.5,2025-09-11T00:00:00
333,12124,14139,7,1296.34,0.0,9074.38,2023-12-03T00:00:00
334,7680,967,10,376.75,4.0,3616.8,2023-04-08T00:00:00
335,5073,10999,2,1178.86,5.0,2239.83,2025-06-14T00:00:00
336,2442,5209,5,2032.76,12.0,8944.14,2023-07-06T00:00:00
337,8019,7438,9,2366.11,30.0,14906.49,2024-09-29T00:00:00
338,11919,2885,10,870.26,6.0,8180.44,2024-11-08T00:00:00
339,10929,2687,5,939.73,17.0,3899.88,2025-04-27T00:00:00
340,10287,14064,7,395.42,14.0,2380.43,2025-11-23T00:00:00
341,1822,8446,7,2748.46,14.0,16545.73,2025-01-09T00:00:00
342,13939,2623,6,1466.84,26.0,6512.77,2025-04-28T00:00:00
343,3422,947,9,879.22,12.0,6963.42,2024-10-22T00:00:00
344,14933,11844,10,2849.84,14.0,24508.62,2025-01-20T00:00:00
345,6621,3819,7,1603.63,25.0,8419.06,2025-05-08T00:00:00
346,7429,6200,2,765.15,2.0,1499.69,2025-02-04T00:00:00
347,7570,4179,7,2717.0,9.0,17307.29,2024-09-25T00:00:00
348,6804,37,9,1457.41,27.0,9575.18,2023-10-02T00:00:00
349,5214,7499,3,2794.4,11.0,7461.05,2025-11-19T00:00:00
350,6293,8398,10,2389.1,15.0,20307.35,2025-02-16T00:00:00
351,2518,2004,7,1370.91,30.0,6717.46,2024-07-01T00:00:00
352,831,3778,4,2027.91,13.0,7057.13,2024-04-21T00:00:00
353,5871,11022,10,1187.45,7.0,11043.28,2023-03-23T00:00:00
354,9401,10575,4,414.92,2.0,1626.49,2025-11-27T00:00:00
355,13818,14724,5,2191.26,11.0,9751.11,2024-06-08T00:00:00
356,7545,7255,2,2016.68,11.0,3589.69,2024-02-24T00:00:00
357,3504,7826,8,1118.74,22.0,6980.94,2023-10-21T00:00:00
358,2658,711,7,207.32,10.0,1306.12,2024-09-17T00:00:00
359,7677,13451,1,1604.09,29.0,1138.9,2024-09-29T00:00:00
360,7318,13897,7,662.0,17.0,3846.22,2023-09-14T00:00:00
361,2843,6110,8,176.64,21.0,1116.36,2025-06-07T00:00:00
362,3446,14977,2,1722.4,9.0,3134.77,2025-03-21T00:00:00
363,8304,10219,10,1670.05,14.0,14362.43,2024-10-11T00:00:00
364,10816,1858,9,2563.7,22.0,17997.17,2024-09-30T00:00:00
365,9291,2783,5,2977.17,19.0,12057.54,2026-02-15T00:00:00
366,12456,1481,7,363.15,5.0,2414.95,2025-05-02T00:00:00
367,5284,13933,5,2391.88,22.0,9328.33,2026-04-18T00:00:00
368,621,3769,7,2560.43,2.0,17564.55,2025-11-18T00:00:00
369,2081,10592,8,2481.37,0.0,19850.96,2025-03-15T00:00:00
370,8146,5554,9,2039.91,1.0,18175.6,2025-08-19T00:00:00
371,5645,8099,9,319.58,16.0,2416.02,2024-10-26T00:00:00
372,11123,12799,7,796.7,20.0,4461.52,2025-12-12T00:00:00
373,12730,4277,6,2082.57,8.0,11495.79,2025-02-02T00:00:00
374,11343,10062,9,1473.31,20.0,10607.83,2023-11-19T00:00:00
375,12120,3674,8,965.97,19.0,6259.49,2024-08-15T00:00:00
376,491,7546,5,1306.6,29.0,4638.43,2023-09-05T00:00:00
377,6770,1965,2,1255.96,9.0,2285.85,2026-05-30T00:00:00
378,3209,6128,4,1059.05,10.0,3812.58,2024-06-09T00:00:00
379,8858,6304,6,1929.67,25.0,8683.51,2025-11-13T00:00:00
380,10614,13404,7,1392.52,11.0,8675.4,2023-04-29T00:00:00
381,13650,132,6,2570.63,17.0,12801.74,2024-05-25T00:00:00
382,11417,13868,3,197.66,21.0,468.45,2026-05-31T00:00:00
383,5927,2355,5,534.03,28.0,1922.51,2024-01-10T00:00:00
384,9753,6970,3,1031.28,6.0,2908.21,2025-01-26T00:00:00
385,5405,3696,10,2001.5,6.0,18814.1,2026-05-20T00:00:00
386,13436,5054,5,2790.01,27.0,10183.54,2026-04-26T00:00:00
387,3534,2761,1,1347.09,20.0,1077.67,2024-05-16T00:00:00
388,8246,145,9,1252.02,22.0,8789.18,2025-05-14T00:00:00
389,11053,13143,1,862.73,18.0,707.44,2025-08-20T00:00:00
390,5514,3225,1,1475.45,19.0,1195.11,2026-02-13T00:00:00
391,1810,2588,8,2625.48,13.0,18273.34,2024-10-09T00:00:00
392,9767,11540,4,937.81,20.0,3000.99,2025-09-09T00:00:00
393,4450,2409,4,2364.42,20.0,7566.14,2026-05-20T00:00:00
394,10050,13049,5,1718.57,25.0,6444.64,2023-09-29T00:00:00
395,13616,4073,7,1848.43,1.0,12809.62,2026-04-24T00:00:00
396,12571,4095,2,1534.74,4.0,2946.7,2024-08-21T00:00:00
397,9423,10437,1,1793.77,13.0,1560.58,2024-07-18T00:00:00
398,11090,1873,1,2660.46,27.0,1942.14,2023-07-05T00:00:00
399,14670,8506,4,2507.53,25.0,7522.59,2023-10-12T00:00:00
400,8701,6712,4,2757.06,9.0,10035.7,2024-11-30T00:00:00
401,7645,9112,5,225.76,22.0,880.46,2025-09-24T00:00:00
402,14433,12310,2,1676.02,21.0,2648.11,2023-11-29T00:00:00
403,11091,12639,4,1633.78,30.0,4574.58,2025-12-27T00:00:00
404,12252,14179,8,2975.23,5.0,22611.75,2023-03-08T00:00:00
405,9223,11662,4,1516.69,9.0,5520.75,2024-07-24T00:00:00
406,10723,10901,1,1171.38,20.0,937.1,2023-06-26T00:00:00
407,9206,13151,4,2462.27,12.0,8667.19,2023-03-08T00:00:00
408,368,4745,5,76.0,19.0,307.8,2025-06-16T00:00:00
409,7284,5227,7,2514.41,28.0,12672.63,2023-01-21T00:00:00
410,10178,7495,10,2581.13,1.0,25553.19,2023-12-15T00:00:00
411,1581,11152,7,2587.77,26.0,13404.65,2026-01-11T00:00:00
412,14204,3518,1,423.88,9.0,385.73,2023-04-05T00:00:00
413,11746,7854,9,2961.79,12.0,23457.38,2023-07-22T00:00:00
414,2427,6258,6,2825.76,20.0,13563.65,2023-06-17T00:00:00
415,2183,14865,4,97.8,10.0,352.08,2024-06-11T00:00:00
416,12352,4316,7,1180.75,24.0,6281.59,2025-02-01T00:00:00
417,1088,3527,6,2341.27,15.0,11940.48,2025-01-17T00:00:00
418,14785,12527,4,180.52,4.0,693.2,2025-01-19T00:00:00
419,7035,13129,3,1072.48,26.0,2380.91,2024-07-17T00:00:00
420,7382,722,7,470.15,30.0,2303.73,2024-09-03T00:00:00
421,8759,6472,9,1653.96,7.0,13843.65,2024-05-10T00:00:00
422,1036,11927,7,1435.0,0.0,10045.0,2025-09-22T00:00:00
423,5574,610,1,890.38,15.0,756.82,2023-04-30T00:00:00
424,14976,1965,8,2218.67,18.0,14554.48,2024-09-24T00:00:00
425,8773,14625,3,724.23,10.0,1955.42,2024-03-26T00:00:00
426,14267,3170,5,1828.49,13.0,7953.93,2024-05-03T00:00:00
427,8874,12607,2,2755.91,4.0,5291.35,2023-03-04T00:00:00
428,3635,12373,9,2596.73,4.0,22435.75,2025-02-01T00:00:00
429,6209,14743,3,902.14,10.0,2435.78,2024-03-15T00:00:00
430,13767,13314,3,1995.09,8.0,5506.45,2024-02-18T00:00:00
431,14384,3092,7,898.35,12.0,5533.84,2023-03-12T00:00:00
432,3810,14773,1,2995.0,11.0,2665.55,2026-02-07T00:00:00
433,7217,3237,6,2767.95,8.0,15279.08,2023-10-24T00:00:00
434,5726,12105,7,2290.11,4.0,15389.54,2024-05-11T00:00:00
435,1081,7277,10,2488.76,28.0,17919.07,2024-01-02T00:00:00
436,7383,495,7,1469.03,23.0,7918.07,2025-04-25T00:00:00
437,7014,10030,7,2351.1,25.0,12343.28,2025-05-01T00:00:00
438,13103,1292,6,2729.74,5.0,15559.52,2026-03-10T00:00:00
439,9542,4629,10,1917.74,24.0,14574.82,2023-10-21T00:00:00
440,6458,10276,1,2225.89,6.0,2092.34,2023-08-08T00:00:00
441,6352,14997,1,1050.27,13.0,913.73,2025-01-23T00:00:00
442,4135,14850,5,2788.25,28.0,10037.7,2023-09-08T00:00:00
443,7606,10598,4,2081.4,3.0,8075.83,2023-08-07T00:00:00
444,1362,2324,1,2854.67,14.0,2455.02,2023-07-31T00:00:00
445,5219,7037,2,159.4,19.0,258.23,2023-03-28T00:00:00
446,6307,1014,4,2780.67,11.0,9899.19,2023-02-11T00:00:00
447,13958,685,2,939.39,29.0,1333.93,2025-10-31T00:00:00
448,5137,1898,9,2048.55,30.0,12905.86,2026-06-06T00:00:00
449,7984,1272,7,67.39,25.0,353.8,2024-06-22T00:00:00
450,13408,7739,6,1175.2,29.0,5006.35,2025-09-16T00:00:00
451,13943,457,3,2502.84,5.0,7133.09,2024-11-01T00:00:00
452,11675,13497,3,762.5,14.0,1967.25,2023-05-24T00:00:00
453,5618,12869,7,1858.94,20.0,10410.06,2024-06-10T00:00:00
454,13673,6347,9,1308.3,27.0,8595.53,2024-03-09T00:00:00
455,3840,14621,2,2334.99,3.0,4529.88,2025-01-19T00:00:00
456,7495,5135,8,2064.4,4.0,15854.59,2025-01-16T00:00:00
457,9839,12964,9,926.77,24.0,6339.11,2024-05-23T00:00:00
458,6992,4248,9,520.23,5.0,4447.97,2024-01-05T00:00:00
459,10839,8319,9,133.76,7.0,1119.57,2024-12-16T00:00:00
460,10663,8233,3,88.58,2.0,260.43,2025-09-16T00:00:00
461,13506,5826,1,530.96,0.0,530.96,2025-09-10T00:00:00
462,8657,14849,7,1237.33,0.0,8661.31,2025-02-22T00:00:00
463,12569,5337,6,2729.13,9.0,14901.05,2025-04-23T00:00:00
464,2871,687,1,2907.77,23.0,2238.98,2026-02-22T00:00:00
465,12838,11612,9,1954.64,23.0,13545.66,2025-01-28T00:00:00
466,1835,2469,3,2263.96,1.0,6723.96,2025-07-09T00:00:00
467,11431,11930,1,2183.75,24.0,1659.65,2023-06-05T00:00:00
468,6753,2416,8,253.36,21.0,1601.24,2025-07-28T00:00:00
469,11681,14786,4,106.94,15.0,363.6,2024-01-23T00:00:00
470,11825,6193,4,1085.83,6.0,4082.72,2024-01-04T00:00:00
471,372,13445,5,1913.51,11.0,8515.12,2024-04-27T00:00:00
472,366,8372,3,2421.78,12.0,6393.5,2025-09-23T00:00:00
473,14042,8616,4,382.9,10.0,1378.44,2024-01-23T00:00:00
474,9823,1262,10,768.17,14.0,6606.26,2025-01-02T00:00:00
475,12102,6687,5,1270.72,1.0,6290.06,2024-05-15T00:00:00
476,1488,1597,6,1759.15,7.0,9816.06,2025-06-01T00:00:00
477,6932,3857,6,2955.58,15.0,15073.46,2024-02-19T00:00:00
478,13386,5362,5,2755.64,19.0,11160.34,2026-05-11T00:00:00
479,7637,10994,2,1621.05,23.0,2496.42,2024-04-11T00:00:00
480,10524,13434,3,1041.66,21.0,2468.73,2023-06-20T00:00:00
481,1619,14652,7,1142.09,29.0,5676.19,2025-08-03T00:00:00
482,11614,7916,4,155.68,17.0,516.86,2023-05-30T00:00:00
483,7382,13582,8,214.45,14.0,1475.42,2023-09-05T00:00:00
484,1783,12859,9,2887.84,7.0,24171.22,2024-09-25T00:00:00
485,9844,1464,7,357.93,23.0,1929.24,2025-01-31T00:00:00
486,10490,6532,4,837.08,4.0,3214.39,2025-11-28T00:00:00
487,8534,1134,1,463.42,13.0,403.18,2023-05-25T00:00:00
488,3188,5672,3,2549.4,20.0,6118.56,2025-09-16T00:00:00
489,14594,11999,10,470.22,8.0,4326.02,2024-03-30T00:00:00
490,3139,3681,7,2163.19,13.0,13173.83,2025-09-22T00:00:00
491,14927,1575,10,460.39,2.0,4511.82,2025-09-18T00:00:00
492,4020,11925,1,438.29,8.0,403.23,2025-10-16T00:00:00
493,11876,13844,1,1958.31,6.0,1840.81,2025-10-02T00:00:00
494,14410,14571,9,781.54,0.0,7033.86,2023-08-29T00:00:00
495,6558,6381,8,1309.09,2.0,10263.27,2025-05-22T00:00:00
496,5460,10028,9,2705.43,3.0,23618.4,2025-04-14T00:00:00
497,7905,5346,10,1557.54,14.0,13394.84,2026-05-08T00:00:00
498,7624,6915,2,10.86,0.0,21.72,2024-07-31T00:00:00
499,11219,6935,2,1060.38,12.0,1866.27,2023-11-22T00:00:00
500,14455,6356,2,1884.21,15.0,3203.16,2023-06-26T00:00:00
501,10377,5112,5,907.45,1.0,4491.88,2025-06-23T00:00:00
502,14440,9993,10,812.07,24.0,6171.73,2025-02-08T00:00:00
503,7514,3795,8,2554.47,16.0,17166.04,2024-06-06T00:00:00
504,4377,9940,3,2782.67,14.0,7179.29,2026-04-07T00:00:00
505,10519,14874,6,597.92,4.0,3444.02,2023-06-01T00:00:00
506,10530,4289,8,354.04,21.0,2237.53,2024-11-21T00:00:00
507,2137,12662,7,1885.49,23.0,10162.79,2024-01-14T00:00:00
508,10492,7172,2,2117.1,15.0,3599.07,2025-06-18T00:00:00
509,13325,3851,9,630.45,8.0,5220.13,2023-07-10T00:00:00
510,6958,5949,6,1390.22,7.0,7757.43,2025-12-12T00:00:00
511,14166,491,4,1550.95,25.0,4652.85,2024-02-12T00:00:00
512,14131,6445,8,202.51,19.0,1312.26,2023-09-25T00:00:00
513,10846,2090,9,2936.55,25.0,19821.71,2024-09-09T00:00:00
514,5244,13340,6,142.5,25.0,641.25,2025-07-05T00:00:00
515,4248,5200,8,2420.01,23.0,14907.26,2024-09-06T00:00:00
516,5038,982,6,87.23,16.0,439.64,2024-02-08T00:00:00
517,10440,10359,5,2925.38,14.0,12579.13,2024-10-28T00:00:00
518,14566,4061,3,2480.02,25.0,5580.05,2023-06-22T00:00:00
519,1225,923,9,1491.15,25.0,10065.26,2024-08-11T00:00:00
520,7,7013,2,457.3,29.0,649.37,2026-04-30T00:00:00
521,1607,12154,6,1222.36,1.0,7260.82,2023-01-31T00:00:00
522,8588,11559,6,2357.11,5.0,13435.53,2025-08-05T00:00:00
523,11742,2360,8,2955.35,5.0,22460.66,2023-11-07T00:00:00
524,7112,1931,1,491.09,16.0,412.52,2024-12-09T00:00:00
525,6698,2540,2,1502.53,3.0,2914.91,2024-08-30T00:00:00
526,1597,9709,10,937.23,16.0,7872.73,2025-08-07T00:00:00
527,14152,10995,2,397.68,2.0,779.45,2023-11-19T00:00:00
528,8149,3174,5,2293.18,22.0,8943.4,2026-02-09T00:00:00
529,3381,1255,4,618.74,6.0,2326.46,2025-10-31T00:00:00
530,12479,10211,2,438.93,7.0,816.41,2025-03-11T00:00:00
531,97,4890,9,1168.11,2.0,10302.73,2023-07-12T00:00:00
532,7863,392,1,1370.99,13.0,1192.76,2024-12-17T00:00:00
533,5735,5904,2,1968.53,12.0,3464.61,2025-01-03T00:00:00
534,13475,300,8,694.29,26.0,4110.2,2023-12-13T00:00:00
535,4396,5761,7,1544.26,4.0,10377.43,2023-03-29T00:00:00
536,13782,7978,7,2461.72,25.0,12924.03,2024-02-04T00:00:00
537,5327,8525,8,741.42,4.0,5694.11,2023-03-19T00:00:00
538,3182,13119,3,1065.66,10.0,2877.28,2025-05-30T00:00:00
539,10424,13626,6,542.56,29.0,2311.31,2025-10-02T00:00:00
540,11259,14629,6,380.72,29.0,1621.87,2025-10-26T00:00:00
541,7174,1411,7,2416.96,8.0,15565.22,2023-12-16T00:00:00
542,7381,9281,8,626.12,5.0,4758.51,2025-09-02T00:00:00
543,5307,10980,3,1250.03,10.0,3375.08,2024-02-20T00:00:00
544,6591,5036,7,2795.79,25.0,14677.9,2024-03-23T00:00:00
545,894,4774,1,1679.58,2.0,1645.99,2026-04-12T00:00:00
546,13660,781,1,2127.38,5.0,2021.01,2025-09-04T00:00:00
547,2351,8756,4,1499.52,27.0,4378.6,2023-11-22T00:00:00
548,11155,12422,2,1057.52,21.0,1670.88,2024-09-16T00:00:00
549,653,9307,3,2863.44,23.0,6614.55,2026-02-24T00:00:00
550,61,12584,2,2123.97,18.0,3483.31,2024-11-19T00:00:00
551,4659,10409,2,1481.28,18.0,2429.3,2023-01-25T00:00:00
552,9754,13000,9,2302.97,7.0,19275.86,2023-06-12T00:00:00
553,2485,7319,7,2980.89,4.0,20031.58,2023-04-10T00:00:00
554,6308,14654,9,536.08,22.0,3763.28,2024-03-11T00:00:00
555,4175,4638,1,992.79,17.0,824.02,2023-07-28T00:00:00
556,5056,8069,7,1315.46,22.0,7182.41,2023-07-06T00:00:00
557,5596,3036,6,1384.62,13.0,7227.72,2026-02-15T00:00:00
558,6912,5438,6,2300.98,25.0,10354.41,2025-10-29T00:00:00
559,14489,175,2,1187.62,6.0,2232.73,2023-12-02T00:00:00
560,12831,7881,4,449.64,6.0,1690.65,2025-07-25T00:00:00
561,8527,10594,8,1273.3,15.0,8658.44,2026-01-30T00:00:00
562,7725,13346,4,1761.89,8.0,6483.76,2023-08-14T00:00:00
563,7996,9530,5,1607.89,24.0,6109.98,2024-11-11T00:00:00
564,3486,14043,3,2275.47,3.0,6621.62,2026-06-01T00:00:00
565,8181,2035,7,1180.01,11.0,7351.46,2024-12-04T00:00:00
566,14822,5871,4,1242.64,2.0,4871.15,2024-05-14T00:00:00
567,4537,7488,1,2236.66,26.0,1655.13,2026-05-06T00:00:00
568,1351,2544,8,2859.71,4.0,21962.57,2023-04-24T00:00:00
569,3916,10802,7,46.47,5.0,309.03,2024-09-29T00:00:00
570,11008,4153,9,501.48,23.0,3475.26,2024-02-25T00:00:00
571,4344,13441,3,832.79,7.0,2323.48,2024-01-29T00:00:00
572,11765,866,1,1467.27,14.0,1261.85,2024-07-14T00:00:00
573,10465,8101,5,2837.91,18.0,11635.43,2024-10-03T00:00:00
574,2282,3277,9,2339.73,25.0,15793.18,2025-04-30T00:00:00
575,3295,11322,9,2295.12,11.0,18383.91,2023-01-25T00:00:00
576,10144,20,10,1342.97,11.0,11952.43,2023-11-02T00:00:00
577,10662,3813,2,893.91,7.0,1662.67,2024-05-13T00:00:00
578,11425,9860,1,2567.95,5.0,2439.55,2023-07-25T00:00:00
579,3690,1122,1,2543.74,26.0,1882.37,2024-03-13T00:00:00
580,7289,11066,5,925.01,20.0,3700.04,2025-06-03T00:00:00
581,4273,11633,6,1126.58,11.0,6015.94,2023-12-26T00:00:00
582,12747,7597,3,1890.2,28.0,4082.83,2023-07-29T00:00:00
583,8474,12927,4,1398.29,21.0,4418.6,2026-01-24T00:00:00
584,14127,10058,1,436.31,20.0,349.05,2024-09-03T00:00:00
585,5464,11159,1,2304.31,18.0,1889.53,2024-11-20T00:00:00
586,14068,5342,7,2237.71,11.0,13940.93,2024-02-08T00:00:00
587,8987,13182,1,1326.3,7.0,1233.46,2025-11-12T00:00:00
588,8808,12780,6,2415.37,22.0,11303.93,2026-03-04T00:00:00
589,10484,2593,1,2527.47,1.0,2502.2,2023-12-12T00:00:00
590,12498,11201,8,120.5,3.0,935.08,2026-06-05T00:00:00
591,7180,13639,4,2079.74,2.0,8152.58,2024-09-06T00:00:00
592,6834,6693,1,191.39,22.0,149.28,2023-02-04T00:00:00
593,6808,2602,3,737.6,24.0,1681.73,2026-01-11T00:00:00
594,14912,14888,1,1567.94,12.0,1379.79,2026-01-10T00:00:00
595,8008,4157,2,1103.59,10.0,1986.46,2023-09-02T00:00:00
596,12434,8655,4,2942.02,25.0,8826.06,2023-09-18T00:00:00
597,14875,13537,1,727.08,11.0,647.1,2023-08-28T00:00:00
598,7020,6318,6,80.14,23.0,370.25,2023-01-22T00:00:00
599,6804,3063,8,590.11,11.0,4201.58,2023-04-13T00:00:00
600,13704,14422,4,811.79,18.0,2662.67,2023-08-21T00:00:00
601,3604,14453,9,1896.93,21.0,13487.17,2024-08-12T00:00:00
602,395,2809,5,2303.22,14.0,9903.85,2024-08-16T00:00:00
603,13796,3456,4,310.08,6.0,1165.9,2025-05-08T00:00:00
604,14818,7582,9,1401.08,5.0,11979.23,2023-06-04T00:00:00
605,737,5951,1,2189.62,13.0,1904.97,2025-09-13T00:00:00
606,4039,12863,7,2216.15,15.0,13186.09,2026-04-11T00:00:00
607,4040,5096,6,146.39,15.0,746.59,2023-12-14T00:00:00
608,4660,9866,10,927.0,26.0,6859.8,2024-11-03T00:00:00
609,2375,3976,4,2669.25,9.0,9716.07,2025-06-22T00:00:00
610,10826,2916,4,1508.35,16.0,5068.06,2023-12-18T00:00:00
611,4280,12573,10,1484.96,9.0,13513.14,2023-06-23T00:00:00
612,2532,8638,3,2564.8,11.0,6848.02,2024-09-03T00:00:00
613,12416,2052,7,1694.16,28.0,8538.57,2024-08-27T00:00:00
614,6425,8957,10,2767.65,14.0,23801.79,2024-09-26T00:00:00
615,4192,2391,2,597.4,23.0,920.0,2025-03-25T00:00:00
616,11087,5572,3,1586.41,29.0,3379.05,2024-05-24T00:00:00
617,7594,11091,8,1174.81,12.0,8270.66,2023-12-18T00:00:00
618,5314,3621,4,1764.12,13.0,6139.14,2024-12-04T00:00:00
619,10646,3154,6,1251.27,4.0,7207.32,2026-02-09T00:00:00
620,2,3444,6,1920.0,4.0,11059.2,2025-12-19T00:00:00
621,4114,7752,4,2764.57,22.0,8625.46,2024-12-25T00:00:00
622,7509,3925,10,1594.66,15.0,13554.61,2024-08-08T00:00:00
623,927,3261,2,367.82,28.0,529.66,2023-09-04T00:00:00
624,5967,11166,2,669.42,7.0,1245.12,2024-05-28T00:00:00
625,1154,922,10,2873.0,17.0,23845.9,2023-09-12T00:00:00
626,583,8127,10,199.86,18.0,1638.85,2025-05-18T00:00:00
627,8875,10723,9,2235.52,22.0,15693.35,2024-05-30T00:00:00
628,7414,9671,2,1294.75,29.0,1838.54,2023-03-28T00:00:00
629,10889,3488,6,1169.26,5.0,6664.78,2026-06-06T00:00:00
630,3621,341,5,608.35,22.0,2372.57,2025-08-24T00:00:00
631,3831,11542,3,2818.45,11.0,7525.26,2024-11-12T00:00:00
632,3764,14850,3,1010.53,27.0,2213.06,2025-03-20T00:00:00
633,14435,12628,4,2794.11,9.0,10170.56,2023-03-16T00:00:00
634,14007,13492,8,2674.73,24.0,16262.36,2023-10-26T00:00:00
635,12347,13372,8,1184.42,29.0,6727.51,2025-05-07T00:00:00
636,374,14634,1,2882.74,19.0,2335.02,2025-10-25T00:00:00
637,11087,9204,10,1459.93,1.0,14453.31,2025-01-01T00:00:00
638,5278,2443,3,1360.18,27.0,2978.79,2024-09-23T00:00:00
639,14118,1667,4,2374.33,24.0,7217.96,2025-12-09T00:00:00
640,2716,14813,9,845.04,15.0,6464.56,2024-03-10T00:00:00
641,307,68,2,975.79,12.0,1717.39,2026-04-02T00:00:00
642,1874,2943,9,682.33,11.0,5465.46,2024-02-22T00:00:00
643,7885,532,1,2895.15,19.0,2345.07,2025-06-28T00:00:00
644,9547,11128,2,1791.72,14.0,3081.76,2026-03-07T00:00:00
645,14150,4386,5,1389.55,19.0,5627.68,2023-04-24T00:00:00
646,7806,10641,8,329.24,17.0,2186.15,2026-01-21T00:00:00
647,1465,11898,7,1460.87,19.0,8283.13,2023-03-08T00:00:00
648,9592,10344,9,669.55,22.0,4700.24,2024-02-16T00:00:00
649,7408,4760,6,2452.02,12.0,12946.67,2025-12-17T00:00:00
650,9957,1635,6,2470.03,22.0,11559.74,2025-09-06T00:00:00
651,10251,5926,4,2352.77,21.0,7434.75,2023-08-17T00:00:00
652,7223,14538,7,1360.44,9.0,8666.0,2026-04-17T00:00:00
653,123,14620,2,1254.09,16.0,2106.87,2025-03-19T00:00:00
654,615,10017,10,338.48,16.0,2843.23,2024-05-31T00:00:00
655,6941,7490,3,130.8,28.0,282.53,2023-10-19T00:00:00
656,14663,1866,4,232.19,14.0,798.73,2025-09-22T00:00:00
657,7574,2979,9,322.57,29.0,2061.22,2025-08-20T00:00:00
658,80,866,8,726.4,15.0,4939.52,2024-08-17T00:00:00
659,9971,4559,3,2404.55,11.0,6420.15,2024-01-31T00:00:00
660,9382,11117,6,259.18,29.0,1104.11,2024-03-09T00:00:00
661,3011,6828,4,90.87,2.0,356.21,2026-05-05T00:00:00
662,12594,13609,3,1471.16,26.0,3265.98,2024-01-30T00:00:00
663,3941,4993,3,2843.96,10.0,7678.69,2023-05-09T00:00:00
664,7121,12621,2,994.21,28.0,1431.66,2025-09-20T00:00:00
665,8563,12340,5,218.26,1.0,1080.39,2026-02-10T00:00:00
666,11879,10431,9,1341.49,8.0,11107.54,2026-02-07T00:00:00
667,13141,11305,9,1995.76,23.0,13830.62,2025-12-01T00:00:00
668,3282,14377,2,1503.81,10.0,2706.86,2023-02-07T00:00:00
669,12877,14809,10,2175.68,8.0,20016.26,2024-08-22T00:00:00
670,6413,2331,7,2734.07,13.0,16650.49,2024-08-05T00:00:00
671,2578,10430,6,1715.72,12.0,9059.0,2023-10-18T00:00:00
672,6665,6673,7,2235.33,5.0,14864.94,2025-11-02T00:00:00
673,2605,6306,7,512.93,28.0,2585.17,2023-07-31T00:00:00
674,2894,10406,8,933.58,9.0,6796.46,2025-03-23T00:00:00
675,11148,8360,2,2151.77,28.0,3098.55,2025-02-25T00:00:00
676,13339,7024,7,402.46,26.0,2084.74,2024-11-22T00:00:00
677,3638,3202,3,1529.0,1.0,4541.13,2024-07-04T00:00:00
678,10105,10995,8,2852.73,27.0,16659.94,2023-05-16T00:00:00
679,13231,14394,4,233.4,2.0,914.93,2024-04-29T00:00:00
680,12537,26,7,2018.54,28.0,10173.44,2024-06-05T00:00:00
681,3430,10016,7,34.07,14.0,205.1,2023-12-28T00:00:00
682,1870,2532,3,1390.36,15.0,3545.42,2025-09-17T00:00:00
683,11376,6680,7,2673.0,0.0,18711.0,2023-09-06T00:00:00
684,8834,6515,7,2314.82,27.0,11828.73,2025-08-31T00:00:00
685,14216,9124,9,1956.53,1.0,17432.68,2024-10-17T00:00:00
686,1469,8590,6,195.36,16.0,984.61,2025-08-06T00:00:00
687,2319,1825,3,2865.96,21.0,6792.33,2023-05-31T00:00:00
688,6652,10102,4,2207.57,17.0,7329.13,2025-05-03T00:00:00
689,5118,9993,8,770.72,30.0,4316.03,2023-01-27T00:00:00
690,4533,14424,8,1402.84,26.0,8304.81,2023-11-14T00:00:00
691,5952,4437,2,616.08,5.0,1170.55,2025-02-08T00:00:00
692,13495,3523,3,1849.67,2.0,5438.03,2023-07-31T00:00:00
693,13210,9365,4,1498.92,27.0,4376.85,2025-07-12T00:00:00
694,11409,2805,8,1215.94,19.0,7879.29,2024-02-20T00:00:00
695,7002,3855,4,1916.14,9.0,6974.75,2024-01-02T00:00:00
696,13407,6467,1,561.41,8.0,516.5,2024-02-28T00:00:00
697,2583,7692,9,1401.68,11.0,11227.46,2023-11-09T00:00:00
698,9457,1071,1,2525.15,19.0,2045.37,2024-01-27T00:00:00
699,13162,5120,9,919.59,2.0,8110.78,2025-05-15T00:00:00
700,9667,11949,5,485.27,5.0,2305.03,2025-04-04T00:00:00
701,9924,11531,7,2981.35,4.0,20034.67,2024-07-23T00:00:00
702,2493,1646,8,1079.33,21.0,6821.37,2024-04-30T00:00:00
703,10684,7483,6,1835.29,7.0,10240.92,2025-08-16T00:00:00
704,2817,4942,5,596.0,30.0,2086.0,2024-12-14T00:00:00
705,2646,13408,7,1572.62,16.0,9247.01,2025-07-14T00:00:00
706,3449,13879,10,281.64,21.0,2224.96,2026-04-19T00:00:00
707,2609,1994,1,2767.39,1.0,2739.72,2025-11-21T00:00:00
708,4570,5042,8,1345.29,20.0,8609.86,2025-12-15T00:00:00
709,12160,3963,10,1687.55,30.0,11812.85,2023-05-05T00:00:00
710,11528,6622,9,667.09,14.0,5163.28,2026-03-03T00:00:00
711,12845,7521,8,623.38,29.0,3540.8,2023-11-01T00:00:00
712,13928,10704,4,848.46,21.0,2681.13,2025-03-19T00:00:00
713,4636,1572,9,2253.38,22.0,15818.73,2023-07-02T00:00:00
714,1005,2755,6,248.84,20.0,1194.43,2024-05-08T00:00:00
715,6092,8355,10,847.79,1.0,8393.12,2023-02-23T00:00:00
716,3737,5581,5,990.52,0.0,4952.6,2023-01-13T00:00:00
717,12087,9234,8,1930.91,4.0,14829.39,2025-10-18T00:00:00
718,1976,9771,3,470.08,8.0,1297.42,2025-06-29T00:00:00
719,5408,13776,5,1751.54,10.0,7881.93,2024-09-05T00:00:00
720,4633,10309,5,2845.17,11.0,12661.01,2025-03-07T00:00:00
721,14482,4038,7,2007.33,12.0,12365.15,2024-04-10T00:00:00
722,4609,11612,8,2576.52,15.0,17520.34,2025-06-28T00:00:00
723,3882,14275,4,1111.41,25.0,3334.23,2025-04-18T00:00:00
724,10907,2583,9,1814.12,12.0,14367.83,2023-01-27T00:00:00
725,10798,14576,1,1605.18,2.0,1573.08,2023-05-13T00:00:00
726,7185,5216,8,2123.97,27.0,12403.98,2023-12-21T00:00:00
727,8720,3905,4,1182.83,2.0,4636.69,2023-01-18T00:00:00
728,10836,4833,7,2189.31,17.0,12719.89,2025-02-25T00:00:00
729,9964,5501,10,2862.97,24.0,21758.57,2025-02-19T00:00:00
730,5685,13472,2,1136.25,24.0,1727.1,2023-06-12T00:00:00
731,11501,13668,3,2460.58,4.0,7086.47,2024-06-28T00:00:00
732,7867,5403,5,1285.42,8.0,5912.93,2026-05-08T00:00:00
733,176,4545,3,1796.1,19.0,4364.52,2023-05-13T00:00:00
734,2891,10538,2,2773.57,20.0,4437.71,2024-12-07T00:00:00
735,235,5125,10,1648.61,8.0,15167.21,2026-03-09T00:00:00
736,2042,93,3,2755.6,10.0,7440.12,2024-07-06T00:00:00
737,12957,5884,6,1571.27,23.0,7259.27,2025-10-26T00:00:00
738,3249,4830,1,862.39,23.0,664.04,2025-07-16T00:00:00
739,74,5556,3,2880.04,12.0,7603.31,2025-12-31T00:00:00
740,9337,10552,7,124.45,6.0,818.88,2025-12-19T00:00:00
741,8703,3693,9,1864.63,9.0,15271.32,2025-09-27T00:00:00
742,7139,5117,7,2216.78,24.0,11793.27,2023-07-06T00:00:00
743,5668,13183,2,2140.77,25.0,3211.15,2024-02-28T00:00:00
744,14198,3997,4,2258.09,29.0,6412.98,2026-02-08T00:00:00
745,9276,7600,3,2722.53,9.0,7432.51,2026-01-26T00:00:00
746,10342,4232,5,2240.82,22.0,8739.2,2023-10-12T00:00:00
747,13190,8516,2,2028.32,27.0,2961.35,2024-06-23T00:00:00
748,37,4156,8,915.93,3.0,7107.62,2023-02-14T00:00:00
749,977,185,8,647.94,26.0,3835.8,2025-11-17T00:00:00
750,10891,14123,4,1460.12,30.0,4088.34,2023-12-15T00:00:00
751,11951,8295,2,1533.76,19.0,2484.69,2025-06-05T00:00:00
752,7494,9725,1,1970.2,18.0,1615.56,2025-01-26T00:00:00
753,13053,5242,6,2992.36,19.0,14542.87,2024-09-11T00:00:00
754,3285,8586,6,872.01,14.0,4499.57,2025-09-07T00:00:00
755,11747,13519,4,156.42,3.0,606.91,2024-09-25T00:00:00
756,14588,907,2,991.36,11.0,1764.62,2023-02-08T00:00:00
757,6107,13397,7,2130.1,9.0,13568.74,2024-08-15T00:00:00
758,2506,12955,10,963.2,30.0,6742.4,2023-08-27T00:00:00
759,14925,13625,8,924.39,27.0,5398.44,2024-05-19T00:00:00
760,5689,681,3,1292.02,19.0,3139.61,2025-01-07T00:00:00
761,1029,11513,3,1745.05,19.0,4240.47,2025-12-08T00:00:00
762,7733,7345,2,2791.8,17.0,4634.39,2025-09-10T00:00:00
763,12338,1356,6,2779.53,29.0,11840.8,2024-09-02T00:00:00
764,5285,10085,8,2171.7,4.0,16678.66,2025-05-05T00:00:00
765,11943,6801,1,616.68,20.0,493.34,2024-12-15T00:00:00
766,452,12202,4,2978.93,8.0,10962.46,2023-04-29T00:00:00
767,13552,543,6,2817.1,26.0,12507.92,2025-11-16T00:00:00
768,10593,9075,8,2681.52,4.0,20594.07,2025-09-24T00:00:00
769,2398,10081,3,986.15,1.0,2928.87,2023-05-23T00:00:00
770,1347,8339,7,2000.01,13.0,12180.06,2023-09-13T00:00:00
771,5098,2163,4,2301.61,6.0,8654.05,2023-06-21T00:00:00
772,8663,11591,7,1762.48,9.0,11227.0,2025-09-28T00:00:00
773,13861,3906,1,960.18,22.0,748.94,2023-11-25T00:00:00
774,2103,5275,1,599.71,16.0,503.76,2025-01-07T00:00:00
775,2195,2304,5,586.29,14.0,2521.05,2025-11-21T00:00:00
776,7396,2700,4,828.17,3.0,3213.3,2023-07-23T00:00:00
777,8869,676,3,1080.21,16.0,2722.13,2025-10-13T00:00:00
778,6648,7196,1,2093.79,28.0,1507.53,2025-12-23T00:00:00
779,3032,13156,7,2995.01,23.0,16143.1,2024-05-10T00:00:00
780,7830,2406,3,583.99,13.0,1524.21,2024-06-09T00:00:00
781,10162,10318,10,1540.78,5.0,14637.41,2025-01-11T00:00:00
782,841,5968,1,1551.7,15.0,1318.94,2023-04-11T00:00:00
783,3857,4420,1,1504.56,4.0,1444.38,2025-07-05T00:00:00
784,2290,13129,5,1165.19,6.0,5476.39,2025-12-28T00:00:00
785,9470,13028,8,2511.16,23.0,15468.75,2025-10-02T00:00:00
786,7832,201,1,202.01,24.0,153.53,2024-12-31T00:00:00
787,12754,11586,10,1520.75,15.0,12926.38,2023-01-01T00:00:00
788,9420,607,2,2738.96,5.0,5204.02,2024-05-06T00:00:00
789,4298,4133,2,43.82,3.0,85.01,2024-10-12T00:00:00
790,448,12949,4,2740.47,30.0,7673.32,2023-09-17T00:00:00
791,2279,9213,8,2428.72,21.0,15349.51,2023-07-22T00:00:00
792,10156,3885,9,1971.54,20.0,14195.09,2024-01-24T00:00:00
793,3407,9245,9,2875.45,19.0,20962.03,2024-03-31T00:00:00
794,494,11460,1,2300.83,2.0,2254.81,2024-02-03T00:00:00
795,5000,11726,3,2742.68,17.0,6829.27,2023-07-03T00:00:00
796,7955,11805,5,1602.71,18.0,6571.11,2023-08-25T00:00:00
797,906,4168,8,2434.85,9.0,17725.71,2025-02-25T00:00:00
798,4547,9053,5,1465.77,29.0,5203.48,2023-04-24T00:00:00
799,7459,480,1,314.61,7.0,292.59,2023-10-15T00:00:00
800,6641,11354,5,1647.75,6.0,7744.42,2023-11-19T00:00:00
801,6674,14640,1,368.96,19.0,298.86,2024-06-04T00:00:00
802,14961,6288,7,2532.09,6.0,16661.15,2024-12-23T00:00:00
803,1618,3300,10,2292.33,21.0,18109.41,2026-02-23T00:00:00
804,3423,1300,9,563.7,15.0,4312.31,2026-03-02T00:00:00
805,7235,11243,8,2937.43,4.0,22559.46,2024-12-20T00:00:00
806,12891,13693,1,377.96,24.0,287.25,2025-09-10T00:00:00
807,14574,2124,2,744.21,19.0,1205.62,2026-02-21T00:00:00
808,10593,10374,5,2323.41,15.0,9874.49,2024-01-30T00:00:00
809,1478,8173,8,961.38,6.0,7229.58,2023-08-15T00:00:00
810,2134,10040,10,2783.87,26.0,20600.64,2024-10-23T00:00:00
811,3439,9716,4,2705.48,19.0,8765.76,2025-08-06T00:00:00
812,8495,11864,2,1961.21,15.0,3334.06,2024-05-20T00:00:00
813,6645,13326,2,1939.44,10.0,3490.99,2024-08-17T00:00:00
814,1013,14495,2,1677.98,9.0,3053.92,2025-11-27T00:00:00
815,3342,2740,10,2599.27,7.0,24173.21,2026-03-20T00:00:00
816,2070,7254,6,2225.49,5.0,12685.29,2024-01-29T00:00:00
817,1937,12139,10,2894.67,0.0,28946.7,2025-10-22T00:00:00
818,712,3712,6,392.18,30.0,1647.16,2023-02-18T00:00:00
819,7972,210,3,920.72,7.0,2568.81,2025-01-23T00:00:00
820,11735,8732,5,393.99,29.0,1398.66,2024-10-05T00:00:00
821,11126,9492,8,681.97,0.0,5455.76,2023-12-26T00:00:00
822,11642,3047,10,2941.54,5.0,27944.63,2024-07-03T00:00:00
823,8327,6771,6,1782.03,25.0,8019.14,2025-03-31T00:00:00
824,9046,3372,5,482.42,12.0,2122.65,2023-03-10T00:00:00
825,7764,8254,8,2948.32,25.0,17689.92,2023-02-10T00:00:00
826,5277,13024,8,1433.47,25.0,8600.82,2023-07-31T00:00:00
827,11176,5244,5,1225.41,13.0,5330.53,2025-11-30T00:00:00
828,12518,7662,7,917.41,1.0,6357.65,2024-01-16T00:00:00
829,13410,9647,4,1308.14,15.0,4447.68,2025-01-02T00:00:00
830,7441,4755,8,1629.35,25.0,9776.1,2025-05-07T00:00:00
831,4412,1063,9,192.78,26.0,1283.91,2023-10-09T00:00:00
832,3181,1511,6,1822.05,26.0,8089.9,2024-05-12T00:00:00
833,10069,10678,7,824.1,8.0,5307.2,2024-11-08T00:00:00
834,9759,9928,7,950.79,3.0,6455.86,2024-09-27T00:00:00
835,9425,14726,8,2622.23,12.0,18460.5,2023-08-27T00:00:00
836,8597,11164,7,1008.45,23.0,5435.55,2025-02-07T00:00:00
837,2836,14347,9,2514.9,22.0,17654.6,2023-06-11T00:00:00
838,1198,11788,8,2311.33,27.0,13498.17,2024-04-09T00:00:00
839,10272,12407,1,2046.52,4.0,1964.66,2025-07-10T00:00:00
840,156,1910,3,2796.64,19.0,6795.84,2025-07-13T00:00:00
841,12692,6704,1,1341.99,10.0,1207.79,2023-09-06T00:00:00
842,7226,10080,9,1796.86,25.0,12128.81,2023-07-20T00:00:00
843,6697,14042,9,1848.76,18.0,13643.85,2024-04-17T00:00:00
844,12320,12658,5,863.89,24.0,3282.78,2024-02-24T00:00:00
845,10400,6209,7,2716.65,23.0,14642.74,2023-03-19T00:00:00
846,9963,3181,10,721.94,15.0,6136.49,2025-06-06T00:00:00
847,12098,10580,7,2691.83,28.0,13566.82,2023-06-23T00:00:00
848,4092,7445,2,1862.86,10.0,3353.15,2023-05-09T00:00:00
849,9614,11567,7,407.76,6.0,2683.06,2026-03-19T00:00:00
850,5912,5738,9,309.7,3.0,2703.68,2025-06-20T00:00:00
851,6452,4560,6,1832.56,26.0,8136.57,2023-07-14T00:00:00
852,4863,6765,1,2384.14,5.0,2264.93,2024-12-30T00:00:00
853,2440,14354,5,283.64,26.0,1049.47,2024-03-03T00:00:00
854,9483,7072,4,2419.98,11.0,8615.13,2024-10-27T00:00:00
855,10183,12278,2,1653.52,17.0,2744.84,2026-05-04T00:00:00
856,13717,996,8,2458.99,17.0,16327.69,2025-02-24T00:00:00
857,4233,8322,6,2376.43,10.0,12832.72,2023-09-18T00:00:00
858,2247,10834,6,1054.92,14.0,5443.39,2025-09-04T00:00:00
859,12701,8263,5,429.37,3.0,2082.44,2023-12-29T00:00:00
860,2384,12282,6,1494.94,2.0,8790.25,2025-08-26T00:00:00
861,817,9985,2,186.88,23.0,287.8,2023-05-01T00:00:00
862,4282,2167,3,802.96,2.0,2360.7,2026-05-11T00:00:00
863,6849,6317,9,1140.32,25.0,7697.16,2024-09-24T00:00:00
864,5685,1789,8,16.71,3.0,129.67,2025-08-18T00:00:00
865,6475,6271,4,275.25,27.0,803.73,2023-08-16T00:00:00
866,3448,11342,8,2549.1,26.0,15090.67,2026-05-28T00:00:00
867,2089,6725,3,1238.22,28.0,2674.56,2025-07-09T00:00:00
868,303,4524,5,1679.5,27.0,6130.18,2023-08-22T00:00:00
869,4426,3653,5,579.41,23.0,2230.73,2023-09-11T00:00:00
870,10438,2983,1,2917.96,9.0,2655.34,2025-09-23T00:00:00
871,14417,3296,2,207.26,17.0,344.05,2023-11-07T00:00:00
872,11758,4361,7,207.39,6.0,1364.63,2025-07-15T00:00:00
873,3519,4463,3,148.04,11.0,395.27,2025-08-04T00:00:00
874,13166,1591,1,2345.58,8.0,2157.93,2026-02-10T00:00:00
875,880,11061,2,215.96,30.0,302.34,2024-05-22T00:00:00
876,3533,13582,9,1087.75,20.0,7831.8,2024-02-24T00:00:00
877,2518,6552,1,13.89,24.0,10.56,2023-08-28T00:00:00
878,6313,14596,7,942.09,13.0,5737.33,2023-06-22T00:00:00
879,4563,806,8,2643.22,15.0,17973.9,2025-12-07T00:00:00
880,870,5878,1,2322.17,9.0,2113.17,2025-02-11T00:00:00
881,7409,1309,7,1940.63,19.0,11003.37,2025-03-12T00:00:00
882,2088,10697,4,2047.98,22.0,6389.7,2025-07-27T00:00:00
883,910,4009,3,2601.57,4.0,7492.52,2025-03-13T00:00:00
884,12070,14526,3,2060.58,17.0,5130.84,2025-06-25T00:00:00
885,11947,3089,5,1210.27,16.0,5083.13,2025-09-30T00:00:00
886,11910,7142,3,934.58,15.0,2383.18,2023-04-05T00:00:00
887,6165,10690,5,1239.82,8.0,5703.17,2023-09-25T00:00:00
888,6248,8828,10,2537.19,14.0,21819.83,2024-05-30T00:00:00
889,151,2626,4,1982.4,1.0,7850.3,2025-03-21T00:00:00
890,6979,10026,6,1125.26,2.0,6616.53,2023-12-30T00:00:00
891,3111,3890,5,31.39,5.0,149.1,2023-02-24T00:00:00
892,196,1963,3,919.93,7.0,2566.6,2025-10-26T00:00:00
893,1905,2088,10,889.14,4.0,8535.74,2025-04-22T00:00:00
894,11832,9307,10,424.32,2.0,4158.34,2024-01-21T00:00:00
895,4364,7524,10,150.57,30.0,1053.99,2023-05-24T00:00:00
896,5783,9910,1,2151.56,13.0,1871.86,2023-10-09T00:00:00
897,12642,3105,1,1535.63,29.0,1090.3,2023-01-27T00:00:00
898,13100,10590,5,2030.21,24.0,7714.8,2025-03-10T00:00:00
899,5492,2021,3,405.8,13.0,1059.14,2024-07-12T00:00:00
900,11995,14529,3,1793.06,7.0,5002.64,2023-12-09T00:00:00
901,7981,2835,1,2711.59,9.0,2467.55,2023-01-06T00:00:00
902,11947,14091,3,1713.16,17.0,4265.77,2025-10-04T00:00:00
903,4951,11760,2,769.21,26.0,1138.43,2025-08-08T00:00:00
904,3146,4787,10,2623.46,8.0,24135.83,2025-06-10T00:00:00
905,12327,3802,9,715.41,25.0,4829.02,2025-11-07T00:00:00
906,3279,211,10,2074.15,10.0,18667.35,2023-04-29T00:00:00
907,3621,6701,8,1076.83,18.0,7064.0,2025-10-05T00:00:00
908,3019,1331,9,2668.51,26.0,17772.28,2023-06-20T00:00:00
909,8372,14346,1,484.96,6.0,455.86,2024-06-21T00:00:00
910,10424,13492,4,2336.81,25.0,7010.43,2023-12-29T00:00:00
911,13585,4065,1,943.71,27.0,688.91,2026-03-23T00:00:00
912,1323,13081,3,315.8,2.0,928.45,2023-12-19T00:00:00
913,4291,5911,9,479.37,19.0,3494.61,2025-08-09T00:00:00
914,8228,6792,7,1824.77,0.0,12773.39,2025-12-23T00:00:00
915,7792,2759,4,479.15,0.0,1916.6,2025-12-05T00:00:00
916,5315,548,7,411.11,8.0,2647.55,2023-07-18T00:00:00
917,3482,12553,3,1999.45,10.0,5398.52,2023-02-24T00:00:00
918,6232,323,9,25.28,6.0,213.87,2023-07-01T00:00:00
919,11885,360,10,1050.58,5.0,9980.51,2024-10-10T00:00:00
920,4104,7135,10,749.42,0.0,7494.2,2025-05-31T00:00:00
921,2157,12965,3,2625.63,13.0,6852.89,2023-03-07T00:00:00
922,3019,13244,5,1421.65,26.0,5260.1,2023-04-12T00:00:00
923,3424,14470,2,1502.53,11.0,2674.5,2026-05-08T00:00:00
924,9697,10886,7,634.02,13.0,3861.18,2024-04-13T00:00:00
925,11710,8980,4,209.83,10.0,755.39,2023-10-28T00:00:00
926,4000,5862,8,1695.06,13.0,11797.62,2025-07-27T00:00:00
927,312,5084,2,415.81,22.0,648.66,2025-06-17T00:00:00
928,623,8619,5,1196.2,8.0,5502.52,2023-02-12T00:00:00
929,5201,6428,1,1098.27,20.0,878.62,2026-01-25T00:00:00
930,14513,9159,6,1246.2,29.0,5308.81,2024-10-20T00:00:00
931,12188,11053,6,1206.75,11.0,6444.05,2024-09-02T00:00:00
932,14489,818,9,2460.33,1.0,21921.54,2023-09-23T00:00:00
933,14519,10383,4,2879.77,18.0,9445.65,2023-10-15T00:00:00
934,11250,6038,10,1521.27,13.0,13235.05,2026-03-06T00:00:00
935,4063,5191,8,2074.23,8.0,15266.33,2024-04-23T00:00:00
936,6644,5723,6,1019.61,22.0,4771.77,2023-09-24T00:00:00
937,153,12954,3,1344.63,15.0,3428.81,2023-08-14T00:00:00
938,6036,7012,6,1147.15,7.0,6401.1,2023-09-02T00:00:00
939,14148,1880,9,71.8,23.0,497.57,2023-07-28T00:00:00
940,6299,12046,7,706.72,8.0,4551.28,2025-04-22T00:00:00
941,8160,247,10,990.94,23.0,7630.24,2024-12-04T00:00:00
942,14202,3012,10,2582.49,25.0,19368.67,2023-11-01T00:00:00
943,7667,5543,4,1687.53,0.0,6750.12,2025-09-21T00:00:00
944,7327,10262,9,1969.88,23.0,13651.27,2024-05-03T00:00:00
945,4507,11367,2,1697.77,8.0,3123.9,2024-10-04T00:00:00
946,13943,168,9,1516.83,0.0,13651.47,2024-02-23T00:00:00
947,12992,5031,5,2066.76,9.0,9403.76,2024-07-01T00:00:00
948,4801,10016,7,2519.08,3.0,17104.55,2024-01-24T00:00:00
949,11237,11192,7,1753.15,13.0,10676.68,2025-10-08T00:00:00
950,8052,10754,6,2838.07,28.0,12260.46,2025-10-08T00:00:00
951,11054,5575,3,2495.8,25.0,5615.55,2025-05-17T00:00:00
952,633,1446,10,2670.51,16.0,22432.28,2024-07-13T00:00:00
953,13003,2699,8,923.64,9.0,6724.1,2026-06-05T00:00:00
954,11433,9342,10,2382.8,8.0,21921.76,2026-04-24T00:00:00
955,162,6048,7,1993.83,20.0,11165.45,2025-12-31T00:00:00
956,693,6431,5,2096.36,7.0,9748.07,2023-10-06T00:00:00
957,944,5843,1,2484.35,15.0,2111.7,2026-04-02T00:00:00
958,12269,2894,2,1281.7,1.0,2537.77,2023-01-26T00:00:00
959,5031,6322,3,2800.12,17.0,6972.3,2025-09-19T00:00:00
960,5808,13738,1,1174.67,29.0,834.02,2023-05-12T00:00:00
961,2289,438,7,422.67,16.0,2485.3,2024-05-17T00:00:00
962,145,12488,9,2667.44,26.0,17765.15,2024-04-07T00:00:00
963,14569,12585,2,674.7,28.0,971.57,2023-07-16T00:00:00
964,6160,11042,8,834.7,11.0,5943.06,2025-05-31T00:00:00
965,3368,1117,6,677.5,26.0,3008.1,2025-04-04T00:00:00
966,12799,6241,1,1610.39,13.0,1401.04,2023-12-27T00:00:00
967,13852,5946,10,1493.3,8.0,13738.36,2023-04-17T00:00:00
968,8680,10754,1,2984.55,0.0,2984.55,2024-10-09T00:00:00
969,1217,12775,6,467.8,26.0,2077.03,2024-10-24T00:00:00
970,11705,11399,1,743.81,23.0,572.73,2025-01-19T00:00:00
971,6157,9144,7,1553.97,4.0,10442.68,2025-09-06T00:00:00
972,3016,13358,9,247.84,12.0,1962.89,2026-05-02T00:00:00
973,7175,5619,6,1967.78,0.0,11806.68,2023-02-25T00:00:00
974,8653,5312,9,1662.61,20.0,11970.79,2025-10-23T00:00:00
975,11679,789,7,611.95,9.0,3898.12,2025-01-12T00:00:00
976,3601,3985,9,2552.65,4.0,22054.9,2024-07-02T00:00:00
977,11111,4700,5,2354.75,4.0,11302.8,2023-12-06T00:00:00
978,7462,7685,3,2743.77,23.0,6338.11,2023-11-24T00:00:00
979,14252,12491,7,2870.24,11.0,17881.6,2024-07-03T00:00:00
980,9215,8795,5,2096.74,30.0,7338.59,2025-01-29T00:00:00
981,13735,204,5,810.51,2.0,3971.5,2025-04-18T00:00:00
982,2025,9576,8,690.88,15.0,4697.98,2024-06-21T00:00:00
983,8916,1845,3,1228.39,16.0,3095.54,2024-09-27T00:00:00
984,5953,712,4,759.4,3.0,2946.47,2026-02-07T00:00:00
985,8558,5804,3,1328.98,25.0,2990.2,2023-07-17T00:00:00
986,13042,3681,9,2796.53,2.0,24665.39,2024-01-25T00:00:00
987,5477,13787,10,2828.37,20.0,22626.96,2025-11-18T00:00:00
988,6553,11312,9,2014.98,21.0,14326.51,2025-10-24T00:00:00
989,6541,13853,1,1357.6,25.0,1018.2,2024-05-13T00:00:00
990,12587,12644,1,221.74,15.0,188.48,2023-01-07T00:00:00
991,3135,10405,10,2464.15,21.0,19466.78,2023-08-13T00:00:00
992,4622,5037,8,323.58,1.0,2562.75,2023-09-17T00:00:00
993,8803,12123,6,1438.08,7.0,8024.49,2023-09-27T00:00:00
994,7990,10715,2,2438.48,8.0,4486.8,2024-12-30T00:00:00
995,10515,4098,7,1818.41,23.0,9801.23,2023-09-16T00:00:00
996,2969,12028,5,1872.43,16.0,7864.21,2023-08-03T00:00:00
997,2948,10081,4,1796.06,10.0,6465.82,2024-12-21T00:00:00
998,6368,6297,9,13.23,22.0,92.87,2025-03-15T00:00:00
999,7338,13957,1,2791.31,13.0,2428.44,2024-06-17T00:00:00
1000,12405,858,7,2350.12,10.0,14805.76,2025-06-22T00:00:00
1001,11539,8419,6,1614.46,4.0,9299.29,2025-09-04T00:00:00
1002,4893,8592,9,1365.75,2.0,12045.91,2024-04-08T00:00:00
1003,3463,14852,7,2622.24,20.0,14684.54,2023-09-25T00:00:00
1004,13350,6509,6,109.33,9.0,596.94,2023-03-26T00:00:00
1005,10447,3304,3,1884.94,1.0,5598.27,2024-08-29T00:00:00
1006,13358,9022,7,996.98,3.0,6769.49,2025-12-25T00:00:00
1007,6067,2428,9,1193.94,4.0,10315.64,2023-01-31T00:00:00
1008,5019,1912,7,2765.74,2.0,18972.98,2024-09-06T00:00:00
1009,7078,11036,10,1409.36,20.0,11274.88,2025-01-22T00:00:00
1010,12846,14860,2,1728.22,18.0,2834.28,2025-03-29T00:00:00
1011,6876,2442,10,60.37,23.0,464.85,2025-12-12T00:00:00
1012,13107,10100,1,2849.2,9.0,2592.77,2025-01-21T00:00:00
1013,8255,343,6,2160.57,22.0,10111.47,2023-01-08T00:00:00
1014,11901,5552,7,599.42,24.0,3188.91,2023-12-05T00:00:00
1015,13589,2237,6,2758.01,17.0,13734.89,2024-12-19T00:00:00
1016,6591,4629,4,573.41,23.0,1766.1,2025-09-06T00:00:00
1017,7565,10951,8,2630.0,21.0,16621.6,2026-02-18T00:00:00
1018,64,2137,10,133.81,12.0,1177.53,2026-03-16T00:00:00
1019,6,12406,3,2239.39,22.0,5240.17,2026-01-23T00:00:00
1020,3068,7357,6,278.21,22.0,1302.02,2023-09-13T00:00:00
1021,1001,2374,4,1990.68,5.0,7564.58,2023-02-19T00:00:00
1022,5922,2363,6,1992.26,17.0,9921.45,2023-09-07T00:00:00
1023,638,5865,2,462.63,6.0,869.74,2024-01-15T00:00:00
1024,3582,6729,7,1378.2,5.0,9165.03,2023-07-26T00:00:00
1025,2648,11977,2,1101.32,10.0,1982.38,2024-06-25T00:00:00
1026,10966,2745,7,2711.06,8.0,17459.23,2024-05-06T00:00:00
1027,9066,11360,6,2604.32,4.0,15000.88,2025-02-16T00:00:00
1028,4348,9552,8,455.92,6.0,3428.52,2026-01-04T00:00:00
1029,4670,225,3,456.44,25.0,1026.99,2023-03-25T00:00:00
1030,620,5925,10,521.74,15.0,4434.79,2023-03-04T00:00:00
1031,5968,9725,5,649.28,27.0,2369.87,2024-04-03T00:00:00
1032,5752,6977,2,2549.57,12.0,4487.24,2023-05-31T00:00:00
1033,3522,9096,5,438.61,9.0,1995.68,2026-01-12T00:00:00
1034,1764,3304,7,359.91,9.0,2292.63,2025-02-10T00:00:00
1035,10662,2001,8,317.28,16.0,2132.12,2025-04-26T00:00:00
1036,11554,3784,2,567.8,18.0,931.19,2026-03-19T00:00:00
1037,3580,7912,1,2925.05,18.0,2398.54,2025-02-03T00:00:00
1038,7761,12341,8,2644.18,5.0,20095.77,2025-11-01T00:00:00
1039,4523,1175,9,2302.41,4.0,19892.82,2025-10-22T00:00:00
1040,6287,559,2,2787.81,24.0,4237.47,2023-06-15T00:00:00
1041,9741,12415,9,1112.59,24.0,7610.12,2026-06-10T00:00:00
1042,138,639,6,139.1,14.0,717.76,2024-12-07T00:00:00
1043,10004,43,2,985.63,5.0,1872.7,2023-03-02T00:00:00
1044,5966,6326,8,46.14,13.0,321.13,2023-04-23T00:00:00
1045,3570,7530,4,1482.62,5.0,5633.96,2025-11-22T00:00:00
1046,13937,13240,8,1027.89,21.0,6496.26,2025-04-11T00:00:00
1047,1983,10863,10,356.48,20.0,2851.84,2023-05-09T00:00:00
1048,3111,2477,10,1372.39,15.0,11665.32,2026-01-13T00:00:00
1049,13909,5937,10,2396.84,6.0,22530.3,2026-01-08T00:00:00
1050,86,14705,9,910.21,29.0,5816.24,2023-11-09T00:00:00
1051,12231,1501,2,68.89,15.0,117.11,2023-06-12T00:00:00
1052,6744,5418,4,518.43,20.0,1658.98,2025-04-12T00:00:00
1053,12736,7786,7,967.96,14.0,5827.12,2025-07-27T00:00:00
1054,12932,5910,10,1805.2,2.0,17690.96,2023-06-21T00:00:00
1055,8192,3971,10,2147.22,10.0,19324.98,2024-07-24T00:00:00
1056,10914,9431,6,1058.3,15.0,5397.33,2023-03-25T00:00:00
1057,11771,6594,1,2686.2,26.0,1987.79,2023-07-13T00:00:00
1058,13544,4573,1,1239.51,7.0,1152.74,2023-02-16T00:00:00
1059,13406,10710,4,2877.19,15.0,9782.45,2023-12-14T00:00:00
1060,2838,11209,7,399.94,11.0,2491.63,2024-02-14T00:00:00
1061,1329,9167,3,140.47,16.0,353.98,2023-07-21T00:00:00
1062,4948,4080,8,2601.39,23.0,16024.56,2024-08-19T00:00:00
1063,973,2327,10,952.67,1.0,9431.43,2025-01-20T00:00:00
1064,3666,209,2,854.49,29.0,1213.38,2024-11-27T00:00:00
1065,6806,5313,10,2359.87,21.0,18642.97,2024-07-09T00:00:00
1066,8287,4969,4,1550.93,7.0,5769.46,2024-09-22T00:00:00
1067,12193,13674,9,84.97,4.0,734.14,2025-01-29T00:00:00
1068,13651,6873,10,1800.94,11.0,16028.37,2023-01-30T00:00:00
1069,5990,1863,9,1157.99,24.0,7920.65,2024-07-08T00:00:00
1070,14972,2994,6,835.22,3.0,4860.98,2023-04-21T00:00:00
1071,12581,9420,7,1037.21,13.0,6316.61,2023-03-01T00:00:00
1072,11658,11001,6,2105.54,3.0,12254.24,2024-09-14T00:00:00
1073,8341,11933,3,2429.71,7.0,6778.89,2026-04-13T00:00:00
1074,4822,9113,9,1443.24,23.0,10001.65,2026-03-20T00:00:00
1075,10968,13821,7,2082.8,2.0,14288.01,2026-03-15T00:00:00
1076,6600,5800,7,684.56,15.0,4073.13,2023-10-17T00:00:00
1077,10381,6798,2,1360.99,22.0,2123.14,2025-04-26T00:00:00
1078,5206,4160,3,1696.38,11.0,4529.33,2025-05-01T00:00:00
1079,3,14941,9,575.92,20.0,4146.62,2024-02-05T00:00:00
1080,13068,12811,7,1266.56,7.0,8245.31,2025-10-16T00:00:00
1081,7131,7378,10,1860.77,11.0,16560.85,2025-07-16T00:00:00
1082,8586,4196,1,2973.37,15.0,2527.36,2026-05-21T00:00:00
1083,13546,13469,3,1591.25,6.0,4487.32,2023-08-13T00:00:00
1084,14702,6459,3,744.78,16.0,1876.85,2024-06-23T00:00:00
1085,1937,5425,10,1929.81,30.0,13508.67,2026-06-01T00:00:00
1086,12116,5988,5,815.27,25.0,3057.26,2026-04-05T00:00:00
1087,3272,5992,8,615.33,7.0,4578.06,2024-01-04T00:00:00
1088,7897,1592,8,2243.25,6.0,16869.24,2026-01-29T00:00:00
1089,14551,731,1,2622.25,4.0,2517.36,2024-10-14T00:00:00
1090,5900,12693,2,2928.83,24.0,4451.82,2025-05-04T00:00:00
1091,9299,10818,6,14.6,4.0,84.1,2023-02-22T00:00:00
1092,4904,14603,6,347.47,27.0,1521.92,2026-02-11T00:00:00
1093,259,12967,5,310.24,5.0,1473.64,2024-01-07T00:00:00
1094,2073,5758,6,244.33,21.0,1158.12,2024-10-23T00:00:00
1095,2069,4936,6,1039.26,13.0,5424.94,2025-04-06T00:00:00
1096,1549,11629,7,2600.59,26.0,13471.06,2024-11-27T00:00:00
1097,11597,1944,8,1523.78,2.0,11946.44,2023-04-06T00:00:00
1098,8510,2173,4,339.45,21.0,1072.66,2023-09-18T00:00:00
1099,14114,13188,4,2879.44,25.0,8638.32,2024-01-10T00:00:00
1100,2997,14380,10,2465.56,8.0,22683.15,2023-09-05T00:00:00
1101,12080,1879,9,1783.67,29.0,11397.65,2026-04-02T00:00:00
1102,7955,13914,3,2398.96,13.0,6261.29,2023-12-16T00:00:00
1103,5467,3967,5,2713.06,6.0,12751.38,2024-06-06T00:00:00
1104,5137,5322,8,790.77,20.0,5060.93,2023-11-20T00:00:00
1105,7355,1026,3,79.35,18.0,195.2,2023-04-20T00:00:00
1106,4984,5618,2,2168.78,7.0,4033.93,2024-03-30T00:00:00
1107,13938,14964,8,2872.68,9.0,20913.11,2023-08-11T00:00:00
1108,5875,5432,7,91.26,9.0,581.33,2025-01-19T00:00:00
1109,13811,8800,10,1259.5,7.0,11713.35,2023-01-03T00:00:00
1110,14008,7336,9,180.19,6.0,1524.41,2024-09-07T00:00:00
1111,9988,6023,8,2703.98,28.0,15574.92,2023-05-23T00:00:00
1112,14387,2862,5,1194.92,22.0,4660.19,2024-06-02T00:00:00
1113,12697,1285,3,1691.61,25.0,3806.12,2023-09-22T00:00:00
1114,10478,7220,8,1699.4,0.0,13595.2,2025-08-26T00:00:00
1115,9363,11932,8,2409.31,15.0,16383.31,2026-01-02T00:00:00
1116,8097,14214,6,2687.07,6.0,15155.07,2024-11-10T00:00:00
1117,14661,6449,1,2563.42,29.0,1820.03,2026-03-14T00:00:00
1118,7207,12272,6,2862.68,7.0,15973.75,2023-06-03T00:00:00
1119,4838,1910,5,817.63,22.0,3188.76,2023-09-28T00:00:00
1120,9548,14291,2,2317.5,26.0,3429.9,2024-04-04T00:00:00
1121,14005,3443,7,1121.25,28.0,5651.1,2023-09-16T00:00:00
1122,10298,13573,1,2528.65,6.0,2376.93,2025-09-13T00:00:00
1123,2443,6999,8,748.14,26.0,4428.99,2023-12-27T00:00:00
1124,3389,7058,1,1906.77,28.0,1372.87,2024-01-12T00:00:00
1125,8788,8149,2,2649.66,10.0,4769.39,2025-07-14T00:00:00
1126,2575,2396,2,588.73,17.0,977.29,2026-01-05T00:00:00
1127,14216,1713,1,2186.94,9.0,1990.12,2025-04-12T00:00:00
1128,9539,11815,2,1662.16,28.0,2393.51,2026-01-25T00:00:00
1129,13555,5937,1,2392.1,30.0,1674.47,2025-10-27T00:00:00
1130,8055,11879,4,33.2,13.0,115.54,2024-09-18T00:00:00
1131,2256,1733,6,858.75,28.0,3709.8,2025-10-24T00:00:00
1132,7884,655,10,1726.55,15.0,14675.67,2025-08-31T00:00:00
1133,14092,5326,1,2471.72,9.0,2249.27,2024-01-16T00:00:00
1134,536,1567,10,2377.26,7.0,22108.52,2024-02-29T00:00:00
1135,9927,117,10,2764.43,10.0,24879.87,2024-03-23T00:00:00
1136,410,13697,6,674.61,12.0,3561.94,2024-07-30T00:00:00
1137,6533,10430,10,2815.26,11.0,25055.81,2023-03-09T00:00:00
1138,3545,9053,10,1157.53,19.0,9375.99,2023-06-15T00:00:00
1139,7350,8946,4,1347.89,6.0,5068.07,2023-02-26T00:00:00
1140,10272,2128,8,2582.46,23.0,15907.95,2025-08-13T00:00:00
1141,4668,1248,6,1709.15,20.0,8203.92,2023-05-29T00:00:00
1142,13417,8127,7,2666.58,30.0,13066.24,2026-03-12T00:00:00
1143,6174,4393,6,551.04,9.0,3008.68,2023-03-15T00:00:00
1144,11554,7787,3,357.5,13.0,933.08,2023-10-17T00:00:00
1145,8399,7724,8,2163.57,8.0,15923.88,2024-05-31T00:00:00
1146,5350,3642,2,1531.51,24.0,2327.9,2026-01-12T00:00:00
1147,3734,4100,9,675.14,19.0,4921.77,2023-02-09T00:00:00
1148,13323,12936,6,2719.69,28.0,11749.06,2025-04-16T00:00:00
1149,3224,6457,1,1806.92,13.0,1572.02,2023-10-03T00:00:00
1150,1291,185,2,1850.85,18.0,3035.39,2025-11-06T00:00:00
1151,12195,14861,7,2116.58,25.0,11112.05,2024-11-27T00:00:00
1152,12769,10792,1,118.87,11.0,105.79,2024-02-20T00:00:00
1153,3992,11743,8,1563.33,28.0,9004.78,2026-05-27T00:00:00
1154,14789,12787,8,416.42,7.0,3098.16,2025-08-06T00:00:00
1155,9572,9134,6,1073.11,9.0,5859.18,2025-04-29T00:00:00
1156,272,1765,2,171.55,15.0,291.63,2024-10-28T00:00:00
1157,5243,57,10,2769.44,22.0,21601.63,2025-03-31T00:00:00
1158,2312,12254,6,1905.07,20.0,9144.34,2026-04-06T00:00:00
1159,6430,11715,6,2622.99,17.0,13062.49,2026-05-12T00:00:00
1160,52,11524,6,1318.84,10.0,7121.74,2023-06-02T00:00:00
1161,7136,12293,2,482.66,21.0,762.6,2023-01-24T00:00:00
1162,12940,7396,7,1669.35,23.0,8997.8,2024-04-10T00:00:00
1163,6279,1471,8,805.63,5.0,6122.79,2025-07-05T00:00:00
1164,11862,4487,8,942.12,6.0,7084.74,2023-10-05T00:00:00
1165,3812,3079,3,2127.26,3.0,6190.33,2024-09-12T00:00:00
1166,14781,14697,2,2255.51,1.0,4465.91,2024-02-28T00:00:00
1167,12590,13095,7,1217.02,1.0,8433.95,2023-12-10T00:00:00
1168,11355,616,4,2693.62,18.0,8835.07,2023-11-29T00:00:00
1169,1296,9178,3,2202.13,20.0,5285.11,2023-10-30T00:00:00
1170,9286,10293,2,2189.49,24.0,3328.02,2023-07-28T00:00:00
1171,7942,7248,6,647.06,18.0,3183.54,2025-08-25T00:00:00
1172,7889,8102,5,374.1,22.0,1458.99,2024-05-18T00:00:00
1173,3625,238,6,1703.7,14.0,8791.09,2024-06-06T00:00:00
1174,329,10384,1,1828.86,26.0,1353.36,2023-05-29T00:00:00
1175,9075,8467,7,2321.68,21.0,12838.89,2024-11-26T00:00:00
1176,13713,8143,6,2039.94,17.0,10158.9,2026-03-22T00:00:00
1177,13553,10184,6,2678.79,25.0,12054.56,2025-06-07T00:00:00
1178,13704,8993,6,2304.8,8.0,12722.5,2026-01-17T00:00:00
1179,13872,9977,2,1684.58,4.0,3234.39,2023-02-06T00:00:00
1180,12564,6172,8,1705.02,2.0,13367.36,2023-11-26T00:00:00
1181,10433,8970,1,2549.1,25.0,1911.82,2024-07-14T00:00:00
1182,858,14671,3,320.18,2.0,941.33,2026-05-27T00:00:00
1183,9727,9673,8,2150.77,26.0,12732.56,2025-04-04T00:00:00
1184,13345,14433,2,2019.76,22.0,3150.83,2023-05-28T00:00:00
1185,657,3107,7,135.71,29.0,674.48,2023-02-07T00:00:00
1186,8883,3683,6,733.8,23.0,3390.16,2025-04-09T00:00:00
1187,14495,4645,5,1513.44,18.0,6205.1,2025-09-16T00:00:00
1188,12717,7072,4,1522.78,9.0,5542.92,2026-06-11T00:00:00
1189,12682,14949,6,217.93,12.0,1150.67,2024-11-13T00:00:00
1190,13144,2359,9,1238.1,14.0,9582.89,2023-11-13T00:00:00
1191,8180,1305,4,1805.59,1.0,7150.14,2023-06-15T00:00:00
1192,5517,6768,9,59.31,10.0,480.41,2024-04-02T00:00:00
1193,13154,6465,4,826.4,24.0,2512.26,2025-11-23T00:00:00
1194,13827,2292,8,985.57,7.0,7332.64,2025-09-20T00:00:00
1195,6724,6485,9,879.22,11.0,7042.55,2025-08-14T00:00:00
1196,11755,10246,2,1689.07,1.0,3344.36,2024-04-11T00:00:00
1197,7682,7467,6,128.41,24.0,585.55,2023-07-23T00:00:00
1198,9039,2575,5,230.69,0.0,1153.45,2026-02-13T00:00:00
1199,815,12202,6,1139.04,24.0,5194.02,2023-03-28T00:00:00
1200,10672,13594,4,2290.78,23.0,7055.6,2024-04-21T00:00:00
1201,2169,10139,5,2826.18,4.0,13565.66,2024-10-17T00:00:00
1202,9643,12795,9,2648.76,24.0,18117.52,2024-07-20T00:00:00
1203,174,3208,4,343.17,13.0,1194.23,2025-03-23T00:00:00
1204,9775,3602,5,485.44,2.0,2378.66,2023-05-31T00:00:00
1205,1997,6829,4,1847.87,16.0,6208.84,2026-03-14T00:00:00
1206,3944,6650,4,1529.68,1.0,6057.53,2023-11-20T00:00:00
1207,9881,6081,8,941.61,29.0,5348.34,2024-10-21T00:00:00
1208,8648,13907,7,1703.17,22.0,9299.31,2023-04-12T00:00:00
1209,731,9066,6,169.95,8.0,938.12,2026-05-07T00:00:00
1210,11580,782,6,1247.71,17.0,6213.6,2023-07-15T00:00:00
1211,12848,11475,9,370.16,20.0,2665.15,2026-05-23T00:00:00
1212,6877,8895,1,2972.64,16.0,2497.02,2023-11-20T00:00:00
1213,193,8258,5,2218.07,24.0,8428.67,2025-03-24T00:00:00
1214,11602,13369,6,1616.45,9.0,8825.82,2024-09-11T00:00:00
1215,7599,8661,2,1242.12,9.0,2260.66,2024-10-02T00:00:00
1216,3572,8278,5,1985.91,0.0,9929.55,2023-07-01T00:00:00
1217,9928,10275,1,2237.94,17.0,1857.49,2026-03-25T00:00:00
1218,10637,12777,3,1849.55,30.0,3884.05,2025-05-21T00:00:00
1219,1137,9138,10,376.86,5.0,3580.17,2024-09-16T00:00:00
1220,1292,12757,10,389.9,24.0,2963.24,2025-05-27T00:00:00
1221,13434,9812,5,2766.85,8.0,12727.51,2024-11-11T00:00:00
1222,2918,5084,2,2233.99,7.0,4155.22,2026-04-14T00:00:00
1223,7680,6911,8,590.66,13.0,4110.99,2023-03-04T00:00:00
1224,11659,11660,4,456.36,14.0,1569.88,2025-06-02T00:00:00
1225,8961,10953,9,1573.14,28.0,10193.95,2024-01-02T00:00:00
1226,7859,14456,8,2278.96,10.0,16408.51,2026-06-01T00:00:00
1227,4611,3548,1,1198.69,19.0,970.94,2026-01-13T00:00:00
1228,3835,7337,7,2382.67,16.0,14010.1,2024-09-06T00:00:00
1229,567,4585,1,1024.68,18.0,840.24,2024-03-28T00:00:00
1230,6923,6481,6,321.77,17.0,1602.41,2024-12-08T00:00:00
1231,11618,10160,7,1133.57,22.0,6189.29,2025-06-15T00:00:00
1232,8554,3471,6,2139.83,4.0,12325.42,2024-09-14T00:00:00
1233,14961,8978,1,2674.29,27.0,1952.23,2023-10-13T00:00:00
1234,2936,5164,9,2480.92,29.0,15853.08,2024-01-13T00:00:00
1235,7666,5016,5,2840.98,17.0,11790.07,2025-06-30T00:00:00
1236,2180,6564,6,1289.03,25.0,5800.64,2026-04-18T00:00:00
1237,12440,1883,4,1721.49,20.0,5508.77,2023-04-09T00:00:00
1238,10726,7896,8,2696.02,2.0,21136.8,2025-05-09T00:00:00
1239,5720,3678,1,595.14,28.0,428.5,2024-07-26T00:00:00
1240,1248,7969,5,546.28,9.0,2485.57,2023-10-24T00:00:00
1241,2982,9746,5,1637.02,25.0,6138.83,2026-01-08T00:00:00
1242,2976,60,3,1282.88,14.0,3309.83,2023-08-14T00:00:00
1243,2151,569,9,2832.15,23.0,19626.8,2025-12-20T00:00:00
1244,3052,2592,7,2920.31,10.0,18397.95,2025-01-08T00:00:00
1245,630,2754,5,298.19,11.0,1326.95,2023-09-09T00:00:00
1246,248,2940,6,16.43,30.0,69.01,2025-04-25T00:00:00
1247,8391,2372,1,2892.14,20.0,2313.71,2023-11-20T00:00:00
1248,14636,11268,4,2573.05,6.0,9674.67,2024-07-01T00:00:00
1249,1990,5891,9,844.98,20.0,6083.86,2024-05-02T00:00:00
1250,10842,13121,1,2889.99,28.0,2080.79,2023-08-28T00:00:00
1251,5924,11192,1,677.17,23.0,521.42,2025-06-03T00:00:00
1252,1689,846,5,1538.96,10.0,6925.32,2025-05-21T00:00:00
1253,6121,6764,10,909.29,11.0,8092.68,2024-09-17T00:00:00
1254,1300,8601,2,1789.63,1.0,3543.47,2024-03-03T00:00:00
1255,787,1963,8,2942.83,4.0,22600.93,2023-09-10T00:00:00
1256,8725,9082,9,1555.01,17.0,11615.92,2024-04-05T00:00:00
1257,6768,8220,2,503.91,3.0,977.59,2025-03-17T00:00:00
1258,909,12806,10,2544.11,14.0,21879.35,2023-02-02T00:00:00
1259,11790,2955,9,2840.85,16.0,21476.83,2026-03-31T00:00:00
1260,10737,2773,5,467.14,23.0,1798.49,2026-03-06T00:00:00
1261,7530,11869,9,649.68,3.0,5671.71,2025-07-18T00:00:00
1262,6827,3168,5,750.91,15.0,3191.37,2023-04-15T00:00:00
1263,13350,359,5,2027.21,1.0,10034.69,2023-07-27T00:00:00
1264,2132,4821,6,1948.43,1.0,11573.67,2025-04-02T00:00:00
1265,5878,649,8,153.0,30.0,856.8,2025-11-09T00:00:00
1266,12050,8899,5,1092.8,10.0,4917.6,2023-08-12T00:00:00
1267,9163,14922,4,1405.2,19.0,4552.85,2023-09-28T00:00:00
1268,1991,5175,6,1823.54,0.0,10941.24,2023-10-04T00:00:00
1269,14657,7184,8,1498.38,29.0,8510.8,2023-04-11T00:00:00
1270,2528,14114,4,2888.79,26.0,8550.82,2023-07-20T00:00:00
1271,2682,10764,3,2120.45,14.0,5470.76,2026-05-19T00:00:00
1272,5864,8705,8,2010.57,7.0,14958.64,2023-07-02T00:00:00
1273,6792,12684,2,1250.83,12.0,2201.46,2025-02-05T00:00:00
1274,1562,13837,6,1011.62,13.0,5280.66,2024-06-27T00:00:00
1275,10205,609,10,1886.71,4.0,18112.42,2023-02-07T00:00:00
1276,2104,6817,5,1677.05,22.0,6540.49,2025-10-11T00:00:00
1277,8401,2102,6,2094.66,18.0,10305.73,2024-11-27T00:00:00
1278,7704,14531,2,976.07,19.0,1581.23,2023-04-12T00:00:00
1279,11701,6066,6,392.79,9.0,2144.63,2023-12-25T00:00:00
1280,3540,5277,9,211.54,23.0,1465.97,2025-07-02T00:00:00
1281,9805,13832,6,2491.17,14.0,12854.44,2024-06-24T00:00:00
1282,11682,6273,4,773.0,15.0,2628.2,2025-12-28T00:00:00
1283,4491,13668,4,1835.11,14.0,6312.78,2025-03-17T00:00:00
1284,1278,8951,2,1259.72,27.0,1839.19,2023-04-05T00:00:00
1285,10157,8148,3,1106.55,11.0,2954.49,2025-02-04T00:00:00
1286,422,4679,3,1924.62,6.0,5427.43,2023-12-08T00:00:00
1287,6514,9077,7,799.61,18.0,4589.76,2023-07-20T00:00:00
1288,8969,5816,10,650.47,27.0,4748.43,2024-04-27T00:00:00
1289,6301,1578,7,1400.18,2.0,9605.23,2025-03-23T00:00:00
1290,6070,731,9,922.02,3.0,8049.23,2025-08-12T00:00:00
1291,2946,3150,3,364.04,7.0,1015.67,2026-01-25T00:00:00
1292,5702,1137,2,2480.48,4.0,4762.52,2024-06-09T00:00:00
1293,11856,5447,8,199.23,8.0,1466.33,2024-01-28T00:00:00
1294,11972,13081,10,2910.14,3.0,28228.36,2024-04-29T00:00:00
1295,3267,6164,3,2457.8,6.0,6931.0,2024-11-15T00:00:00
1296,783,14943,8,1429.04,5.0,10860.7,2026-06-08T00:00:00
1297,8753,7088,5,393.99,15.0,1674.46,2025-04-02T00:00:00
1298,13054,6991,8,278.53,27.0,1626.62,2024-02-15T00:00:00
1299,7205,2387,10,330.47,0.0,3304.7,2026-03-27T00:00:00
1300,5085,9426,9,2316.79,4.0,20017.07,2023-01-04T00:00:00
1301,10527,9262,6,2779.38,27.0,12173.68,2025-10-02T00:00:00
1302,3272,6492,8,1865.04,4.0,14323.51,2024-05-13T00:00:00
1303,8045,1905,5,2014.67,22.0,7857.21,2024-07-04T00:00:00
1304,20,7272,6,1812.96,16.0,9137.32,2023-04-04T00:00:00
1305,14364,199,3,2330.51,30.0,4894.07,2025-06-15T00:00:00
1306,3478,12817,1,1869.7,10.0,1682.73,2024-06-14T00:00:00
1307,1309,1420,4,2085.82,26.0,6174.03,2025-10-20T00:00:00
1308,2973,7033,1,2854.22,27.0,2083.58,2026-05-22T00:00:00
1309,1663,13085,5,1064.01,10.0,4788.05,2025-05-21T00:00:00
1310,9804,13298,1,2656.37,17.0,2204.79,2024-05-27T00:00:00
1311,1008,14009,8,1639.75,24.0,9969.68,2023-12-26T00:00:00
1312,2312,448,3,1198.77,23.0,2769.16,2024-04-14T00:00:00
1313,7877,2225,6,2012.54,29.0,8573.42,2024-07-04T00:00:00
1314,7084,3721,3,2929.65,10.0,7910.06,2024-08-30T00:00:00
1315,2547,1294,6,1193.6,11.0,6373.82,2025-08-03T00:00:00
1316,7704,9483,4,981.05,10.0,3531.78,2023-04-13T00:00:00
1317,3856,7511,4,2337.66,1.0,9257.13,2025-07-01T00:00:00
1318,6150,11985,2,2016.63,20.0,3226.61,2024-11-03T00:00:00
1319,14176,2526,9,803.92,22.0,5643.52,2025-02-15T00:00:00
1320,14063,8287,9,1461.78,9.0,11971.98,2023-11-27T00:00:00
1321,8620,7689,8,2622.7,29.0,14896.94,2025-04-05T00:00:00
1322,2496,10302,8,624.29,5.0,4744.6,2024-11-09T00:00:00
1323,12675,4931,8,688.86,4.0,5290.44,2025-12-18T00:00:00
1324,9051,13939,7,2425.1,6.0,15957.16,2025-09-27T00:00:00
1325,6588,8868,10,2955.76,16.0,24828.38,2024-09-15T00:00:00
1326,9295,6382,10,1268.65,21.0,10022.34,2023-12-22T00:00:00
1327,10790,2060,10,81.24,23.0,625.55,2025-11-16T00:00:00
1328,3836,7576,3,1989.54,27.0,4357.09,2025-04-09T00:00:00
1329,11787,7991,6,261.76,18.0,1287.86,2024-08-24T00:00:00
1330,4471,5734,7,867.65,18.0,4980.31,2025-02-22T00:00:00
1331,176,746,9,2252.52,9.0,18448.14,2023-11-15T00:00:00
1332,1144,8641,2,115.1,22.0,179.56,2026-04-26T00:00:00
1333,14192,11326,4,435.78,15.0,1481.65,2024-07-03T00:00:00
1334,4785,11368,5,2965.4,0.0,14827.0,2023-09-02T00:00:00
1335,3661,14857,6,1435.78,17.0,7150.18,2024-10-04T00:00:00
1336,6161,6702,6,463.78,4.0,2671.37,2025-03-20T00:00:00
1337,4170,8649,8,1790.04,14.0,12315.48,2024-04-15T00:00:00
1338,7167,6333,8,1572.47,30.0,8805.83,2023-12-14T00:00:00
1339,3630,11083,7,1652.59,29.0,8213.37,2024-02-20T00:00:00
1340,14558,3412,2,2900.96,27.0,4235.4,2023-03-06T00:00:00
1341,14268,7804,1,120.38,9.0,109.55,2023-06-13T00:00:00
1342,14578,8111,3,2854.11,4.0,8219.84,2023-08-27T00:00:00
1343,5764,7955,4,2369.57,6.0,8909.58,2024-07-29T00:00:00
1344,7031,4061,7,737.88,7.0,4803.6,2025-02-25T00:00:00
1345,6708,332,7,49.59,17.0,288.12,2024-07-26T00:00:00
1346,12416,12189,6,2530.1,2.0,14876.99,2024-09-23T00:00:00
1347,8452,11417,8,952.11,10.0,6855.19,2023-07-09T00:00:00
1348,11004,6765,6,2176.94,15.0,11102.39,2024-08-07T00:00:00
1349,1147,6824,4,2577.61,2.0,10104.23,2023-08-01T00:00:00
1350,13318,13408,3,2032.34,2.0,5975.08,2025-04-16T00:00:00
1351,5389,2919,1,1968.74,21.0,1555.3,2024-08-24T00:00:00
1352,7747,860,1,947.04,2.0,928.1,2026-03-28T00:00:00
1353,12133,2320,10,2580.87,4.0,24776.35,2025-12-27T00:00:00
1354,5832,11857,2,744.42,16.0,1250.63,2024-01-16T00:00:00
1355,11347,307,10,1539.74,12.0,13549.71,2024-01-04T00:00:00
1356,10147,5746,5,1198.25,23.0,4613.26,2023-08-29T00:00:00
1357,6012,1164,1,1243.21,25.0,932.41,2025-04-18T00:00:00
1358,14767,10223,7,1496.84,13.0,9115.76,2025-08-21T00:00:00
1359,326,10707,4,2708.11,17.0,8990.93,2023-07-28T00:00:00
1360,11693,2907,10,2101.23,1.0,20802.18,2023-10-02T00:00:00
1361,3340,1178,1,280.2,11.0,249.38,2023-10-22T00:00:00
1362,933,7262,10,374.78,17.0,3110.67,2026-03-03T00:00:00
1363,10464,5042,8,1051.44,13.0,7318.02,2026-03-29T00:00:00
1364,6396,6651,2,2246.27,19.0,3638.96,2023-09-30T00:00:00
1365,6057,7433,7,489.3,20.0,2740.08,2026-05-31T00:00:00
1366,14636,12445,10,297.74,26.0,2203.28,2024-07-12T00:00:00
1367,7193,2677,2,1797.33,15.0,3055.46,2023-01-01T00:00:00
1368,2027,6887,3,1511.49,10.0,4081.02,2024-11-24T00:00:00
1369,12483,14376,5,1161.77,29.0,4124.28,2025-09-28T00:00:00
1370,2621,13864,5,1575.99,17.0,6540.36,2025-07-06T00:00:00
1371,294,4665,8,2098.12,27.0,12253.02,2026-02-01T00:00:00
1372,12027,3673,5,109.92,6.0,516.62,2025-06-23T00:00:00
1373,8888,4835,7,565.31,11.0,3521.88,2024-02-19T00:00:00
1374,4019,12734,1,26.97,22.0,21.04,2025-05-15T00:00:00
1375,12377,2525,8,264.97,11.0,1886.59,2026-06-06T00:00:00
1376,9480,5082,2,598.45,19.0,969.49,2024-01-18T00:00:00
1377,11289,14084,1,99.29,20.0,79.43,2024-06-13T00:00:00
1378,1444,9661,8,504.89,25.0,3029.34,2024-05-20T00:00:00
1379,1275,9539,3,350.4,15.0,893.52,2025-11-23T00:00:00
1380,11521,6395,1,370.09,10.0,333.08,2026-04-18T00:00:00
1381,7934,5499,5,2327.93,14.0,10010.1,2025-05-31T00:00:00
1382,3849,8964,7,378.82,3.0,2572.19,2025-01-19T00:00:00
1383,13097,395,10,2079.24,9.0,18921.08,2023-06-19T00:00:00
1384,7915,759,6,581.77,12.0,3071.75,2025-11-21T00:00:00
1385,5031,1381,4,1742.78,10.0,6274.01,2026-01-09T00:00:00
1386,5685,1072,8,759.02,8.0,5586.39,2026-05-14T00:00:00
1387,7021,4431,4,1107.68,1.0,4386.41,2024-06-22T00:00:00
1388,11188,8210,3,2734.27,4.0,7874.7,2025-02-15T00:00:00
1389,12972,8370,5,2017.31,30.0,7060.58,2023-11-15T00:00:00
1390,14612,8688,9,364.73,30.0,2297.8,2026-05-06T00:00:00
1391,11699,10913,4,843.53,24.0,2564.33,2023-02-04T00:00:00
1392,7542,14611,10,307.9,13.0,2678.73,2026-02-18T00:00:00
1393,7598,11854,6,119.56,18.0,588.24,2024-05-07T00:00:00
1394,12162,3457,3,2386.8,20.0,5728.32,2026-04-30T00:00:00
1395,8063,10412,3,2450.59,12.0,6469.56,2025-02-08T00:00:00
1396,14356,4600,6,1028.26,21.0,4873.95,2024-09-30T00:00:00
1397,9007,7907,6,1029.61,0.0,6177.66,2024-03-18T00:00:00
1398,7209,1122,10,2761.99,5.0,26238.9,2024-10-19T00:00:00
1399,11286,1677,4,239.54,30.0,670.71,2023-06-19T00:00:00
1400,2256,8747,9,1120.25,5.0,9578.14,2023-01-19T00:00:00
1401,11814,11688,10,2896.47,24.0,22013.17,2023-07-05T00:00:00
1402,13077,14599,10,41.8,7.0,388.74,2023-01-16T00:00:00
1403,4984,9228,6,1817.93,5.0,10362.2,2023-01-14T00:00:00
1404,7515,3376,2,1563.31,1.0,3095.35,2023-04-29T00:00:00
1405,8793,14148,2,1171.33,13.0,2038.11,2023-04-30T00:00:00
1406,7185,12808,4,2008.69,2.0,7874.06,2023-07-27T00:00:00
1407,2865,7936,2,1879.73,9.0,3421.11,2023-07-17T00:00:00
1408,257,2804,9,1663.44,27.0,10928.8,2024-09-25T00:00:00
1409,9799,6956,7,117.64,19.0,667.02,2024-09-03T00:00:00
1410,10835,8358,5,2886.67,17.0,11979.68,2024-07-01T00:00:00
1411,10846,6361,3,2779.99,20.0,6671.98,2023-06-21T00:00:00
1412,8486,12907,8,400.83,1.0,3174.57,2025-01-28T00:00:00
1413,3487,1316,10,283.87,5.0,2696.76,2023-03-30T00:00:00
1414,845,5126,2,1523.66,11.0,2712.11,2023-07-09T00:00:00
1415,6162,5290,8,550.25,29.0,3125.42,2024-05-26T00:00:00
1416,13382,2185,8,311.11,17.0,2065.77,2023-01-01T00:00:00
1417,5819,13509,8,1980.98,27.0,11568.92,2023-02-01T00:00:00
1418,641,12122,9,1803.28,20.0,12983.62,2024-03-01T00:00:00
1419,14792,12136,1,1957.1,3.0,1898.39,2024-11-29T00:00:00
1420,630,7691,8,2534.64,27.0,14802.3,2024-05-14T00:00:00
1421,14403,2564,4,1737.86,7.0,6464.84,2026-01-15T00:00:00
1422,1766,3823,10,2516.67,11.0,22398.36,2026-05-29T00:00:00
1423,5501,6857,2,141.82,26.0,209.89,2025-04-30T00:00:00
1424,13990,11065,5,361.81,21.0,1429.15,2024-04-09T00:00:00
1425,12475,10852,2,1579.55,17.0,2622.05,2023-01-31T00:00:00
1426,10321,3001,9,1393.26,4.0,12037.77,2026-03-02T00:00:00
1427,10499,12923,9,2350.35,17.0,17557.11,2024-10-14T00:00:00
1428,10354,5088,3,473.91,16.0,1194.25,2025-05-03T00:00:00
1429,1770,13406,5,862.88,20.0,3451.52,2024-12-30T00:00:00
1430,2633,12238,8,2441.89,19.0,15823.45,2023-01-02T00:00:00
1431,12693,9782,5,2391.5,19.0,9685.58,2024-05-09T00:00:00
1432,12237,14852,1,230.97,11.0,205.56,2023-09-06T00:00:00
1433,8023,4491,1,2664.65,24.0,2025.13,2024-08-02T00:00:00
1434,10315,2870,9,2490.81,17.0,18606.35,2024-03-18T00:00:00
1435,11975,8081,9,1525.64,19.0,11121.92,2026-02-18T00:00:00
1436,8153,5315,5,2494.13,5.0,11847.12,2026-01-19T00:00:00
1437,13200,2978,6,1493.12,13.0,7794.09,2024-04-02T00:00:00
1438,1845,2860,7,1679.24,23.0,9051.1,2024-04-08T00:00:00
1439,5048,9169,10,2142.67,18.0,17569.89,2025-09-22T00:00:00
1440,6479,10585,4,2054.08,11.0,7312.52,2024-10-07T00:00:00
1441,12148,13490,10,919.67,18.0,7541.29,2025-12-30T00:00:00
1442,13325,10298,8,1730.51,3.0,13428.76,2024-02-09T00:00:00
1443,6517,4293,8,2684.54,19.0,17395.82,2026-01-07T00:00:00
1444,649,4667,4,1845.84,2.0,7235.69,2023-04-21T00:00:00
1445,11031,8793,1,2785.51,8.0,2562.67,2023-12-27T00:00:00
1446,7432,9399,6,1434.28,14.0,7400.88,2023-07-02T00:00:00
1447,9582,14822,10,262.49,12.0,2309.91,2024-02-15T00:00:00
1448,14606,7718,7,249.05,13.0,1516.71,2025-04-12T00:00:00
1449,1245,9734,3,2591.45,3.0,7541.12,2024-09-30T00:00:00
1450,12747,5133,10,2055.75,13.0,17885.03,2025-01-18T00:00:00
1451,170,11569,7,528.48,28.0,2663.54,2026-04-07T00:00:00
1452,4239,14014,1,2203.95,24.0,1675.0,2024-06-14T00:00:00
1453,9666,12764,10,1387.22,30.0,9710.54,2023-05-14T00:00:00
1454,700,5527,7,388.68,27.0,1986.15,2024-12-07T00:00:00
1455,3937,972,6,2993.92,7.0,16706.07,2023-07-16T00:00:00
1456,12690,9471,9,1810.6,7.0,15154.72,2024-01-11T00:00:00
1457,1573,7645,1,2293.49,10.0,2064.14,2026-01-18T00:00:00
1458,9337,747,5,386.49,20.0,1545.96,2025-02-13T00:00:00
1459,6478,705,8,2023.25,1.0,16024.14,2023-08-17T00:00:00
1460,14420,14715,1,2448.48,25.0,1836.36,2023-10-05T00:00:00
1461,5797,8439,3,318.57,1.0,946.15,2026-03-02T00:00:00
1462,7215,8954,6,2274.07,30.0,9551.09,2024-10-18T00:00:00
1463,5135,4447,7,66.9,17.0,388.69,2025-04-21T00:00:00
1464,4646,620,3,1021.35,17.0,2543.16,2025-06-30T00:00:00
1465,12863,10133,7,763.62,19.0,4329.73,2024-04-04T00:00:00
1466,2802,10420,2,1844.88,2.0,3615.96,2024-09-01T00:00:00
1467,14980,1108,8,731.13,14.0,5030.17,2023-07-03T00:00:00
1468,269,3194,5,1081.09,30.0,3783.81,2025-12-08T00:00:00
1469,5222,7282,2,1439.37,20.0,2302.99,2025-09-15T00:00:00
1470,1903,2326,5,2917.84,11.0,12984.39,2024-10-10T00:00:00
1471,2292,6736,10,481.15,7.0,4474.69,2025-10-11T00:00:00
1472,11252,3431,5,993.82,30.0,3478.37,2023-07-19T00:00:00
1473,6507,12586,4,726.79,16.0,2442.01,2024-03-16T00:00:00
1474,3694,9175,8,545.33,7.0,4057.26,2023-01-21T00:00:00
1475,14791,9897,5,2820.54,14.0,12128.32,2023-08-17T00:00:00
1476,13833,4482,6,1225.97,30.0,5149.07,2025-04-04T00:00:00
1477,9196,7667,4,1023.38,12.0,3602.3,2023-12-07T00:00:00
1478,4090,11025,8,318.25,1.0,2520.54,2025-09-28T00:00:00
1479,13881,11343,3,2764.31,16.0,6966.06,2023-09-01T00:00:00
1480,8596,12526,1,1877.31,11.0,1670.81,2024-12-05T00:00:00
1481,1217,4873,1,2870.18,22.0,2238.74,2025-05-12T00:00:00
1482,11101,6997,9,2266.28,2.0,19988.59,2024-03-09T00:00:00
1483,1186,8348,10,2778.64,25.0,20839.8,2023-02-23T00:00:00
1484,2037,770,6,2462.11,28.0,10636.32,2024-08-28T00:00:00
1485,8095,14154,5,939.0,2.0,4601.1,2026-01-12T00:00:00
1486,14613,13192,10,1534.0,12.0,13499.2,2025-09-08T00:00:00
1487,12936,8033,4,2866.65,30.0,8026.62,2025-10-02T00:00:00
1488,1955,8271,9,694.72,28.0,4501.79,2026-02-16T00:00:00
1489,7022,3068,8,51.77,26.0,306.48,2024-09-22T00:00:00
1490,14705,10863,7,1179.04,9.0,7510.48,2025-09-26T00:00:00
1491,8457,1859,4,882.67,18.0,2895.16,2023-07-26T00:00:00
1492,383,11893,10,2089.67,13.0,18180.13,2024-08-14T00:00:00
1493,6624,1164,6,647.77,1.0,3847.75,2024-02-21T00:00:00
1494,7128,10391,4,620.19,11.0,2207.88,2023-07-09T00:00:00
1495,14605,7586,7,1948.73,30.0,9548.78,2023-05-28T00:00:00
1496,220,12963,3,1466.38,15.0,3739.27,2025-09-07T00:00:00
1497,3476,14706,7,1262.57,2.0,8661.23,2026-05-21T00:00:00
1498,13967,4993,8,966.51,18.0,6340.31,2025-09-19T00:00:00
1499,10520,4768,1,1089.77,9.0,991.69,2024-09-01T00:00:00
1500,10731,2790,4,959.35,18.0,3146.67,2023-03-16T00:00:00
1501,5905,1171,4,1058.38,14.0,3640.83,2025-01-19T00:00:00
1502,2847,5859,8,802.39,10.0,5777.21,2026-01-05T00:00:00
1503,6313,708,9,221.69,0.0,1995.21,2026-05-31T00:00:00
1504,9814,8990,5,713.71,25.0,2676.41,2025-02-25T00:00:00
1505,13590,9620,10,2188.59,21.0,17289.86,2024-09-06T00:00:00
1506,5014,7336,9,1498.28,16.0,11327.0,2026-03-05T00:00:00
1507,5598,9469,9,1960.1,19.0,14289.13,2025-11-03T00:00:00
1508,1104,5975,9,1698.28,5.0,14520.29,2024-07-24T00:00:00
1509,12450,10776,6,1700.59,17.0,8468.94,2024-11-20T00:00:00
1510,1029,3,3,2064.61,27.0,4521.5,2023-09-13T00:00:00
1511,13050,6373,8,925.18,6.0,6957.35,2025-12-08T00:00:00
1512,14330,10758,2,1332.11,28.0,1918.24,2025-01-26T00:00:00
1513,2768,5687,3,2113.54,17.0,5262.71,2024-05-18T00:00:00
1514,38,2688,2,1138.51,28.0,1639.45,2025-01-22T00:00:00
1515,12292,1264,9,539.15,9.0,4415.64,2024-07-11T00:00:00
1516,14535,8004,3,929.81,5.0,2649.96,2024-03-26T00:00:00
1517,13625,3890,9,1763.8,16.0,13334.33,2023-04-10T00:00:00
1518,1081,2977,6,1349.28,18.0,6638.46,2025-05-15T00:00:00
1519,14965,11563,5,1092.0,1.0,5405.4,2024-05-17T00:00:00
1520,12728,5455,2,1223.96,20.0,1958.34,2023-06-14T00:00:00
1521,10045,5069,9,1650.63,10.0,13370.1,2025-07-29T00:00:00
1522,9036,1782,1,1483.68,12.0,1305.64,2023-09-09T00:00:00
1523,3056,7649,3,2368.55,19.0,5755.58,2024-05-10T00:00:00
1524,13734,12906,4,1056.01,8.0,3886.12,2026-04-11T00:00:00
1525,9911,6166,8,2052.46,4.0,15762.89,2023-07-08T00:00:00
1526,12906,4915,8,1008.65,21.0,6374.67,2025-12-14T00:00:00
1527,2225,14606,6,2997.28,19.0,14566.78,2023-04-27T00:00:00
1528,1570,1041,10,442.37,7.0,4114.04,2025-01-25T00:00:00
1529,8766,11190,2,756.46,8.0,1391.89,2024-10-05T00:00:00
1530,10080,6499,1,993.44,15.0,844.42,2026-03-27T00:00:00
1531,5406,11037,4,1104.58,22.0,3446.29,2024-07-10T00:00:00
1532,4547,11877,4,814.03,14.0,2800.26,2025-08-19T00:00:00
1533,11337,7369,10,703.69,3.0,6825.79,2024-04-01T00:00:00
1534,1596,11946,3,2150.6,4.0,6193.73,2025-01-15T00:00:00
1535,10654,13606,10,215.32,3.0,2088.6,2024-11-07T00:00:00
1536,8976,14335,8,864.38,12.0,6085.24,2026-01-04T00:00:00
1537,10064,10683,8,606.73,15.0,4125.76,2025-06-01T00:00:00
1538,5956,6308,1,2387.59,7.0,2220.46,2023-11-13T00:00:00
1539,14430,3048,6,946.34,24.0,4315.31,2025-10-20T00:00:00
1540,1359,6597,9,1522.92,4.0,13158.03,2025-04-26T00:00:00
1541,6958,5800,3,1450.84,30.0,3046.76,2024-11-02T00:00:00
1542,7662,3307,8,2895.48,22.0,18067.8,2025-06-15T00:00:00
1543,7323,8206,4,2164.99,21.0,6841.37,2024-07-13T00:00:00
1544,10645,10863,10,1033.17,3.0,10021.75,2025-04-07T00:00:00
1545,2398,7222,3,480.14,21.0,1137.93,2024-03-14T00:00:00
1546,9021,11285,5,1017.39,20.0,4069.56,2023-07-03T00:00:00
1547,3818,5002,9,2871.4,6.0,24292.04,2023-12-21T00:00:00
1548,11930,1350,8,2693.06,23.0,16589.25,2025-02-02T00:00:00
1549,959,4860,2,1139.37,15.0,1936.93,2026-01-18T00:00:00
1550,8408,193,10,1407.8,27.0,10276.94,2025-01-18T00:00:00
1551,3792,4152,6,290.08,24.0,1322.76,2026-01-11T00:00:00
1552,13298,12916,6,886.18,18.0,4360.01,2024-09-15T00:00:00
1553,214,8665,9,1174.84,12.0,9304.73,2025-11-21T00:00:00
1554,12768,14635,6,1661.62,2.0,9770.33,2025-11-03T00:00:00
1555,909,9532,2,2451.86,21.0,3873.94,2025-05-21T00:00:00
1556,12330,13016,9,924.65,3.0,8072.19,2023-09-04T00:00:00
1557,1037,7465,2,2461.18,7.0,4577.79,2023-04-17T00:00:00
1558,7670,2481,4,2182.65,5.0,8294.07,2023-04-04T00:00:00
1559,12618,13673,2,1548.34,1.0,3065.71,2025-01-27T00:00:00
1560,2878,12486,3,690.76,29.0,1471.32,2025-05-01T00:00:00
1561,662,5873,1,842.78,5.0,800.64,2025-11-14T00:00:00
1562,127,3911,3,2102.19,29.0,4477.66,2024-09-17T00:00:00
1563,4071,5206,5,1848.22,2.0,9056.28,2024-03-20T00:00:00
1564,9894,10440,3,1560.95,5.0,4448.71,2023-03-22T00:00:00
1565,14930,626,8,1104.64,15.0,7511.55,2023-02-06T00:00:00
1566,10280,10400,10,2891.77,29.0,20531.57,2023-01-15T00:00:00
1567,2076,127,9,472.76,21.0,3361.32,2025-10-25T00:00:00
1568,5493,13482,5,344.8,2.0,1689.52,2025-12-13T00:00:00
1569,13163,1986,3,1501.43,29.0,3198.05,2026-05-06T00:00:00
1570,518,8364,5,1826.95,20.0,7307.8,2025-03-17T00:00:00
1571,6677,14436,8,780.5,6.0,5869.36,2023-02-10T00:00:00
1572,6259,1876,4,251.55,21.0,794.9,2025-01-02T00:00:00
1573,6997,1113,4,2237.85,4.0,8593.34,2025-07-14T00:00:00
1574,5929,1758,3,58.29,17.0,145.14,2023-04-05T00:00:00
1575,8212,6737,10,1972.98,24.0,14994.65,2024-04-15T00:00:00
1576,14082,6868,7,2872.98,25.0,15083.15,2026-04-02T00:00:00
1577,3438,1761,4,1035.04,2.0,4057.36,2025-04-12T00:00:00
1578,11674,3141,8,78.63,2.0,616.46,2026-02-18T00:00:00
1579,5319,14439,1,2708.69,24.0,2058.6,2026-05-24T00:00:00
1580,10768,478,9,878.99,11.0,7040.71,2024-08-28T00:00:00
1581,749,10994,10,900.9,30.0,6306.3,2023-02-17T00:00:00
1582,10997,3531,9,1252.21,22.0,8790.51,2024-07-04T00:00:00
1583,1465,10512,3,2188.08,24.0,4988.82,2024-08-26T00:00:00
1584,6603,4004,5,2336.25,29.0,8293.69,2025-07-04T00:00:00
1585,7042,11719,8,2208.89,22.0,13783.47,2025-12-21T00:00:00
1586,2664,5895,4,1127.15,26.0,3336.36,2025-09-07T00:00:00
1587,6187,8434,7,1050.85,23.0,5664.08,2024-05-19T00:00:00
1588,11361,298,5,720.95,1.0,3568.7,2024-04-22T00:00:00
1589,12858,14582,8,278.92,29.0,1584.27,2025-10-24T00:00:00
1590,10916,14132,7,1509.46,10.0,9509.6,2025-04-12T00:00:00
1591,12878,12826,9,1224.23,2.0,10797.71,2025-06-05T00:00:00
1592,10155,1875,4,2967.29,26.0,8783.18,2025-11-04T00:00:00
1593,14636,5029,4,1754.49,5.0,6667.06,2024-09-26T00:00:00
1594,11354,3964,6,1938.25,28.0,8373.24,2025-04-03T00:00:00
1595,4668,3790,2,1150.54,16.0,1932.91,2023-10-19T00:00:00
1596,13204,2768,4,1701.76,1.0,6738.97,2024-08-01T00:00:00
1597,14369,13881,7,2989.83,6.0,19673.08,2024-05-25T00:00:00
1598,7191,3265,2,287.14,16.0,482.4,2024-02-08T00:00:00
1599,10292,11003,2,2920.85,27.0,4264.44,2024-11-17T00:00:00
1600,11125,13425,4,2678.66,26.0,7928.83,2025-01-21T00:00:00
1601,8736,5940,6,828.26,28.0,3578.08,2023-07-28T00:00:00
1602,9587,6898,4,264.64,22.0,825.68,2025-06-18T00:00:00
1603,10740,1603,4,2886.82,21.0,9122.35,2026-01-26T00:00:00
1604,2620,13568,9,1994.44,14.0,15436.97,2023-12-28T00:00:00
1605,14455,3132,4,72.07,15.0,245.04,2023-01-04T00:00:00
1606,8923,14737,9,2115.74,9.0,17327.91,2025-07-19T00:00:00
1607,12747,12466,3,649.87,19.0,1579.18,2024-07-19T00:00:00
1608,14748,9073,9,523.63,11.0,4194.28,2025-03-24T00:00:00
1609,3160,14439,1,2249.62,19.0,1822.19,2026-04-22T00:00:00
1610,2402,8993,1,2054.14,27.0,1499.52,2025-10-25T00:00:00
1611,1413,2675,2,1433.74,1.0,2838.81,2024-10-21T00:00:00
1612,6306,13271,10,1908.17,1.0,18890.88,2024-03-26T00:00:00
1613,10216,5037,9,523.11,14.0,4048.87,2024-02-18T00:00:00
1614,4990,10269,9,1106.42,24.0,7567.91,2024-02-20T00:00:00
1615,8200,10940,7,2085.02,4.0,14011.33,2024-08-09T00:00:00
1616,3424,3816,1,1608.71,3.0,1560.45,2024-01-06T00:00:00
1617,9143,8541,3,1080.13,24.0,2462.7,2024-01-09T00:00:00
1618,4718,11274,7,1639.42,0.0,11475.94,2025-09-02T00:00:00
1619,9201,4959,2,418.23,29.0,593.89,2024-11-03T00:00:00
1620,5168,9784,2,1822.7,12.0,3207.95,2024-07-09T00:00:00
1621,14733,5809,2,2036.99,12.0,3585.1,2024-05-17T00:00:00
1622,1945,10380,10,1839.79,15.0,15638.22,2025-09-23T00:00:00
1623,13968,11374,7,2388.67,17.0,13878.17,2026-01-25T00:00:00
1624,2019,13501,9,283.97,21.0,2019.03,2023-06-28T00:00:00
1625,1200,5685,5,2322.55,9.0,10567.6,2023-02-19T00:00:00
1626,1087,12159,4,2381.89,30.0,6669.29,2024-07-07T00:00:00
1627,5661,11195,3,289.46,29.0,616.55,2024-04-05T00:00:00
1628,1508,3755,6,995.33,1.0,5912.26,2024-03-19T00:00:00
1629,14487,13628,3,1655.17,10.0,4468.96,2025-04-06T00:00:00
1630,10210,11467,10,958.59,29.0,6805.99,2026-02-27T00:00:00
1631,13554,3385,2,2387.62,25.0,3581.43,2025-11-01T00:00:00
1632,3477,4911,3,605.05,9.0,1651.79,2023-03-11T00:00:00
1633,3454,9543,4,2311.25,23.0,7118.65,2025-07-04T00:00:00
1634,12675,4124,1,2003.36,15.0,1702.86,2023-08-15T00:00:00
1635,1089,9292,7,1937.64,24.0,10308.24,2023-06-03T00:00:00
1636,2177,3724,5,716.64,16.0,3009.89,2024-12-09T00:00:00
1637,2761,3106,9,1227.13,24.0,8393.57,2023-12-04T00:00:00
1638,5487,10137,8,1104.34,16.0,7421.16,2026-03-17T00:00:00
1639,2768,13678,6,2273.74,21.0,10777.53,2025-12-17T00:00:00
1640,14157,12112,7,1050.57,9.0,6692.13,2023-01-26T00:00:00
1641,1434,3168,3,96.03,9.0,262.16,2023-12-18T00:00:00
1642,9781,2451,9,1649.92,0.0,14849.28,2024-04-13T00:00:00
1643,6482,2590,2,877.38,16.0,1474.0,2025-09-01T00:00:00
1644,8921,14929,1,2323.23,1.0,2300.0,2023-03-16T00:00:00
1645,3061,7269,1,1676.95,11.0,1492.49,2025-11-20T00:00:00
1646,6431,5416,1,2409.41,21.0,1903.43,2023-05-26T00:00:00
1647,12125,10121,6,2438.76,13.0,12730.33,2023-09-29T00:00:00
1648,7733,13894,3,2329.85,28.0,5032.48,2023-09-17T00:00:00
1649,4215,8260,7,589.83,27.0,3014.03,2025-10-07T00:00:00
1650,13059,6274,6,1582.21,27.0,6930.08,2025-05-05T00:00:00
1651,1695,10956,4,2417.86,15.0,8220.72,2023-02-26T00:00:00
1652,2201,12213,7,2503.87,10.0,15774.38,2025-09-27T00:00:00
1653,6972,9261,8,1008.29,17.0,6695.05,2024-03-31T00:00:00
1654,9053,14387,7,1748.43,28.0,8812.09,2025-07-02T00:00:00
1655,5829,6879,10,273.94,29.0,1944.97,2025-09-18T00:00:00
1656,2708,9102,2,1290.58,14.0,2219.8,2026-02-05T00:00:00
1657,222,13830,7,142.22,13.0,866.12,2023-01-12T00:00:00
1658,6966,1758,9,1263.44,25.0,8528.22,2023-06-25T00:00:00
1659,13503,2166,8,821.09,17.0,5452.04,2023-12-23T00:00:00
1660,9958,12413,2,2544.82,0.0,5089.64,2026-04-25T00:00:00
1661,48,9838,4,2453.14,14.0,8438.8,2024-06-12T00:00:00
1662,7788,1620,4,94.87,9.0,345.33,2024-05-02T00:00:00
1663,1844,6153,4,1427.42,21.0,4510.65,2025-04-23T00:00:00
1664,14494,1949,7,414.71,23.0,2235.29,2024-09-01T00:00:00
1665,6659,3808,6,1427.62,4.0,8223.09,2025-10-10T00:00:00
1666,3637,4671,4,1208.37,7.0,4495.14,2024-08-17T00:00:00
1667,13600,2888,10,1516.48,24.0,11525.25,2024-10-25T00:00:00
1668,9014,4751,4,209.41,9.0,762.25,2023-12-10T00:00:00
1669,1107,14646,10,2116.79,6.0,19897.83,2026-03-04T00:00:00
1670,10820,5263,10,1575.59,10.0,14180.31,2025-09-08T00:00:00
1671,8931,6773,8,1582.55,24.0,9621.9,2025-06-17T00:00:00
1672,13422,7844,6,105.43,17.0,525.04,2025-09-14T00:00:00
1673,1724,11500,1,957.95,7.0,890.89,2024-05-27T00:00:00
1674,14750,3066,2,37.1,2.0,72.72,2023-04-06T00:00:00
1675,12992,9940,3,1624.11,15.0,4141.48,2023-07-25T00:00:00
1676,11359,996,8,1507.97,5.0,11460.57,2024-11-24T00:00:00
1677,8265,12129,2,2916.78,21.0,4608.51,2025-11-09T00:00:00
1678,14023,5113,3,1540.65,5.0,4390.85,2024-06-22T00:00:00
1679,2134,9469,8,1813.43,17.0,12041.18,2025-05-26T00:00:00
1680,11879,14843,8,1416.83,15.0,9634.44,2023-07-31T00:00:00
1681,4515,12469,4,1704.03,12.0,5998.19,2025-09-27T00:00:00
1682,7615,3280,5,2404.48,15.0,10219.04,2025-08-13T00:00:00
1683,8005,9592,7,2141.97,28.0,10795.53,2025-02-03T00:00:00
1684,5881,14438,1,2042.13,4.0,1960.44,2025-04-15T00:00:00
1685,1310,12247,6,510.0,7.0,2845.8,2024-08-24T00:00:00
1686,1721,10233,5,1092.79,28.0,3934.04,2026-05-25T00:00:00
1687,14216,4251,8,1511.63,5.0,11488.39,2024-06-23T00:00:00
1688,5248,14295,5,1031.58,8.0,4745.27,2023-06-18T00:00:00
1689,4330,13902,5,1956.88,14.0,8414.58,2026-02-02T00:00:00
1690,2274,1165,3,805.72,5.0,2296.3,2024-02-15T00:00:00
1691,14246,1103,9,2799.37,21.0,19903.52,2023-10-25T00:00:00
1692,2695,1362,4,1182.35,8.0,4351.05,2025-03-26T00:00:00
1693,7186,12541,3,2698.57,8.0,7448.05,2023-09-17T00:00:00
1694,8508,896,4,2096.27,20.0,6708.06,2023-09-17T00:00:00
1695,5548,2794,5,589.83,19.0,2388.81,2025-01-26T00:00:00
1696,9197,11165,8,575.56,4.0,4420.3,2025-12-25T00:00:00
1697,11935,6767,8,134.05,19.0,868.64,2025-09-29T00:00:00
1698,5668,1871,4,2540.44,5.0,9653.67,2023-01-07T00:00:00
1699,3251,4253,5,1943.42,1.0,9619.93,2023-10-31T00:00:00
1700,2231,14170,1,1738.51,2.0,1703.74,2024-07-14T00:00:00
1701,1671,8008,5,1560.91,10.0,7024.1,2024-07-11T00:00:00
1702,14161,13372,4,2489.06,20.0,7964.99,2025-04-22T00:00:00
1703,5509,903,8,1655.5,12.0,11654.72,2026-02-03T00:00:00
1704,9561,1123,10,1540.49,29.0,10937.48,2023-02-25T00:00:00
1705,5973,11300,8,2984.59,28.0,17191.24,2023-12-03T00:00:00
1706,14728,2402,7,134.84,10.0,849.49,2026-01-23T00:00:00
1707,5984,7950,2,799.36,1.0,1582.73,2024-05-30T00:00:00
1708,13365,9890,9,2934.58,18.0,21657.2,2023-10-17T00:00:00
1709,1085,11810,5,1816.41,9.0,8264.67,2025-03-30T00:00:00
1710,8308,10847,3,1509.48,4.0,4347.3,2023-03-11T00:00:00
1711,3596,10981,4,2067.95,9.0,7527.34,2023-07-01T00:00:00
1712,560,5442,7,2751.57,7.0,17912.72,2024-11-30T00:00:00
1713,7791,11607,3,1228.93,25.0,2765.09,2026-04-19T00:00:00
1714,9460,4549,7,550.44,12.0,3390.71,2026-04-21T00:00:00
1715,14224,13548,7,2742.82,18.0,15743.79,2026-01-02T00:00:00
1716,5905,8943,3,831.33,15.0,2119.89,2024-07-20T00:00:00
1717,10188,13327,8,1542.48,13.0,10735.66,2025-12-30T00:00:00
1718,11833,8206,2,2315.44,20.0,3704.7,2025-08-08T00:00:00
1719,3794,9294,9,678.0,5.0,5796.9,2023-10-08T00:00:00
1720,13294,11804,8,451.71,13.0,3143.9,2024-12-31T00:00:00
1721,7205,7483,1,1614.13,4.0,1549.56,2023-04-12T00:00:00
1722,9799,14896,1,1531.42,5.0,1454.85,2023-03-12T00:00:00
1723,1915,14454,4,2617.66,9.0,9528.28,2026-05-24T00:00:00
1724,14824,5920,1,1099.29,27.0,802.48,2026-02-23T00:00:00
1725,14010,8379,10,1567.77,15.0,13326.05,2024-01-27T00:00:00
1726,306,2686,1,235.09,13.0,204.53,2025-08-03T00:00:00
1727,6489,392,1,1896.59,9.0,1725.9,2025-02-28T00:00:00
1728,7995,9570,7,1350.32,17.0,7845.36,2025-01-18T00:00:00
1729,7193,13022,4,2427.42,16.0,8156.13,2023-12-10T00:00:00
1730,8640,9198,5,1144.45,0.0,5722.25,2025-12-02T00:00:00
1731,13855,2658,3,2826.28,13.0,7376.59,2025-12-12T00:00:00
1732,12298,7568,10,2588.8,18.0,21228.16,2025-05-04T00:00:00
1733,10820,8386,6,1026.52,3.0,5974.35,2025-05-25T00:00:00
1734,3433,13744,4,2097.01,19.0,6794.31,2024-07-29T00:00:00
1735,7934,6330,6,1302.1,30.0,5468.82,2025-10-14T00:00:00
1736,2163,9802,1,1624.08,16.0,1364.23,2025-08-17T00:00:00
1737,992,9971,10,1205.3,17.0,10003.99,2025-09-19T00:00:00
1738,1898,7070,7,1043.19,17.0,6060.93,2023-10-24T00:00:00
1739,14570,8765,9,2226.18,3.0,19434.55,2023-10-17T00:00:00
1740,13779,5778,2,2337.37,11.0,4160.52,2024-05-09T00:00:00
1741,12056,8885,1,1159.2,22.0,904.18,2023-02-13T00:00:00
1742,2455,209,6,2258.03,27.0,9890.17,2026-01-04T00:00:00
1743,14316,3722,4,1017.67,29.0,2890.18,2024-02-23T00:00:00
1744,6614,953,8,938.93,2.0,7361.21,2024-04-05T00:00:00
1745,13657,5559,4,2748.75,27.0,8026.35,2024-01-08T00:00:00
1746,13622,6029,9,1078.4,1.0,9608.54,2024-08-02T00:00:00
1747,7922,9666,9,341.14,23.0,2364.1,2026-06-09T00:00:00
1748,1016,14631,7,1268.92,26.0,6573.01,2026-05-28T00:00:00
1749,12321,10005,4,2696.67,26.0,7982.14,2026-03-07T00:00:00
1750,13,800,10,1968.78,15.0,16734.63,2023-05-04T00:00:00
1751,13165,7701,6,1756.01,20.0,8428.85,2024-12-20T00:00:00
1752,9097,1575,6,970.05,10.0,5238.27,2026-03-29T00:00:00
1753,1302,1212,10,1161.34,28.0,8361.65,2024-08-17T00:00:00
1754,8253,910,10,714.69,1.0,7075.43,2025-08-15T00:00:00
1755,8531,12555,2,2992.33,9.0,5446.04,2026-03-01T00:00:00
1756,13521,5277,5,1447.31,21.0,5716.87,2025-07-20T00:00:00
1757,11116,11410,9,2586.48,29.0,16527.61,2023-07-06T00:00:00
1758,4876,3683,1,2494.42,29.0,1771.04,2023-11-28T00:00:00
1759,2531,8819,3,1487.52,20.0,3570.05,2023-05-02T00:00:00
1760,228,2165,1,1809.88,15.0,1538.4,2025-03-10T00:00:00
1761,11585,9575,5,2398.86,3.0,11634.47,2023-06-03T00:00:00
1762,1378,6208,6,1995.92,4.0,11496.5,2025-12-23T00:00:00
1763,7295,5868,4,836.01,17.0,2775.55,2024-03-31T00:00:00
1764,5182,6382,2,1941.91,16.0,3262.41,2023-07-09T00:00:00
1765,7957,11355,10,1495.31,2.0,14654.04,2025-11-22T00:00:00
1766,7992,12143,6,2462.73,11.0,13150.98,2023-11-15T00:00:00
1767,7648,9273,2,901.94,12.0,1587.41,2023-12-17T00:00:00
1768,12588,6470,3,1360.31,14.0,3509.6,2023-04-06T00:00:00
1769,13545,4552,10,2785.16,14.0,23952.38,2026-03-13T00:00:00
1770,4701,1991,6,1988.01,7.0,11093.1,2026-01-10T00:00:00
1771,8349,10292,10,2356.88,27.0,17205.22,2025-05-07T00:00:00
1772,3338,284,4,2744.72,30.0,7685.22,2024-05-06T00:00:00
1773,2994,6053,10,1274.23,24.0,9684.15,2024-09-23T00:00:00
1774,7343,504,1,1221.72,18.0,1001.81,2023-09-25T00:00:00
1775,7100,9185,7,41.82,14.0,251.76,2025-02-13T00:00:00
1776,9919,7481,3,1792.77,23.0,4141.3,2023-11-13T00:00:00
1777,7715,10652,3,1188.78,14.0,3067.05,2024-01-15T00:00:00
1778,13078,7494,9,1768.71,27.0,11620.42,2026-05-26T00:00:00
1779,3806,12174,4,904.56,9.0,3292.6,2026-02-11T00:00:00
1780,4092,4624,1,1545.49,19.0,1251.85,2026-05-12T00:00:00
1781,4097,668,5,2819.04,14.0,12121.87,2025-04-26T00:00:00
1782,8239,12206,10,1329.12,22.0,10367.14,2026-05-04T00:00:00
1783,2582,4225,7,2656.28,13.0,16176.75,2025-10-22T00:00:00
1784,7885,4451,5,1563.74,13.0,6802.27,2025-05-12T00:00:00
1785,9314,2851,10,2596.99,30.0,18178.93,2025-12-11T00:00:00
1786,6291,11908,2,329.53,27.0,481.11,2024-11-19T00:00:00
1787,250,13181,9,507.0,18.0,3741.66,2023-04-25T00:00:00
1788,11206,880,10,1257.78,10.0,11320.02,2023-02-04T00:00:00
1789,927,7862,9,530.19,1.0,4723.99,2024-11-12T00:00:00
1790,3655,11283,10,717.49,24.0,5452.92,2024-07-19T00:00:00
1791,3416,6053,6,2529.73,13.0,13205.19,2025-12-28T00:00:00
1792,5847,5773,8,2773.45,8.0,20412.59,2024-12-31T00:00:00
1793,395,8001,5,464.7,2.0,2277.03,2024-07-21T00:00:00
1794,13071,14845,5,804.79,12.0,3541.08,2026-05-03T00:00:00
1795,4622,11583,9,1135.92,26.0,7565.23,2025-01-21T00:00:00
1796,3211,6785,1,742.65,27.0,542.13,2025-08-28T00:00:00
1797,8379,14344,5,2588.4,13.0,11259.54,2023-12-30T00:00:00
1798,11636,1559,10,2545.2,5.0,24179.4,2024-01-18T00:00:00
1799,4979,12693,10,132.67,22.0,1034.83,2025-12-19T00:00:00
1800,13854,6192,1,2901.61,2.0,2843.58,2025-06-07T00:00:00
1801,2032,13772,4,2734.64,19.0,8860.23,2025-08-09T00:00:00
1802,12230,5638,7,1917.0,17.0,11137.77,2023-03-22T00:00:00
1803,12244,4449,10,549.62,7.0,5111.47,2025-02-15T00:00:00
1804,6134,5937,4,713.14,15.0,2424.68,2023-03-18T00:00:00
1805,1175,4829,10,1070.89,6.0,10066.37,2024-12-11T00:00:00
1806,2462,13202,10,1937.45,12.0,17049.56,2024-07-28T00:00:00
1807,6223,7614,4,2829.1,2.0,11090.07,2026-05-09T00:00:00
1808,6165,3336,10,1110.32,16.0,9326.69,2026-01-18T00:00:00
1809,824,9587,8,148.26,8.0,1091.19,2025-10-26T00:00:00
1810,13429,9201,6,1712.39,9.0,9349.65,2026-01-09T00:00:00
1811,5700,7379,8,2351.04,2.0,18432.15,2025-06-25T00:00:00
1812,11535,10048,2,862.52,24.0,1311.03,2025-06-09T00:00:00
1813,12669,5540,8,1978.94,29.0,11240.38,2024-12-17T00:00:00
1814,1589,2907,4,460.0,14.0,1582.4,2026-01-15T00:00:00
1815,6596,11614,1,247.97,24.0,188.46,2026-02-10T00:00:00
1816,12906,1949,6,2746.14,25.0,12357.63,2023-05-07T00:00:00
1817,14931,2292,6,2345.23,2.0,13789.95,2025-07-10T00:00:00
1818,11775,7643,2,1247.55,13.0,2170.74,2023-01-02T00:00:00
1819,3360,17,3,1671.14,0.0,5013.42,2025-08-14T00:00:00
1820,12600,9469,9,1383.97,5.0,11832.94,2026-03-05T00:00:00
1821,10489,579,5,1137.94,25.0,4267.28,2026-06-03T00:00:00
1822,3611,2889,7,827.5,1.0,5734.57,2023-04-27T00:00:00
1823,8849,11634,9,768.01,5.0,6566.49,2026-06-05T00:00:00
1824,6108,859,7,2898.27,30.0,14201.52,2024-07-10T00:00:00
1825,1394,5267,8,736.08,22.0,4593.14,2024-03-28T00:00:00
1826,6764,5001,4,1560.81,12.0,5494.05,2023-10-24T00:00:00
1827,905,5640,6,1806.85,13.0,9431.76,2023-11-19T00:00:00
1828,2651,1866,6,965.14,1.0,5732.93,2023-07-07T00:00:00
1829,287,4021,4,2779.99,1.0,11008.76,2026-03-28T00:00:00
1830,10648,2214,1,1002.64,5.0,952.51,2023-10-14T00:00:00
1831,9471,13154,8,2531.43,4.0,19441.38,2026-01-10T00:00:00
1832,10234,2233,4,2775.94,9.0,10104.42,2024-05-22T00:00:00
1833,7627,5049,6,1852.23,11.0,9890.91,2023-02-09T00:00:00
1834,1280,11624,9,1842.2,5.0,15750.81,2024-06-21T00:00:00
1835,12938,3985,6,2217.07,16.0,11174.03,2023-07-21T00:00:00
1836,14896,11447,8,1336.84,8.0,9839.14,2025-12-30T00:00:00
1837,2278,5835,6,505.71,27.0,2215.01,2023-09-21T00:00:00
1838,1610,10592,9,313.48,27.0,2059.56,2024-01-22T00:00:00
1839,8022,5437,10,2581.89,5.0,24527.95,2024-10-31T00:00:00
1840,253,4065,4,1942.96,18.0,6372.91,2024-03-21T00:00:00
1841,1655,11354,10,1673.39,2.0,16399.22,2024-04-25T00:00:00
1842,7592,10948,1,881.75,22.0,687.76,2025-10-21T00:00:00
1843,4214,2772,4,1291.26,27.0,3770.48,2025-10-24T00:00:00
1844,2626,3204,6,1035.45,9.0,5653.56,2023-10-09T00:00:00
1845,1798,3188,10,2762.74,18.0,22654.47,2025-08-11T00:00:00
1846,14811,275,5,1614.2,28.0,5811.12,2023-04-07T00:00:00
1847,2199,3862,9,2422.19,9.0,19837.74,2023-08-26T00:00:00
1848,13747,8009,1,250.36,4.0,240.35,2023-02-03T00:00:00
1849,515,11120,4,143.45,8.0,527.9,2026-05-19T00:00:00
1850,6166,3834,8,2922.06,22.0,18233.65,2025-03-15T00:00:00
1851,2864,13817,2,2006.73,27.0,2929.83,2026-01-12T00:00:00
1852,6944,1413,4,395.62,19.0,1281.81,2025-12-05T00:00:00
1853,11636,8600,7,1565.08,28.0,7888.0,2023-07-28T00:00:00
1854,2649,5926,5,2483.97,0.0,12419.85,2025-12-15T00:00:00
1855,13961,596,5,1832.84,23.0,7056.43,2024-01-22T00:00:00
1856,8721,11214,7,2148.04,25.0,11277.21,2025-01-04T00:00:00
1857,8612,3474,6,2666.23,10.0,14397.64,2023-02-03T00:00:00
1858,13883,3425,7,2057.77,8.0,13252.04,2025-03-31T00:00:00
1859,6261,8756,9,2925.41,14.0,22642.67,2025-02-07T00:00:00
1860,4612,7751,4,1842.22,24.0,5600.35,2025-01-18T00:00:00
1861,8709,5762,6,1440.08,7.0,8035.65,2026-02-09T00:00:00
1862,7801,2574,3,427.58,25.0,962.06,2025-11-08T00:00:00
1863,1051,217,8,1590.12,7.0,11830.49,2024-04-02T00:00:00
1864,11985,9570,1,490.94,10.0,441.85,2024-04-15T00:00:00
1865,13587,1986,3,2379.51,13.0,6210.52,2023-09-23T00:00:00
1866,11466,9644,5,1657.95,11.0,7377.88,2023-02-07T00:00:00
1867,10968,11043,3,2697.7,28.0,5827.03,2025-06-18T00:00:00
1868,254,6870,1,943.18,24.0,716.82,2023-10-22T00:00:00
1869,12648,9706,5,1903.34,5.0,9040.86,2023-05-04T00:00:00
1870,1832,2912,8,1732.97,20.0,11091.01,2025-09-01T00:00:00
1871,4136,3878,5,1262.72,15.0,5366.56,2025-12-24T00:00:00
1872,2592,151,8,508.19,24.0,3089.8,2025-08-13T00:00:00
1873,2788,9819,6,849.19,19.0,4127.06,2025-10-26T00:00:00
1874,1116,12538,5,2727.16,3.0,13226.73,2026-02-28T00:00:00
1875,11014,588,10,731.45,26.0,5412.73,2025-04-06T00:00:00
1876,8557,1451,6,448.1,18.0,2204.65,2026-05-19T00:00:00
1877,10633,14511,5,750.0,20.0,3000.0,2023-02-18T00:00:00
1878,1033,4033,2,2847.91,26.0,4214.91,2025-10-11T00:00:00
1879,10114,7817,10,709.86,24.0,5394.94,2026-02-15T00:00:00
1880,7655,2207,7,440.84,9.0,2808.15,2025-05-31T00:00:00
1881,13846,7857,5,264.89,3.0,1284.72,2025-05-29T00:00:00
1882,8061,5533,2,2168.41,9.0,3946.51,2024-09-28T00:00:00
1883,11561,14623,8,483.6,13.0,3365.86,2024-08-09T00:00:00
1884,11141,8446,4,2919.36,26.0,8641.31,2023-02-24T00:00:00
1885,3975,7941,2,2078.99,23.0,3201.64,2023-12-06T00:00:00
1886,3148,14400,9,939.64,29.0,6004.3,2026-01-28T00:00:00
1887,310,3906,3,1062.47,10.0,2868.67,2024-11-23T00:00:00
1888,11004,12934,9,1803.74,22.0,12662.25,2024-03-02T00:00:00
1889,4568,13213,4,308.11,10.0,1109.2,2023-09-01T00:00:00
1890,9096,2315,5,2602.82,23.0,10020.86,2024-01-01T00:00:00
1891,7408,5303,2,1960.91,19.0,3176.67,2026-05-19T00:00:00
1892,10120,5078,6,636.11,23.0,2938.83,2026-03-12T00:00:00
1893,13493,249,8,488.88,27.0,2855.06,2024-12-27T00:00:00
1894,12009,7343,7,1402.83,21.0,7757.65,2024-01-09T00:00:00
1895,12267,6606,4,1220.96,29.0,3467.53,2025-06-07T00:00:00
1896,5184,1348,7,344.78,4.0,2316.92,2024-05-01T00:00:00
1897,2058,1764,7,2744.13,23.0,14790.86,2025-10-20T00:00:00
1898,7962,13641,4,402.15,19.0,1302.97,2025-02-02T00:00:00
1899,11898,2108,9,2786.34,2.0,24575.52,2025-05-23T00:00:00
1900,2936,1733,3,2151.64,3.0,6261.27,2026-01-28T00:00:00
1901,12971,5010,6,2300.83,23.0,10629.83,2023-03-08T00:00:00
1902,5167,6610,1,1206.55,28.0,868.72,2023-11-04T00:00:00
1903,1162,7696,10,1260.04,17.0,10458.33,2025-01-01T00:00:00
1904,8782,13477,6,1427.0,2.0,8390.76,2026-03-16T00:00:00
1905,2943,10965,3,1897.47,18.0,4667.78,2025-11-25T00:00:00
1906,10898,1920,3,2369.62,4.0,6824.51,2023-02-28T00:00:00
1907,6318,9554,5,1594.87,28.0,5741.53,2023-03-29T00:00:00
1908,2535,648,6,2409.55,14.0,12433.28,2025-02-03T00:00:00
1909,5540,2699,10,599.78,12.0,5278.06,2023-12-26T00:00:00
1910,8965,2180,3,1436.17,11.0,3834.57,2025-09-21T00:00:00
1911,11073,10671,1,563.82,23.0,434.14,2025-01-22T00:00:00
1912,13254,12489,9,563.33,13.0,4410.87,2023-04-23T00:00:00
1913,111,13708,9,2369.28,1.0,21110.28,2023-02-27T00:00:00
1914,4601,11239,1,162.79,19.0,131.86,2026-02-25T00:00:00
1915,2116,9770,2,2557.05,27.0,3733.29,2024-09-18T00:00:00
1916,7839,14060,2,541.77,8.0,996.86,2023-08-28T00:00:00
1917,3012,383,3,2038.9,29.0,4342.86,2026-01-22T00:00:00
1918,10394,9104,9,1019.17,12.0,8071.83,2023-03-12T00:00:00
1919,7288,13307,3,1449.06,15.0,3695.1,2024-10-05T00:00:00
1920,8991,11841,2,2350.35,10.0,4230.63,2025-08-23T00:00:00
1921,10397,13399,6,107.98,20.0,518.3,2023-02-07T00:00:00
1922,5309,11399,5,284.03,3.0,1377.55,2024-01-03T00:00:00
1923,1991,3526,2,842.76,28.0,1213.57,2026-02-21T00:00:00
1924,709,5689,9,1943.48,29.0,12418.84,2025-06-25T00:00:00
1925,6300,3130,7,2226.45,7.0,14494.19,2025-02-11T00:00:00
1926,4751,5755,4,340.81,1.0,1349.61,2023-09-26T00:00:00
1927,688,7492,2,1107.47,19.0,1794.1,2025-06-05T00:00:00
1928,12073,11576,10,267.35,27.0,1951.65,2025-04-08T00:00:00
1929,14459,14669,8,2711.69,16.0,18222.56,2023-12-15T00:00:00
1930,6693,7505,8,122.12,17.0,810.88,2024-08-14T00:00:00
1931,1018,11738,2,1787.66,21.0,2824.5,2025-11-30T00:00:00
1932,14685,2501,2,2469.08,12.0,4345.58,2025-02-26T00:00:00
1933,7063,7533,3,2688.54,25.0,6049.22,2024-04-03T00:00:00
1934,1220,7960,2,1314.63,25.0,1971.95,2023-07-18T00:00:00
1935,14985,8458,4,745.87,15.0,2535.96,2024-03-10T00:00:00
1936,10335,2446,2,878.48,8.0,1616.4,2024-08-27T00:00:00
1937,1856,2693,1,1480.83,27.0,1081.01,2023-02-22T00:00:00
1938,3707,921,9,146.15,19.0,1065.43,2023-07-24T00:00:00
1939,83,11640,2,554.76,12.0,976.38,2026-04-01T00:00:00
1940,12128,1840,2,2242.76,14.0,3857.55,2023-03-16T00:00:00
1941,14362,4897,4,482.56,22.0,1505.59,2024-08-29T00:00:00
1942,14026,1455,10,2262.57,20.0,18100.56,2026-04-11T00:00:00
1943,5325,6993,10,2996.51,19.0,24271.73,2025-04-12T00:00:00
1944,10803,12325,8,1239.63,23.0,7636.12,2024-07-11T00:00:00
1945,8820,2117,10,818.22,13.0,7118.51,2023-09-16T00:00:00
1946,11362,13206,1,2499.16,20.0,1999.33,2025-07-20T00:00:00
1947,14660,10111,4,955.3,13.0,3324.44,2026-04-02T00:00:00
1948,12581,3951,3,2991.44,13.0,7807.66,2025-03-21T00:00:00
1949,5134,10605,9,1675.76,22.0,11763.84,2025-12-06T00:00:00
1950,449,13426,1,2578.74,9.0,2346.65,2023-05-13T00:00:00
1951,9325,5952,2,2342.05,29.0,3325.71,2024-10-07T00:00:00
1952,3711,1324,1,2532.45,27.0,1848.69,2025-09-16T00:00:00
1953,233,12766,7,103.66,27.0,529.7,2026-04-19T00:00:00
1954,13527,1328,3,991.6,19.0,2409.59,2024-08-20T00:00:00
1955,4523,10542,9,63.75,7.0,533.59,2024-12-25T00:00:00
1956,6407,5301,9,1885.33,11.0,15101.49,2024-10-01T00:00:00
1957,12005,11713,6,2124.91,22.0,9944.58,2024-05-19T00:00:00
1958,3790,48,6,2962.97,28.0,12800.03,2024-11-10T00:00:00
1959,7180,3064,7,2484.65,11.0,15479.37,2025-04-17T00:00:00
1960,1466,1870,3,798.06,1.0,2370.24,2024-01-31T00:00:00
1961,9008,5623,5,2742.66,24.0,10422.11,2023-07-02T00:00:00
1962,13284,2831,6,652.51,1.0,3875.91,2026-03-06T00:00:00
1963,10555,13792,7,2413.38,9.0,15373.23,2024-09-10T00:00:00
1964,2693,13829,6,2880.47,21.0,13653.43,2025-12-26T00:00:00
1965,5292,4320,9,1295.13,30.0,8159.32,2025-10-26T00:00:00
1966,13391,12497,1,2174.54,20.0,1739.63,2025-12-26T00:00:00
1967,9574,2808,2,2036.28,3.0,3950.38,2024-08-21T00:00:00
1968,928,13728,1,1440.71,29.0,1022.9,2023-10-21T00:00:00
1969,13175,853,7,1715.95,27.0,8768.5,2023-08-10T00:00:00
1970,8569,11109,7,770.16,23.0,4151.16,2024-03-08T00:00:00
1971,11365,6768,10,2733.54,5.0,25968.63,2023-03-17T00:00:00
1972,10182,2555,3,2414.64,2.0,7099.04,2025-12-21T00:00:00
1973,5035,6954,2,350.06,8.0,644.11,2023-01-09T00:00:00
1974,14823,12135,5,523.22,18.0,2145.2,2023-03-28T00:00:00
1975,13120,7387,4,2818.0,23.0,8679.44,2023-08-24T00:00:00
1976,1814,10283,9,2499.09,14.0,19342.96,2024-09-12T00:00:00
1977,5822,7553,1,1134.78,14.0,975.91,2024-08-22T00:00:00
1978,13624,4776,9,2614.93,22.0,18356.81,2023-07-19T00:00:00
1979,11753,13419,2,2877.59,0.0,5755.18,2023-02-10T00:00:00
1980,4502,2817,2,1534.28,8.0,2823.08,2025-08-30T00:00:00
1981,7712,11095,9,2677.31,21.0,19035.67,2024-03-04T00:00:00
1982,2179,5321,6,2256.02,17.0,11234.98,2025-09-20T00:00:00
1983,9389,4475,10,822.72,15.0,6993.12,2025-09-09T00:00:00
1984,6972,1795,10,1258.98,7.0,11708.51,2026-02-26T00:00:00
1985,5732,9455,8,2078.38,26.0,12304.01,2025-02-18T00:00:00
1986,11893,6865,9,1685.62,18.0,12439.88,2025-05-27T00:00:00
1987,2848,4175,4,1495.05,21.0,4724.36,2026-02-16T00:00:00
1988,13244,2391,3,987.01,4.0,2842.59,2024-09-01T00:00:00
1989,605,5577,10,2785.13,23.0,21445.5,2025-10-15T00:00:00
1990,4100,5196,6,867.05,1.0,5150.28,2023-06-18T00:00:00
1991,14212,11809,8,1900.83,22.0,11861.18,2023-03-02T00:00:00
1992,7334,136,1,2580.1,24.0,1960.88,2023-12-26T00:00:00
1993,5374,4462,9,1803.56,13.0,14121.87,2024-12-22T00:00:00
1994,7578,9034,10,2581.87,13.0,22462.27,2023-03-10T00:00:00
1995,7495,1790,3,150.09,10.0,405.24,2026-01-09T00:00:00
1996,1257,7216,6,639.68,16.0,3223.99,2026-03-04T00:00:00
1997,9767,9579,4,543.92,22.0,1697.03,2026-02-13T00:00:00
1998,7767,13029,10,1526.08,8.0,14039.94,2024-06-29T00:00:00
1999,13951,1377,9,2457.51,6.0,20790.53,2025-07-18T00:00:00
2000,12779,13599,3,270.45,2.0,795.12,2025-02-07T00:00:00
2001,11777,10157,3,2439.0,13.0,6365.79,2026-04-26T00:00:00
2002,358,632,9,808.52,0.0,7276.68,2023-06-08T00:00:00
2003,11463,6516,4,2824.52,25.0,8473.56,2024-12-10T00:00:00
2004,7624,4099,8,316.83,8.0,2331.87,2025-05-19T00:00:00
2005,9697,9681,7,604.46,12.0,3723.47,2023-11-19T00:00:00
2006,7253,2650,6,1783.53,20.0,8560.94,2023-11-29T00:00:00
2007,4710,5319,8,2133.1,15.0,14505.08,2023-11-28T00:00:00
2008,7195,10961,9,2096.28,18.0,15470.55,2024-02-14T00:00:00
2009,12757,7861,8,2678.66,18.0,17572.01,2025-04-17T00:00:00
2010,2756,5203,3,2435.97,13.0,6357.88,2025-08-28T00:00:00
2011,1298,8273,6,1518.65,18.0,7471.76,2026-03-27T00:00:00
2012,12620,11158,7,2571.48,7.0,16740.33,2025-09-26T00:00:00
2013,8786,6969,3,2782.25,0.0,8346.75,2025-10-24T00:00:00
2014,11065,11713,6,929.54,5.0,5298.38,2025-09-19T00:00:00
2015,5016,13326,2,1821.21,20.0,2913.94,2025-02-05T00:00:00
2016,6952,437,7,1185.65,24.0,6307.66,2026-01-22T00:00:00
2017,224,14325,4,2729.67,7.0,10154.37,2026-05-05T00:00:00
2018,7118,8074,4,1750.86,22.0,5462.68,2024-12-12T00:00:00
2019,1293,1441,2,1802.54,28.0,2595.66,2024-01-20T00:00:00
2020,1805,13954,6,318.33,22.0,1489.78,2023-02-07T00:00:00
2021,10321,6839,4,1265.83,3.0,4911.42,2023-10-23T00:00:00
2022,8802,4915,1,1540.19,23.0,1185.95,2024-02-01T00:00:00
2023,3467,5304,8,2011.8,2.0,15772.51,2023-07-20T00:00:00
2024,13719,9030,8,2068.53,29.0,11749.25,2023-05-09T00:00:00
2025,13365,3571,1,1626.12,20.0,1300.9,2023-12-23T00:00:00
2026,10920,12749,5,1383.59,6.0,6502.87,2026-04-26T00:00:00
2027,3619,2359,7,1937.71,4.0,13021.41,2026-01-29T00:00:00
2028,1426,11599,4,1345.47,20.0,4305.5,2024-08-30T00:00:00
2029,6082,10009,9,310.5,8.0,2570.94,2023-02-07T00:00:00
2030,3583,5540,10,1536.12,8.0,14132.3,2025-10-17T00:00:00
2031,9829,2115,2,2338.68,3.0,4537.04,2024-02-12T00:00:00
2032,10389,4928,6,999.32,2.0,5876.0,2024-05-25T00:00:00
2033,2457,2452,4,1810.2,29.0,5140.97,2025-10-04T00:00:00
2034,14311,2147,5,516.34,18.0,2116.99,2023-11-30T00:00:00
2035,7372,11490,3,1427.33,23.0,3297.13,2023-10-14T00:00:00
2036,10508,13196,10,1319.15,25.0,9893.62,2026-01-19T00:00:00
2037,2621,3102,8,97.99,26.0,580.1,2023-02-21T00:00:00
2038,7018,13508,6,481.7,1.0,2861.3,2024-02-20T00:00:00
2039,11028,14394,6,48.1,17.0,239.54,2025-10-12T00:00:00
2040,11572,10892,2,398.84,21.0,630.17,2023-11-17T00:00:00
2041,11524,2230,1,300.16,22.0,234.12,2025-04-30T00:00:00
2042,14939,10210,7,1940.69,8.0,12498.04,2024-07-03T00:00:00
2043,10578,14972,5,559.92,29.0,1987.72,2023-09-05T00:00:00
2044,7045,13142,4,1628.23,8.0,5991.89,2024-04-21T00:00:00
2045,3112,2045,2,662.0,10.0,1191.6,2025-04-23T00:00:00
2046,3164,4026,4,371.07,8.0,1365.54,2024-08-31T00:00:00
2047,3022,1781,6,2918.05,16.0,14706.97,2023-04-19T00:00:00
2048,1405,1881,10,2416.49,9.0,21990.06,2025-06-20T00:00:00
2049,10500,8176,3,2255.0,8.0,6223.8,2023-03-15T00:00:00
2050,13074,4977,6,2997.77,9.0,16367.82,2024-09-14T00:00:00
2051,4647,6307,6,469.38,11.0,2506.49,2024-08-15T00:00:00
2052,8671,9883,5,1711.14,29.0,6074.55,2023-08-22T00:00:00
2053,11450,14225,2,1230.79,23.0,1895.42,2024-01-06T00:00:00
2054,3095,5717,4,255.94,25.0,767.82,2026-03-08T00:00:00
2055,3523,8171,3,783.31,29.0,1668.45,2025-07-26T00:00:00
2056,4790,2050,3,1006.89,1.0,2990.46,2024-08-29T00:00:00
2057,1787,14682,10,2494.21,2.0,24443.26,2025-09-03T00:00:00
2058,9772,4484,4,969.31,23.0,2985.47,2025-05-23T00:00:00
2059,11700,8927,3,229.33,10.0,619.19,2024-11-10T00:00:00
2060,5787,6854,3,987.27,27.0,2162.12,2023-09-26T00:00:00
2061,8554,3954,7,2728.77,6.0,17955.31,2024-02-18T00:00:00
2062,10083,12045,4,2082.25,16.0,6996.36,2023-04-01T00:00:00
2063,11845,3675,1,958.88,1.0,949.29,2025-02-25T00:00:00
2064,913,13767,3,2482.07,9.0,6776.05,2025-07-08T00:00:00
2065,2281,1701,5,1423.63,15.0,6050.43,2023-03-12T00:00:00
2066,7544,4548,1,2885.5,27.0,2106.41,2026-02-16T00:00:00
2067,6611,10913,8,237.46,13.0,1652.72,2025-04-11T00:00:00
2068,1484,7099,2,2022.32,8.0,3721.07,2024-11-18T00:00:00
2069,8198,11045,7,211.69,10.0,1333.65,2025-01-17T00:00:00
2070,12339,12085,3,1222.91,17.0,3045.05,2025-08-01T00:00:00
2071,7215,3140,10,1543.16,9.0,14042.76,2024-08-15T00:00:00
2072,715,231,1,1518.32,8.0,1396.85,2024-06-28T00:00:00
2073,12012,400,6,2210.55,14.0,11406.44,2023-05-30T00:00:00
2074,13737,8580,1,1974.03,5.0,1875.33,2026-03-27T00:00:00
2075,3773,1250,7,649.11,17.0,3771.33,2025-08-29T00:00:00
2076,3503,7448,3,593.41,21.0,1406.38,2026-02-24T00:00:00
2077,11851,11824,9,1813.53,11.0,14526.38,2026-05-24T00:00:00
2078,2282,389,1,615.19,24.0,467.54,2025-02-02T00:00:00
2079,1637,8856,9,2357.52,25.0,15913.26,2023-11-08T00:00:00
2080,11692,5833,9,1761.35,14.0,13632.85,2024-09-13T00:00:00
2081,8905,12374,3,1764.02,27.0,3863.2,2026-03-28T00:00:00
2082,5476,7482,8,2512.23,3.0,19494.9,2026-05-28T00:00:00
2083,2998,14996,8,1044.43,25.0,6266.58,2023-07-03T00:00:00
2084,12392,2867,4,1406.17,9.0,5118.46,2023-03-11T00:00:00
2085,12807,14336,3,2112.39,2.0,6210.43,2024-02-17T00:00:00
2086,1776,11725,9,2668.88,9.0,21858.13,2026-05-02T00:00:00
2087,11714,10868,3,1381.83,7.0,3855.31,2024-01-14T00:00:00
2088,4795,9735,9,2827.38,22.0,19848.21,2023-07-22T00:00:00
2089,7366,11352,5,1875.54,2.0,9190.15,2024-03-16T00:00:00
2090,12846,1183,6,1675.83,4.0,9652.78,2023-06-03T00:00:00
2091,6416,12362,2,1296.26,10.0,2333.27,2024-02-20T00:00:00
2092,11079,6829,9,905.96,6.0,7664.42,2023-08-26T00:00:00
2093,3183,14875,7,1978.3,4.0,13294.18,2024-01-09T00:00:00
2094,13016,107,2,1108.22,28.0,1595.84,2025-04-01T00:00:00
2095,5265,9148,9,2315.5,19.0,16880.0,2026-01-17T00:00:00
2096,5411,12224,9,407.85,28.0,2642.87,2023-02-09T00:00:00
2097,11445,11971,7,1046.06,8.0,6736.63,2025-04-25T00:00:00
2098,7362,9392,3,1596.26,17.0,3974.69,2024-07-01T00:00:00
2099,12874,9772,3,1731.66,19.0,4207.93,2026-03-30T00:00:00
2100,7115,12267,7,1481.95,25.0,7780.24,2026-05-06T00:00:00
2101,6265,3521,9,726.41,11.0,5818.54,2025-04-02T00:00:00
2102,2826,741,3,1337.02,19.0,3248.96,2025-11-21T00:00:00
2103,12198,7505,5,1324.19,24.0,5031.92,2023-10-10T00:00:00
2104,6443,2975,2,2012.47,22.0,3139.45,2025-08-02T00:00:00
2105,361,7005,7,2265.84,3.0,15385.05,2026-04-05T00:00:00
2106,10205,13304,5,2397.86,21.0,9471.55,2023-08-04T00:00:00
2107,6378,3865,6,2229.15,8.0,12304.91,2023-12-06T00:00:00
2108,14478,14806,2,2460.29,8.0,4526.93,2025-04-09T00:00:00
2109,7005,3556,4,531.06,1.0,2103.0,2026-04-21T00:00:00
2110,3529,14744,5,297.15,19.0,1203.46,2024-09-19T00:00:00
2111,2590,12584,2,867.69,9.0,1579.2,2025-07-16T00:00:00
2112,14249,3799,4,2926.4,3.0,11354.43,2024-03-27T00:00:00
2113,4408,4918,7,2746.2,5.0,18262.23,2023-09-25T00:00:00
2114,821,4946,5,1798.75,9.0,8184.31,2023-10-26T00:00:00
2115,7296,13701,4,937.31,19.0,3036.88,2024-04-28T00:00:00
2116,4962,3131,1,2871.35,25.0,2153.51,2025-03-17T00:00:00
2117,8615,14860,2,96.2,28.0,138.53,2023-04-03T00:00:00
2118,10399,4861,9,773.22,30.0,4871.29,2023-09-27T00:00:00
2119,14854,10787,8,2083.86,0.0,16670.88,2023-05-27T00:00:00
2120,14958,8123,3,1448.65,24.0,3302.92,2023-09-04T00:00:00
2121,3204,4572,10,2324.1,16.0,19522.44,2024-10-31T00:00:00
2122,4104,13515,2,57.41,22.0,89.56,2026-04-12T00:00:00
2123,1941,11360,8,886.01,1.0,7017.2,2025-06-10T00:00:00
2124,13797,1727,2,2024.28,1.0,4008.07,2025-07-12T00:00:00
2125,4706,10126,7,729.3,23.0,3930.93,2025-12-09T00:00:00
2126,8964,4541,8,1833.66,8.0,13495.74,2026-01-10T00:00:00
2127,12934,7732,3,2933.73,24.0,6688.9,2025-06-05T00:00:00
2128,359,4638,10,2840.91,11.0,25284.1,2026-01-30T00:00:00
2129,776,5522,4,2805.82,28.0,8080.76,2023-08-19T00:00:00
2130,11370,11923,1,910.43,26.0,673.72,2023-05-19T00:00:00
2131,9855,12657,2,2624.42,3.0,5091.37,2024-07-02T00:00:00
2132,1579,9140,3,2752.91,19.0,6689.57,2025-06-11T00:00:00
2133,8409,12117,3,1659.31,3.0,4828.59,2023-07-08T00:00:00
2134,6390,4867,10,2279.09,5.0,21651.35,2025-11-07T00:00:00
2135,8356,6205,1,50.45,5.0,47.93,2025-04-02T00:00:00
2136,9872,5381,10,2058.73,5.0,19557.93,2025-04-01T00:00:00
2137,5307,10778,2,2493.66,20.0,3989.86,2025-05-07T00:00:00
2138,12454,875,10,1555.24,3.0,15085.83,2025-04-23T00:00:00
2139,1465,9451,9,2161.83,6.0,18289.08,2026-06-06T00:00:00
2140,1808,9527,7,1183.77,8.0,7623.48,2023-12-19T00:00:00
2141,12592,12539,2,2729.37,7.0,5076.63,2025-08-26T00:00:00
2142,1858,7039,4,1945.17,21.0,6146.74,2023-07-21T00:00:00
2143,4928,8507,4,1444.19,2.0,5661.22,2026-05-17T00:00:00
2144,7777,5951,4,407.82,29.0,1158.21,2025-03-09T00:00:00
2145,10563,14636,4,2380.8,27.0,6951.94,2026-05-04T00:00:00
2146,1584,5122,9,263.0,30.0,1656.9,2024-09-12T00:00:00
2147,7673,9343,10,2592.85,6.0,24372.79,2023-12-02T00:00:00
2148,830,10347,7,504.04,21.0,2787.34,2025-09-11T00:00:00
2149,3070,6382,7,532.38,25.0,2794.99,2024-02-18T00:00:00
2150,3376,6099,2,2161.56,4.0,4150.2,2023-02-01T00:00:00
2151,10896,13669,7,852.38,30.0,4176.66,2026-01-25T00:00:00
2152,8329,570,1,2579.25,24.0,1960.23,2024-08-18T00:00:00
2153,10939,3730,1,1404.01,16.0,1179.37,2024-02-01T00:00:00
2154,4774,14681,9,1649.24,27.0,10835.51,2025-01-15T00:00:00
2155,13453,6310,2,991.97,11.0,1765.71,2026-05-13T00:00:00
2156,7348,12451,5,2920.79,1.0,14457.91,2024-12-09T00:00:00
2157,14979,4798,6,190.52,15.0,971.65,2023-07-21T00:00:00
2158,1006,10131,8,1604.69,24.0,9756.52,2025-06-29T00:00:00
2159,11238,4425,4,872.52,19.0,2826.96,2024-10-20T00:00:00
2160,12286,2599,5,146.58,9.0,666.94,2025-10-05T00:00:00
2161,1642,1245,10,322.38,9.0,2933.66,2026-01-15T00:00:00
2162,13876,14979,6,2312.74,6.0,13043.85,2026-02-18T00:00:00
2163,11104,8312,8,2210.61,18.0,14501.6,2024-11-17T00:00:00
2164,1442,14559,2,1531.09,6.0,2878.45,2025-08-04T00:00:00
2165,1286,5819,9,843.63,11.0,6757.48,2025-05-26T00:00:00
2166,5094,4877,7,2490.07,21.0,13770.09,2024-10-11T00:00:00
2167,5194,2909,2,1882.8,28.0,2711.23,2024-07-25T00:00:00
2168,11058,8014,1,637.15,22.0,496.98,2025-07-22T00:00:00
2169,12478,13053,5,555.06,15.0,2359.0,2024-03-01T00:00:00
2170,1843,4272,3,1062.04,29.0,2262.15,2025-05-23T00:00:00
2171,11821,5497,3,1221.19,26.0,2711.04,2026-04-26T00:00:00
2172,12845,14303,6,2509.85,24.0,11444.92,2025-02-24T00:00:00
2173,13966,7514,6,924.73,1.0,5492.9,2025-01-09T00:00:00
2174,2263,9438,10,2406.03,21.0,19007.64,2025-07-22T00:00:00
2175,8381,11954,5,703.23,24.0,2672.27,2026-06-05T00:00:00
2176,9534,12574,4,78.5,10.0,282.6,2023-10-14T00:00:00
2177,6520,863,2,2604.98,4.0,5001.56,2024-07-26T00:00:00
2178,10225,7711,2,1227.82,27.0,1792.62,2026-01-13T00:00:00
2179,6168,11452,2,110.45,13.0,192.18,2026-03-14T00:00:00
2180,11365,2849,7,2835.39,27.0,14488.84,2026-06-10T00:00:00
2181,11699,3245,1,776.41,7.0,722.06,2023-11-11T00:00:00
2182,6389,788,1,1296.9,13.0,1128.3,2023-10-07T00:00:00
2183,14318,6771,3,2091.58,20.0,5019.79,2023-11-15T00:00:00
2184,13796,14213,6,548.73,22.0,2568.06,2023-07-03T00:00:00
2185,14244,749,6,545.54,9.0,2978.65,2025-02-28T00:00:00
2186,640,3026,7,2257.95,15.0,13434.8,2025-09-14T00:00:00
2187,2348,3616,4,1506.16,3.0,5843.9,2024-11-07T00:00:00
2188,5308,4410,8,2270.8,8.0,16713.09,2025-08-11T00:00:00
2189,1141,2706,2,1345.46,26.0,1991.28,2023-03-27T00:00:00
2190,7388,14159,2,607.46,21.0,959.79,2023-06-30T00:00:00
2191,14674,479,2,2192.28,29.0,3113.04,2024-12-12T00:00:00
2192,11625,9548,5,800.07,24.0,3040.27,2025-07-12T00:00:00
2193,11566,8445,10,986.35,2.0,9666.23,2024-08-25T00:00:00
2194,2268,5660,5,2916.43,5.0,13853.04,2026-01-29T00:00:00
2195,7809,1351,9,1098.39,25.0,7414.13,2024-08-14T00:00:00
2196,1908,7591,2,345.95,9.0,629.63,2023-10-27T00:00:00
2197,14910,7660,8,2094.03,23.0,12899.22,2023-05-30T00:00:00
2198,12651,10817,5,2998.7,0.0,14993.5,2023-11-29T00:00:00
2199,9316,10188,6,2389.61,10.0,12903.89,2023-07-09T00:00:00
2200,2862,9706,6,1457.74,15.0,7434.47,2025-03-09T00:00:00
2201,10599,12506,8,2219.06,8.0,16332.28,2023-06-14T00:00:00
2202,8669,1936,10,2769.26,2.0,27138.75,2023-07-05T00:00:00
2203,10845,5667,2,179.19,20.0,286.7,2023-05-02T00:00:00
2204,8706,3585,5,1487.65,28.0,5355.54,2024-04-28T00:00:00
2205,762,4077,8,2545.86,25.0,15275.16,2025-07-13T00:00:00
2206,4437,12793,3,2562.41,12.0,6764.76,2023-05-28T00:00:00
2207,9940,10915,10,551.98,9.0,5023.02,2023-01-06T00:00:00
2208,12735,7408,7,2978.46,18.0,17096.36,2023-11-03T00:00:00
2209,8212,7215,3,1320.46,20.0,3169.1,2026-05-18T00:00:00
2210,325,13812,3,795.04,28.0,1717.29,2024-03-20T00:00:00
2211,11628,4437,10,293.44,11.0,2611.62,2023-03-11T00:00:00
2212,1870,6607,10,526.9,24.0,4004.44,2024-03-22T00:00:00
2213,5860,7357,3,2720.63,24.0,6203.04,2023-02-10T00:00:00
2214,14666,244,5,2448.92,24.0,9305.9,2024-09-15T00:00:00
2215,5540,7077,6,279.89,20.0,1343.47,2023-03-19T00:00:00
2216,1955,13869,2,1535.87,6.0,2887.44,2024-12-26T00:00:00
2217,3836,13150,8,2058.28,6.0,15478.27,2023-09-06T00:00:00
2218,3561,11031,3,453.4,17.0,1128.97,2024-05-13T00:00:00
2219,771,6355,3,1963.88,20.0,4713.31,2024-09-03T00:00:00
2220,3939,5469,7,269.57,10.0,1698.29,2023-08-27T00:00:00
2221,3900,7017,1,2809.2,7.0,2612.56,2023-11-12T00:00:00
2222,9776,10160,6,951.69,4.0,5481.73,2025-08-24T00:00:00
2223,7840,4863,1,1525.15,28.0,1098.11,2025-04-14T00:00:00
2224,523,6959,5,503.88,16.0,2116.3,2025-04-08T00:00:00
2225,1721,5551,8,959.0,13.0,6674.64,2025-09-23T00:00:00
2226,9963,8419,7,2851.1,27.0,14569.12,2023-01-30T00:00:00
2227,5344,8061,9,482.94,18.0,3564.1,2023-06-21T00:00:00
2228,5978,4590,3,1006.47,29.0,2143.78,2025-02-25T00:00:00
2229,1841,13897,3,1253.4,22.0,2932.96,2026-03-24T00:00:00
2230,4838,13142,4,1368.75,15.0,4653.75,2024-08-01T00:00:00
2231,10211,5000,10,2418.14,24.0,18377.86,2026-01-24T00:00:00
2232,13492,10584,3,671.72,20.0,1612.13,2026-04-08T00:00:00
2233,11579,1726,7,1018.82,19.0,5776.71,2023-04-20T00:00:00
2234,3745,10839,4,1842.86,25.0,5528.58,2026-02-23T00:00:00
2235,4526,6949,2,1321.86,27.0,1929.92,2024-04-01T00:00:00
2236,5048,9212,9,842.94,1.0,7510.6,2025-11-19T00:00:00
2237,14118,12026,6,340.85,11.0,1820.14,2025-04-05T00:00:00
2238,4077,14421,3,1162.09,1.0,3451.41,2023-10-27T00:00:00
2239,10603,9852,9,2966.64,3.0,25898.77,2023-08-28T00:00:00
2240,6251,13568,3,2083.33,8.0,5749.99,2025-03-19T00:00:00
2241,11410,4723,3,2267.78,13.0,5918.91,2023-12-09T00:00:00
2242,5593,5071,5,906.56,28.0,3263.62,2026-05-23T00:00:00
2243,5103,7664,9,2429.79,26.0,16182.4,2024-07-10T00:00:00
2244,1544,7259,2,1493.36,25.0,2240.04,2024-02-07T00:00:00
2245,3184,6090,4,1306.32,18.0,4284.73,2023-07-03T00:00:00
2246,7384,8207,5,1857.58,13.0,8080.47,2023-09-25T00:00:00
2247,12517,3859,3,760.81,22.0,1780.3,2026-05-29T00:00:00
2248,4960,10058,3,186.25,30.0,391.12,2026-03-21T00:00:00
2249,484,10061,4,1055.44,22.0,3292.97,2026-03-07T00:00:00
2250,6469,6396,4,2175.22,29.0,6177.62,2024-01-17T00:00:00
2251,7437,8339,2,1586.28,4.0,3045.66,2025-01-11T00:00:00
2252,5635,8414,3,1219.56,30.0,2561.08,2025-11-18T00:00:00
2253,5561,11742,9,2479.2,14.0,19189.01,2025-05-04T00:00:00
2254,9411,5386,7,259.31,15.0,1542.89,2024-12-27T00:00:00
2255,10508,1502,8,1551.88,15.0,10552.78,2026-05-30T00:00:00
2256,2910,2517,3,124.95,4.0,359.86,2024-04-05T00:00:00
2257,3001,9380,9,2143.6,24.0,14662.22,2025-04-24T00:00:00
2258,452,2807,6,2775.29,5.0,15819.15,2023-05-28T00:00:00
2259,11160,9281,9,1028.65,1.0,9165.27,2025-05-05T00:00:00
2260,4111,12569,6,2254.5,19.0,10956.87,2024-11-13T00:00:00
2261,3504,785,9,1839.46,6.0,15561.83,2026-05-15T00:00:00
2262,14850,1218,7,2964.7,28.0,14942.09,2023-07-25T00:00:00
2263,3809,8522,6,2433.48,19.0,11826.71,2025-05-11T00:00:00
2264,12697,9831,7,295.0,1.0,2044.35,2024-03-28T00:00:00
2265,10937,1153,5,296.16,22.0,1155.02,2023-12-01T00:00:00
2266,1194,5485,8,1899.35,6.0,14283.11,2025-09-15T00:00:00
2267,10928,10537,6,1408.63,19.0,6845.94,2023-07-14T00:00:00
2268,9725,11375,7,2411.72,9.0,15362.66,2023-03-17T00:00:00
2269,7049,12154,4,1889.79,10.0,6803.24,2026-03-09T00:00:00
2270,343,3256,10,1066.32,2.0,10449.94,2024-05-04T00:00:00
2271,14943,6177,4,1426.78,25.0,4280.34,2023-08-23T00:00:00
2272,2179,9700,4,2899.76,17.0,9627.2,2025-02-08T00:00:00
2273,109,10810,9,2121.43,26.0,14128.72,2023-02-05T00:00:00
2274,4486,13295,4,939.71,25.0,2819.13,2024-12-01T00:00:00
2275,3559,1633,7,1891.3,15.0,11253.24,2025-12-29T00:00:00
2276,453,1442,1,930.75,28.0,670.14,2025-09-17T00:00:00
2277,6783,8289,1,2464.08,22.0,1921.98,2025-08-16T00:00:00
2278,2706,4901,5,2993.29,6.0,14068.46,2026-05-14T00:00:00
2279,13639,11265,2,903.83,18.0,1482.28,2025-11-02T00:00:00
2280,4472,8930,7,1073.51,13.0,6537.68,2025-09-17T00:00:00
2281,13191,1361,6,2102.28,7.0,11730.72,2025-06-30T00:00:00
2282,11313,2903,8,1725.4,12.0,12146.82,2023-06-26T00:00:00
2283,11893,13807,1,917.7,25.0,688.28,2024-06-26T00:00:00
2284,13021,13716,3,1151.32,21.0,2728.63,2024-07-13T00:00:00
2285,3870,11115,5,1725.8,22.0,6730.62,2025-03-31T00:00:00
2286,2901,10462,10,520.02,13.0,4524.17,2026-02-08T00:00:00
2287,897,6441,1,1870.88,24.0,1421.87,2025-11-17T00:00:00
2288,5711,4158,5,210.42,8.0,967.93,2024-02-20T00:00:00
2289,189,8959,3,1385.81,0.0,4157.43,2023-02-22T00:00:00
2290,13945,12159,4,2245.45,28.0,6466.9,2024-04-28T00:00:00
2291,9885,6786,6,1072.17,23.0,4953.43,2025-07-18T00:00:00
2292,1774,7160,7,928.01,13.0,5651.58,2023-06-28T00:00:00
2293,1020,2470,3,1591.27,14.0,4105.48,2023-03-06T00:00:00
2294,10602,3920,8,2306.41,24.0,14022.97,2023-01-29T00:00:00
2295,14103,14381,9,2484.27,27.0,16321.65,2023-10-20T00:00:00
2296,52,6732,9,1266.74,27.0,8322.48,2024-06-29T00:00:00
2297,8780,2058,6,587.21,12.0,3100.47,2024-04-27T00:00:00
2298,6574,1008,4,984.99,2.0,3861.16,2023-08-07T00:00:00
2299,8478,5299,4,1524.37,21.0,4817.01,2025-09-24T00:00:00
2300,249,10934,8,1522.89,21.0,9624.66,2024-11-12T00:00:00
2301,5383,13895,6,2729.61,21.0,12938.35,2023-01-09T00:00:00
2302,27,12720,4,1471.09,13.0,5119.39,2024-11-05T00:00:00
2303,10424,7338,10,974.16,9.0,8864.86,2023-05-11T00:00:00
2304,3199,11781,7,2812.42,29.0,13977.73,2023-10-12T00:00:00
2305,7436,6988,3,1088.86,24.0,2482.6,2024-05-20T00:00:00
2306,3723,11134,5,1175.3,16.0,4936.26,2025-02-07T00:00:00
2307,10735,4485,2,2614.33,11.0,4653.51,2024-01-22T00:00:00
2308,9407,14615,3,46.32,17.0,115.34,2023-11-27T00:00:00
2309,13551,9349,9,639.23,5.0,5465.42,2025-04-29T00:00:00
2310,2542,14702,7,853.99,22.0,4662.79,2024-07-14T00:00:00
2311,12316,4541,5,249.17,29.0,884.55,2023-11-16T00:00:00
2312,6732,9448,2,387.31,28.0,557.73,2026-05-17T00:00:00
2313,12106,11470,7,966.91,25.0,5076.28,2025-05-13T00:00:00
2314,3176,2148,10,1402.28,15.0,11919.38,2023-06-18T00:00:00
2315,12915,14158,10,974.48,17.0,8088.18,2023-01-17T00:00:00
2316,902,9184,10,2238.59,19.0,18132.58,2024-01-27T00:00:00
2317,4393,12100,6,651.27,13.0,3399.63,2026-03-12T00:00:00
2318,7000,2908,3,166.58,10.0,449.77,2025-09-25T00:00:00
2319,11816,6252,5,355.18,26.0,1314.17,2023-05-24T00:00:00
2320,766,80,1,597.52,27.0,436.19,2025-04-19T00:00:00
2321,5284,2227,6,2093.69,24.0,9547.23,2023-09-06T00:00:00
2322,5753,7578,1,361.3,21.0,285.43,2026-04-22T00:00:00
2323,6015,11183,3,1662.69,11.0,4439.38,2024-01-28T00:00:00
2324,6573,11415,8,707.76,11.0,5039.25,2024-07-16T00:00:00
2325,8803,13677,6,748.19,20.0,3591.31,2024-12-01T00:00:00
2326,9824,653,2,1309.1,5.0,2487.29,2026-04-13T00:00:00
2327,12983,1682,3,2930.76,10.0,7913.05,2026-01-07T00:00:00
2328,13610,14552,6,1459.04,15.0,7441.1,2024-05-07T00:00:00
2329,2704,2977,9,2008.04,11.0,16084.4,2025-01-19T00:00:00
2330,1758,6139,7,2636.73,25.0,13842.83,2024-08-15T00:00:00
2331,5597,12624,6,2472.61,15.0,12610.31,2023-04-17T00:00:00
2332,4068,1042,7,2759.65,23.0,14874.51,2025-03-03T00:00:00
2333,5727,10690,10,1407.46,22.0,10978.19,2026-05-23T00:00:00
2334,13210,14757,9,1806.79,12.0,14309.78,2024-06-26T00:00:00
2335,14369,10570,8,1408.34,26.0,8337.37,2025-01-13T00:00:00
2336,10006,3091,10,2955.52,16.0,24826.37,2023-05-23T00:00:00
2337,1821,504,7,2531.83,24.0,13469.34,2025-04-13T00:00:00
2338,13563,3249,2,2894.01,2.0,5672.26,2023-08-25T00:00:00
2339,11280,14708,2,2560.39,10.0,4608.7,2025-11-23T00:00:00
2340,12463,7936,6,1155.25,16.0,5822.46,2023-08-22T00:00:00
2341,2583,5525,7,2056.57,18.0,11804.71,2023-08-02T00:00:00
2342,12141,2669,10,1658.36,20.0,13266.88,2026-04-25T00:00:00
2343,14991,3053,1,1674.37,5.0,1590.65,2024-09-29T00:00:00
2344,12946,695,8,214.51,27.0,1252.74,2023-06-22T00:00:00
2345,6722,1488,4,1168.12,9.0,4251.96,2025-01-14T00:00:00
2346,6566,3805,8,1445.97,17.0,9601.24,2025-10-30T00:00:00
2347,1551,1,9,1217.43,12.0,9642.05,2024-08-31T00:00:00
2348,1420,5840,3,2027.59,19.0,4927.04,2024-05-18T00:00:00
2349,700,9557,9,541.18,27.0,3555.55,2023-03-11T00:00:00
2350,9158,6596,5,989.76,2.0,4849.82,2026-03-04T00:00:00
2351,6282,7654,6,57.99,4.0,334.02,2023-08-12T00:00:00
2352,2332,4325,9,1136.58,7.0,9513.17,2024-10-29T00:00:00
2353,4228,3832,2,312.1,4.0,599.23,2023-12-18T00:00:00
2354,14502,13482,3,1558.58,8.0,4301.68,2025-06-17T00:00:00
2355,1906,5315,2,2578.21,2.0,5053.29,2026-01-12T00:00:00
2356,4904,5877,5,333.9,11.0,1485.86,2023-11-11T00:00:00
2357,755,12082,5,1618.71,3.0,7850.74,2023-11-12T00:00:00
2358,7134,187,3,662.58,27.0,1451.05,2024-06-29T00:00:00
2359,8910,4440,4,874.63,2.0,3428.55,2023-11-22T00:00:00
2360,10788,7554,6,2629.84,3.0,15305.67,2025-06-17T00:00:00
2361,12512,10426,6,1408.62,8.0,7775.58,2025-07-03T00:00:00
2362,5430,10956,5,1705.81,15.0,7249.69,2026-05-10T00:00:00
2363,10601,13715,10,984.35,17.0,8170.1,2024-06-27T00:00:00
2364,13247,9160,5,613.05,3.0,2973.29,2025-08-23T00:00:00
2365,10827,5273,7,2690.99,5.0,17895.08,2025-07-17T00:00:00
2366,8102,9196,2,2962.19,15.0,5035.72,2025-07-13T00:00:00
2367,120,846,8,1909.27,2.0,14968.68,2024-03-01T00:00:00
2368,12894,391,1,141.31,13.0,122.94,2024-09-23T00:00:00
2369,2983,2881,6,713.07,7.0,3978.93,2025-03-30T00:00:00
2370,12311,14742,9,2957.17,21.0,21025.48,2024-03-06T00:00:00
2371,11151,2548,9,1919.55,20.0,13820.76,2024-04-10T00:00:00
2372,3422,10906,3,2749.24,5.0,7835.33,2025-09-05T00:00:00
2373,10456,14573,3,383.22,22.0,896.73,2023-06-07T00:00:00
2374,12248,8290,4,580.79,22.0,1812.06,2024-06-20T00:00:00
2375,10585,11000,3,1727.65,13.0,4509.17,2024-09-02T00:00:00
2376,9434,5423,9,2201.43,16.0,16642.81,2025-06-14T00:00:00
2377,5355,11276,9,232.52,15.0,1778.78,2023-06-14T00:00:00
2378,10343,1806,10,2337.85,10.0,21040.65,2023-04-11T00:00:00
2379,10435,11528,7,956.02,26.0,4952.18,2024-05-23T00:00:00
2380,10030,1725,8,1066.73,3.0,8277.82,2025-10-05T00:00:00
2381,10115,8448,3,565.7,15.0,1442.54,2023-03-26T00:00:00
2382,8678,3701,8,2529.16,13.0,17602.95,2023-09-17T00:00:00
2383,10063,4094,8,229.33,13.0,1596.14,2025-07-22T00:00:00
2384,13544,14770,8,58.64,25.0,351.84,2025-03-21T00:00:00
2385,1241,10066,6,2257.89,1.0,13411.87,2025-03-26T00:00:00
2386,6575,191,8,139.17,20.0,890.69,2023-05-05T00:00:00
2387,10037,9415,5,734.65,29.0,2608.01,2023-09-22T00:00:00
2388,494,3474,8,859.6,5.0,6532.96,2025-01-27T00:00:00
2389,14099,1703,9,1512.13,10.0,12248.25,2023-08-12T00:00:00
2390,12383,10285,9,2804.17,5.0,23975.65,2023-12-11T00:00:00
2391,10190,3950,8,2304.38,19.0,14932.38,2024-04-28T00:00:00
2392,10449,3038,9,403.77,1.0,3597.59,2026-05-12T00:00:00
2393,6566,427,3,1440.29,2.0,4234.45,2023-10-24T00:00:00
2394,8207,5584,3,1988.64,2.0,5846.6,2023-02-27T00:00:00
2395,315,6579,9,2681.42,6.0,22684.81,2025-01-05T00:00:00
2396,8510,4846,7,96.04,28.0,484.04,2025-06-14T00:00:00
2397,13267,5276,8,1353.45,9.0,9853.12,2023-10-14T00:00:00
2398,9613,8633,2,2640.92,14.0,4542.38,2024-09-09T00:00:00
2399,8444,11881,6,781.22,22.0,3656.11,2025-01-25T00:00:00
2400,397,5584,2,2363.62,23.0,3639.97,2026-01-13T00:00:00
2401,2408,8074,10,2757.39,25.0,20680.42,2023-07-12T00:00:00
2402,7656,5254,3,848.31,15.0,2163.19,2023-04-13T00:00:00
2403,2953,1262,1,1893.75,2.0,1855.88,2025-04-09T00:00:00
2404,13860,9288,7,1775.32,18.0,10190.34,2025-07-25T00:00:00
2405,12975,7256,1,1520.95,22.0,1186.34,2023-07-04T00:00:00
2406,7895,12386,8,1248.27,18.0,8188.65,2024-07-28T00:00:00
2407,7910,12367,1,432.96,21.0,342.04,2024-05-09T00:00:00
2408,11350,9178,8,432.09,6.0,3249.32,2026-01-26T00:00:00
2409,10870,10319,7,246.39,24.0,1310.79,2026-05-09T00:00:00
2410,202,12990,1,1056.73,14.0,908.79,2025-06-04T00:00:00
2411,7897,1614,5,644.45,7.0,2996.69,2023-02-19T00:00:00
2412,9822,14136,4,435.22,4.0,1671.24,2023-03-13T00:00:00
2413,3298,11759,8,511.71,10.0,3684.31,2023-03-07T00:00:00
2414,13560,8401,4,2325.35,6.0,8743.32,2025-05-15T00:00:00
2415,1163,3346,3,1870.88,9.0,5107.5,2024-08-06T00:00:00
2416,4693,2726,5,2586.26,18.0,10603.67,2024-06-11T00:00:00
2417,2627,13331,6,1093.37,17.0,5444.98,2023-11-21T00:00:00
2418,8227,7775,2,2649.74,16.0,4451.56,2025-04-07T00:00:00
2419,3793,7220,3,404.19,28.0,873.05,2024-02-08T00:00:00
2420,9583,11013,4,1264.5,6.0,4754.52,2026-06-01T00:00:00
2421,9967,14198,1,734.26,18.0,602.09,2023-09-27T00:00:00
2422,12979,9277,3,1975.71,13.0,5156.6,2024-08-18T00:00:00
2423,6381,2897,7,30.02,23.0,161.81,2023-07-24T00:00:00
2424,12017,13535,3,1745.72,2.0,5132.42,2024-11-25T00:00:00
2425,154,5141,10,1951.29,28.0,14049.29,2023-08-11T00:00:00
2426,5169,1340,2,1872.89,6.0,3521.03,2025-11-19T00:00:00
2427,10289,933,6,2874.64,24.0,13108.36,2023-11-13T00:00:00
2428,14811,10839,3,2359.3,5.0,6724.01,2023-07-26T00:00:00
2429,7386,10222,8,404.49,25.0,2426.94,2024-06-19T00:00:00
2430,8963,8785,3,2120.21,2.0,6233.42,2025-02-01T00:00:00
2431,10898,4688,2,1918.71,23.0,2954.81,2024-12-25T00:00:00
2432,11146,7481,8,1190.89,14.0,8193.32,2024-01-27T00:00:00
2433,3169,13244,6,697.99,28.0,3015.32,2023-10-24T00:00:00
2434,366,12976,2,507.57,23.0,781.66,2024-12-06T00:00:00
2435,3692,4231,4,116.54,1.0,461.5,2023-04-17T00:00:00
2436,3902,4674,5,2078.4,13.0,9041.04,2025-12-01T00:00:00
2437,8567,11315,9,560.54,8.0,4641.27,2026-03-02T00:00:00
2438,795,8521,2,1294.46,14.0,2226.47,2025-09-21T00:00:00
2439,3113,1133,7,2619.46,20.0,14668.98,2024-09-11T00:00:00
2440,9133,11484,7,634.89,0.0,4444.23,2025-11-11T00:00:00
2441,14840,2222,8,122.87,28.0,707.73,2024-08-23T00:00:00
2442,9605,4261,10,2426.6,23.0,18684.82,2023-09-01T00:00:00
2443,13562,11150,7,1008.12,18.0,5786.61,2025-08-05T00:00:00
2444,11722,13331,1,2114.18,22.0,1649.06,2023-01-30T00:00:00
2445,13823,13058,5,1727.9,7.0,8034.73,2024-05-31T00:00:00
2446,13019,530,9,1901.09,3.0,16596.52,2024-12-15T00:00:00
2447,1612,12754,9,2648.64,24.0,18116.7,2024-11-27T00:00:00
2448,1586,6505,9,584.02,7.0,4888.25,2026-05-20T00:00:00
2449,1083,13172,3,1320.52,17.0,3288.09,2024-02-08T00:00:00
2450,13902,6798,10,650.44,27.0,4748.21,2026-03-05T00:00:00
2451,14619,470,3,594.63,25.0,1337.92,2023-04-18T00:00:00
2452,4556,14184,10,1759.21,5.0,16712.49,2023-02-08T00:00:00
2453,5862,9556,6,2922.8,6.0,16484.59,2023-08-25T00:00:00
2454,11025,7306,3,1269.28,5.0,3617.45,2023-04-15T00:00:00
2455,8291,6038,1,31.08,27.0,22.69,2025-11-27T00:00:00
2456,5229,3866,4,381.21,18.0,1250.37,2023-12-09T00:00:00
2457,7689,4710,1,2340.96,3.0,2270.73,2023-06-14T00:00:00
2458,1127,4811,2,938.38,27.0,1370.03,2025-10-05T00:00:00
2459,10483,200,3,1083.79,5.0,3088.8,2024-04-11T00:00:00
2460,3248,8798,9,1637.78,4.0,14150.42,2026-05-31T00:00:00
2461,8501,13423,8,309.71,2.0,2428.13,2023-07-28T00:00:00
2462,7294,13879,10,2595.46,21.0,20504.13,2023-02-22T00:00:00
2463,5350,569,5,2328.67,29.0,8266.78,2024-10-31T00:00:00
2464,6610,11374,10,2243.25,13.0,19516.28,2023-02-27T00:00:00
2465,4603,10095,7,2343.51,0.0,16404.57,2024-09-01T00:00:00
2466,11192,10997,9,94.31,25.0,636.59,2024-07-05T00:00:00
2467,13522,2065,8,538.17,20.0,3444.29,2023-07-03T00:00:00
2468,13360,326,7,1355.77,26.0,7022.89,2025-11-13T00:00:00
2469,2297,1723,3,2006.7,9.0,5478.29,2024-07-28T00:00:00
2470,1818,14537,6,331.24,20.0,1589.95,2025-11-23T00:00:00
2471,13412,5747,10,2578.76,2.0,25271.85,2026-03-31T00:00:00
2472,14335,6656,3,1611.5,20.0,3867.6,2023-06-25T00:00:00
2473,4880,3962,1,2716.88,19.0,2200.67,2025-11-24T00:00:00
2474,1275,6387,8,869.38,12.0,6120.44,2023-03-09T00:00:00
2475,10283,5078,7,266.72,9.0,1699.01,2023-09-02T00:00:00
2476,14083,5519,3,778.6,26.0,1728.49,2026-04-25T00:00:00
2477,3472,7787,5,2362.97,29.0,8388.54,2023-03-04T00:00:00
2478,7911,11932,10,2867.4,11.0,25519.86,2024-11-25T00:00:00
2479,11747,347,10,1346.79,19.0,10909.0,2023-01-29T00:00:00
2480,5534,11447,4,1550.0,20.0,4960.0,2026-02-25T00:00:00
2481,13866,1060,8,1693.72,10.0,12194.78,2023-09-06T00:00:00
2482,3391,10741,4,1568.17,15.0,5331.78,2023-01-31T00:00:00
2483,10496,8427,10,988.81,9.0,8998.17,2023-01-14T00:00:00
2484,8803,2660,3,332.5,10.0,897.75,2023-08-14T00:00:00
2485,5217,13348,9,1134.54,9.0,9291.88,2024-08-13T00:00:00
2486,10321,3738,6,1772.37,7.0,9889.82,2024-05-14T00:00:00
2487,227,10530,8,2299.75,26.0,13614.52,2023-11-10T00:00:00
2488,10306,12398,5,845.41,22.0,3297.1,2023-02-08T00:00:00
2489,8621,2173,5,662.78,4.0,3181.34,2025-10-05T00:00:00
2490,12619,8124,2,39.55,17.0,65.65,2023-03-26T00:00:00
2491,13527,8820,7,2425.29,13.0,14770.02,2024-07-19T00:00:00
2492,6763,5735,2,670.67,1.0,1327.93,2025-02-09T00:00:00
2493,7820,14557,8,1447.14,29.0,8219.76,2023-03-21T00:00:00
2494,2902,4909,9,2032.75,5.0,17380.01,2023-11-17T00:00:00
2495,614,13187,10,288.12,10.0,2593.08,2023-02-08T00:00:00
2496,12009,1110,3,1487.9,14.0,3838.78,2025-07-17T00:00:00
2497,10506,2002,8,1678.42,15.0,11413.26,2026-02-08T00:00:00
2498,6276,5895,4,441.1,19.0,1429.16,2025-12-29T00:00:00
2499,314,1987,2,633.16,25.0,949.74,2023-04-09T00:00:00
2500,3858,7457,1,1441.34,7.0,1340.45,2023-03-16T00:00:00
2501,838,11699,1,1178.01,22.0,918.85,2026-04-02T00:00:00
2502,5169,10820,10,2450.18,9.0,22296.64,2023-01-01T00:00:00
2503,11177,7857,3,2511.56,21.0,5952.4,2026-05-30T00:00:00
2504,7549,9778,1,2571.85,5.0,2443.26,2025-05-04T00:00:00
2505,9907,7427,3,2367.72,3.0,6890.07,2025-02-23T00:00:00
2506,13034,8647,2,1635.76,23.0,2519.07,2023-06-23T00:00:00
2507,10116,12362,9,1889.26,24.0,12922.54,2023-05-21T00:00:00
2508,985,3805,1,2263.51,22.0,1765.54,2024-09-09T00:00:00
2509,8906,11218,8,2011.48,1.0,15930.92,2023-02-13T00:00:00
2510,12146,10917,1,1723.26,9.0,1568.17,2023-02-07T00:00:00
2511,3493,7636,3,30.12,23.0,69.58,2023-05-10T00:00:00
2512,1246,7138,3,69.41,9.0,189.49,2025-02-22T00:00:00
2513,8029,6048,5,1728.52,25.0,6481.95,2024-10-13T00:00:00
2514,2017,8114,1,1264.76,11.0,1125.64,2025-07-30T00:00:00
2515,14997,7805,2,599.13,21.0,946.63,2024-09-26T00:00:00
2516,7358,13772,2,361.34,14.0,621.5,2023-10-06T00:00:00
2517,14984,103,9,113.08,7.0,946.48,2025-11-04T00:00:00
2518,5177,7518,7,552.6,1.0,3829.52,2025-09-06T00:00:00
2519,3982,11829,8,2701.86,6.0,20317.99,2024-02-06T00:00:00
2520,13909,13103,1,2888.01,1.0,2859.13,2023-02-01T00:00:00
2521,13269,5772,7,1548.78,23.0,8347.92,2026-01-23T00:00:00
2522,7568,8613,1,2800.3,27.0,2044.22,2025-08-25T00:00:00
2523,4531,397,9,1314.38,29.0,8398.89,2024-07-14T00:00:00
2524,8431,1200,5,2347.52,20.0,9390.08,2025-02-13T00:00:00
2525,5501,13170,2,975.85,25.0,1463.78,2024-11-27T00:00:00
2526,8976,2036,7,2412.99,1.0,16722.02,2026-05-31T00:00:00
2527,5343,2,7,1399.83,12.0,8622.95,2024-07-10T00:00:00
2528,5149,12606,8,2021.99,19.0,13102.5,2025-08-16T00:00:00
2529,8869,9781,5,1536.75,26.0,5685.98,2023-01-29T00:00:00
2530,12232,1300,9,1970.31,27.0,12944.94,2026-05-02T00:00:00
2531,10754,11812,8,922.29,27.0,5386.17,2023-10-14T00:00:00
2532,920,3722,3,1095.51,2.0,3220.8,2024-09-02T00:00:00
2533,1912,7324,5,492.57,24.0,1871.77,2024-10-29T00:00:00
2534,5927,5698,3,1863.36,3.0,5422.38,2025-03-31T00:00:00
2535,10250,9229,1,1491.45,7.0,1387.05,2024-03-15T00:00:00
2536,9695,10979,6,752.93,14.0,3885.12,2025-04-07T00:00:00
2537,11047,379,1,701.87,15.0,596.59,2023-01-15T00:00:00
2538,10455,11736,8,2187.64,19.0,14175.91,2023-03-15T00:00:00
2539,8686,2705,5,1737.37,11.0,7731.3,2024-11-20T00:00:00
2540,1737,3359,8,43.79,11.0,311.78,2023-04-29T00:00:00
2541,7710,4914,7,836.26,30.0,4097.67,2024-01-31T00:00:00
2542,240,11401,8,2414.78,30.0,13522.77,2024-02-26T00:00:00
2543,2443,8455,7,1981.1,16.0,11648.87,2023-02-26T00:00:00
2544,5757,7324,9,2692.58,1.0,23990.89,2023-03-12T00:00:00
2545,3285,5713,2,1044.25,23.0,1608.14,2025-01-03T00:00:00
2546,3002,7472,8,423.87,10.0,3051.86,2024-12-06T00:00:00
2547,815,357,8,1821.09,29.0,10343.79,2025-07-20T00:00:00
2548,883,5932,1,723.45,11.0,643.87,2023-05-31T00:00:00
2549,12796,2797,10,2416.23,17.0,20054.71,2025-02-16T00:00:00
2550,6157,10758,4,421.54,26.0,1247.76,2026-01-23T00:00:00
2551,4958,13969,8,1775.27,20.0,11361.73,2023-12-23T00:00:00
2552,6638,4032,4,2666.53,22.0,8319.57,2026-04-07T00:00:00
2553,8360,7476,2,1325.5,18.0,2173.82,2025-05-07T00:00:00
2554,221,10924,9,1736.58,5.0,14847.76,2023-11-17T00:00:00
2555,4731,1797,9,1444.67,10.0,11701.83,2025-04-28T00:00:00
2556,12217,12349,8,2475.16,13.0,17227.11,2026-04-13T00:00:00
2557,11473,13042,9,1191.1,29.0,7611.13,2026-05-08T00:00:00
2558,5074,11672,6,1741.97,10.0,9406.64,2026-05-28T00:00:00
2559,14870,7926,8,2438.28,21.0,15409.93,2024-06-25T00:00:00
2560,1992,12869,2,2026.67,28.0,2918.4,2023-02-03T00:00:00
2561,8192,435,7,175.4,6.0,1154.13,2025-07-16T00:00:00
2562,10911,3399,5,1353.23,20.0,5412.92,2025-10-29T00:00:00
2563,12526,5187,3,58.12,13.0,151.69,2026-01-30T00:00:00
2564,11455,14666,2,2700.01,13.0,4698.02,2025-02-20T00:00:00
2565,2675,6295,1,1209.43,10.0,1088.49,2026-04-08T00:00:00
2566,12890,6007,1,1528.84,27.0,1116.05,2023-10-25T00:00:00
2567,12906,12169,2,69.27,3.0,134.38,2023-04-15T00:00:00
2568,1364,14855,8,597.15,6.0,4490.57,2025-08-11T00:00:00
2569,321,10618,6,1307.07,19.0,6352.36,2025-11-29T00:00:00
2570,14573,1268,5,2672.4,20.0,10689.6,2023-05-04T00:00:00
2571,12555,6708,6,2571.17,16.0,12958.7,2024-08-18T00:00:00
2572,10500,11865,9,918.94,7.0,7691.53,2023-09-15T00:00:00
2573,162,13188,1,2798.89,11.0,2491.01,2025-03-19T00:00:00
2574,592,13451,5,520.36,0.0,2601.8,2024-03-24T00:00:00
2575,7188,3579,1,1636.48,23.0,1260.09,2024-02-15T00:00:00
2576,14200,6607,4,1813.93,6.0,6820.38,2024-01-04T00:00:00
2577,12957,5356,6,1112.56,8.0,6141.33,2025-06-16T00:00:00
2578,9237,3210,5,1479.52,24.0,5622.18,2023-03-16T00:00:00
2579,7273,4838,10,2054.12,28.0,14789.66,2024-10-26T00:00:00
2580,11444,10167,4,2968.07,27.0,8666.76,2023-10-24T00:00:00
2581,14969,6981,9,1683.61,1.0,15000.97,2025-10-23T00:00:00
2582,3223,13157,4,383.84,20.0,1228.29,2025-12-29T00:00:00
2583,5477,14211,1,259.81,7.0,241.62,2026-03-17T00:00:00
2584,11529,3840,10,268.75,28.0,1935.0,2023-10-03T00:00:00
2585,11654,10831,8,1359.86,30.0,7615.22,2024-09-03T00:00:00
2586,7339,5300,8,1471.7,14.0,10125.3,2026-05-04T00:00:00
2587,1274,7673,1,917.73,5.0,871.84,2025-06-14T00:00:00
2588,6721,6594,6,1362.93,7.0,7605.15,2024-01-14T00:00:00
2589,2439,9230,10,309.48,2.0,3032.9,2023-08-01T00:00:00
2590,1558,13665,2,2713.33,13.0,4721.19,2024-06-29T00:00:00
2591,12526,8035,4,2209.84,2.0,8662.57,2023-05-26T00:00:00
2592,722,2503,9,2235.49,25.0,15089.56,2025-06-24T00:00:00
2593,7103,3768,8,2343.45,24.0,14248.18,2025-08-04T00:00:00
2594,492,12045,2,793.82,18.0,1301.86,2025-11-21T00:00:00
2595,4757,12712,9,2129.57,29.0,13607.95,2025-08-16T00:00:00
2596,1194,8512,1,1428.27,20.0,1142.62,2025-04-30T00:00:00
2597,7561,10939,10,1325.8,14.0,11401.88,2023-04-29T00:00:00
2598,2838,7330,4,2891.74,7.0,10757.27,2024-09-07T00:00:00
2599,7218,2340,9,803.49,25.0,5423.56,2023-10-19T00:00:00
2600,5386,7937,1,746.78,26.0,552.62,2025-03-02T00:00:00
2601,5307,2128,5,95.59,28.0,344.12,2024-08-10T00:00:00
2602,1574,5434,1,339.39,17.0,281.69,2024-08-01T00:00:00
2603,10714,4915,8,2947.99,6.0,22168.88,2024-12-06T00:00:00
2604,6680,3310,10,2944.44,0.0,29444.4,2023-12-29T00:00:00
2605,12635,3613,7,2916.22,11.0,18168.05,2024-10-23T00:00:00
2606,5857,11731,7,1363.94,29.0,6778.78,2024-08-22T00:00:00
2607,8683,4523,4,2058.24,19.0,6668.7,2024-01-07T00:00:00
2608,12290,4535,10,2402.23,16.0,20178.73,2023-07-21T00:00:00
2609,3139,1573,3,2400.04,9.0,6552.11,2024-12-30T00:00:00
2610,13225,2108,6,2795.18,29.0,11907.47,2024-05-28T00:00:00
2611,4121,13252,6,2028.81,22.0,9494.83,2025-04-25T00:00:00
2612,14961,2936,8,2206.85,5.0,16772.06,2024-06-13T00:00:00
2613,601,4674,6,1786.04,17.0,8894.48,2024-06-27T00:00:00
2614,2433,6139,9,2226.13,22.0,15627.43,2023-10-31T00:00:00
2615,1797,13538,6,560.87,17.0,2793.13,2025-12-25T00:00:00
2616,11785,14376,2,868.46,24.0,1320.06,2024-07-30T00:00:00
2617,5160,5840,2,2149.82,2.0,4213.65,2026-05-14T00:00:00
2618,11630,7687,9,2522.7,16.0,19071.61,2025-11-30T00:00:00
2619,3347,5497,9,297.35,27.0,1953.59,2023-06-13T00:00:00
2620,9020,4278,6,130.17,28.0,562.33,2025-12-15T00:00:00
2621,988,13624,3,1510.1,9.0,4122.57,2023-11-08T00:00:00
2622,14074,10615,8,1879.23,12.0,13229.78,2024-04-15T00:00:00
2623,14602,8541,10,843.26,24.0,6408.78,2025-10-13T00:00:00
2624,6543,11047,7,91.5,23.0,493.19,2024-12-29T00:00:00
2625,8906,756,3,1679.84,25.0,3779.64,2024-05-13T00:00:00
2626,7963,11876,1,1690.18,7.0,1571.87,2024-10-10T00:00:00
2627,12156,8038,5,1014.29,20.0,4057.16,2024-11-03T00:00:00
2628,8039,9007,1,1138.32,22.0,887.89,2023-10-11T00:00:00
2629,7075,12045,2,567.05,7.0,1054.71,2025-12-09T00:00:00
2630,3512,3681,9,2675.9,10.0,21674.79,2023-01-10T00:00:00
2631,6864,7742,10,1614.26,10.0,14528.34,2025-09-28T00:00:00
2632,5937,10268,10,2750.72,18.0,22555.9,2023-09-19T00:00:00
2633,6770,4925,7,2280.25,5.0,15163.66,2024-03-23T00:00:00
2634,5236,6442,5,2489.85,15.0,10581.86,2025-06-17T00:00:00
2635,1850,8377,8,2256.02,27.0,13175.16,2023-03-01T00:00:00
2636,14646,9677,9,2996.77,24.0,20497.91,2023-07-09T00:00:00
2637,4731,6462,9,2435.77,12.0,19291.3,2024-07-10T00:00:00
2638,2185,1344,10,349.67,21.0,2762.39,2025-08-27T00:00:00
2639,9985,12200,4,1092.16,10.0,3931.78,2024-11-25T00:00:00
2640,13490,6899,10,2663.43,29.0,18910.35,2026-04-13T00:00:00
2641,7311,13379,5,2037.02,1.0,10083.25,2025-10-14T00:00:00
2642,11508,5457,9,1489.49,9.0,12198.92,2026-02-12T00:00:00
2643,1462,13798,8,619.69,13.0,4313.04,2026-03-03T00:00:00
2644,10076,6803,4,2972.64,12.0,10463.69,2025-02-11T00:00:00
2645,8457,11614,4,2565.77,20.0,8210.46,2023-09-12T00:00:00
2646,11902,13954,7,1494.52,7.0,9729.33,2025-06-30T00:00:00
2647,7502,12876,2,662.28,21.0,1046.4,2025-09-03T00:00:00
2648,14158,8513,5,2273.16,16.0,9547.27,2025-07-14T00:00:00
2649,8935,7804,9,724.84,26.0,4827.43,2025-03-21T00:00:00
2650,1790,5275,2,598.56,27.0,873.9,2026-05-22T00:00:00
2651,3541,10380,9,1367.06,3.0,11934.43,2026-03-19T00:00:00
2652,1746,8579,10,1514.47,8.0,13933.12,2023-01-06T00:00:00
2653,5670,1269,5,1002.91,6.0,4713.68,2024-11-13T00:00:00
2654,5024,13357,9,77.58,3.0,677.27,2025-10-06T00:00:00
2655,12857,12791,5,2651.62,2.0,12992.94,2025-06-18T00:00:00
2656,6376,11733,10,324.08,5.0,3078.76,2025-03-09T00:00:00
2657,249,12619,10,2741.16,5.0,26041.02,2023-01-20T00:00:00
2658,272,3597,6,2232.99,4.0,12862.02,2025-07-20T00:00:00
2659,6518,880,6,230.99,18.0,1136.47,2026-01-24T00:00:00
2660,63,1789,9,270.93,6.0,2292.07,2025-11-26T00:00:00
2661,8366,8466,2,425.3,5.0,808.07,2023-08-01T00:00:00
2662,4385,9789,3,1462.82,5.0,4169.04,2025-05-06T00:00:00
2663,13964,5030,8,1714.07,2.0,13438.31,2026-02-13T00:00:00
2664,7355,14643,9,1982.92,22.0,13920.1,2025-12-23T00:00:00
2665,1539,8832,4,2256.26,28.0,6498.03,2026-03-03T00:00:00
2666,10404,11888,4,1145.38,2.0,4489.89,2025-11-24T00:00:00
2667,10004,4091,3,180.0,10.0,486.0,2025-04-04T00:00:00
2668,5374,10102,1,1102.63,4.0,1058.52,2025-03-24T00:00:00
2669,345,8340,1,2755.16,15.0,2341.89,2023-01-04T00:00:00
2670,12163,14231,3,315.06,3.0,916.82,2024-03-18T00:00:00
2671,7468,4819,8,1281.08,11.0,9121.29,2023-05-16T00:00:00
2672,12698,6054,2,209.66,29.0,297.72,2023-10-07T00:00:00
2673,1743,10969,10,2052.61,15.0,17447.19,2025-09-19T00:00:00
2674,1009,3606,2,1264.97,12.0,2226.35,2023-01-09T00:00:00
2675,2222,8258,8,14.7,11.0,104.66,2024-02-06T00:00:00
2676,948,5565,1,1847.2,24.0,1403.87,2024-05-08T00:00:00
2677,1373,7938,2,1872.5,3.0,3632.65,2025-10-04T00:00:00
2678,1193,14420,1,1028.1,12.0,904.73,2025-03-16T00:00:00
2679,7493,4190,10,1576.32,8.0,14502.14,2025-06-17T00:00:00
2680,2068,1116,10,1228.41,8.0,11301.37,2025-01-23T00:00:00
2681,1817,5700,7,2404.12,16.0,14136.23,2024-10-23T00:00:00
2682,2024,7246,8,1555.05,24.0,9454.7,2025-07-27T00:00:00
2683,1741,10064,4,1190.85,1.0,4715.77,2023-09-25T00:00:00
2684,1261,12939,1,759.18,7.0,706.04,2025-05-09T00:00:00
2685,10984,1931,5,2168.25,14.0,9323.48,2026-03-26T00:00:00
2686,3175,13509,5,1258.45,11.0,5600.1,2023-04-02T00:00:00
2687,14944,2467,2,2930.75,17.0,4865.05,2023-01-27T00:00:00
2688,13422,8008,7,2158.34,29.0,10726.95,2024-09-10T00:00:00
2689,11176,1743,8,1798.04,1.0,14240.48,2024-03-22T00:00:00
2690,5562,4422,1,635.65,30.0,444.95,2024-09-24T00:00:00
2691,12228,9744,7,406.94,20.0,2278.86,2025-02-09T00:00:00
2692,9139,4596,1,1410.05,12.0,1240.84,2024-07-23T00:00:00
2693,7051,5097,4,2475.5,3.0,9604.94,2024-01-11T00:00:00
2694,5460,13830,2,1314.21,6.0,2470.71,2025-02-18T00:00:00
2695,473,184,2,1104.98,3.0,2143.66,2024-02-26T00:00:00
2696,13053,11661,5,2699.15,29.0,9581.98,2023-06-27T00:00:00
2697,6820,7911,2,431.83,21.0,682.29,2025-09-26T00:00:00
2698,12514,4166,6,2619.38,3.0,15244.79,2025-08-11T00:00:00
2699,1792,9354,6,1433.23,11.0,7653.45,2025-07-31T00:00:00
2700,5451,6421,7,2490.96,8.0,16041.78,2024-09-23T00:00:00
2701,6644,11241,1,1278.62,18.0,1048.47,2025-03-20T00:00:00
2702,11926,9129,7,1968.32,8.0,12675.98,2023-03-03T00:00:00
2703,7290,9432,9,1655.89,17.0,12369.5,2023-05-12T00:00:00
2704,168,4021,5,2399.36,11.0,10677.15,2024-05-08T00:00:00
2705,5502,5445,6,1379.12,24.0,6288.79,2026-01-16T00:00:00
2706,3551,2076,7,820.64,19.0,4653.03,2026-02-24T00:00:00
2707,13204,12106,8,193.57,23.0,1192.39,2025-08-30T00:00:00
2708,1664,13980,10,2822.71,19.0,22863.95,2023-11-09T00:00:00
2709,14668,10876,6,581.93,17.0,2898.01,2023-12-08T00:00:00
2710,4676,1121,6,2475.24,10.0,13366.3,2023-11-16T00:00:00
2711,13829,2915,5,80.82,19.0,327.32,2025-08-15T00:00:00
2712,818,14563,4,45.29,8.0,166.67,2026-04-21T00:00:00
2713,1415,8209,9,719.13,30.0,4530.52,2025-08-04T00:00:00
2714,412,2552,9,2966.19,22.0,20822.65,2025-04-20T00:00:00
2715,6675,13982,9,1587.69,2.0,14003.43,2023-11-14T00:00:00
2716,12863,8963,4,1088.2,28.0,3134.02,2023-06-27T00:00:00
2717,13757,6662,9,2542.19,9.0,20820.54,2025-04-21T00:00:00
2718,2512,13530,1,1388.88,13.0,1208.33,2024-04-09T00:00:00
2719,1865,3814,9,1551.85,23.0,10754.32,2026-04-07T00:00:00
2720,11214,828,10,1623.35,7.0,15097.15,2023-01-12T00:00:00
2721,8267,11229,9,951.48,6.0,8049.52,2026-01-01T00:00:00
2722,6413,5173,3,2389.15,17.0,5948.98,2024-01-26T00:00:00
2723,4104,14980,5,465.95,24.0,1770.61,2023-03-03T00:00:00
2724,10898,3562,7,2394.59,15.0,14247.81,2025-05-17T00:00:00
2725,12746,5153,2,1107.1,6.0,2081.35,2024-12-27T00:00:00
2726,5299,11603,4,952.62,0.0,3810.48,2024-10-14T00:00:00
2727,4766,6024,4,1016.15,5.0,3861.37,2024-08-18T00:00:00
2728,12304,14224,3,996.19,22.0,2331.08,2023-07-30T00:00:00
2729,8886,1175,4,2882.5,20.0,9224.0,2025-05-02T00:00:00
2730,12690,12753,1,2109.37,20.0,1687.5,2024-07-06T00:00:00
2731,13907,7392,8,319.51,6.0,2402.72,2026-01-07T00:00:00
2732,5998,6009,1,426.52,28.0,307.09,2023-01-16T00:00:00
2733,837,9390,10,1560.18,23.0,12013.39,2025-07-14T00:00:00
2734,9880,14142,9,1883.7,9.0,15427.5,2023-05-23T00:00:00
2735,12895,11910,4,2481.78,28.0,7147.53,2025-04-10T00:00:00
2736,4638,12180,3,295.91,24.0,674.67,2025-09-17T00:00:00
2737,1589,6600,1,604.3,30.0,423.01,2023-04-18T00:00:00
2738,2983,12953,3,1778.08,21.0,4214.05,2024-09-14T00:00:00
2739,12354,4377,10,311.54,15.0,2648.09,2026-01-16T00:00:00
2740,12727,12016,8,1467.31,28.0,8451.71,2023-02-05T00:00:00
2741,363,3929,5,2307.39,27.0,8421.97,2025-02-12T00:00:00
2742,11305,9202,8,104.79,23.0,645.51,2023-10-25T00:00:00
2743,13634,6500,5,1368.05,24.0,5198.59,2024-01-07T00:00:00
2744,4659,1207,8,382.18,22.0,2384.8,2024-01-22T00:00:00
2745,14357,13017,1,1750.18,0.0,1750.18,2023-07-05T00:00:00
2746,4247,3320,2,310.62,5.0,590.18,2023-06-22T00:00:00
2747,4001,3149,7,1832.28,21.0,10132.51,2025-12-04T00:00:00
2748,6057,3273,10,2430.26,27.0,17740.9,2024-11-24T00:00:00
2749,14499,10276,7,263.11,6.0,1731.26,2026-01-11T00:00:00
2750,12604,14908,4,1741.43,4.0,6687.09,2025-07-27T00:00:00
2751,775,1484,1,2445.94,9.0,2225.81,2026-02-20T00:00:00
2752,4641,5504,9,812.91,3.0,7096.7,2025-05-27T00:00:00
2753,14060,9712,5,75.63,7.0,351.68,2026-02-14T00:00:00
2754,13268,3081,4,67.23,6.0,252.78,2024-09-15T00:00:00
2755,6089,14890,2,1868.94,13.0,3251.96,2023-05-21T00:00:00
2756,13600,2857,1,850.61,15.0,723.02,2023-11-28T00:00:00
2757,3036,4354,1,1986.58,8.0,1827.65,2024-12-29T00:00:00
2758,1920,3052,8,2978.97,23.0,18350.46,2026-06-04T00:00:00
2759,11295,9909,1,1953.36,6.0,1836.16,2024-08-05T00:00:00
2760,9,11536,7,294.8,15.0,1754.06,2023-02-09T00:00:00
2761,14653,1693,3,1112.04,26.0,2468.73,2023-10-11T00:00:00
2762,11416,2563,4,1767.58,19.0,5726.96,2023-07-20T00:00:00
2763,12280,523,4,1395.91,13.0,4857.77,2023-07-07T00:00:00
2764,2351,4548,1,2415.85,2.0,2367.53,2025-01-22T00:00:00
2765,1520,803,2,1378.99,17.0,2289.12,2026-02-22T00:00:00
2766,3908,740,1,387.79,24.0,294.72,2024-03-05T00:00:00
2767,4116,5633,8,164.46,8.0,1210.43,2025-05-11T00:00:00
2768,12136,6298,5,1893.31,23.0,7289.24,2025-02-18T00:00:00
2769,7232,10255,7,1431.4,22.0,7815.44,2025-09-19T00:00:00
2770,8289,13699,7,2736.44,7.0,17814.22,2024-06-22T00:00:00
2771,3607,243,7,1716.23,13.0,10451.84,2025-05-24T00:00:00
2772,2803,8676,7,170.36,19.0,965.94,2023-10-16T00:00:00
2773,11158,12064,10,39.82,15.0,338.47,2025-10-23T00:00:00
2774,13224,2343,1,1719.02,24.0,1306.46,2024-05-06T00:00:00
2775,5306,11269,8,1346.08,22.0,8399.54,2025-08-24T00:00:00
2776,4576,10013,7,2442.66,30.0,11969.03,2024-03-23T00:00:00
2777,7536,11847,1,2085.21,17.0,1730.72,2025-01-07T00:00:00
2778,4922,12446,10,2263.75,1.0,22411.12,2026-05-05T00:00:00
2779,344,8063,9,1780.66,24.0,12179.71,2025-10-16T00:00:00
2780,630,13382,3,824.72,14.0,2127.78,2025-02-24T00:00:00
2781,3290,9643,1,1636.69,5.0,1554.86,2025-03-16T00:00:00
2782,13829,6501,5,704.13,0.0,3520.65,2024-09-18T00:00:00
2783,5297,13213,10,1988.39,20.0,15907.12,2024-12-27T00:00:00
2784,297,11256,4,1597.77,2.0,6263.26,2024-06-05T00:00:00
2785,4334,2542,3,872.51,17.0,2172.55,2026-01-17T00:00:00
2786,6895,1577,2,2660.5,20.0,4256.8,2026-03-08T00:00:00
2787,11983,9000,2,2050.84,28.0,2953.21,2023-10-24T00:00:00
2788,9868,10325,9,2611.28,26.0,17391.12,2026-02-10T00:00:00
2789,3605,9104,3,2645.21,7.0,7380.14,2024-09-08T00:00:00
2790,11247,14608,1,1928.59,18.0,1581.44,2024-02-03T00:00:00
2791,11728,6998,9,340.01,15.0,2601.08,2024-02-21T00:00:00
2792,7079,2443,9,2257.36,29.0,14424.53,2024-02-27T00:00:00
2793,14521,14711,5,1171.37,30.0,4099.79,2025-08-06T00:00:00
2794,2154,1511,6,2358.69,20.0,11321.71,2023-08-17T00:00:00
2795,9620,1216,7,821.39,28.0,4139.81,2023-02-14T00:00:00
2796,8373,7851,2,2334.35,28.0,3361.46,2024-05-01T00:00:00
2797,11880,967,9,1602.1,15.0,12256.06,2023-01-16T00:00:00
2798,13918,10813,7,185.64,29.0,922.63,2025-01-11T00:00:00
2799,12817,9893,4,607.68,1.0,2406.41,2024-03-26T00:00:00
2800,1921,3887,5,669.34,20.0,2677.36,2025-03-20T00:00:00
2801,14341,11279,2,2571.67,20.0,4114.67,2024-05-18T00:00:00
2802,5131,8490,10,1555.6,11.0,13844.84,2025-03-24T00:00:00
2803,13227,13005,3,1235.85,15.0,3151.42,2024-10-14T00:00:00
2804,6106,12177,5,2543.69,10.0,11446.61,2025-10-22T00:00:00
2805,14832,7552,5,2659.45,18.0,10903.75,2024-05-01T00:00:00
2806,4720,7354,8,1294.16,1.0,10249.75,2023-10-13T00:00:00
2807,10067,1411,7,1023.14,16.0,6016.06,2024-09-14T00:00:00
2808,2701,14440,2,257.33,20.0,411.73,2025-07-13T00:00:00
2809,6598,9639,9,2537.18,28.0,16440.93,2025-02-20T00:00:00
2810,2576,111,1,46.75,24.0,35.53,2023-08-05T00:00:00
2811,14473,7031,4,467.07,13.0,1625.4,2024-01-10T00:00:00
2812,9874,14400,10,1569.82,14.0,13500.45,2025-07-23T00:00:00
2813,8768,4156,3,1040.97,23.0,2404.64,2025-12-31T00:00:00
2814,14739,4568,8,2047.61,7.0,15234.22,2025-12-15T00:00:00
2815,5800,263,6,1458.24,16.0,7349.53,2023-06-30T00:00:00
2816,5249,4320,9,1101.46,3.0,9615.75,2025-01-10T00:00:00
2817,8807,2667,4,1439.8,23.0,4434.58,2024-03-21T00:00:00
2818,14357,12818,10,273.51,11.0,2434.24,2023-08-31T00:00:00
2819,7236,9786,3,2043.87,19.0,4966.6,2024-03-31T00:00:00
2820,14277,10155,8,66.79,17.0,443.49,2025-10-26T00:00:00
2821,11522,5453,2,1048.6,4.0,2013.31,2024-08-08T00:00:00
2822,2674,9525,10,695.3,25.0,5214.75,2025-10-18T00:00:00
2823,6521,11388,1,1277.78,11.0,1137.22,2024-03-02T00:00:00
2824,14618,2825,2,2066.57,8.0,3802.49,2025-07-20T00:00:00
2825,1217,1205,10,2084.54,9.0,18969.31,2025-09-13T00:00:00
2826,6175,1976,4,475.23,26.0,1406.68,2023-08-15T00:00:00
2827,3093,11446,8,1742.61,17.0,11570.93,2024-09-25T00:00:00
2828,7927,271,2,1018.59,1.0,2016.81,2023-03-28T00:00:00
2829,4024,12293,10,1336.39,23.0,10290.2,2023-09-04T00:00:00
2830,1589,13900,2,2023.49,7.0,3763.69,2025-08-18T00:00:00
2831,14270,9774,10,348.85,14.0,3000.11,2026-05-23T00:00:00
2832,8750,12987,3,1857.82,25.0,4180.1,2023-01-08T00:00:00
2833,3183,7349,5,549.16,14.0,2361.39,2024-01-12T00:00:00
2834,8739,9320,8,2254.12,23.0,13885.38,2024-06-07T00:00:00
2835,801,8913,4,99.71,11.0,354.97,2023-07-14T00:00:00
2836,150,8060,1,2601.7,16.0,2185.43,2023-02-08T00:00:00
2837,10274,3343,2,2510.77,4.0,4820.68,2025-12-15T00:00:00
2838,13108,8084,9,2011.4,28.0,13033.87,2025-09-11T00:00:00
2839,2947,2989,4,683.71,6.0,2570.75,2024-10-24T00:00:00
2840,10452,9864,5,280.08,13.0,1218.35,2023-12-25T00:00:00
2841,9774,3013,9,1630.58,26.0,10859.66,2024-07-18T00:00:00
2842,223,12408,10,2310.98,16.0,19412.23,2025-06-22T00:00:00
2843,3287,14864,6,1892.59,5.0,10787.76,2024-07-30T00:00:00
2844,6179,14757,7,2255.55,25.0,11841.64,2025-06-01T00:00:00
2845,143,8306,8,2949.38,19.0,19111.98,2023-11-29T00:00:00
2846,10675,6739,6,1292.11,13.0,6744.81,2023-06-15T00:00:00
2847,8615,9667,8,1974.78,19.0,12796.57,2025-08-30T00:00:00
2848,4395,10398,6,1268.72,8.0,7003.33,2023-04-02T00:00:00
2849,8626,9245,6,1033.51,21.0,4898.84,2024-09-09T00:00:00
2850,9583,12557,2,905.66,23.0,1394.72,2025-04-08T00:00:00
2851,11265,10710,5,2958.61,15.0,12574.09,2024-04-21T00:00:00
2852,783,5217,2,401.59,20.0,642.54,2024-07-10T00:00:00
2853,5121,13453,1,2903.33,15.0,2467.83,2023-05-03T00:00:00
2854,5078,11668,1,2566.07,28.0,1847.57,2025-08-20T00:00:00
2855,3354,4479,8,1297.35,10.0,9340.92,2025-01-15T00:00:00
2856,1267,9728,6,1272.16,2.0,7480.3,2023-06-18T00:00:00
2857,11813,10048,8,165.8,24.0,1008.06,2025-01-20T00:00:00
2858,3207,12445,4,2501.42,4.0,9605.45,2024-12-22T00:00:00
2859,8335,4040,7,583.51,12.0,3594.42,2024-03-09T00:00:00
2860,2352,1333,4,2986.98,2.0,11708.96,2024-04-29T00:00:00
2861,5324,3546,1,105.56,16.0,88.67,2025-12-18T00:00:00
2862,5390,1872,5,1402.31,9.0,6380.51,2023-10-27T00:00:00
2863,5876,6281,3,27.56,29.0,58.7,2024-03-16T00:00:00
2864,11770,7343,4,2566.17,22.0,8006.45,2023-08-15T00:00:00
2865,8194,10653,1,2585.31,17.0,2145.81,2024-10-05T00:00:00
2866,13655,10048,2,165.48,2.0,324.34,2024-03-27T00:00:00
2867,12255,14107,3,961.99,16.0,2424.21,2024-11-16T00:00:00
2868,11782,5383,1,2792.7,27.0,2038.67,2025-04-11T00:00:00
2869,1570,5042,5,825.64,16.0,3467.69,2025-07-13T00:00:00
2870,4637,8567,2,2197.22,14.0,3779.22,2024-08-15T00:00:00
2871,13850,7591,1,130.49,22.0,101.78,2023-11-19T00:00:00
2872,273,9487,6,1906.91,11.0,10182.9,2025-09-22T00:00:00
2873,10788,10296,10,2676.22,4.0,25691.71,2026-04-08T00:00:00
2874,13766,3377,10,2052.74,14.0,17653.56,2024-11-28T00:00:00
2875,2786,735,1,1956.12,8.0,1799.63,2026-03-22T00:00:00
2876,4378,1124,7,2316.89,5.0,15407.32,2023-04-22T00:00:00
2877,12267,5218,6,1091.75,2.0,6419.49,2024-10-20T00:00:00
2878,13615,11113,10,1798.34,23.0,13847.22,2026-06-03T00:00:00
2879,10496,14036,7,2924.92,26.0,15151.09,2023-04-22T00:00:00
2880,5690,8401,10,2164.26,9.0,19694.77,2025-11-25T00:00:00
2881,8392,10213,3,1877.43,10.0,5069.06,2026-01-10T00:00:00
2882,7404,5215,4,2127.67,21.0,6723.44,2026-01-01T00:00:00
2883,9172,3326,8,293.95,18.0,1928.31,2024-01-24T00:00:00
2884,8819,4761,4,2137.36,5.0,8121.97,2024-10-01T00:00:00
2885,12024,12172,3,2653.2,28.0,5730.91,2024-11-21T00:00:00
2886,14540,12206,8,1655.34,3.0,12845.44,2023-09-09T00:00:00
2887,3336,10150,10,1181.57,28.0,8507.3,2024-04-30T00:00:00
2888,2143,1429,5,2558.18,7.0,11895.54,2023-09-14T00:00:00
2889,6658,12861,1,2390.91,3.0,2319.18,2023-05-07T00:00:00
2890,2077,8700,4,1130.16,14.0,3887.75,2024-04-20T00:00:00
2891,5447,5881,8,2653.7,22.0,16559.09,2025-12-05T00:00:00
2892,5702,9159,5,2412.07,3.0,11698.54,2025-04-28T00:00:00
2893,5224,6420,8,1589.76,22.0,9920.1,2025-11-16T00:00:00
2894,6318,4352,5,1138.75,27.0,4156.44,2023-09-19T00:00:00
2895,2937,6973,6,2259.63,27.0,9897.18,2026-04-05T00:00:00
2896,5997,14394,10,1796.68,20.0,14373.44,2023-05-31T00:00:00
2897,6769,2716,10,2801.25,14.0,24090.75,2023-09-22T00:00:00
2898,6662,11268,5,2777.87,7.0,12917.1,2025-10-17T00:00:00
2899,3809,6608,8,308.04,3.0,2390.39,2025-09-22T00:00:00
2900,6679,1648,6,2557.18,18.0,12581.33,2023-08-11T00:00:00
2901,4114,14269,3,2448.82,14.0,6317.96,2024-07-03T00:00:00
2902,11056,14509,2,116.79,9.0,212.56,2026-04-20T00:00:00
2903,7722,11536,7,2011.53,29.0,9997.3,2025-05-19T00:00:00
2904,12414,2042,2,2125.18,8.0,3910.33,2023-01-31T00:00:00
2905,5092,5791,8,2878.54,21.0,18192.37,2025-09-22T00:00:00
2906,14118,12205,8,406.39,10.0,2926.01,2023-09-22T00:00:00
2907,14781,6911,4,1813.37,3.0,7035.88,2025-04-30T00:00:00
2908,7539,604,1,743.35,26.0,550.08,2026-03-07T00:00:00
2909,678,14925,1,1412.26,14.0,1214.54,2026-06-10T00:00:00
2910,14296,12569,8,1953.1,5.0,14843.56,2023-05-02T00:00:00
2911,6965,1736,5,1244.47,2.0,6097.9,2026-06-08T00:00:00
2912,13204,9689,5,456.34,7.0,2121.98,2026-05-08T00:00:00
2913,8305,233,7,2910.04,18.0,16703.63,2024-07-12T00:00:00
2914,7062,567,8,1059.75,2.0,8308.44,2025-06-14T00:00:00
2915,13030,14482,3,1460.76,30.0,3067.6,2023-12-15T00:00:00
2916,9685,13952,9,596.5,8.0,4939.02,2023-09-13T00:00:00
2917,5477,13663,4,1042.9,12.0,3671.01,2024-06-04T00:00:00
2918,11184,4023,2,1659.57,2.0,3252.76,2025-01-27T00:00:00
2919,13779,8442,10,1163.89,8.0,10707.79,2023-03-17T00:00:00
2920,5188,4951,8,1589.62,18.0,10427.91,2024-03-15T00:00:00
2921,9456,10422,7,522.64,11.0,3256.05,2023-01-13T00:00:00
2922,1516,8904,9,1477.87,27.0,9709.61,2023-09-19T00:00:00
2923,10859,3075,9,471.99,14.0,3653.2,2024-09-21T00:00:00
2924,4915,10347,7,2400.79,14.0,14452.76,2026-03-25T00:00:00
2925,1977,7443,4,141.33,11.0,503.13,2025-06-29T00:00:00
2926,12581,6065,5,1575.41,8.0,7246.89,2023-03-05T00:00:00
2927,1447,8614,2,973.98,26.0,1441.49,2025-03-06T00:00:00
2928,27,3760,5,2961.07,3.0,14361.19,2023-08-19T00:00:00
2929,13183,4527,1,1073.13,2.0,1051.67,2025-01-08T00:00:00
2930,13618,10313,10,814.98,22.0,6356.84,2023-08-25T00:00:00
2931,10599,4838,3,2984.56,17.0,7431.55,2025-09-25T00:00:00
2932,1281,4393,5,2781.85,20.0,11127.4,2024-10-31T00:00:00
2933,10823,2074,9,2258.88,24.0,15450.74,2024-04-30T00:00:00
2934,7987,3987,8,1116.36,13.0,7769.87,2025-07-07T00:00:00
2935,5194,63,1,1306.44,1.0,1293.38,2026-03-08T00:00:00
2936,2656,10962,4,2572.89,1.0,10188.64,2025-03-13T00:00:00
2937,14246,14829,3,2556.78,13.0,6673.2,2024-03-23T00:00:00
2938,4913,1136,5,2353.72,5.0,11180.17,2023-05-10T00:00:00
2939,3236,3430,2,1180.39,8.0,2171.92,2023-09-21T00:00:00
2940,7956,12846,3,369.69,13.0,964.89,2023-04-21T00:00:00
2941,3698,6483,3,175.89,23.0,406.31,2023-08-14T00:00:00
2942,13095,490,1,995.14,25.0,746.36,2025-10-16T00:00:00
2943,10476,9632,3,1205.31,15.0,3073.54,2025-12-07T00:00:00
2944,5257,12134,7,1782.11,20.0,9979.82,2024-07-11T00:00:00
2945,12785,13563,5,2502.94,4.0,12014.11,2025-12-30T00:00:00
2946,515,4870,1,1183.33,7.0,1100.5,2024-06-05T00:00:00
2947,10608,1251,9,1536.91,21.0,10927.43,2026-06-04T00:00:00
2948,14338,13199,9,360.01,19.0,2624.47,2023-11-30T00:00:00
2949,4083,10171,5,1240.75,4.0,5955.6,2024-01-24T00:00:00
2950,14719,9065,8,1844.77,18.0,12101.69,2023-10-26T00:00:00
2951,6670,6869,5,1697.0,16.0,7127.4,2025-07-05T00:00:00
2952,13397,4330,9,464.01,20.0,3340.87,2024-01-09T00:00:00
2953,5359,8460,7,2439.36,20.0,13660.42,2024-11-14T00:00:00
2954,14080,5496,7,1747.84,6.0,11500.79,2023-03-26T00:00:00
2955,13165,8476,4,1932.7,2.0,7576.18,2026-06-01T00:00:00
2956,6528,11731,2,221.6,7.0,412.18,2025-12-20T00:00:00
2957,1225,8426,9,2859.9,20.0,20591.28,2024-01-17T00:00:00
2958,13376,1372,6,501.91,7.0,2800.66,2024-04-14T00:00:00
2959,8635,12225,4,933.43,22.0,2912.3,2025-09-22T00:00:00
2960,12222,5736,10,1219.78,24.0,9270.33,2024-02-24T00:00:00
2961,14574,11924,1,540.27,9.0,491.65,2024-02-27T00:00:00
2962,104,914,4,1974.25,13.0,6870.39,2025-06-14T00:00:00
2963,8253,7668,4,162.67,25.0,488.01,2023-08-04T00:00:00
2964,7147,6952,10,2115.54,12.0,18616.75,2024-01-31T00:00:00
2965,4361,11582,7,1515.42,7.0,9865.38,2026-01-21T00:00:00
2966,6689,2024,7,1301.34,23.0,7014.22,2024-01-07T00:00:00
2967,6001,14990,10,2964.44,22.0,23122.63,2024-04-23T00:00:00
2968,9982,8100,7,1623.55,14.0,9773.77,2023-10-29T00:00:00
2969,826,1255,7,1375.82,25.0,7223.06,2023-03-05T00:00:00
2970,11926,9912,5,2737.06,17.0,11358.8,2025-10-24T00:00:00
2971,6553,3794,10,2037.99,25.0,15284.93,2025-04-21T00:00:00
2972,5602,2717,10,1278.55,5.0,12146.22,2026-01-29T00:00:00
2973,6635,6377,1,756.74,27.0,552.42,2026-05-10T00:00:00
2974,5245,8957,2,2031.03,4.0,3899.58,2023-03-15T00:00:00
2975,1719,5000,3,710.63,18.0,1748.15,2023-09-14T00:00:00
2976,5897,1951,1,922.26,19.0,747.03,2023-07-27T00:00:00
2977,3624,5383,1,727.25,8.0,669.07,2023-01-11T00:00:00
2978,14321,2754,1,81.1,16.0,68.12,2024-05-26T00:00:00
2979,9193,4991,7,1594.06,0.0,11158.42,2024-09-26T00:00:00
2980,12058,13898,6,1945.42,16.0,9804.92,2025-02-04T00:00:00
2981,1573,12501,5,2705.85,3.0,13123.37,2025-01-27T00:00:00
2982,13853,502,2,1382.54,8.0,2543.87,2024-04-23T00:00:00
2983,1395,9035,10,2318.83,19.0,18782.52,2024-05-18T00:00:00
2984,13583,2779,3,676.49,6.0,1907.7,2024-02-10T00:00:00
2985,10292,8106,6,1900.29,14.0,9805.5,2023-08-26T00:00:00
2986,14919,1423,7,2751.69,0.0,19261.83,2023-07-25T00:00:00
2987,11545,11419,9,1666.55,12.0,13199.08,2026-03-07T00:00:00
2988,11480,2221,3,2266.26,3.0,6594.82,2024-06-25T00:00:00
2989,1377,3944,6,2087.46,15.0,10646.05,2025-02-13T00:00:00
2990,3454,12390,8,2976.71,13.0,20717.9,2025-12-13T00:00:00
2991,5949,11488,1,101.44,27.0,74.05,2025-07-21T00:00:00
2992,6120,924,8,1447.81,13.0,10076.76,2024-11-09T00:00:00
2993,9551,737,3,248.53,7.0,693.4,2023-09-03T00:00:00
2994,13597,13402,4,1765.34,22.0,5507.86,2025-03-31T00:00:00
2995,9885,10917,7,465.08,6.0,3060.23,2025-12-30T00:00:00
2996,8977,13277,1,1961.08,18.0,1608.09,2023-11-06T00:00:00
2997,7620,7387,5,2265.54,21.0,8948.88,2025-12-31T00:00:00
2998,5879,4780,4,2838.01,16.0,9535.71,2023-11-13T00:00:00
2999,11126,6751,4,2455.31,25.0,7365.93,2025-09-05T00:00:00
3000,9834,3111,7,1233.47,4.0,8288.92,2024-01-07T00:00:00
3001,13145,11499,9,2655.08,24.0,18160.75,2025-07-11T00:00:00
3002,5272,8005,4,2973.52,15.0,10109.97,2023-02-04T00:00:00
3003,12504,7308,4,1232.5,15.0,4190.5,2024-05-22T00:00:00
3004,799,2833,8,1985.18,25.0,11911.08,2024-05-06T00:00:00
3005,8383,129,3,2119.41,26.0,4705.09,2023-05-11T00:00:00
3006,964,10981,8,600.47,2.0,4707.68,2025-02-09T00:00:00
3007,14384,12948,2,2545.83,26.0,3767.83,2025-02-09T00:00:00
3008,8767,2533,5,336.72,12.0,1481.57,2023-07-28T00:00:00
3009,8021,10204,10,1869.47,1.0,18507.75,2025-02-12T00:00:00
3010,6235,14473,4,2530.21,18.0,8299.09,2026-03-08T00:00:00
3011,9447,1688,7,64.9,15.0,386.16,2025-10-23T00:00:00
3012,7293,3693,5,2048.57,3.0,9935.56,2023-12-12T00:00:00
3013,10634,4067,6,1267.47,23.0,5855.71,2026-05-17T00:00:00
3014,8741,4975,3,424.43,19.0,1031.36,2023-12-22T00:00:00
3015,9065,3103,9,1975.38,8.0,16356.15,2026-02-13T00:00:00
3016,1239,10548,6,2393.49,4.0,13786.5,2023-10-09T00:00:00
3017,9128,1146,10,2010.91,8.0,18500.37,2023-04-02T00:00:00
3018,4764,12409,2,2788.4,11.0,4963.35,2025-06-30T00:00:00
3019,10838,1553,5,862.78,14.0,3709.95,2023-07-01T00:00:00
3020,4848,8053,3,2685.59,16.0,6767.69,2026-03-26T00:00:00
3021,3458,3130,9,138.29,13.0,1082.81,2025-05-28T00:00:00
3022,2276,11806,5,1451.88,16.0,6097.9,2025-08-05T00:00:00
3023,10045,9134,4,2847.34,3.0,11047.68,2024-12-11T00:00:00
3024,4009,13180,8,2313.12,21.0,14618.92,2024-08-18T00:00:00
3025,10719,1702,3,1864.68,7.0,5202.46,2025-01-01T00:00:00
3026,3768,1557,8,1445.62,28.0,8326.77,2023-06-18T00:00:00
3027,7643,7191,6,2395.92,10.0,12937.97,2024-02-27T00:00:00
3028,10237,13784,8,1181.19,21.0,7465.12,2025-10-11T00:00:00
3029,3384,5407,2,2308.04,24.0,3508.22,2023-02-10T00:00:00
3030,8015,1435,3,893.03,7.0,2491.55,2025-10-02T00:00:00
3031,3719,2981,3,1876.43,8.0,5178.95,2023-02-02T00:00:00
3032,7112,9340,1,457.34,9.0,416.18,2024-04-23T00:00:00
3033,180,13622,5,42.9,27.0,156.59,2023-03-18T00:00:00
3034,1846,929,10,686.32,11.0,6108.25,2025-08-10T00:00:00
3035,4785,9540,9,1027.84,23.0,7122.93,2025-06-27T00:00:00
3036,9977,4204,7,1267.98,6.0,8343.31,2023-04-22T00:00:00
3037,3707,5914,2,345.0,20.0,552.0,2025-11-08T00:00:00
3038,8064,10321,1,479.26,13.0,416.96,2025-05-09T00:00:00
3039,12338,3148,9,2231.05,27.0,14658.0,2025-08-22T00:00:00
3040,8365,5503,7,913.13,20.0,5113.53,2023-10-29T00:00:00
3041,8769,1802,6,97.19,30.0,408.2,2023-08-10T00:00:00
3042,8636,3746,1,1682.66,5.0,1598.53,2025-01-08T00:00:00
3043,3781,6433,1,696.53,10.0,626.88,2025-10-17T00:00:00
3044,5607,2722,4,2962.21,11.0,10545.47,2023-12-01T00:00:00
3045,3717,2010,1,2624.13,3.0,2545.41,2024-12-28T00:00:00
3046,9649,2385,7,2190.33,9.0,13952.4,2024-02-23T00:00:00
3047,10550,3258,9,731.75,8.0,6058.89,2024-10-03T00:00:00
3048,1624,6604,6,2100.55,28.0,9074.38,2023-09-04T00:00:00
3049,9376,12816,7,2652.73,17.0,15412.36,2024-10-20T00:00:00
3050,7375,10968,3,1407.78,2.0,4138.87,2025-02-01T00:00:00
3051,8673,2976,7,1989.75,14.0,11978.3,2024-03-14T00:00:00
3052,11603,13818,2,2598.79,21.0,4106.09,2024-10-14T00:00:00
3053,11660,12524,7,710.25,0.0,4971.75,2023-07-15T00:00:00
3054,1872,11305,1,723.14,2.0,708.68,2024-04-17T00:00:00
3055,11357,13592,4,1413.69,5.0,5372.02,2023-05-18T00:00:00
3056,10207,5632,7,853.63,27.0,4362.05,2025-11-03T00:00:00
3057,6677,9784,2,1464.2,20.0,2342.72,2026-03-10T00:00:00
3058,12388,847,6,2195.98,25.0,9881.91,2024-08-22T00:00:00
3059,8026,12199,10,2612.33,8.0,24033.44,2025-02-25T00:00:00
3060,5267,12634,1,2385.7,11.0,2123.27,2024-09-16T00:00:00
3061,12362,9847,8,650.66,17.0,4320.38,2024-06-18T00:00:00
3062,3556,4525,7,369.2,15.0,2196.74,2024-03-20T00:00:00
3063,444,5252,4,152.92,29.0,434.29,2024-02-28T00:00:00
3064,2144,6078,2,1836.58,27.0,2681.41,2023-02-21T00:00:00
3065,6364,11542,10,827.27,16.0,6949.07,2025-05-04T00:00:00
3066,1791,12028,6,1219.81,8.0,6733.35,2025-02-25T00:00:00
3067,5938,4054,3,2598.36,16.0,6547.87,2024-03-30T00:00:00
3068,3603,1532,10,524.98,28.0,3779.86,2023-06-08T00:00:00
3069,4533,702,6,2898.2,29.0,12346.33,2026-05-16T00:00:00
3070,7430,4428,5,889.88,9.0,4048.95,2023-10-30T00:00:00
3071,11065,4862,10,866.71,17.0,7193.69,2023-04-18T00:00:00
3072,6155,3374,7,12.93,3.0,87.79,2023-09-02T00:00:00
3073,996,13457,7,1338.84,13.0,8153.54,2023-11-22T00:00:00
3074,2840,9713,9,2667.02,1.0,23763.15,2025-03-22T00:00:00
3075,13213,13001,7,802.73,5.0,5338.15,2023-08-17T00:00:00
3076,12863,13995,4,1092.61,7.0,4064.51,2023-08-09T00:00:00
3077,12547,9169,7,2983.17,29.0,14826.35,2025-07-08T00:00:00
3078,11702,298,3,2441.89,16.0,6153.56,2026-02-27T00:00:00
3079,2244,13529,10,2313.67,10.0,20823.03,2026-03-22T00:00:00
3080,12528,13685,6,2039.7,12.0,10769.62,2026-04-25T00:00:00
3081,54,3427,5,596.51,8.0,2743.95,2024-08-02T00:00:00
3082,14284,13964,7,2066.5,26.0,10704.47,2023-10-02T00:00:00
3083,3922,5071,5,1840.62,14.0,7914.67,2025-04-23T00:00:00
3084,8661,2418,8,1599.47,6.0,12028.01,2026-01-03T00:00:00
3085,14794,10169,4,1383.77,12.0,4870.87,2026-01-01T00:00:00
3086,13882,10448,4,1892.85,26.0,5602.84,2023-08-07T00:00:00
3087,10799,11731,1,1801.89,29.0,1279.34,2025-09-30T00:00:00
3088,13669,8963,3,1786.41,11.0,4769.71,2024-03-31T00:00:00
3089,11992,13891,1,1197.12,7.0,1113.32,2024-02-03T00:00:00
3090,9672,7807,4,642.27,4.0,2466.32,2023-12-06T00:00:00
3091,1997,2114,9,1791.88,3.0,15643.11,2026-04-15T00:00:00
3092,14127,6578,10,2711.52,19.0,21963.31,2023-09-05T00:00:00
3093,10140,7739,5,2997.42,29.0,10640.84,2023-04-24T00:00:00
3094,5410,6947,1,864.09,20.0,691.27,2024-02-02T00:00:00
3095,11125,5098,3,701.02,30.0,1472.14,2024-12-27T00:00:00
3096,9986,11674,6,1075.06,1.0,6385.86,2023-04-07T00:00:00
3097,5192,12559,10,2886.05,15.0,24531.42,2024-01-22T00:00:00
3098,11962,4475,10,1418.63,13.0,12342.08,2023-02-21T00:00:00
3099,8762,279,3,2180.61,22.0,5102.63,2024-03-23T00:00:00
3100,5668,3460,3,1265.09,22.0,2960.31,2025-08-16T00:00:00
3101,14572,12993,1,1511.78,18.0,1239.66,2024-09-02T00:00:00
3102,13128,7521,7,1805.2,3.0,12257.31,2026-01-27T00:00:00
3103,9047,11649,6,2688.75,2.0,15809.85,2025-10-26T00:00:00
3104,3138,9711,8,814.88,14.0,5606.37,2025-11-09T00:00:00
3105,13567,6009,8,103.84,26.0,614.73,2025-03-04T00:00:00
3106,10877,13220,4,2430.29,30.0,6804.81,2024-11-11T00:00:00
3107,4975,11445,2,1158.0,19.0,1875.96,2025-11-27T00:00:00
3108,3700,13284,3,2963.82,5.0,8446.89,2025-11-19T00:00:00
3109,2474,4493,6,326.62,14.0,1685.36,2024-04-13T00:00:00
3110,2990,9852,4,1383.07,19.0,4481.15,2023-04-20T00:00:00
3111,13051,4721,9,137.96,14.0,1067.81,2025-01-28T00:00:00
3112,5110,1230,7,1914.43,28.0,9648.73,2023-12-21T00:00:00
3113,6407,6374,10,108.47,22.0,846.07,2023-07-05T00:00:00
3114,1560,6944,2,181.34,18.0,297.4,2023-07-20T00:00:00
3115,4118,14720,7,1055.58,8.0,6797.94,2023-03-16T00:00:00
3116,764,8312,8,1904.43,28.0,10969.52,2023-11-08T00:00:00
3117,4396,9291,3,1450.0,17.0,3610.5,2025-03-24T00:00:00
3118,4095,736,7,1900.28,21.0,10508.55,2025-05-15T00:00:00
3119,13124,6084,3,396.11,13.0,1033.85,2023-10-13T00:00:00
3120,11386,3111,9,1536.02,25.0,10368.14,2025-04-03T00:00:00
3121,7953,7414,2,1043.47,10.0,1878.25,2024-08-21T00:00:00
3122,9413,13411,9,1656.73,16.0,12524.88,2026-03-11T00:00:00
3123,929,1334,1,1410.44,26.0,1043.73,2023-07-24T00:00:00
3124,13243,7114,8,2868.41,1.0,22717.81,2026-01-06T00:00:00
3125,5578,11709,5,1557.01,8.0,7162.25,2023-10-30T00:00:00
3126,7544,11585,5,1127.77,24.0,4285.53,2025-10-26T00:00:00
3127,11213,3442,9,1724.58,29.0,11020.07,2025-04-04T00:00:00
3128,3971,3738,1,2897.23,20.0,2317.78,2026-01-08T00:00:00
3129,3705,2135,1,755.85,5.0,718.06,2024-11-27T00:00:00
3130,4857,2774,9,1192.82,17.0,8910.37,2025-01-12T00:00:00
3131,3931,9153,1,708.21,21.0,559.49,2023-11-04T00:00:00
3132,1008,8503,4,1850.58,18.0,6069.9,2024-06-23T00:00:00
3133,1133,5292,5,784.44,20.0,3137.76,2025-09-19T00:00:00
3134,6131,4568,9,1455.33,10.0,11788.17,2023-02-02T00:00:00
3135,1937,2354,2,1069.93,19.0,1733.29,2024-06-02T00:00:00
3136,11537,10161,6,852.71,18.0,4195.33,2026-04-06T00:00:00
3137,14877,14831,10,2001.04,5.0,19009.88,2024-07-26T00:00:00
3138,12734,5886,2,152.42,9.0,277.4,2025-01-13T00:00:00
3139,12610,935,3,917.93,20.0,2203.03,2024-08-15T00:00:00
3140,3510,9831,2,2623.28,29.0,3725.06,2025-10-23T00:00:00
3141,8042,284,4,1390.27,25.0,4170.81,2024-02-21T00:00:00
3142,6081,14907,9,1559.86,9.0,12775.25,2024-05-25T00:00:00
3143,13693,9865,4,151.34,2.0,593.25,2026-02-08T00:00:00
3144,885,5683,10,1894.6,19.0,15346.26,2026-02-25T00:00:00
3145,1494,1062,7,1772.28,13.0,10793.19,2023-02-19T00:00:00
3146,4872,5727,8,998.38,24.0,6070.15,2025-09-11T00:00:00
3147,14165,7191,9,2577.78,22.0,18096.02,2023-07-06T00:00:00
3148,2243,11953,8,2360.63,13.0,16429.98,2023-12-23T00:00:00
3149,3526,11821,10,1586.37,26.0,11739.14,2025-03-28T00:00:00
3150,2124,11157,9,1103.57,29.0,7051.81,2024-09-06T00:00:00
3151,8722,14751,7,1953.0,25.0,10253.25,2025-09-13T00:00:00
3152,8720,8658,5,1361.14,17.0,5648.73,2026-02-23T00:00:00
3153,4325,5172,5,536.61,18.0,2200.1,2025-09-18T00:00:00
3154,3836,3654,6,67.24,9.0,367.13,2025-05-21T00:00:00
3155,12211,3283,10,1530.07,12.0,13464.62,2026-01-07T00:00:00
3156,1808,3001,6,1195.43,8.0,6598.77,2024-01-01T00:00:00
3157,10972,12498,4,1790.5,13.0,6230.94,2025-05-09T00:00:00
3158,9573,10786,5,2059.46,13.0,8958.65,2025-04-18T00:00:00
3159,1248,1390,6,2604.1,17.0,12968.42,2026-04-18T00:00:00
3160,4098,6284,9,2312.67,2.0,20397.75,2023-08-30T00:00:00
3161,944,14267,3,2876.43,19.0,6989.72,2026-04-12T00:00:00
3162,10921,1575,5,1682.17,29.0,5971.7,2026-02-23T00:00:00
3163,8919,8210,7,2113.4,7.0,13758.23,2023-09-21T00:00:00
3164,13562,3609,4,1445.48,5.0,5492.82,2025-10-27T00:00:00
3165,8266,6099,6,2699.07,11.0,14413.03,2024-02-20T00:00:00
3166,6051,3361,5,1343.72,27.0,4904.58,2025-12-21T00:00:00
3167,6626,2300,9,2511.7,3.0,21927.14,2023-10-25T00:00:00
3168,3341,12923,10,824.77,12.0,7257.98,2023-01-18T00:00:00
3169,11581,4838,4,1220.75,25.0,3662.25,2025-05-10T00:00:00
3170,3134,5479,5,1459.62,17.0,6057.42,2024-10-08T00:00:00
3171,1336,11747,9,173.38,1.0,1544.82,2023-12-22T00:00:00
3172,13635,8572,8,813.25,6.0,6115.64,2025-06-29T00:00:00
3173,11247,8794,2,2285.97,4.0,4389.06,2025-08-17T00:00:00
3174,1503,2522,3,1890.64,18.0,4650.97,2025-04-23T00:00:00
3175,6263,14011,9,1375.54,10.0,11141.87,2026-02-23T00:00:00
3176,2292,5327,1,2598.39,14.0,2234.62,2023-04-13T00:00:00
3177,5582,6649,5,2214.59,25.0,8304.71,2025-01-23T00:00:00
3178,4130,1054,7,981.57,5.0,6527.44,2023-03-21T00:00:00
3179,5015,13668,3,561.65,19.0,1364.81,2024-11-12T00:00:00
3180,1552,4296,3,288.33,10.0,778.49,2023-09-01T00:00:00
3181,8786,210,8,877.84,26.0,5196.81,2025-04-30T00:00:00
3182,10587,2326,3,2030.73,26.0,4508.22,2025-09-11T00:00:00
3183,12270,11825,9,2803.5,16.0,21194.46,2023-01-08T00:00:00
3184,10152,13398,7,1886.95,15.0,11227.35,2026-04-18T00:00:00
3185,3270,1617,10,927.01,24.0,7045.28,2025-05-28T00:00:00
3186,11881,5354,9,984.35,23.0,6821.55,2026-03-27T00:00:00
3187,3020,10880,8,465.94,3.0,3615.69,2024-06-01T00:00:00
3188,12565,6323,8,601.05,7.0,4471.81,2026-03-02T00:00:00
3189,3866,9587,10,51.51,20.0,412.08,2025-05-26T00:00:00
3190,5405,12790,2,1796.12,13.0,3125.25,2025-04-11T00:00:00
3191,5981,568,10,1110.23,16.0,9325.93,2023-05-30T00:00:00
3192,14214,11813,4,1037.94,9.0,3778.1,2023-02-23T00:00:00
3193,13034,12229,7,253.98,10.0,1600.07,2025-03-06T00:00:00
3194,7709,11198,8,1571.87,17.0,10437.22,2023-10-25T00:00:00
3195,5910,13064,4,2235.12,17.0,7420.6,2024-10-07T00:00:00
3196,1696,1196,2,1185.57,3.0,2300.01,2025-01-01T00:00:00
3197,11203,4817,6,709.66,5.0,4045.06,2024-10-29T00:00:00
3198,115,3423,10,1909.5,29.0,13557.45,2026-06-06T00:00:00
3199,8973,11473,1,1779.5,17.0,1476.98,2025-02-23T00:00:00
3200,12639,10241,1,145.76,25.0,109.32,2023-08-31T00:00:00
3201,1770,8050,2,1372.26,12.0,2415.18,2025-09-24T00:00:00
3202,2442,10861,10,1577.63,6.0,14829.72,2024-01-27T00:00:00
3203,4243,12117,1,1838.66,2.0,1801.89,2024-08-26T00:00:00
3204,13946,8116,4,1551.63,18.0,5089.35,2024-10-11T00:00:00
3205,10540,14493,5,2888.61,9.0,13143.18,2025-05-03T00:00:00
3206,12625,6978,3,1384.01,11.0,3695.31,2023-04-16T00:00:00
3207,3931,8823,9,131.81,4.0,1138.84,2023-06-28T00:00:00
3208,13012,11987,2,1043.28,17.0,1731.84,2025-01-27T00:00:00
3209,3873,10040,2,143.5,17.0,238.21,2024-03-09T00:00:00
3210,12792,676,3,295.82,4.0,851.96,2025-01-08T00:00:00
3211,2200,8187,6,415.22,19.0,2017.97,2023-09-11T00:00:00
3212,944,12151,7,2438.95,7.0,15877.56,2024-05-31T00:00:00
3213,13403,1586,8,1096.05,27.0,6400.93,2026-05-24T00:00:00
3214,4506,408,8,1672.05,17.0,11102.41,2025-05-25T00:00:00
3215,3763,74,8,2197.23,3.0,17050.5,2025-11-30T00:00:00
3216,4928,13908,4,1181.88,24.0,3592.92,2025-08-06T00:00:00
3217,13252,6912,2,1786.82,4.0,3430.69,2025-07-26T00:00:00
3218,10940,7922,10,1790.2,11.0,15932.78,2025-01-01T00:00:00
3219,14240,11881,10,2395.29,8.0,22036.67,2025-06-14T00:00:00
3220,3020,7307,2,1208.19,5.0,2295.56,2025-12-09T00:00:00
3221,5352,504,2,2206.89,7.0,4104.82,2026-02-11T00:00:00
3222,3095,1332,2,2587.59,15.0,4398.9,2025-06-01T00:00:00
3223,6220,12069,10,1065.06,6.0,10011.56,2023-05-13T00:00:00
3224,7060,13528,8,163.33,28.0,940.78,2026-01-07T00:00:00
3225,12475,8064,10,949.27,7.0,8828.21,2023-02-19T00:00:00
3226,4743,13048,3,2108.31,5.0,6008.68,2023-01-12T00:00:00
3227,283,11730,1,107.85,5.0,102.46,2023-05-22T00:00:00
3228,9608,3347,10,2760.08,22.0,21528.62,2024-06-29T00:00:00
3229,3690,12381,4,895.51,12.0,3152.2,2026-02-07T00:00:00
3230,13221,5403,4,1577.63,30.0,4417.36,2024-01-21T00:00:00
3231,6801,8592,3,218.2,24.0,497.5,2025-07-09T00:00:00
3232,13090,10696,10,2867.28,20.0,22938.24,2023-07-12T00:00:00
3233,8089,9045,3,2497.5,7.0,6968.02,2025-06-26T00:00:00
3234,13764,4397,5,536.97,1.0,2658.0,2024-08-14T00:00:00
3235,14059,9887,1,387.19,6.0,363.96,2023-11-19T00:00:00
3236,4717,13417,4,740.38,2.0,2902.29,2024-12-16T00:00:00
3237,14299,7889,10,2531.83,1.0,25065.12,2025-09-18T00:00:00
3238,7739,458,5,2224.12,29.0,7895.63,2025-09-09T00:00:00
3239,369,1177,8,2955.38,5.0,22460.89,2025-12-06T00:00:00
3240,8300,175,5,1678.66,13.0,7302.17,2024-07-03T00:00:00
3241,8098,2781,2,1782.54,18.0,2923.37,2025-11-13T00:00:00
3242,12800,10301,2,187.56,21.0,296.34,2023-11-23T00:00:00
3243,11166,10706,1,106.63,29.0,75.71,2023-07-11T00:00:00
3244,14451,9461,2,2355.4,12.0,4145.5,2024-09-17T00:00:00
3245,2515,8858,2,2430.98,1.0,4813.34,2024-04-15T00:00:00
3246,1194,1219,6,558.95,4.0,3219.55,2023-12-19T00:00:00
3247,14103,4591,7,2859.13,20.0,16011.13,2026-04-14T00:00:00
3248,13025,6927,5,2690.01,21.0,10625.54,2026-01-03T00:00:00
3249,8627,6726,5,2239.16,10.0,10076.22,2025-10-29T00:00:00
3250,4903,12454,8,1127.9,11.0,8030.65,2023-03-30T00:00:00
3251,479,13095,4,1836.0,28.0,5287.68,2025-07-18T00:00:00
3252,866,11169,3,1409.93,27.0,3087.75,2025-04-23T00:00:00
3253,13115,4194,3,1312.28,24.0,2992.0,2024-12-10T00:00:00
3254,5941,5534,10,2142.65,26.0,15855.61,2025-12-06T00:00:00
3255,9203,5368,6,786.86,5.0,4485.1,2025-07-15T00:00:00
3256,9275,11975,4,2476.61,18.0,8123.28,2026-02-12T00:00:00
3257,9382,14444,1,632.57,4.0,607.27,2026-04-25T00:00:00
3258,7298,8823,1,1876.1,5.0,1782.29,2024-08-05T00:00:00
3259,7002,12861,10,1635.52,21.0,12920.61,2026-01-13T00:00:00
3260,8345,7585,2,2658.24,2.0,5210.15,2023-07-29T00:00:00
3261,6642,10038,7,2182.38,21.0,12068.56,2025-11-18T00:00:00
3262,8432,14545,9,1889.82,12.0,14967.37,2024-05-15T00:00:00
3263,12007,3875,8,366.86,12.0,2582.69,2025-09-22T00:00:00
3264,4245,3486,1,2543.0,8.0,2339.56,2024-09-15T00:00:00
3265,4995,3616,1,2251.6,8.0,2071.47,2024-05-18T00:00:00
3266,13108,10732,9,2183.55,8.0,18079.79,2026-02-15T00:00:00
3267,7730,6085,3,1022.43,23.0,2361.81,2025-11-16T00:00:00
3268,9527,5935,8,1165.13,21.0,7363.62,2023-06-12T00:00:00
3269,1667,1999,1,2664.2,21.0,2104.72,2025-02-17T00:00:00
3270,8183,3058,1,2388.69,28.0,1719.86,2025-08-28T00:00:00
3271,12360,9674,9,2237.65,10.0,18124.97,2024-03-29T00:00:00
3272,10876,2769,5,1540.09,1.0,7623.45,2024-03-26T00:00:00
3273,8220,2719,5,214.24,9.0,974.79,2026-02-22T00:00:00
3274,7130,14788,9,249.06,3.0,2174.29,2023-06-22T00:00:00
3275,2206,13443,1,1713.99,2.0,1679.71,2025-11-06T00:00:00
3276,11495,9674,2,1915.28,10.0,3447.5,2025-03-22T00:00:00
3277,4622,6525,10,809.65,20.0,6477.2,2023-06-02T00:00:00
3278,12163,4668,6,2426.37,13.0,12665.65,2026-01-16T00:00:00
3279,5184,7507,6,144.04,3.0,838.31,2026-04-13T00:00:00
3280,2922,10352,10,2099.39,29.0,14905.67,2026-04-06T00:00:00
3281,12295,600,10,2191.56,28.0,15779.23,2025-05-14T00:00:00
3282,13977,11923,9,327.34,29.0,2091.7,2024-05-05T00:00:00
3283,8599,12322,3,2340.93,30.0,4915.95,2025-10-07T00:00:00
3284,9099,8486,6,2226.81,21.0,10555.08,2024-12-08T00:00:00
3285,11080,1007,2,792.4,18.0,1299.54,2024-04-29T00:00:00
3286,10198,7029,10,1013.45,4.0,9729.12,2023-07-24T00:00:00
3287,1253,12802,6,1109.92,10.0,5993.57,2024-01-11T00:00:00
3288,7996,10468,9,2072.92,9.0,16977.21,2023-02-22T00:00:00
3289,9598,4857,6,1968.65,21.0,9331.4,2026-04-23T00:00:00
3290,6319,6487,2,2754.85,29.0,3911.89,2023-01-19T00:00:00
3291,1005,1167,7,312.75,11.0,1948.43,2024-03-01T00:00:00
3292,9460,6705,5,496.43,3.0,2407.69,2026-04-20T00:00:00
3293,3279,7524,4,1429.89,2.0,5605.17,2026-04-26T00:00:00
3294,1377,13047,3,1911.06,29.0,4070.56,2025-07-31T00:00:00
3295,12921,3010,10,477.7,7.0,4442.61,2026-04-16T00:00:00
3296,7692,6313,1,404.36,11.0,359.88,2024-04-09T00:00:00
3297,7061,13412,5,1821.53,18.0,7468.27,2026-05-23T00:00:00
3298,1283,7854,4,1915.43,17.0,6359.23,2025-03-19T00:00:00
3299,10464,4743,8,2574.59,6.0,19360.92,2023-05-06T00:00:00
3300,13419,8362,6,1972.53,8.0,10888.37,2024-03-06T00:00:00
3301,14047,12508,8,2763.9,28.0,15920.06,2024-09-16T00:00:00
3302,10491,14682,10,2055.49,20.0,16443.92,2023-04-15T00:00:00
3303,3634,5251,6,423.7,27.0,1855.81,2025-01-19T00:00:00
3304,6795,5999,6,366.06,11.0,1954.76,2025-07-11T00:00:00
3305,11158,4186,2,2953.46,27.0,4312.05,2025-11-24T00:00:00
3306,4673,3337,3,330.98,8.0,913.5,2025-04-04T00:00:00
3307,5221,9534,9,1243.44,22.0,8728.95,2024-09-04T00:00:00
3308,8504,2405,3,2470.38,18.0,6077.13,2025-01-25T00:00:00
3309,3109,5314,8,297.9,5.0,2264.04,2024-02-27T00:00:00
3310,7218,12798,3,2840.27,22.0,6646.23,2023-11-05T00:00:00
3311,8488,8453,9,462.21,11.0,3702.3,2024-10-29T00:00:00
3312,5466,9640,3,2808.9,11.0,7499.76,2023-07-02T00:00:00
3313,6924,915,3,1795.1,9.0,4900.62,2025-12-30T00:00:00
3314,11112,12972,8,1989.92,15.0,13531.46,2023-05-07T00:00:00
3315,5697,10492,5,1450.04,19.0,5872.66,2025-12-07T00:00:00
3316,4192,5573,1,687.25,13.0,597.91,2023-05-07T00:00:00
3317,11419,8415,5,2322.4,16.0,9754.08,2025-08-16T00:00:00
3318,6227,10354,3,2457.1,25.0,5528.47,2025-01-22T00:00:00
3319,5702,8121,8,2035.86,7.0,15146.8,2025-09-27T00:00:00
3320,9258,34,4,2135.22,22.0,6661.89,2023-04-03T00:00:00
3321,14502,12742,8,1615.8,28.0,9307.01,2026-02-24T00:00:00
3322,5692,9134,10,1017.62,21.0,8039.2,2026-02-14T00:00:00
3323,12125,11429,6,914.78,5.0,5214.25,2025-09-03T00:00:00
3324,4927,9984,8,2815.27,3.0,21846.5,2023-05-18T00:00:00
3325,13400,11192,2,505.11,8.0,929.4,2023-10-09T00:00:00
3326,11187,11008,2,1515.7,4.0,2910.14,2025-05-17T00:00:00
3327,12533,5780,5,665.93,17.0,2763.61,2023-11-05T00:00:00
3328,1620,6584,9,1959.74,25.0,13228.24,2023-06-09T00:00:00
3329,11521,3852,6,1404.82,4.0,8091.76,2025-07-02T00:00:00
3330,4207,7305,10,194.38,17.0,1613.35,2023-12-13T00:00:00
3331,8934,5664,1,1498.1,20.0,1198.48,2023-02-21T00:00:00
3332,7911,5784,5,2707.17,16.0,11370.11,2024-06-27T00:00:00
3333,8532,1201,7,2972.05,18.0,17059.57,2025-12-27T00:00:00
3334,8365,9136,2,2830.02,9.0,5150.64,2024-08-06T00:00:00
3335,4027,13375,6,686.64,4.0,3955.05,2026-04-13T00:00:00
3336,5830,6351,7,2747.56,15.0,16347.98,2025-12-26T00:00:00
3337,1755,1175,4,2691.43,17.0,8935.55,2025-08-22T00:00:00
3338,12875,1989,7,2067.58,11.0,12881.02,2025-05-11T00:00:00
3339,11189,11412,10,116.26,21.0,918.45,2025-11-15T00:00:00
3340,1408,8788,6,912.72,21.0,4326.29,2024-10-24T00:00:00
3341,1495,7098,1,2220.23,3.0,2153.62,2023-04-17T00:00:00
3342,4283,345,8,1193.98,12.0,8405.62,2023-06-28T00:00:00
3343,6317,3212,6,455.93,2.0,2680.87,2023-09-20T00:00:00
3344,8846,5915,4,1401.53,4.0,5381.88,2025-03-04T00:00:00
3345,7462,12135,3,359.11,6.0,1012.69,2024-03-15T00:00:00
3346,869,12641,8,2083.47,4.0,16001.05,2025-10-24T00:00:00
3347,8827,11444,9,970.6,9.0,7949.21,2025-02-07T00:00:00
3348,7750,9781,10,1212.12,9.0,11030.29,2023-08-30T00:00:00
3349,7978,13978,7,67.77,13.0,412.72,2023-04-01T00:00:00
3350,4221,9428,5,1397.47,20.0,5589.88,2024-09-25T00:00:00
3351,6647,11497,8,2244.43,2.0,17596.33,2023-07-19T00:00:00
3352,7993,4716,1,510.03,23.0,392.72,2023-07-11T00:00:00
3353,6161,8723,4,2065.67,23.0,6362.26,2024-03-11T00:00:00
3354,1824,2944,2,2488.39,20.0,3981.42,2024-09-12T00:00:00
3355,12502,14950,9,2242.78,25.0,15138.76,2024-06-11T00:00:00
3356,9907,4409,1,1268.98,16.0,1065.94,2025-06-13T00:00:00
3357,7820,12212,3,448.94,18.0,1104.39,2025-03-08T00:00:00
3358,9765,2321,7,801.86,6.0,5276.24,2023-08-06T00:00:00
3359,7039,3074,1,2295.71,10.0,2066.14,2023-12-10T00:00:00
3360,5566,5328,10,562.84,26.0,4165.02,2024-09-30T00:00:00
3361,12574,12973,3,478.97,23.0,1106.42,2023-08-07T00:00:00
3362,1681,2073,10,1531.22,21.0,12096.64,2025-05-31T00:00:00
3363,10268,1243,6,2467.21,13.0,12878.84,2025-05-18T00:00:00
3364,1141,7469,9,2996.65,25.0,20227.39,2024-06-10T00:00:00
3365,3917,2463,2,801.84,2.0,1571.61,2024-10-17T00:00:00
3366,5411,6671,5,1829.11,17.0,7590.81,2023-02-01T00:00:00
3367,12499,5728,9,1388.79,25.0,9374.33,2023-09-17T00:00:00
3368,3396,7186,5,1819.59,29.0,6459.54,2025-10-25T00:00:00
3369,6215,13771,10,2283.92,14.0,19641.71,2024-06-29T00:00:00
3370,12270,13369,1,2497.39,25.0,1873.04,2023-05-02T00:00:00
3371,10903,13187,9,667.34,9.0,5465.51,2024-07-19T00:00:00
3372,10135,14644,2,534.23,29.0,758.61,2025-07-01T00:00:00
3373,3511,9063,7,37.0,24.0,196.84,2025-06-20T00:00:00
3374,11628,9319,7,751.14,18.0,4311.54,2024-02-19T00:00:00
3375,8188,2963,9,2428.27,17.0,18139.18,2025-04-26T00:00:00
3376,9899,11060,7,1012.86,4.0,6806.42,2025-12-03T00:00:00
3377,7800,4013,5,2480.3,19.0,10045.22,2023-07-25T00:00:00
3378,9287,619,1,343.46,26.0,254.16,2025-09-05T00:00:00
3379,6733,10105,9,1122.8,19.0,8185.21,2024-03-10T00:00:00
3380,5472,4432,4,750.62,4.0,2882.38,2025-04-02T00:00:00
3381,7817,3167,3,268.11,25.0,603.25,2026-03-27T00:00:00
3382,7506,13738,5,2195.04,17.0,9109.42,2023-09-11T00:00:00
3383,2082,13974,5,586.58,27.0,2141.02,2023-07-18T00:00:00
3384,221,1416,4,692.34,3.0,2686.28,2025-06-25T00:00:00
3385,7587,6156,7,762.88,13.0,4645.94,2023-03-26T00:00:00
3386,11419,9151,4,514.4,14.0,1769.54,2025-05-24T00:00:00
3387,14045,5796,4,2878.58,10.0,10362.89,2026-02-11T00:00:00
3388,10076,14631,4,1491.27,1.0,5905.43,2025-02-02T00:00:00
3389,10560,5581,5,1481.83,22.0,5779.14,2023-09-22T00:00:00
3390,7813,9670,1,1130.33,4.0,1085.12,2025-08-16T00:00:00
3391,13743,2703,1,1077.67,17.0,894.47,2024-02-02T00:00:00
3392,9178,13737,8,1336.74,10.0,9624.53,2024-03-05T00:00:00
3393,14701,8407,5,61.66,15.0,262.05,2026-03-18T00:00:00
3394,12246,2702,8,2233.95,9.0,16263.16,2025-09-27T00:00:00
3395,2662,9793,3,860.03,9.0,2347.88,2023-02-23T00:00:00
3396,2901,8085,6,1601.99,18.0,7881.79,2024-02-26T00:00:00
3397,1143,2878,2,47.61,22.0,74.27,2023-08-07T00:00:00
3398,5128,5422,1,129.61,2.0,127.02,2026-03-06T00:00:00
3399,6027,13225,8,1033.69,2.0,8104.13,2026-03-23T00:00:00
3400,14945,2393,6,2213.43,27.0,9694.82,2026-01-25T00:00:00
3401,11546,8113,8,491.46,18.0,3223.98,2024-08-17T00:00:00
3402,2175,639,4,54.6,10.0,196.56,2025-11-09T00:00:00
3403,5844,14651,1,2623.78,19.0,2125.26,2025-02-18T00:00:00
3404,10526,6420,2,2923.64,10.0,5262.55,2023-10-15T00:00:00
3405,11074,4859,2,712.17,21.0,1125.23,2024-04-13T00:00:00
3406,2816,6273,3,1512.57,6.0,4265.45,2025-09-13T00:00:00
3407,11633,553,2,413.29,9.0,752.19,2024-05-22T00:00:00
3408,9420,8119,10,1794.77,22.0,13999.21,2025-04-11T00:00:00
3409,8906,11947,7,2990.56,24.0,15909.78,2023-07-26T00:00:00
3410,11614,3406,8,2195.88,15.0,14931.98,2023-02-27T00:00:00
3411,5580,2542,3,53.56,8.0,147.83,2025-06-16T00:00:00
3412,8302,6464,5,50.94,17.0,211.4,2025-10-20T00:00:00
3413,14889,2038,10,2301.07,8.0,21169.84,2023-08-11T00:00:00
3414,2018,39,9,1464.84,17.0,10942.35,2024-08-11T00:00:00
3415,797,8739,9,2907.85,8.0,24077.0,2023-08-09T00:00:00
3416,11013,11902,10,1237.37,10.0,11136.33,2026-05-18T00:00:00
3417,2082,12535,3,792.93,23.0,1831.67,2025-08-03T00:00:00
3418,5635,8634,6,849.56,27.0,3721.07,2023-12-11T00:00:00
3419,10885,9509,5,2227.05,6.0,10467.14,2024-07-29T00:00:00
3420,8655,12439,5,2657.34,17.0,11027.96,2023-12-25T00:00:00
3421,255,2276,5,1954.48,18.0,8013.37,2024-12-29T00:00:00
3422,861,7940,5,2894.07,9.0,13168.02,2025-12-18T00:00:00
3423,728,7002,9,1857.77,25.0,12539.95,2024-08-07T00:00:00
3424,6922,13492,1,246.11,27.0,179.66,2024-02-13T00:00:00
3425,5212,5433,4,1216.01,4.0,4669.48,2024-02-27T00:00:00
3426,5832,10095,3,1849.59,16.0,4660.97,2024-06-29T00:00:00
3427,2721,4460,2,905.17,9.0,1647.41,2025-04-19T00:00:00
3428,7904,11350,1,2063.41,1.0,2042.78,2023-11-17T00:00:00
3429,14540,12357,2,219.98,19.0,356.37,2025-03-16T00:00:00
3430,968,3060,10,2958.63,12.0,26035.94,2025-07-05T00:00:00
3431,12793,533,8,2353.86,5.0,17889.34,2025-04-04T00:00:00
3432,6784,3589,9,1258.9,0.0,11330.1,2023-05-24T00:00:00
3433,10342,6182,5,41.02,11.0,182.54,2023-02-24T00:00:00
3434,8339,3369,10,2347.83,28.0,16904.38,2023-05-05T00:00:00
3435,5207,11495,7,1832.74,2.0,12572.6,2024-11-29T00:00:00
3436,14592,4316,5,1065.82,9.0,4849.48,2026-01-12T00:00:00
3437,7112,14062,7,1666.37,15.0,9914.9,2024-12-25T00:00:00
3438,9869,7999,8,860.34,17.0,5712.66,2025-07-13T00:00:00
3439,14937,11,7,211.24,3.0,1434.32,2025-10-29T00:00:00
3440,10658,10293,9,2063.11,8.0,17082.55,2025-12-02T00:00:00
3441,10898,14434,2,1641.38,1.0,3249.93,2023-11-09T00:00:00
3442,7060,8847,9,1308.47,10.0,10598.61,2025-01-06T00:00:00
3443,13935,690,5,1755.28,22.0,6845.59,2024-10-13T00:00:00
3444,11218,12895,10,872.05,9.0,7935.66,2025-09-30T00:00:00
3445,9223,13762,2,2763.3,26.0,4089.68,2026-05-09T00:00:00
3446,4465,7893,7,2869.95,6.0,18884.27,2025-09-22T00:00:00
3447,13260,1419,9,281.44,16.0,2127.69,2024-03-27T00:00:00
3448,2959,1102,2,1867.55,27.0,2726.62,2025-07-01T00:00:00
3449,11662,12443,2,1492.82,22.0,2328.8,2025-02-01T00:00:00
3450,2661,4292,7,2757.43,14.0,16599.73,2024-08-04T00:00:00
3451,12470,12417,4,1439.3,27.0,4202.76,2025-09-01T00:00:00
3452,14399,11708,9,93.07,11.0,745.49,2026-05-01T00:00:00
3453,2583,1191,6,1646.21,26.0,7309.17,2024-01-11T00:00:00
3454,13424,780,1,81.19,5.0,77.13,2023-01-07T00:00:00
3455,9700,11330,1,1620.27,4.0,1555.46,2025-11-01T00:00:00
3456,12985,3633,9,2709.63,15.0,20728.67,2023-11-21T00:00:00
3457,14176,10338,5,2093.33,3.0,10152.65,2023-05-29T00:00:00
3458,6106,10481,1,1037.85,13.0,902.93,2026-04-24T00:00:00
3459,8650,7198,4,649.9,2.0,2547.61,2025-09-07T00:00:00
3460,8624,8694,3,2556.36,12.0,6748.79,2024-01-08T00:00:00
3461,14409,9949,5,2269.85,26.0,8398.44,2023-08-05T00:00:00
3462,4565,4051,10,1199.92,16.0,10079.33,2024-01-15T00:00:00
3463,9832,3046,5,1141.03,22.0,4450.02,2024-11-20T00:00:00
3464,319,10772,4,1164.18,4.0,4470.45,2023-11-18T00:00:00
3465,2987,849,9,2908.95,28.0,18850.0,2024-05-15T00:00:00
3466,9644,4657,3,1742.07,5.0,4964.9,2026-05-10T00:00:00
3467,1988,14294,9,681.0,18.0,5025.78,2024-12-25T00:00:00
3468,5565,10974,8,2182.7,17.0,14493.13,2025-11-06T00:00:00
3469,12960,4759,8,2238.24,15.0,15220.03,2024-06-20T00:00:00
3470,1802,11152,4,1050.3,12.0,3697.06,2024-11-18T00:00:00
3471,5619,1143,7,141.73,11.0,882.98,2025-10-18T00:00:00
3472,9028,7075,4,762.1,5.0,2895.98,2025-04-10T00:00:00
3473,3708,3379,3,848.91,2.0,2495.8,2024-07-21T00:00:00
3474,9010,3843,8,2207.08,8.0,16244.11,2024-06-20T00:00:00
3475,537,8315,6,1826.21,15.0,9313.67,2024-03-19T00:00:00
3476,11481,4153,7,1217.29,21.0,6731.61,2025-05-02T00:00:00
3477,9298,1966,5,388.8,8.0,1788.48,2023-03-05T00:00:00
3478,772,998,7,426.07,13.0,2594.77,2025-10-08T00:00:00
3479,6479,14835,2,430.66,7.0,801.03,2023-02-14T00:00:00
3480,2320,2977,3,1812.48,22.0,4241.2,2024-05-28T00:00:00
3481,6300,1680,8,2932.04,29.0,16653.99,2024-10-21T00:00:00
3482,12595,417,10,1333.54,16.0,11201.74,2025-06-27T00:00:00
3483,6973,10835,1,2712.74,2.0,2658.49,2024-06-11T00:00:00
3484,11066,2150,9,352.39,27.0,2315.2,2023-05-19T00:00:00
3485,846,9658,3,1138.41,17.0,2834.64,2026-05-25T00:00:00
3486,295,4045,10,164.01,4.0,1574.5,2023-05-02T00:00:00
3487,432,1747,7,1150.08,12.0,7084.49,2025-05-09T00:00:00
3488,7580,1956,6,2769.81,26.0,12297.96,2024-01-22T00:00:00
3489,14071,1063,5,1922.74,26.0,7114.14,2024-12-03T00:00:00
3490,451,10053,2,2071.02,18.0,3396.47,2023-04-01T00:00:00
3491,3262,154,8,635.09,26.0,3759.73,2024-01-13T00:00:00
3492,13207,3050,5,1228.59,2.0,6020.09,2025-11-19T00:00:00
3493,8635,1528,7,137.97,22.0,753.32,2023-03-30T00:00:00
3494,6814,7143,1,958.57,13.0,833.96,2025-01-31T00:00:00
3495,4767,3472,7,1967.7,26.0,10192.69,2026-03-20T00:00:00
3496,7952,8731,3,2263.87,22.0,5297.46,2023-08-22T00:00:00
3497,8607,14529,3,1559.22,1.0,4630.88,2025-11-07T00:00:00
3498,4927,7398,8,1138.99,6.0,8565.2,2023-11-05T00:00:00
3499,298,8871,7,2423.09,21.0,13399.69,2025-12-28T00:00:00
3500,7189,1032,1,1396.85,4.0,1340.98,2023-05-30T00:00:00
3501,1037,2083,2,849.8,19.0,1376.68,2024-08-28T00:00:00
3502,12850,13853,9,376.0,14.0,2910.24,2026-03-27T00:00:00
3503,13672,5187,7,310.7,7.0,2022.66,2025-11-09T00:00:00
3504,6362,14340,3,931.37,5.0,2654.4,2026-02-27T00:00:00
3505,4412,8736,3,2249.12,20.0,5397.89,2024-12-13T00:00:00
3506,13132,13994,2,2025.87,26.0,2998.29,2023-01-17T00:00:00
3507,11917,14770,9,1652.11,4.0,14274.23,2024-08-15T00:00:00
3508,11713,5313,10,1290.8,14.0,11100.88,2024-04-20T00:00:00
3509,4695,14957,2,1535.99,4.0,2949.1,2024-05-05T00:00:00
3510,9735,12760,7,1987.43,13.0,12103.45,2024-12-02T00:00:00
3511,4853,8036,1,2150.16,14.0,1849.14,2026-06-08T00:00:00
3512,692,8715,5,581.7,25.0,2181.38,2024-12-29T00:00:00
3513,10639,9052,1,1305.25,27.0,952.83,2024-10-27T00:00:00
3514,4330,3302,5,1150.91,1.0,5697.0,2026-06-01T00:00:00
3515,3155,13378,8,626.04,16.0,4206.99,2025-10-20T00:00:00
3516,14040,10926,2,1693.04,3.0,3284.5,2025-08-08T00:00:00
3517,1877,10060,3,2997.96,28.0,6475.59,2023-03-10T00:00:00
3518,7715,6835,1,2087.39,28.0,1502.92,2024-11-27T00:00:00
3519,13362,11068,10,1288.45,2.0,12626.81,2024-11-05T00:00:00
3520,7667,12670,3,2268.99,11.0,6058.2,2025-02-19T00:00:00
3521,5615,8360,8,2178.22,15.0,14811.9,2026-01-20T00:00:00
3522,7039,930,9,2539.96,11.0,20345.08,2024-07-17T00:00:00
3523,3875,8492,8,669.53,28.0,3856.49,2023-04-09T00:00:00
3524,2618,5530,7,259.41,2.0,1779.55,2023-04-24T00:00:00
3525,296,1649,10,880.53,18.0,7220.35,2025-12-06T00:00:00
3526,13020,10437,7,1000.62,4.0,6724.17,2024-10-02T00:00:00
3527,1047,3430,10,2261.89,24.0,17190.36,2023-06-10T00:00:00
3528,11485,1997,3,880.26,13.0,2297.48,2025-09-21T00:00:00
3529,6708,1129,5,1288.28,15.0,5475.19,2023-07-27T00:00:00
3530,5120,2889,8,2308.02,12.0,16248.46,2024-03-09T00:00:00
3531,1071,13413,9,580.97,28.0,3764.69,2024-08-25T00:00:00
3532,10184,5439,9,2906.83,2.0,25638.24,2023-07-08T00:00:00
3533,10134,7892,8,823.45,12.0,5797.09,2024-05-18T00:00:00
3534,13111,5055,2,801.19,26.0,1185.76,2024-10-22T00:00:00
3535,12243,6546,8,1145.2,13.0,7970.59,2026-06-04T00:00:00
3536,2216,1069,4,2212.1,25.0,6636.3,2026-04-14T00:00:00
3537,8433,2301,3,2829.51,29.0,6026.86,2024-10-05T00:00:00
3538,13801,9428,7,2980.13,20.0,16688.73,2025-08-29T00:00:00
3539,1362,10151,9,2328.11,11.0,18648.16,2023-12-11T00:00:00
3540,7950,4121,1,726.68,0.0,726.68,2024-12-29T00:00:00
3541,11167,3323,4,2094.14,22.0,6533.72,2026-02-27T00:00:00
3542,6717,8141,1,1956.65,3.0,1897.95,2024-08-13T00:00:00
3543,2336,7828,4,2827.98,28.0,8144.58,2023-08-26T00:00:00
3544,2353,982,5,2516.54,16.0,10569.47,2023-07-29T00:00:00
3545,869,7834,3,1272.26,0.0,3816.78,2025-07-23T00:00:00
3546,5362,2768,1,257.01,2.0,251.87,2025-09-22T00:00:00
3547,10430,13001,2,2806.15,9.0,5107.19,2024-08-20T00:00:00
3548,12435,3055,4,1990.46,5.0,7563.75,2023-11-23T00:00:00
3549,2388,10171,4,192.78,3.0,747.99,2026-05-02T00:00:00
3550,11141,12143,8,1273.21,1.0,10083.82,2025-11-08T00:00:00
3551,10203,9704,1,923.99,5.0,877.79,2025-01-02T00:00:00
3552,13001,11955,5,2103.75,0.0,10518.75,2024-06-05T00:00:00
3553,1856,14178,1,1533.87,1.0,1518.53,2025-07-08T00:00:00
3554,1532,5083,8,2642.37,4.0,20293.4,2023-04-07T00:00:00
3555,9227,1444,5,1587.49,11.0,7064.33,2025-01-24T00:00:00
3556,14283,5681,9,2983.5,24.0,20407.14,2025-06-18T00:00:00
3557,9989,10611,9,2903.09,9.0,23776.31,2025-08-17T00:00:00
3558,9843,7125,1,2003.5,4.0,1923.36,2024-03-20T00:00:00
3559,6226,2337,1,2467.88,20.0,1974.3,2024-05-26T00:00:00
3560,12200,1437,9,2990.47,9.0,24491.95,2024-08-25T00:00:00
3561,5451,1714,8,2751.92,11.0,19593.67,2025-03-21T00:00:00
3562,655,2716,10,1241.44,1.0,12290.26,2023-12-01T00:00:00
3563,13259,724,4,2108.29,3.0,8180.17,2025-11-10T00:00:00
3564,14993,13187,10,501.74,30.0,3512.18,2023-01-17T00:00:00
3565,12489,1254,9,1594.03,3.0,13915.88,2023-09-14T00:00:00
3566,8237,14803,1,1753.07,18.0,1437.52,2023-12-30T00:00:00
3567,5371,13371,5,2290.98,19.0,9278.47,2025-12-02T00:00:00
3568,9969,2231,7,2946.4,13.0,17943.58,2024-10-12T00:00:00
3569,12011,816,8,364.74,22.0,2275.98,2026-02-25T00:00:00
3570,11210,5477,7,278.34,17.0,1617.16,2023-01-29T00:00:00
3571,12265,10053,2,1509.83,28.0,2174.16,2023-11-08T00:00:00
3572,1946,3188,10,966.97,28.0,6962.18,2023-11-22T00:00:00
3573,7701,11297,6,2297.81,27.0,10064.41,2023-03-04T00:00:00
3574,10181,11332,7,210.52,29.0,1046.28,2026-02-14T00:00:00
3575,1341,2391,2,1111.97,6.0,2090.5,2025-06-11T00:00:00
3576,1673,9332,1,885.85,22.0,690.96,2025-12-03T00:00:00
3577,1862,4125,2,2486.45,24.0,3779.4,2025-03-21T00:00:00
3578,512,14474,5,1111.45,5.0,5279.39,2024-07-11T00:00:00
3579,2837,13364,4,1843.41,14.0,6341.33,2026-04-28T00:00:00
3580,12587,1854,3,2315.24,24.0,5278.75,2025-11-26T00:00:00
3581,1886,10231,8,975.16,12.0,6865.13,2023-12-09T00:00:00
3582,7232,1396,10,348.94,13.0,3035.78,2024-07-19T00:00:00
3583,7357,14626,3,1352.92,16.0,3409.36,2024-10-11T00:00:00
3584,11952,1849,1,1695.71,4.0,1627.88,2023-03-03T00:00:00
3585,5641,13318,2,889.03,25.0,1333.55,2023-11-24T00:00:00
3586,435,12040,9,2020.13,30.0,12726.82,2025-02-20T00:00:00
3587,3603,10530,8,2691.5,11.0,19163.48,2025-11-13T00:00:00
3588,11958,9901,9,2891.47,27.0,18996.96,2026-04-11T00:00:00
3589,682,7194,1,2480.6,15.0,2108.51,2024-06-18T00:00:00
3590,692,9948,3,334.76,25.0,753.21,2026-02-03T00:00:00
3591,4300,4081,8,2791.07,3.0,21658.7,2024-08-30T00:00:00
3592,2355,13672,6,684.26,11.0,3653.95,2026-04-13T00:00:00
3593,4868,4561,7,2689.17,17.0,15624.08,2025-04-29T00:00:00
3594,3231,5773,2,219.17,23.0,337.52,2023-03-18T00:00:00
3595,5107,3208,10,939.46,24.0,7139.9,2026-04-15T00:00:00
3596,397,12551,3,48.19,7.0,134.45,2025-09-02T00:00:00
3597,2087,3512,10,1341.37,19.0,10865.1,2025-09-21T00:00:00
3598,3762,13989,3,1157.8,7.0,3230.26,2023-09-09T00:00:00
3599,429,3930,4,2907.52,10.0,10467.07,2024-06-21T00:00:00
3600,5075,13557,5,2608.76,14.0,11217.67,2023-08-08T00:00:00
3601,4440,1046,4,2114.42,9.0,7696.49,2026-02-18T00:00:00
3602,1120,10141,6,1492.22,20.0,7162.66,2026-01-23T00:00:00
3603,343,5895,6,2327.19,1.0,13823.51,2026-06-08T00:00:00
3604,3573,4529,7,150.24,23.0,809.79,2024-07-18T00:00:00
3605,9540,11262,2,2645.18,26.0,3914.87,2026-02-23T00:00:00
3606,13329,8167,2,216.03,15.0,367.25,2024-01-26T00:00:00
3607,3651,8537,7,1316.37,25.0,6910.94,2023-08-16T00:00:00
3608,10076,5598,8,1855.74,6.0,13955.16,2024-08-23T00:00:00
3609,2880,14644,5,2317.45,19.0,9385.67,2024-12-01T00:00:00
3610,6717,3031,4,1590.47,12.0,5598.45,2023-03-21T00:00:00
3611,11688,2944,10,673.97,23.0,5189.57,2025-09-14T00:00:00
3612,14549,12534,2,107.11,8.0,197.08,2024-06-24T00:00:00
3613,12510,7564,3,59.68,27.0,130.7,2025-08-02T00:00:00
3614,46,10895,5,813.2,14.0,3496.76,2024-07-17T00:00:00
3615,7981,13011,2,1813.01,9.0,3299.68,2024-12-07T00:00:00
3616,5372,14900,9,514.44,23.0,3565.07,2025-04-23T00:00:00
3617,12659,4660,4,2833.39,29.0,8046.83,2026-01-10T00:00:00
3618,12018,6549,10,1508.53,25.0,11313.97,2025-04-27T00:00:00
3619,7513,7073,6,2277.42,27.0,9975.1,2023-09-02T00:00:00
3620,2887,5445,7,1314.63,27.0,6717.76,2024-06-12T00:00:00
3621,10859,9463,7,1312.71,0.0,9188.97,2023-12-22T00:00:00
3622,4483,5540,3,30.11,14.0,77.68,2026-05-11T00:00:00
3623,10777,8659,7,1556.4,18.0,8933.74,2026-04-09T00:00:00
3624,9514,7754,9,531.33,26.0,3538.66,2025-07-06T00:00:00
3625,13813,12968,7,623.6,5.0,4146.94,2025-09-01T00:00:00
3626,5175,13202,9,906.82,0.0,8161.38,2023-10-23T00:00:00
3627,11187,13560,3,1341.7,3.0,3904.35,2024-04-09T00:00:00
3628,11964,10999,3,2142.63,20.0,5142.31,2025-09-07T00:00:00
3629,1396,8912,10,177.38,5.0,1685.11,2025-08-09T00:00:00
3630,11487,11290,2,802.08,25.0,1203.12,2026-04-13T00:00:00
3631,6564,5910,6,2893.13,6.0,16317.25,2025-05-01T00:00:00
3632,6600,12047,7,2273.27,12.0,14003.34,2025-06-14T00:00:00
3633,11575,14891,7,2561.17,22.0,13983.99,2025-01-06T00:00:00
3634,12095,11349,7,1677.86,29.0,8338.96,2024-11-14T00:00:00
3635,14104,14325,5,965.27,16.0,4054.13,2023-02-21T00:00:00
3636,6524,6242,7,2763.16,11.0,17214.49,2025-06-18T00:00:00
3637,2289,5746,6,84.43,29.0,359.67,2025-06-30T00:00:00
3638,9707,1176,1,49.24,21.0,38.9,2025-02-17T00:00:00
3639,5659,7956,2,2681.59,25.0,4022.39,2024-08-12T00:00:00
3640,10460,14565,1,2786.07,29.0,1978.11,2026-06-10T00:00:00
3641,10110,10988,5,1710.85,4.0,8212.08,2024-06-29T00:00:00
3642,6682,13245,3,925.02,6.0,2608.56,2025-12-05T00:00:00
3643,10807,7357,10,255.44,29.0,1813.62,2025-03-02T00:00:00
3644,10934,8292,4,905.33,5.0,3440.25,2023-08-23T00:00:00
3645,4444,10016,7,1551.33,16.0,9121.82,2026-01-02T00:00:00
3646,810,8959,1,335.31,13.0,291.72,2023-08-07T00:00:00
3647,4635,7022,5,1616.98,27.0,5901.98,2025-11-02T00:00:00
3648,2823,8079,8,1529.1,22.0,9541.58,2024-12-09T00:00:00
3649,8767,12093,2,2434.99,28.0,3506.39,2024-10-20T00:00:00
3650,6189,6958,6,302.86,19.0,1471.9,2026-01-24T00:00:00
3651,4273,2863,1,1588.35,8.0,1461.28,2025-12-12T00:00:00
3652,4964,5875,2,1903.78,9.0,3464.88,2023-03-15T00:00:00
3653,3317,8415,6,655.61,2.0,3854.99,2024-12-05T00:00:00
3654,14475,11236,10,1160.75,12.0,10214.6,2023-09-04T00:00:00
3655,529,3784,4,974.32,0.0,3897.28,2024-12-07T00:00:00
3656,2065,13782,9,1393.44,8.0,11537.68,2025-12-14T00:00:00
3657,11529,13955,9,2752.09,26.0,18328.92,2025-05-09T00:00:00
3658,13473,5208,1,1557.96,11.0,1386.58,2026-01-18T00:00:00
3659,8821,10471,10,2870.37,7.0,26694.44,2026-02-14T00:00:00
3660,5394,9029,10,1403.36,6.0,13191.58,2025-01-27T00:00:00
3661,8063,5338,8,2230.82,7.0,16597.3,2024-03-07T00:00:00
3662,9304,5713,2,1817.44,29.0,2580.76,2023-04-20T00:00:00
3663,9496,5964,9,1118.21,20.0,8051.11,2025-04-11T00:00:00
3664,11897,11214,7,2596.76,4.0,17450.23,2023-08-05T00:00:00
3665,11131,12890,6,1685.03,1.0,10009.08,2023-12-03T00:00:00
3666,1329,1839,5,53.06,22.0,206.93,2024-12-02T00:00:00
3667,953,6240,3,1785.87,2.0,5250.46,2023-01-01T00:00:00
3668,254,11075,3,2871.51,15.0,7322.35,2023-08-15T00:00:00
3669,11322,12247,7,600.91,23.0,3238.9,2026-01-01T00:00:00
3670,3886,11257,7,2575.67,16.0,15144.94,2024-03-09T00:00:00
3671,2232,12976,2,2423.98,13.0,4217.73,2024-06-10T00:00:00
3672,2806,5564,1,1235.58,8.0,1136.73,2025-09-26T00:00:00
3673,141,8346,1,475.46,28.0,342.33,2023-01-17T00:00:00
3674,14329,283,6,2123.6,15.0,10830.36,2024-12-15T00:00:00
3675,12944,1521,1,912.98,1.0,903.85,2023-05-11T00:00:00
3676,7619,3850,4,2756.44,12.0,9702.67,2025-01-31T00:00:00
3677,5629,8166,2,107.18,1.0,212.22,2025-03-29T00:00:00
3678,1716,13405,2,989.9,19.0,1603.64,2025-04-10T00:00:00
3679,2766,278,6,2454.32,18.0,12075.25,2023-12-20T00:00:00
3680,8135,6953,1,2400.84,11.0,2136.75,2025-05-02T00:00:00
3681,9468,12931,1,283.62,29.0,201.37,2026-05-17T00:00:00
3682,10077,11537,3,884.3,25.0,1989.67,2025-03-01T00:00:00
3683,9375,13877,8,1575.54,18.0,10335.54,2023-09-09T00:00:00
3684,14309,4757,2,2279.02,17.0,3783.17,2025-03-14T00:00:00
3685,1446,2946,5,491.4,6.0,2309.58,2024-07-22T00:00:00
3686,11173,10777,2,2318.01,3.0,4496.94,2024-01-22T00:00:00
3687,3183,3468,6,211.25,24.0,963.3,2024-05-25T00:00:00
3688,12369,7485,9,2001.55,11.0,16032.42,2024-06-28T00:00:00
3689,644,3515,1,2730.01,0.0,2730.01,2024-12-02T00:00:00
3690,6289,14405,1,267.74,28.0,192.77,2023-04-10T00:00:00
3691,3997,14014,7,845.93,19.0,4796.42,2024-11-13T00:00:00
3692,14379,1534,4,707.92,22.0,2208.71,2025-09-18T00:00:00
3693,1949,11265,9,2216.66,25.0,14962.45,2025-03-16T00:00:00
3694,11965,12902,1,2749.85,7.0,2557.36,2025-11-27T00:00:00
3695,13599,10476,9,17.81,17.0,133.04,2023-12-17T00:00:00
3696,6488,3530,6,99.2,15.0,505.92,2024-01-07T00:00:00
3697,4328,132,4,365.26,2.0,1431.82,2026-03-08T00:00:00
3698,239,6665,3,26.35,10.0,71.15,2024-10-13T00:00:00
3699,12938,8871,7,2127.09,15.0,12656.19,2023-02-01T00:00:00
3700,4389,9618,9,348.75,23.0,2416.84,2025-07-21T00:00:00
3701,3644,4491,4,1412.06,21.0,4462.11,2025-07-22T00:00:00
3702,5919,2786,3,2228.81,8.0,6151.52,2025-05-20T00:00:00
3703,9747,2566,3,199.84,2.0,587.53,2025-05-28T00:00:00
3704,209,1144,10,1124.65,16.0,9447.06,2025-06-15T00:00:00
3705,7532,11476,4,13.99,13.0,48.69,2024-08-24T00:00:00
3706,5539,364,6,636.71,3.0,3705.65,2025-11-15T00:00:00
3707,8341,1927,10,2600.15,19.0,21061.22,2024-04-23T00:00:00
3708,2095,5124,7,1375.3,11.0,8568.12,2026-01-29T00:00:00
3709,14335,13207,5,2494.51,13.0,10851.12,2024-12-22T00:00:00
3710,2115,5437,10,1356.45,20.0,10851.6,2025-04-16T00:00:00
3711,13198,13925,6,1466.09,24.0,6685.37,2025-11-02T00:00:00
3712,9794,5979,3,1410.1,24.0,3215.03,2023-09-21T00:00:00
3713,5139,5404,4,754.8,5.0,2868.24,2025-06-22T00:00:00
3714,3479,6314,1,702.39,18.0,575.96,2024-05-08T00:00:00
3715,773,1861,5,2551.76,4.0,12248.45,2023-12-20T00:00:00
3716,12808,6963,1,221.5,1.0,219.28,2023-10-08T00:00:00
3717,884,10847,7,1581.23,28.0,7969.4,2023-08-04T00:00:00
3718,2256,7995,5,38.14,8.0,175.44,2025-03-15T00:00:00
3719,5004,7767,6,259.85,8.0,1434.37,2026-01-24T00:00:00
3720,3020,6610,4,1031.22,29.0,2928.66,2025-09-01T00:00:00
3721,14250,5079,3,666.22,2.0,1958.69,2023-01-07T00:00:00
3722,227,10808,5,396.47,22.0,1546.23,2024-12-13T00:00:00
3723,85,2918,4,2211.44,5.0,8403.47,2025-02-18T00:00:00
3724,8769,789,6,1562.07,24.0,7123.04,2025-10-01T00:00:00
3725,5124,4938,1,2467.21,13.0,2146.47,2023-02-20T00:00:00
3726,1079,93,2,1458.53,0.0,2917.06,2024-05-01T00:00:00
3727,4183,2875,6,2826.87,11.0,15095.49,2024-08-08T00:00:00
3728,13570,7231,7,1723.56,8.0,11099.73,2024-07-07T00:00:00
3729,2579,1241,7,229.74,5.0,1527.77,2025-11-24T00:00:00
3730,10999,6821,6,2322.13,16.0,11703.54,2026-02-17T00:00:00
3731,10885,12376,6,2349.21,5.0,13390.5,2024-06-20T00:00:00
3732,2687,17,1,529.22,30.0,370.45,2024-02-05T00:00:00
3733,1880,14949,10,2681.44,22.0,20915.23,2024-04-17T00:00:00
3734,13843,8721,7,313.75,20.0,1757.0,2026-04-17T00:00:00
3735,6147,6324,6,1098.5,4.0,6327.36,2024-04-12T00:00:00
3736,6899,4333,7,1009.55,15.0,6006.82,2025-10-24T00:00:00
3737,2008,10929,1,1026.07,15.0,872.16,2026-02-04T00:00:00
3738,14079,9914,7,2775.07,13.0,16900.18,2024-12-13T00:00:00
3739,8876,13029,10,1892.01,12.0,16649.69,2026-01-03T00:00:00
3740,4550,14583,8,52.16,23.0,321.31,2023-11-07T00:00:00
3741,13755,1231,1,714.02,29.0,506.95,2025-08-21T00:00:00
3742,7654,14571,7,1339.75,18.0,7690.17,2025-08-12T00:00:00
3743,3166,13880,1,2046.67,28.0,1473.6,2024-07-31T00:00:00
3744,1821,3602,2,248.15,8.0,456.6,2025-08-02T00:00:00
3745,10920,13827,9,1577.89,27.0,10366.74,2025-11-03T00:00:00
3746,12883,50,9,1910.69,3.0,16680.32,2024-08-14T00:00:00
3747,7222,8938,1,452.83,1.0,448.3,2023-06-29T00:00:00
3748,6306,5060,10,224.95,30.0,1574.65,2025-01-24T00:00:00
3749,7622,9946,8,2543.18,30.0,14241.81,2024-04-11T00:00:00
3750,893,2657,9,1725.45,1.0,15373.76,2025-02-26T00:00:00
3751,7031,2491,4,240.16,28.0,691.66,2024-03-23T00:00:00
3752,833,1467,5,1241.42,22.0,4841.54,2026-06-03T00:00:00
3753,13772,6089,10,2033.93,23.0,15661.26,2023-12-03T00:00:00
3754,9723,8927,4,2393.87,8.0,8809.44,2024-10-18T00:00:00
3755,10094,13789,8,1037.91,13.0,7223.85,2023-09-26T00:00:00
3756,14046,1676,7,948.67,4.0,6375.06,2025-07-28T00:00:00
3757,3086,7318,3,2103.11,25.0,4732.0,2024-11-22T00:00:00
3758,6085,3489,5,1618.07,10.0,7281.31,2025-10-01T00:00:00
3759,8010,2562,4,446.28,16.0,1499.5,2024-10-16T00:00:00
3760,10735,12754,4,2588.84,15.0,8802.06,2025-06-15T00:00:00
3761,5224,11864,7,2641.31,4.0,17749.6,2026-04-24T00:00:00
3762,9201,12127,7,1419.05,28.0,7152.01,2024-02-10T00:00:00
3763,5150,5525,2,1015.79,26.0,1503.37,2023-10-30T00:00:00
3764,5677,497,8,1917.44,15.0,13038.59,2026-04-05T00:00:00
3765,12908,14257,3,2393.44,3.0,6964.91,2025-01-06T00:00:00
3766,13877,11969,7,2346.65,1.0,16262.28,2026-02-19T00:00:00
3767,5387,7147,7,1675.78,27.0,8563.24,2023-04-14T00:00:00
3768,5477,1563,6,1426.95,9.0,7791.15,2025-09-29T00:00:00
3769,956,11583,3,2846.58,21.0,6746.39,2024-11-28T00:00:00
3770,14638,9778,7,2904.24,29.0,14434.07,2025-11-16T00:00:00
3771,13117,4939,1,2520.94,13.0,2193.22,2024-12-27T00:00:00
3772,10916,3363,2,1706.26,28.0,2457.01,2023-10-04T00:00:00
3773,12853,3224,7,1067.57,17.0,6202.58,2025-12-06T00:00:00
3774,12500,5908,6,2266.12,20.0,10877.38,2025-12-14T00:00:00
3775,8869,11317,3,1574.82,6.0,4440.99,2023-09-21T00:00:00
3776,3758,1704,4,1488.86,20.0,4764.35,2023-11-22T00:00:00
3777,4500,10140,3,2715.22,24.0,6190.7,2025-05-07T00:00:00
3778,9517,2217,7,1258.81,2.0,8635.44,2024-09-10T00:00:00
3779,11658,3555,8,2962.26,9.0,21565.25,2026-05-30T00:00:00
3780,7113,7090,3,889.54,25.0,2001.46,2025-08-16T00:00:00
3781,9295,6762,8,717.68,5.0,5454.37,2025-04-19T00:00:00
3782,1124,7200,2,2464.51,4.0,4731.86,2025-07-01T00:00:00
3783,4838,13635,9,2091.99,8.0,17321.68,2024-02-16T00:00:00
3784,13690,11353,5,249.86,22.0,974.45,2025-07-23T00:00:00
3785,10342,10662,8,116.94,1.0,926.16,2025-07-28T00:00:00
3786,6337,236,10,1699.95,30.0,11899.65,2023-03-23T00:00:00
3787,8629,8327,9,928.91,13.0,7273.37,2023-08-02T00:00:00
3788,8553,12249,2,1160.9,19.0,1880.66,2024-08-25T00:00:00
3789,11048,1454,5,1219.16,13.0,5303.35,2026-02-24T00:00:00
3790,10357,4100,6,1881.71,15.0,9596.72,2023-12-18T00:00:00
3791,6373,5568,3,2845.38,12.0,7511.8,2026-05-15T00:00:00
3792,14409,7611,5,281.74,11.0,1253.74,2026-04-01T00:00:00
3793,10319,5600,2,189.72,30.0,265.61,2025-08-01T00:00:00
3794,5774,14694,9,1936.09,19.0,14114.1,2023-05-24T00:00:00
3795,9645,14989,9,2614.42,26.0,17412.04,2025-07-21T00:00:00
3796,6535,3642,4,1680.33,8.0,6183.61,2024-04-01T00:00:00
3797,13784,6544,5,551.16,26.0,2039.29,2025-10-07T00:00:00
3798,879,3373,5,1608.32,5.0,7639.52,2024-12-14T00:00:00
3799,12019,584,5,2664.82,13.0,11591.97,2024-07-01T00:00:00
3800,4651,2728,8,62.97,20.0,403.01,2024-10-18T00:00:00
3801,7456,4946,8,1997.05,17.0,13260.41,2024-11-23T00:00:00
3802,12735,8502,5,1468.21,8.0,6753.77,2025-01-17T00:00:00
3803,9961,3949,5,505.81,17.0,2099.11,2026-05-27T00:00:00
3804,11989,1495,5,2061.99,1.0,10206.85,2024-07-21T00:00:00
3805,12688,12753,10,2185.04,16.0,18354.34,2025-12-28T00:00:00
3806,2093,8735,3,997.95,0.0,2993.85,2023-11-28T00:00:00
3807,12713,13323,3,1533.1,13.0,4001.39,2023-04-14T00:00:00
3808,5016,11548,5,2162.58,1.0,10704.77,2025-12-03T00:00:00
3809,6799,12667,2,1903.04,26.0,2816.5,2024-07-09T00:00:00
3810,9499,4892,5,864.35,29.0,3068.44,2023-09-22T00:00:00
3811,14435,12044,3,238.68,12.0,630.12,2024-03-26T00:00:00
3812,11436,6648,1,1107.29,14.0,952.27,2026-05-31T00:00:00
3813,9662,9092,10,618.2,17.0,5131.06,2024-01-17T00:00:00
3814,188,13875,10,2612.34,20.0,20898.72,2024-08-30T00:00:00
3815,3618,8753,1,2999.02,9.0,2729.11,2024-02-07T00:00:00
3816,12677,2753,7,856.2,30.0,4195.38,2023-02-26T00:00:00
3817,4191,7106,3,2577.26,16.0,6494.7,2023-07-21T00:00:00
3818,5197,13423,5,1911.04,25.0,7166.4,2023-07-16T00:00:00
3819,13815,4412,8,1760.49,6.0,13238.88,2025-10-07T00:00:00
3820,10815,8146,7,886.18,22.0,4838.54,2025-02-22T00:00:00
3821,7183,10908,2,865.37,17.0,1436.51,2023-10-20T00:00:00
3822,4300,2707,5,1503.72,29.0,5338.21,2026-01-17T00:00:00
3823,12705,6066,10,1124.51,19.0,9108.53,2023-09-30T00:00:00
3824,7538,5140,5,1553.0,14.0,6677.9,2023-11-20T00:00:00
3825,3960,10154,10,2410.53,3.0,23382.14,2026-04-29T00:00:00
3826,11378,8383,5,2909.5,16.0,12219.9,2023-09-05T00:00:00
3827,4872,5726,3,795.61,10.0,2148.15,2025-12-20T00:00:00
3828,1607,13470,1,1683.5,26.0,1245.79,2024-10-27T00:00:00
3829,7647,1993,3,1645.52,10.0,4442.9,2024-12-14T00:00:00
3830,10191,6658,6,1015.02,21.0,4811.19,2026-02-20T00:00:00
3831,14660,6303,10,777.52,27.0,5675.9,2024-02-24T00:00:00
3832,5410,787,7,1552.02,18.0,8908.59,2026-04-05T00:00:00
3833,6412,8824,1,1193.21,7.0,1109.69,2023-04-25T00:00:00
3834,6993,3263,5,1112.06,26.0,4114.62,2025-07-17T00:00:00
3835,943,10956,1,2547.93,25.0,1910.95,2023-07-23T00:00:00
3836,6882,13710,3,718.79,29.0,1531.02,2023-10-15T00:00:00
3837,5843,1026,3,2647.26,27.0,5797.5,2026-06-04T00:00:00
3838,10072,10574,1,2490.59,6.0,2341.15,2026-03-22T00:00:00
3839,3911,11414,4,451.01,3.0,1749.92,2023-08-12T00:00:00
3840,6906,11059,8,871.15,24.0,5296.59,2026-02-24T00:00:00
3841,2467,2348,7,1992.02,5.0,13246.93,2026-01-31T00:00:00
3842,9668,8497,9,1211.89,30.0,7634.91,2023-10-08T00:00:00
3843,13763,7435,6,1917.78,19.0,9320.41,2025-12-19T00:00:00
3844,266,8121,10,1281.22,11.0,11402.86,2024-06-14T00:00:00
3845,2956,6258,8,1560.67,28.0,8989.46,2026-02-07T00:00:00
3846,8431,6752,5,1748.17,9.0,7954.17,2025-12-21T00:00:00
3847,13099,13262,2,2334.42,16.0,3921.83,2024-02-28T00:00:00
3848,7480,13063,6,2054.81,23.0,9493.22,2026-05-17T00:00:00
3849,5958,7613,6,2587.68,4.0,14905.04,2025-11-13T00:00:00
3850,13263,9035,10,1634.34,5.0,15526.23,2026-03-18T00:00:00
3851,11563,14326,4,732.46,5.0,2783.35,2024-05-22T00:00:00
3852,10682,4740,6,2881.56,1.0,17116.47,2024-11-08T00:00:00
3853,4729,8408,5,1841.7,12.0,8103.48,2026-05-23T00:00:00
3854,3389,10472,8,235.74,30.0,1320.14,2026-04-26T00:00:00
3855,9574,1814,9,806.24,12.0,6385.42,2025-06-16T00:00:00
3856,14717,12489,8,791.04,16.0,5315.79,2026-06-02T00:00:00
3857,8442,6590,9,694.9,28.0,4502.95,2024-09-27T00:00:00
3858,11664,8480,8,517.39,28.0,2980.17,2026-04-09T00:00:00
3859,14548,4279,1,1726.03,11.0,1536.17,2023-06-16T00:00:00
3860,13262,741,10,1779.69,3.0,17262.99,2024-09-22T00:00:00
3861,10116,4787,1,906.66,19.0,734.39,2025-12-15T00:00:00
3862,11954,2143,1,2593.97,28.0,1867.66,2023-07-02T00:00:00
3863,741,12084,6,2829.25,24.0,12901.38,2024-02-12T00:00:00
3864,9788,9189,9,1150.28,11.0,9213.74,2023-10-11T00:00:00
3865,1505,8783,1,367.59,17.0,305.1,2025-05-06T00:00:00
3866,3487,9345,2,776.78,21.0,1227.31,2025-05-25T00:00:00
3867,10344,8535,6,1777.16,18.0,8743.63,2024-04-29T00:00:00
3868,7953,8805,10,928.24,19.0,7518.74,2024-07-08T00:00:00
3869,4943,1194,8,1868.96,14.0,12858.44,2025-04-05T00:00:00
3870,9055,7092,5,2022.75,9.0,9203.51,2024-05-05T00:00:00
3871,10310,13671,7,2631.3,22.0,14366.9,2025-03-31T00:00:00
3872,3439,6859,7,1263.28,4.0,8489.24,2026-04-07T00:00:00
3873,2314,14435,7,2190.96,22.0,11962.64,2025-07-25T00:00:00
3874,12673,1779,3,1518.36,11.0,4054.02,2026-04-10T00:00:00
3875,5966,10358,2,2445.54,21.0,3863.95,2026-01-21T00:00:00
3876,12882,4255,2,59.1,11.0,105.2,2024-07-29T00:00:00
3877,9124,10938,4,315.01,4.0,1209.64,2026-03-05T00:00:00
3878,2387,7900,5,2684.03,12.0,11809.73,2026-02-13T00:00:00
3879,4639,12090,5,2029.02,0.0,10145.1,2026-04-25T00:00:00
3880,9734,5699,6,41.66,21.0,197.47,2024-03-12T00:00:00
3881,6875,5735,3,1171.31,10.0,3162.54,2024-01-30T00:00:00
3882,8801,11452,3,258.28,24.0,588.88,2023-01-01T00:00:00
3883,317,11083,3,2986.58,6.0,8422.16,2024-09-18T00:00:00
3884,6282,6401,6,1577.48,2.0,9275.58,2025-02-07T00:00:00
3885,12840,2219,7,494.54,23.0,2665.57,2026-02-17T00:00:00
3886,4331,14310,7,1563.57,16.0,9193.79,2023-03-28T00:00:00
3887,6832,11335,3,2970.49,28.0,6416.26,2024-02-20T00:00:00
3888,14543,8257,4,359.97,2.0,1411.08,2023-05-13T00:00:00
3889,11299,8880,7,208.58,25.0,1095.05,2025-08-08T00:00:00
3890,12839,6521,4,617.9,4.0,2372.74,2024-09-23T00:00:00
3891,6060,7897,9,1532.59,26.0,10207.05,2025-06-05T00:00:00
3892,12185,373,2,1394.85,19.0,2259.66,2023-11-17T00:00:00
3893,12037,7141,7,20.63,13.0,125.64,2025-11-23T00:00:00
3894,5871,14029,4,2182.76,26.0,6460.97,2023-05-25T00:00:00
3895,11397,14601,4,372.44,18.0,1221.6,2025-02-24T00:00:00
3896,11734,1632,9,2458.39,12.0,19470.45,2023-10-12T00:00:00
3897,9758,12548,10,2930.83,15.0,24912.06,2023-02-26T00:00:00
3898,13506,10852,6,2899.36,21.0,13742.97,2023-02-14T00:00:00
3899,14650,9049,4,1833.23,21.0,5793.01,2024-06-14T00:00:00
3900,4795,13602,1,2034.07,7.0,1891.69,2026-01-27T00:00:00
3901,1365,2211,4,2614.09,29.0,7424.02,2026-03-18T00:00:00
3902,10345,6114,8,2286.42,3.0,17742.62,2023-05-11T00:00:00
3903,5425,11656,6,441.87,28.0,1908.88,2025-07-22T00:00:00
3904,8729,9923,9,462.35,20.0,3328.92,2023-03-02T00:00:00
3905,10036,12701,6,2340.05,17.0,11653.45,2025-05-24T00:00:00
3906,2920,10653,1,2649.94,6.0,2490.94,2023-11-26T00:00:00
3907,10776,13464,3,36.21,3.0,105.37,2024-04-25T00:00:00
3908,2376,12043,1,1866.49,24.0,1418.53,2023-06-03T00:00:00
3909,678,5652,2,1762.68,25.0,2644.02,2024-05-05T00:00:00
3910,729,9840,2,2057.62,19.0,3333.34,2025-07-17T00:00:00
3911,9008,8568,2,674.09,27.0,984.17,2025-06-13T00:00:00
3912,3877,2090,7,2342.95,26.0,12136.48,2026-02-14T00:00:00
3913,10050,593,5,1448.63,9.0,6591.27,2026-05-19T00:00:00
3914,3417,7126,8,2574.03,29.0,14620.49,2025-10-19T00:00:00
3915,1703,2845,1,1425.99,21.0,1126.53,2025-10-11T00:00:00
3916,6405,4003,1,2135.07,27.0,1558.6,2023-04-22T00:00:00
3917,5702,7108,8,2197.08,7.0,16346.28,2024-01-24T00:00:00
3918,13420,250,4,233.29,4.0,895.83,2025-12-11T00:00:00
3919,6128,3133,9,1408.0,22.0,9884.16,2023-09-07T00:00:00
3920,1508,13964,5,503.9,1.0,2494.3,2025-07-17T00:00:00
3921,12089,8836,1,1927.57,29.0,1368.57,2024-03-15T00:00:00
3922,14440,11960,1,2874.9,28.0,2069.93,2023-07-26T00:00:00
3923,9909,3518,8,1260.41,15.0,8570.79,2024-12-14T00:00:00
3924,5283,4022,10,915.15,23.0,7046.65,2023-10-24T00:00:00
3925,10449,14197,7,308.13,8.0,1984.36,2023-06-16T00:00:00
3926,7161,7054,6,2903.09,25.0,13063.91,2026-03-02T00:00:00
3927,5306,1723,4,2051.75,29.0,5826.97,2023-06-01T00:00:00
3928,2625,3481,5,60.68,3.0,294.3,2024-06-19T00:00:00
3929,4919,11487,2,1246.32,8.0,2293.23,2023-08-24T00:00:00
3930,12571,1681,10,677.62,28.0,4878.86,2023-12-20T00:00:00
3931,2002,14825,7,2294.27,3.0,15578.09,2025-12-14T00:00:00
3932,395,9913,7,413.68,10.0,2606.18,2023-10-01T00:00:00
3933,6750,9717,2,2765.01,24.0,4202.82,2023-05-31T00:00:00
3934,3557,7927,5,2232.51,26.0,8260.29,2024-04-27T00:00:00
3935,3307,7792,1,2518.38,5.0,2392.46,2024-03-26T00:00:00
3936,2549,7485,8,2267.59,20.0,14512.58,2025-11-03T00:00:00
3937,741,4265,2,223.2,24.0,339.26,2023-07-13T00:00:00
3938,627,14343,6,1628.62,24.0,7426.51,2025-01-23T00:00:00
3939,9478,154,9,1095.66,14.0,8480.41,2024-01-11T00:00:00
3940,648,4882,1,2758.63,22.0,2151.73,2025-11-11T00:00:00
3941,13597,7153,10,2637.35,5.0,25054.82,2023-08-14T00:00:00
3942,7774,4673,4,748.37,13.0,2604.33,2024-02-23T00:00:00
3943,11500,7844,6,2235.48,2.0,13144.62,2026-05-11T00:00:00
3944,6359,11979,6,2166.86,25.0,9750.87,2025-06-22T00:00:00
3945,7671,11474,7,1108.96,26.0,5744.41,2023-01-08T00:00:00
3946,13088,9418,8,1899.25,18.0,12459.08,2025-10-18T00:00:00
3947,5009,10342,6,2091.8,11.0,11170.21,2023-01-03T00:00:00
3948,6610,10474,4,2470.81,19.0,8005.42,2025-05-31T00:00:00
3949,2116,3770,5,1653.25,11.0,7356.96,2023-06-07T00:00:00
3950,9038,8594,7,936.73,3.0,6360.4,2024-01-06T00:00:00
3951,13219,11373,6,1983.53,15.0,10116.0,2024-12-26T00:00:00
3952,9945,12371,9,2099.03,17.0,15679.75,2025-03-26T00:00:00
3953,4810,11981,3,133.38,17.0,332.12,2023-05-28T00:00:00
3954,12898,10480,5,2434.37,16.0,10224.35,2024-06-19T00:00:00
3955,6731,2760,6,2515.89,29.0,10717.69,2024-10-07T00:00:00
3956,6622,12995,2,929.02,12.0,1635.08,2026-06-04T00:00:00
3957,8886,5989,6,673.37,15.0,3434.19,2025-11-06T00:00:00
3958,4041,1319,5,530.07,4.0,2544.34,2025-02-22T00:00:00
3959,4895,14116,7,2621.96,8.0,16885.42,2026-06-10T00:00:00
3960,14430,6451,10,1041.21,14.0,8954.41,2025-09-23T00:00:00
3961,3868,14271,6,1375.84,0.0,8255.04,2026-03-25T00:00:00
3962,11540,6091,3,2475.39,8.0,6832.08,2024-06-26T00:00:00
3963,5830,9692,3,2752.49,5.0,7844.6,2026-01-08T00:00:00
3964,12749,1846,7,833.09,17.0,4840.25,2025-10-01T00:00:00
3965,1565,13403,10,828.3,23.0,6377.91,2025-09-06T00:00:00
3966,10518,883,10,665.38,10.0,5988.42,2024-02-01T00:00:00
3967,13902,8024,9,2083.74,28.0,13502.64,2026-02-15T00:00:00
3968,10763,8830,10,442.66,25.0,3319.95,2026-03-10T00:00:00
3969,729,9722,1,2391.64,5.0,2272.06,2026-05-11T00:00:00
3970,9264,9765,10,749.61,2.0,7346.18,2026-05-10T00:00:00
3971,14890,2283,1,1106.2,6.0,1039.83,2025-10-24T00:00:00
3972,12663,7984,3,2625.11,3.0,7639.07,2025-07-27T00:00:00
3973,822,6295,6,2000.92,16.0,10084.64,2024-04-30T00:00:00
3974,8899,2910,5,425.94,1.0,2108.4,2023-05-06T00:00:00
3975,522,8178,2,713.8,5.0,1356.22,2026-01-05T00:00:00
3976,3769,3432,6,520.65,13.0,2717.79,2025-02-02T00:00:00
3977,6581,8495,4,670.35,15.0,2279.19,2026-02-07T00:00:00
3978,7918,1593,6,1537.41,27.0,6733.86,2024-09-14T00:00:00
3979,7721,12880,7,171.24,5.0,1138.75,2023-03-01T00:00:00
3980,10186,9891,1,2299.44,21.0,1816.56,2025-06-23T00:00:00
3981,4280,13668,6,2835.88,20.0,13612.22,2026-04-10T00:00:00
3982,7039,556,10,2473.51,26.0,18303.97,2023-10-11T00:00:00
3983,13037,2368,9,1438.27,3.0,12556.1,2023-11-28T00:00:00
3984,8475,7127,6,2128.02,5.0,12129.71,2023-04-08T00:00:00
3985,9760,9100,4,2651.76,16.0,8909.91,2025-05-21T00:00:00
3986,12295,11993,1,1157.62,4.0,1111.32,2026-04-18T00:00:00
3987,5260,1330,5,2924.51,28.0,10528.24,2024-08-02T00:00:00
3988,10944,3621,9,335.05,4.0,2894.83,2024-06-10T00:00:00
3989,306,4402,5,1122.93,16.0,4716.31,2024-09-26T00:00:00
3990,6398,4134,2,721.97,27.0,1054.08,2025-08-10T00:00:00
3991,13342,8884,6,214.77,27.0,940.69,2023-10-02T00:00:00
3992,6057,10813,6,1829.96,19.0,8893.61,2025-03-20T00:00:00
3993,4989,9347,10,1892.22,19.0,15326.98,2023-04-06T00:00:00
3994,2066,11919,10,514.22,30.0,3599.54,2026-04-07T00:00:00
3995,4275,13698,5,767.73,25.0,2878.99,2025-05-03T00:00:00
3996,7684,2993,4,2939.78,27.0,8584.16,2025-02-18T00:00:00
3997,13862,5394,3,1435.0,2.0,4218.9,2024-07-24T00:00:00
3998,3369,11495,2,2751.46,7.0,5117.72,2023-12-14T00:00:00
3999,7863,6244,9,2131.02,4.0,18412.01,2024-08-11T00:00:00
4000,12794,903,1,2876.66,22.0,2243.79,2025-06-03T00:00:00
4001,5058,13745,8,395.37,18.0,2593.63,2023-11-23T00:00:00
4002,14458,10799,8,2011.75,25.0,12070.5,2023-03-01T00:00:00
4003,727,263,6,2787.02,8.0,15384.35,2024-07-19T00:00:00
4004,7056,2040,2,2799.12,2.0,5486.28,2025-10-06T00:00:00
4005,5071,12975,2,1630.18,23.0,2510.48,2024-06-18T00:00:00
4006,9804,9094,7,1788.91,0.0,12522.37,2023-10-26T00:00:00
4007,7385,3213,4,1485.57,15.0,5050.94,2024-06-02T00:00:00
4008,13662,11299,9,150.86,18.0,1113.35,2024-07-01T00:00:00
4009,5704,13649,3,763.99,14.0,1971.09,2025-04-28T00:00:00
4010,11212,14020,4,2337.32,27.0,6824.97,2023-04-30T00:00:00
4011,1839,10214,2,2142.44,9.0,3899.24,2024-10-14T00:00:00
4012,10303,7366,6,1008.25,21.0,4779.11,2024-07-04T00:00:00
4013,4379,8041,9,2349.91,7.0,19668.75,2025-11-14T00:00:00
4014,3524,11086,7,777.3,18.0,4461.7,2025-07-07T00:00:00
4015,3470,4603,5,84.92,7.0,394.88,2026-06-05T00:00:00
4016,295,8352,8,1450.47,6.0,10907.53,2023-11-26T00:00:00
4017,3145,10054,7,2207.98,3.0,14992.18,2023-05-20T00:00:00
4018,13884,7931,4,1364.19,17.0,4529.11,2025-04-06T00:00:00
4019,11318,4511,7,1717.23,5.0,11419.58,2025-03-09T00:00:00
4020,12526,3215,8,568.18,9.0,4136.35,2023-01-18T00:00:00
4021,7925,3082,3,1351.04,8.0,3728.87,2023-08-07T00:00:00
4022,10236,10279,10,1504.72,15.0,12790.12,2024-07-11T00:00:00
4023,13723,4192,1,37.38,23.0,28.78,2025-07-01T00:00:00
4024,8991,4627,7,869.66,25.0,4565.72,2024-01-26T00:00:00
4025,6248,8513,10,1408.4,6.0,13238.96,2024-02-27T00:00:00
4026,10687,1719,5,2382.23,17.0,9886.25,2026-06-04T00:00:00
4027,10714,6625,4,1511.0,8.0,5560.48,2025-01-02T00:00:00
4028,13413,248,6,2939.67,10.0,15874.22,2024-10-14T00:00:00
4029,1101,12490,2,397.87,18.0,652.51,2025-11-03T00:00:00
4030,2940,9378,1,1908.41,15.0,1622.15,2024-07-05T00:00:00
4031,8660,6317,4,728.6,18.0,2389.81,2024-11-10T00:00:00
4032,1096,4374,2,2092.82,5.0,3976.36,2025-10-23T00:00:00
4033,720,840,2,2543.33,1.0,5035.79,2023-09-14T00:00:00
4034,3552,3829,5,1999.18,5.0,9496.1,2024-05-30T00:00:00
4035,7822,4117,10,2720.26,7.0,25298.42,2025-08-29T00:00:00
4036,864,12307,9,2477.06,24.0,16943.09,2025-01-10T00:00:00
4037,10594,6576,7,916.51,17.0,5324.92,2024-08-09T00:00:00
4038,10242,7968,3,2659.89,12.0,7022.11,2026-03-09T00:00:00
4039,3489,563,9,1271.99,17.0,9501.77,2023-10-19T00:00:00
4040,11865,12924,8,2936.21,4.0,22550.09,2024-01-30T00:00:00
4041,2745,4508,7,409.92,4.0,2754.66,2024-02-09T00:00:00
4042,1918,8474,9,410.36,29.0,2622.2,2025-04-05T00:00:00
4043,13489,2792,6,976.13,17.0,4861.13,2025-03-05T00:00:00
4044,5074,12691,10,730.46,17.0,6062.82,2024-06-16T00:00:00
4045,8715,10580,8,63.29,6.0,475.94,2025-11-23T00:00:00
4046,6764,4901,7,2989.68,15.0,17788.6,2026-02-28T00:00:00
4047,14274,10876,1,278.68,17.0,231.3,2024-08-10T00:00:00
4048,11429,13705,7,2175.86,2.0,14926.4,2024-11-27T00:00:00
4049,5969,1620,5,1939.5,26.0,7176.15,2025-08-28T00:00:00
4050,14141,14433,10,62.07,25.0,465.53,2023-02-11T00:00:00
4051,6039,11233,8,233.6,7.0,1737.98,2025-07-20T00:00:00
4052,5510,917,1,2702.43,18.0,2215.99,2026-03-21T00:00:00
4053,5078,4069,1,370.21,6.0,348.0,2024-07-09T00:00:00
4054,14047,12964,10,1969.67,10.0,17727.03,2025-12-11T00:00:00
4055,1752,6697,3,2149.07,17.0,5351.18,2026-03-25T00:00:00
4056,6194,8290,2,1353.86,24.0,2057.87,2026-05-18T00:00:00
4057,8057,12051,10,454.14,22.0,3542.29,2023-07-06T00:00:00
4058,10613,4736,1,534.61,21.0,422.34,2026-02-10T00:00:00
4059,4119,11432,2,2918.15,30.0,4085.41,2024-12-20T00:00:00
4060,6238,7738,2,1639.0,22.0,2556.84,2025-04-18T00:00:00
4061,7751,5788,4,1490.44,12.0,5246.35,2026-05-12T00:00:00
4062,11781,10962,2,339.22,16.0,569.89,2024-03-03T00:00:00
4063,6232,10512,10,2824.61,24.0,21467.04,2023-06-27T00:00:00
4064,241,196,8,1127.2,6.0,8476.54,2026-05-28T00:00:00
4065,10091,1726,8,2442.2,22.0,15239.33,2023-01-06T00:00:00
4066,11597,5247,2,2315.28,6.0,4352.73,2025-04-15T00:00:00
4067,14387,12605,5,1492.34,21.0,5894.74,2025-06-03T00:00:00
4068,3169,885,8,1633.15,27.0,9537.6,2025-02-10T00:00:00
4069,5318,10952,9,2129.84,28.0,13801.36,2026-05-11T00:00:00
4070,766,5855,10,2339.84,28.0,16846.85,2023-10-04T00:00:00
4071,4829,5710,1,1948.93,29.0,1383.74,2023-06-26T00:00:00
4072,13311,14863,4,2018.73,13.0,7025.18,2024-04-13T00:00:00
4073,4687,10760,4,1054.54,4.0,4049.43,2025-04-25T00:00:00
4074,12300,10281,8,1593.57,27.0,9306.45,2025-02-18T00:00:00
4075,5387,12956,7,2604.41,9.0,16590.09,2025-12-21T00:00:00
4076,8283,7141,5,30.7,2.0,150.43,2023-10-15T00:00:00
4077,11968,9120,8,2173.13,6.0,16341.94,2025-04-19T00:00:00
4078,13959,3607,10,1706.88,30.0,11948.16,2024-04-11T00:00:00
4079,1512,2078,6,96.09,7.0,536.18,2026-01-01T00:00:00
4080,14687,13373,1,2902.64,10.0,2612.38,2023-09-03T00:00:00
4081,3452,7518,8,1462.2,27.0,8539.25,2023-01-06T00:00:00
4082,10086,324,10,2054.8,26.0,15205.52,2025-06-04T00:00:00
4083,3862,14914,6,2757.66,26.0,12244.01,2024-12-20T00:00:00
4084,4004,3742,2,97.99,17.0,162.66,2025-11-23T00:00:00
4085,10843,8535,1,1702.47,5.0,1617.35,2024-11-08T00:00:00
4086,4172,8060,4,265.78,5.0,1009.96,2025-06-14T00:00:00
4087,9003,13179,8,2178.43,26.0,12896.31,2023-08-05T00:00:00
4088,4994,9780,6,423.37,18.0,2082.98,2024-11-16T00:00:00
4089,6086,12912,10,2055.24,5.0,19524.78,2023-09-10T00:00:00
4090,4452,9325,2,693.44,12.0,1220.45,2024-09-04T00:00:00
4091,2559,12712,8,2008.09,14.0,13815.66,2023-04-17T00:00:00
4092,14481,8333,5,32.58,14.0,140.09,2024-07-02T00:00:00
4093,10158,5590,8,2792.32,20.0,17870.85,2024-06-21T00:00:00
4094,7771,4367,5,716.75,3.0,3476.24,2023-03-04T00:00:00
4095,5370,12542,9,2381.88,18.0,17578.27,2026-04-14T00:00:00
4096,1750,5018,8,2580.11,20.0,16512.7,2025-05-25T00:00:00
4097,2242,13409,6,1128.97,2.0,6638.34,2024-04-23T00:00:00
4098,5111,6038,2,60.11,27.0,87.76,2023-12-11T00:00:00
4099,3263,14280,9,732.36,3.0,6393.5,2024-12-10T00:00:00
4100,5802,10326,2,168.67,25.0,253.0,2025-08-01T00:00:00
4101,12451,14948,8,1720.84,5.0,13078.38,2024-10-30T00:00:00
4102,3094,9852,3,2792.01,19.0,6784.58,2025-07-19T00:00:00
4103,3794,13179,5,2587.14,6.0,12159.56,2026-01-20T00:00:00
4104,8245,3294,2,2292.57,22.0,3576.41,2024-02-26T00:00:00
4105,330,5229,6,922.39,22.0,4316.79,2025-04-23T00:00:00
4106,2737,9814,4,1733.25,26.0,5130.42,2023-07-05T00:00:00
4107,9367,6642,3,2566.66,27.0,5620.99,2023-03-20T00:00:00
4108,8242,1949,1,1567.73,2.0,1536.38,2024-02-13T00:00:00
4109,12723,8577,4,1572.77,21.0,4969.95,2025-09-02T00:00:00
4110,93,865,9,376.03,8.0,3113.53,2025-07-07T00:00:00
4111,1835,142,9,2520.79,9.0,20645.27,2023-04-14T00:00:00
4112,1002,12144,1,312.02,10.0,280.82,2026-04-06T00:00:00
4113,2460,8834,7,1251.16,18.0,7181.66,2024-03-11T00:00:00
4114,1680,7180,9,2350.94,24.0,16080.43,2023-05-29T00:00:00
4115,3958,13485,6,336.7,29.0,1434.34,2025-10-22T00:00:00
4116,12898,8032,1,109.76,30.0,76.83,2023-02-18T00:00:00
4117,10019,7057,9,91.64,24.0,626.82,2024-11-10T00:00:00
4118,4512,14878,10,2673.21,27.0,19514.43,2023-04-19T00:00:00
4119,9628,8637,7,2634.23,0.0,18439.61,2024-01-21T00:00:00
4120,5160,4173,7,2811.6,6.0,18500.33,2024-10-02T00:00:00
4121,10147,7994,5,654.91,25.0,2455.91,2026-02-07T00:00:00
4122,13419,10879,3,1832.02,27.0,4012.12,2025-12-25T00:00:00
4123,11058,4560,1,2516.45,18.0,2063.49,2024-09-20T00:00:00
4124,11225,1282,9,2195.15,9.0,17978.28,2023-04-10T00:00:00
4125,13800,5030,2,2992.06,3.0,5804.6,2024-08-25T00:00:00
4126,3105,13807,4,1161.99,4.0,4462.04,2025-06-06T00:00:00
4127,6498,10474,4,2165.67,27.0,6323.76,2023-12-11T00:00:00
4128,7910,10203,2,425.17,19.0,688.78,2026-06-01T00:00:00
4129,12976,6946,1,176.2,16.0,148.01,2023-03-22T00:00:00
4130,5396,3359,1,1232.83,17.0,1023.25,2024-09-23T00:00:00
4131,2573,1477,3,1182.4,7.0,3298.9,2023-10-26T00:00:00
4132,4431,4042,4,626.47,1.0,2480.82,2025-05-27T00:00:00
4133,1655,5680,2,164.48,5.0,312.51,2025-11-03T00:00:00
4134,12401,10431,8,1920.74,9.0,13982.99,2024-03-19T00:00:00
4135,3204,9630,6,1854.66,18.0,9124.93,2024-05-30T00:00:00
4136,9171,6707,7,2463.6,23.0,13278.8,2023-08-29T00:00:00
4137,11392,10426,3,2025.82,5.0,5773.59,2024-08-20T00:00:00
4138,9946,7615,8,1208.64,10.0,8702.21,2025-01-01T00:00:00
4139,7061,2563,3,1432.97,4.0,4126.95,2025-02-17T00:00:00
4140,8164,12703,9,1113.15,25.0,7513.76,2024-02-21T00:00:00
4141,6583,2850,8,601.32,6.0,4521.93,2025-10-15T00:00:00
4142,3648,3145,1,2754.0,20.0,2203.2,2023-06-29T00:00:00
4143,1309,13701,3,2174.26,28.0,4696.4,2024-04-17T00:00:00
4144,9080,6820,7,1363.39,20.0,7634.98,2024-12-07T00:00:00
4145,9015,2544,2,1192.82,13.0,2075.51,2024-04-03T00:00:00
4146,1764,12763,6,2473.62,27.0,10834.46,2026-03-20T00:00:00
4147,9378,7825,6,582.66,23.0,2691.89,2024-06-23T00:00:00
4148,12328,8119,7,485.55,24.0,2583.13,2023-01-17T00:00:00
4149,5759,9597,8,617.48,6.0,4643.45,2026-04-01T00:00:00
4150,4692,6997,2,2590.51,28.0,3730.33,2023-05-23T00:00:00
4151,13985,4959,6,723.18,26.0,3210.92,2026-03-29T00:00:00
4152,9031,6945,6,2228.52,20.0,10696.9,2025-05-03T00:00:00
4153,7661,9456,2,2202.4,23.0,3391.7,2023-05-04T00:00:00
4154,5765,10081,1,2077.59,24.0,1578.97,2025-10-12T00:00:00
4155,13546,14061,1,2282.77,0.0,2282.77,2024-12-17T00:00:00
4156,2472,11270,4,1354.63,7.0,5039.22,2025-09-12T00:00:00
4157,3802,3886,4,1619.7,1.0,6414.01,2025-06-29T00:00:00
4158,10855,5472,5,992.91,11.0,4418.45,2024-02-15T00:00:00
4159,8645,11596,6,496.55,14.0,2562.2,2023-04-02T00:00:00
4160,3031,10773,4,1386.43,12.0,4880.23,2024-03-19T00:00:00
4161,12345,10470,8,839.73,28.0,4836.84,2025-12-10T00:00:00
4162,14716,12456,7,961.81,14.0,5790.1,2025-12-29T00:00:00
4163,6097,4166,10,2473.79,20.0,19790.32,2024-01-06T00:00:00
4164,10194,3848,10,2172.3,23.0,16726.71,2025-03-24T00:00:00
4165,11404,2265,3,1004.99,3.0,2924.52,2025-12-10T00:00:00
4166,7359,9350,5,1946.1,20.0,7784.4,2023-04-15T00:00:00
4167,2912,8092,1,1056.03,21.0,834.26,2025-03-20T00:00:00
4168,8475,2294,10,2183.8,18.0,17907.16,2025-06-14T00:00:00
4169,549,7417,1,1387.08,27.0,1012.57,2025-10-24T00:00:00
4170,14956,4092,4,2413.2,12.0,8494.46,2025-03-02T00:00:00
4171,13460,13164,2,755.24,1.0,1495.38,2023-03-17T00:00:00
4172,9239,5665,4,288.68,5.0,1096.98,2023-12-18T00:00:00
4173,10879,12584,6,2961.86,23.0,13683.79,2026-01-25T00:00:00
4174,3563,14819,8,392.17,4.0,3011.87,2024-11-06T00:00:00
4175,13708,14660,6,828.77,12.0,4375.91,2025-08-19T00:00:00
4176,2875,2778,9,218.87,19.0,1595.56,2023-09-16T00:00:00
4177,13654,9783,5,1775.7,7.0,8257.0,2026-05-06T00:00:00
4178,7085,13694,10,2524.93,5.0,23986.83,2023-03-29T00:00:00
4179,987,14366,9,1609.21,1.0,14338.06,2024-03-24T00:00:00
4180,5623,7682,5,1851.58,7.0,8609.85,2024-10-28T00:00:00
4181,7828,714,10,157.76,7.0,1467.17,2023-11-25T00:00:00
4182,7655,4733,4,1125.88,0.0,4503.52,2026-04-18T00:00:00
4183,11061,14632,2,1281.31,18.0,2101.35,2024-03-07T00:00:00
4184,2032,207,2,782.62,20.0,1252.19,2025-11-18T00:00:00
4185,12175,7964,2,570.33,6.0,1072.22,2026-03-28T00:00:00
4186,2297,12659,5,1434.75,18.0,5882.48,2023-02-14T00:00:00
4187,3279,14114,5,361.75,16.0,1519.35,2026-05-05T00:00:00
4188,5593,7345,3,948.94,16.0,2391.33,2023-02-22T00:00:00
4189,9303,6568,8,920.75,7.0,6850.38,2024-07-23T00:00:00
4190,1832,10944,6,2678.65,25.0,12053.93,2025-05-05T00:00:00
4191,3284,14814,9,1336.71,5.0,11428.87,2026-04-26T00:00:00
4192,2775,2123,5,17.77,1.0,87.96,2023-10-15T00:00:00
4193,14980,12304,5,1853.76,15.0,7878.48,2025-09-21T00:00:00
4194,8294,11655,1,362.72,20.0,290.18,2025-03-17T00:00:00
4195,11455,3326,1,844.84,1.0,836.39,2023-04-02T00:00:00
4196,8182,10138,1,2614.18,19.0,2117.49,2025-11-11T00:00:00
4197,14379,12704,3,2554.57,11.0,6820.7,2025-11-10T00:00:00
4198,1947,4499,6,1154.91,0.0,6929.46,2023-03-05T00:00:00
4199,14603,14090,5,721.76,24.0,2742.69,2023-07-09T00:00:00
4200,2377,5830,1,948.42,25.0,711.31,2026-05-28T00:00:00
4201,3819,6446,2,2283.11,6.0,4292.25,2024-02-20T00:00:00
4202,13931,494,5,1656.91,27.0,6047.72,2024-06-02T00:00:00
4203,12867,4244,4,2930.0,7.0,10899.6,2025-01-18T00:00:00
4204,2090,8282,9,1444.52,12.0,11440.6,2023-11-14T00:00:00
4205,4842,5883,8,803.05,15.0,5460.74,2023-08-15T00:00:00
4206,14859,5895,4,1289.46,5.0,4899.95,2026-02-23T00:00:00
4207,2798,3075,8,93.16,22.0,581.32,2025-01-26T00:00:00
4208,6796,13738,10,1455.55,17.0,12081.06,2023-05-23T00:00:00
4209,8865,945,3,290.04,29.0,617.79,2026-05-21T00:00:00
4210,13879,14463,3,1040.87,3.0,3028.93,2026-03-04T00:00:00
4211,13301,14778,1,1478.52,8.0,1360.24,2023-10-16T00:00:00
4212,6880,12243,5,421.59,8.0,1939.31,2025-05-28T00:00:00
4213,12121,3737,6,2929.81,13.0,15293.61,2026-04-29T00:00:00
4214,160,1316,10,467.6,6.0,4395.44,2024-08-29T00:00:00
4215,3925,4816,1,2765.32,13.0,2405.83,2024-04-22T00:00:00
4216,12078,1505,9,1815.95,22.0,12747.97,2025-02-14T00:00:00
4217,2309,7195,6,172.72,22.0,808.33,2025-07-31T00:00:00
4218,7642,9460,8,2343.14,28.0,13496.49,2024-03-14T00:00:00
4219,9617,14944,5,1027.84,6.0,4830.85,2025-12-01T00:00:00
4220,255,13658,5,12.4,25.0,46.5,2024-12-11T00:00:00
4221,8556,7637,5,901.39,1.0,4461.88,2023-07-04T00:00:00
4222,4934,1070,6,1133.45,18.0,5576.57,2026-03-14T00:00:00
4223,448,9156,5,2227.8,3.0,10804.83,2024-04-12T00:00:00
4224,14893,13480,6,1913.98,6.0,10794.85,2024-04-04T00:00:00
4225,6045,8349,7,976.86,18.0,5607.18,2026-05-19T00:00:00
4226,1717,815,7,2369.23,29.0,11775.07,2023-04-29T00:00:00
4227,12736,10299,2,2735.6,6.0,5142.93,2024-06-14T00:00:00
4228,11869,689,8,236.25,15.0,1606.5,2024-01-11T00:00:00
4229,14599,11601,10,649.57,8.0,5976.04,2025-01-03T00:00:00
4230,10203,9003,6,1414.14,19.0,6872.72,2024-01-19T00:00:00
4231,8623,12875,7,1995.26,4.0,13408.15,2023-12-09T00:00:00
4232,10238,1243,7,1305.6,5.0,8682.24,2024-12-03T00:00:00
4233,13476,2576,10,1445.02,6.0,13583.19,2024-07-17T00:00:00
4234,8537,180,5,418.67,24.0,1590.95,2025-08-12T00:00:00
4235,1913,10432,7,1517.42,5.0,10090.84,2024-01-02T00:00:00
4236,6935,2169,3,2970.56,9.0,8109.63,2023-03-04T00:00:00
4237,2235,10022,7,1625.82,16.0,9559.82,2025-09-29T00:00:00
4238,14650,2853,4,239.78,17.0,796.07,2024-11-15T00:00:00
4239,13650,4958,10,1183.49,10.0,10651.41,2023-05-30T00:00:00
4240,862,5939,6,2396.19,28.0,10351.54,2023-01-17T00:00:00
4241,5371,2485,7,2946.98,14.0,17740.82,2024-06-17T00:00:00
4242,14012,14135,10,2818.9,25.0,21141.75,2023-03-19T00:00:00
4243,4106,6490,7,1815.53,25.0,9531.53,2023-04-15T00:00:00
4244,11196,9436,4,2018.02,13.0,7022.71,2023-06-20T00:00:00
4245,12132,979,3,1905.41,12.0,5030.28,2025-12-11T00:00:00
4246,10969,4989,3,1108.87,22.0,2594.76,2023-04-25T00:00:00
4247,7657,4714,1,363.65,17.0,301.83,2025-04-12T00:00:00
4248,3916,7189,3,1274.47,25.0,2867.56,2024-04-21T00:00:00
4249,12267,5327,6,1209.13,24.0,5513.63,2025-12-22T00:00:00
4250,7934,10853,1,2614.23,17.0,2169.81,2025-02-19T00:00:00
4251,4130,7716,2,1334.75,2.0,2616.11,2024-01-23T00:00:00
4252,14927,14569,8,747.84,8.0,5504.1,2024-12-22T00:00:00
4253,3016,4746,3,1949.4,8.0,5380.34,2025-05-13T00:00:00
4254,886,7995,9,1447.18,9.0,11852.4,2026-06-02T00:00:00
4255,5421,13203,2,980.47,22.0,1529.53,2025-02-24T00:00:00
4256,8783,8320,4,2287.24,24.0,6953.21,2026-04-12T00:00:00
4257,7232,13651,1,2599.19,7.0,2417.25,2024-03-02T00:00:00
4258,6011,9229,9,763.7,12.0,6048.5,2024-01-27T00:00:00
4259,4793,8951,10,400.56,18.0,3284.59,2025-07-02T00:00:00
4260,9184,4666,6,496.94,29.0,2116.96,2025-06-05T00:00:00
4261,6192,5463,9,621.63,11.0,4979.26,2026-03-02T00:00:00
4262,7964,5598,2,2342.94,17.0,3889.28,2025-02-26T00:00:00
4263,1182,462,7,2803.51,28.0,14129.69,2024-11-15T00:00:00
4264,6529,8503,4,987.62,2.0,3871.47,2024-06-07T00:00:00
4265,2204,7814,7,1856.88,22.0,10138.56,2024-02-14T00:00:00
4266,8766,9464,9,780.14,18.0,5757.43,2023-04-05T00:00:00
4267,3722,9344,4,587.59,5.0,2232.84,2025-10-23T00:00:00
4268,5170,14342,6,831.08,3.0,4836.89,2023-01-11T00:00:00
4269,12934,1979,7,2914.27,1.0,20195.89,2024-09-22T00:00:00
4270,2642,3813,8,2963.39,22.0,18491.55,2026-01-23T00:00:00
4271,12065,6209,3,880.86,16.0,2219.77,2023-07-26T00:00:00
4272,13791,11073,10,1999.83,26.0,14798.74,2026-03-21T00:00:00
4273,6317,2353,5,76.24,2.0,373.58,2024-07-07T00:00:00
4274,13811,8420,8,2152.6,12.0,15154.3,2023-07-22T00:00:00
4275,9294,11935,10,2603.78,11.0,23173.64,2025-09-09T00:00:00
4276,14667,12105,2,2838.49,4.0,5449.9,2023-06-30T00:00:00
4277,6920,5372,7,1029.26,1.0,7132.77,2024-01-27T00:00:00
4278,3564,1769,6,2557.98,19.0,12431.78,2026-04-03T00:00:00
4279,5845,1905,8,571.55,27.0,3337.85,2024-01-04T00:00:00
4280,2815,3238,10,1123.98,10.0,10115.82,2025-08-23T00:00:00
4281,13855,10185,6,266.74,24.0,1216.33,2023-01-19T00:00:00
4282,14993,14127,6,1296.41,11.0,6922.83,2024-09-25T00:00:00
4283,2598,13049,1,846.9,9.0,770.68,2023-02-15T00:00:00
4284,13006,9113,7,2541.33,23.0,13697.77,2026-05-12T00:00:00
4285,11556,12012,8,833.31,6.0,6266.49,2023-05-18T00:00:00
4286,4326,13762,2,185.51,9.0,337.63,2025-01-14T00:00:00
4287,7348,3741,4,1270.11,11.0,4521.59,2024-07-28T00:00:00
4288,12637,6056,10,1123.11,21.0,8872.57,2024-08-08T00:00:00
4289,5133,10909,5,1537.06,20.0,6148.24,2026-05-30T00:00:00
4290,10229,2558,6,2799.44,22.0,13101.38,2026-06-03T00:00:00
4291,2811,14266,7,159.98,29.0,795.1,2023-10-08T00:00:00
4292,6769,3858,7,1285.42,30.0,6298.56,2024-09-12T00:00:00
4293,9937,4673,10,1468.04,13.0,12771.95,2023-12-16T00:00:00
4294,11283,3923,4,744.43,15.0,2531.06,2023-08-13T00:00:00
4295,10986,8863,8,780.46,20.0,4994.94,2023-09-11T00:00:00
4296,2684,6178,9,2151.12,22.0,15100.86,2024-01-15T00:00:00
4297,14695,11563,9,2606.94,6.0,22054.71,2025-07-08T00:00:00
4298,12289,11837,4,2202.52,26.0,6519.46,2024-08-15T00:00:00
4299,8357,5908,1,1808.03,26.0,1337.94,2023-08-01T00:00:00
4300,1189,4815,5,1415.93,20.0,5663.72,2024-06-30T00:00:00
4301,2384,11779,6,2420.49,25.0,10892.2,2023-09-29T00:00:00
4302,8122,7397,3,2277.26,4.0,6558.51,2025-04-17T00:00:00
4303,9048,12407,7,1772.57,28.0,8933.75,2024-05-24T00:00:00
4304,11327,11772,6,825.11,2.0,4851.65,2023-08-16T00:00:00
4305,7818,6396,6,1035.22,8.0,5714.41,2023-12-04T00:00:00
4306,7836,10357,10,26.59,29.0,188.79,2026-02-28T00:00:00
4307,11243,7348,6,1217.13,5.0,6937.64,2023-08-06T00:00:00
4308,5413,6766,4,1305.33,29.0,3707.14,2023-06-19T00:00:00
4309,5612,8211,3,34.68,16.0,87.39,2024-01-06T00:00:00
4310,11432,10951,6,2976.63,30.0,12501.85,2024-06-12T00:00:00
4311,8126,8997,5,598.26,24.0,2273.39,2023-06-25T00:00:00
4312,5502,14125,3,46.53,25.0,104.69,2024-11-18T00:00:00
4313,12911,7474,5,2443.29,15.0,10383.98,2024-02-26T00:00:00
4314,14770,12704,9,1639.63,23.0,11362.64,2023-05-29T00:00:00
4315,7250,14423,6,491.82,9.0,2685.34,2026-05-18T00:00:00
4316,9985,4626,5,123.31,7.0,573.39,2025-05-17T00:00:00
4317,12517,6013,4,664.58,25.0,1993.74,2025-09-15T00:00:00
4318,16,3378,6,2060.81,7.0,11499.32,2024-09-18T00:00:00
4319,11524,7076,9,2869.23,24.0,19625.53,2025-07-20T00:00:00
4320,14856,2957,9,644.56,15.0,4930.88,2026-04-20T00:00:00
4321,14961,9205,6,1844.15,10.0,9958.41,2024-08-15T00:00:00
4322,9851,7729,8,2803.37,3.0,21754.15,2024-05-27T00:00:00
4323,7842,9764,1,2211.46,4.0,2123.0,2024-04-12T00:00:00
4324,5769,9807,3,341.48,3.0,993.71,2024-06-18T00:00:00
4325,3064,7527,3,1601.71,8.0,4420.72,2024-08-17T00:00:00
4326,7736,9765,4,1644.76,28.0,4736.91,2023-01-18T00:00:00
4327,8007,12134,3,2829.81,9.0,7725.38,2023-12-11T00:00:00
4328,9757,1817,5,307.29,8.0,1413.53,2023-02-05T00:00:00
4329,10214,6612,3,2238.94,0.0,6716.82,2025-02-25T00:00:00
4330,3098,7878,9,1633.58,27.0,10732.62,2023-09-04T00:00:00
4331,2351,5958,7,1782.8,16.0,10482.86,2025-10-04T00:00:00
4332,3998,6618,4,284.31,23.0,875.67,2023-07-27T00:00:00
4333,6892,6587,10,1156.07,13.0,10057.81,2026-02-17T00:00:00
4334,8300,6195,6,518.66,25.0,2333.97,2024-10-04T00:00:00
4335,13945,5284,7,1519.97,15.0,9043.82,2025-06-28T00:00:00
4336,13609,6523,5,2111.22,6.0,9922.73,2025-07-30T00:00:00
4337,9245,6527,5,685.16,13.0,2980.45,2024-01-18T00:00:00
4338,4251,14912,3,2815.67,9.0,7686.78,2024-01-09T00:00:00
4339,10650,1326,8,1078.0,29.0,6123.04,2025-12-20T00:00:00
4340,10757,6286,3,607.64,0.0,1822.92,2025-02-23T00:00:00
4341,12607,14639,3,2502.13,16.0,6305.37,2023-03-26T00:00:00
4342,7999,3290,7,826.8,7.0,5382.47,2024-07-03T00:00:00
4343,4070,238,7,1174.61,11.0,7317.82,2024-07-11T00:00:00
4344,6763,4071,3,2610.73,10.0,7048.97,2025-04-19T00:00:00
4345,3731,4265,3,1751.39,15.0,4466.04,2026-02-09T00:00:00
4346,11094,7778,2,1973.72,13.0,3434.27,2023-04-18T00:00:00
4347,1436,8209,4,2424.02,18.0,7950.79,2026-06-05T00:00:00
4348,8001,5283,7,611.39,6.0,4022.95,2023-03-31T00:00:00
4349,12561,9869,1,607.09,8.0,558.52,2025-01-04T00:00:00
4350,13596,6972,9,574.41,29.0,3670.48,2023-02-04T00:00:00
4351,2834,6719,10,1982.33,15.0,16849.81,2023-04-22T00:00:00
4352,10042,9900,3,19.22,12.0,50.74,2023-09-25T00:00:00
4353,2736,11917,4,215.89,18.0,708.12,2024-06-23T00:00:00
4354,9384,4950,2,1643.0,6.0,3088.84,2026-02-11T00:00:00
4355,13499,6587,9,2282.74,11.0,18284.75,2025-09-08T00:00:00
4356,3091,13955,8,2901.17,23.0,17871.21,2025-04-13T00:00:00
4357,11766,7476,3,717.24,25.0,1613.79,2025-04-14T00:00:00
4358,11918,1632,8,969.63,20.0,6205.63,2024-04-16T00:00:00
4359,2335,13423,2,220.81,13.0,384.21,2026-05-26T00:00:00
4360,11268,10000,3,956.93,25.0,2153.09,2023-08-13T00:00:00
4361,5619,7923,9,94.61,26.0,630.1,2023-05-20T00:00:00
4362,11905,13180,10,2154.51,4.0,20683.3,2025-06-04T00:00:00
4363,6489,8123,7,1158.17,23.0,6242.54,2026-01-10T00:00:00
4364,13664,2019,9,1669.75,10.0,13524.98,2024-10-18T00:00:00
4365,9387,11979,10,2841.58,27.0,20743.53,2023-04-18T00:00:00
4366,556,13972,9,362.4,27.0,2380.97,2023-11-16T00:00:00
4367,911,1828,2,2251.54,5.0,4277.93,2026-05-17T00:00:00
4368,6400,7505,6,2505.48,21.0,11875.98,2023-05-21T00:00:00
4369,10019,3627,4,2549.32,7.0,9483.47,2026-02-08T00:00:00
4370,3922,7506,3,74.46,7.0,207.74,2026-06-05T00:00:00
4371,13712,14586,3,1024.83,24.0,2336.61,2024-01-18T00:00:00
4372,13342,5249,3,112.78,7.0,314.66,2023-09-02T00:00:00
4373,5621,1833,7,2611.97,22.0,14261.36,2026-05-14T00:00:00
4374,12797,4399,3,2863.46,6.0,8074.96,2023-10-18T00:00:00
4375,9477,2703,6,315.29,19.0,1532.31,2026-06-05T00:00:00
4376,12240,13955,6,707.18,16.0,3564.19,2024-10-12T00:00:00
4377,4277,4217,4,2311.8,12.0,8137.54,2024-01-15T00:00:00
4378,2951,6485,1,2207.35,5.0,2096.98,2025-09-26T00:00:00
4379,5063,7440,4,1495.52,4.0,5742.8,2025-02-12T00:00:00
4380,2186,205,3,1291.31,2.0,3796.45,2024-04-30T00:00:00
4381,8720,8274,9,785.6,26.0,5232.1,2023-06-26T00:00:00
4382,10920,1614,2,673.19,23.0,1036.71,2025-12-25T00:00:00
4383,1598,4540,9,2213.64,11.0,17731.26,2023-08-11T00:00:00
4384,9842,7236,8,2012.54,3.0,15617.31,2025-09-20T00:00:00
4385,10433,12213,10,1592.27,19.0,12897.39,2025-08-16T00:00:00
4386,8107,12720,1,1664.03,25.0,1248.02,2025-03-09T00:00:00
4387,6382,6950,2,498.0,7.0,926.28,2025-04-21T00:00:00
4388,1775,3849,5,637.44,1.0,3155.33,2026-01-14T00:00:00
4389,4352,7734,4,2444.98,13.0,8508.53,2024-10-17T00:00:00
4390,8513,9727,6,1472.13,16.0,7419.54,2023-07-28T00:00:00
4391,6713,3204,8,783.02,14.0,5387.18,2024-02-12T00:00:00
4392,6768,12077,1,995.72,24.0,756.75,2025-03-27T00:00:00
4393,447,14154,7,1673.08,17.0,9720.59,2026-05-05T00:00:00
4394,3410,2347,9,1911.29,30.0,12041.13,2024-06-27T00:00:00
4395,6846,5600,5,2743.05,6.0,12892.33,2025-07-07T00:00:00
4396,10502,5102,8,2837.42,22.0,17705.5,2023-12-26T00:00:00
4397,7591,7250,5,2526.04,28.0,9093.74,2026-05-11T00:00:00
4398,3909,11195,9,860.89,9.0,7050.69,2025-07-05T00:00:00
4399,2568,5549,4,2854.02,16.0,9589.51,2023-11-12T00:00:00
4400,3755,3170,3,1162.18,20.0,2789.23,2025-12-19T00:00:00
4401,5718,5314,6,1075.75,9.0,5873.6,2024-05-11T00:00:00
4402,3467,12239,2,2412.26,20.0,3859.62,2024-11-14T00:00:00
4403,9175,11809,10,2729.33,7.0,25382.77,2024-05-13T00:00:00
4404,6742,13577,5,1706.67,1.0,8448.02,2023-07-23T00:00:00
4405,13336,14612,9,2038.75,6.0,17247.83,2024-10-30T00:00:00
4406,13796,3816,9,655.37,5.0,5603.41,2023-07-24T00:00:00
4407,5608,7782,10,915.25,18.0,7505.05,2024-11-05T00:00:00
4408,2026,14212,7,2756.38,14.0,16593.41,2023-08-15T00:00:00
4409,3878,11247,7,2771.82,8.0,17850.52,2025-02-23T00:00:00
4410,8770,8364,1,2221.21,4.0,2132.36,2025-01-24T00:00:00
4411,3722,11807,7,2004.54,20.0,11225.42,2024-11-03T00:00:00
4412,5966,9647,7,1891.21,17.0,10987.93,2025-04-27T00:00:00
4413,2706,14266,2,119.76,8.0,220.36,2025-12-13T00:00:00
4414,1923,1121,1,2461.32,15.0,2092.12,2025-12-04T00:00:00
4415,12470,14773,9,748.04,22.0,5251.24,2023-06-29T00:00:00
4416,7262,3285,6,1246.42,12.0,6581.1,2026-05-20T00:00:00
4417,2500,3692,7,260.77,13.0,1588.09,2025-05-13T00:00:00
4418,1708,7040,10,1575.93,16.0,13237.81,2024-01-22T00:00:00
4419,695,3361,7,2776.26,27.0,14186.69,2026-01-18T00:00:00
4420,3290,190,9,1587.42,22.0,11143.69,2025-03-12T00:00:00
4421,14459,13579,6,1203.02,5.0,6857.21,2024-05-05T00:00:00
4422,8681,8902,1,1917.34,21.0,1514.7,2025-12-10T00:00:00
4423,7824,3449,5,1969.75,16.0,8272.95,2023-06-09T00:00:00
4424,2987,8096,1,1672.89,10.0,1505.6,2025-01-07T00:00:00
4425,1718,12831,1,2077.15,13.0,1807.12,2024-07-06T00:00:00
4426,980,3936,9,2315.32,20.0,16670.3,2025-06-11T00:00:00
4427,14689,12388,5,2085.21,8.0,9591.97,2026-02-13T00:00:00
4428,5136,8959,5,2359.64,3.0,11444.25,2024-08-26T00:00:00
4429,8085,2795,3,2192.49,27.0,4801.55,2023-10-16T00:00:00
4430,7646,14489,3,1236.15,2.0,3634.28,2026-01-26T00:00:00
4431,3144,5673,1,248.5,22.0,193.83,2023-06-13T00:00:00
4432,8981,14292,10,2281.24,19.0,18478.04,2025-06-03T00:00:00
4433,6773,13575,6,1387.7,3.0,8076.41,2023-12-24T00:00:00
4434,9372,2558,2,1536.42,20.0,2458.27,2024-06-14T00:00:00
4435,5895,10347,3,2480.0,22.0,5803.2,2024-11-08T00:00:00
4436,3507,7063,5,2269.03,13.0,9870.28,2023-02-19T00:00:00
4437,188,8374,5,2117.37,11.0,9422.3,2024-07-14T00:00:00
4438,2227,10739,1,857.71,9.0,780.52,2023-06-15T00:00:00
4439,6536,3253,3,1016.3,10.0,2744.01,2026-01-27T00:00:00
4440,11652,941,4,1936.38,27.0,5654.23,2025-04-10T00:00:00
4441,2854,10846,4,1305.59,28.0,3760.1,2024-02-25T00:00:00
4442,2398,4616,3,905.06,29.0,1927.78,2024-08-30T00:00:00
4443,13519,13318,1,44.59,25.0,33.44,2025-07-23T00:00:00
4444,7277,12658,2,1455.46,14.0,2503.39,2023-05-02T00:00:00
4445,3203,14746,2,220.27,5.0,418.51,2023-03-19T00:00:00
4446,4586,4439,8,1895.82,18.0,12436.58,2024-08-22T00:00:00
4447,7601,14209,9,2851.95,30.0,17967.28,2024-03-28T00:00:00
4448,8895,7209,9,1031.47,26.0,6869.59,2026-04-12T00:00:00
4449,655,23,10,821.27,27.0,5995.27,2024-05-20T00:00:00
4450,1087,10100,8,1074.52,12.0,7564.62,2025-02-23T00:00:00
4451,354,7334,5,352.65,26.0,1304.81,2024-04-11T00:00:00
4452,12152,13757,3,2401.7,17.0,5980.23,2024-10-30T00:00:00
4453,4,12210,5,1818.4,19.0,7364.52,2025-04-21T00:00:00
4454,6217,1714,10,207.28,11.0,1844.79,2023-08-07T00:00:00
4455,2293,4346,1,575.39,9.0,523.6,2024-10-02T00:00:00
4456,4341,94,1,811.79,5.0,771.2,2024-05-30T00:00:00
4457,2037,5682,3,2825.29,0.0,8475.87,2025-10-07T00:00:00
4458,10728,9757,7,1729.84,21.0,9566.02,2025-11-28T00:00:00
4459,10927,8710,7,2191.02,24.0,11656.23,2023-06-03T00:00:00
4460,5325,3669,1,2759.17,10.0,2483.25,2026-05-26T00:00:00
4461,4213,12606,2,2298.37,28.0,3309.65,2024-12-03T00:00:00
4462,1511,7554,8,1984.37,20.0,12699.97,2026-01-07T00:00:00
4463,14972,5954,6,339.7,21.0,1610.18,2023-06-28T00:00:00
4464,7256,7845,7,1634.35,3.0,11097.24,2025-10-17T00:00:00
4465,5080,9177,7,2049.27,4.0,13771.09,2026-05-30T00:00:00
4466,7453,14482,5,209.57,3.0,1016.41,2024-04-16T00:00:00
4467,10154,9565,6,95.89,26.0,425.75,2023-01-13T00:00:00
4468,6414,3376,4,1351.19,14.0,4648.09,2023-08-26T00:00:00
4469,496,9334,6,1902.81,1.0,11302.69,2024-06-04T00:00:00
4470,526,4722,7,2787.39,21.0,15414.27,2023-09-25T00:00:00
4471,2178,9996,5,348.89,11.0,1552.56,2023-08-07T00:00:00
4472,5166,81,6,2055.25,11.0,10975.03,2025-05-29T00:00:00
4473,12850,1639,8,1443.78,10.0,10395.22,2025-03-30T00:00:00
4474,1638,3813,7,1069.1,19.0,6061.8,2024-08-24T00:00:00
4475,1616,5963,8,2065.96,9.0,15040.19,2024-06-22T00:00:00
4476,14157,10951,5,2720.15,26.0,10064.56,2023-05-09T00:00:00
4477,2041,10232,3,824.12,16.0,2076.78,2025-04-06T00:00:00
4478,5899,5761,5,1508.16,27.0,5504.78,2023-09-17T00:00:00
4479,12573,6422,8,212.16,24.0,1289.93,2025-11-05T00:00:00
4480,13924,13861,5,457.23,19.0,1851.78,2023-12-15T00:00:00
4481,12522,5923,4,335.15,4.0,1286.98,2026-03-19T00:00:00
4482,13733,5883,1,652.31,7.0,606.65,2024-06-28T00:00:00
4483,5161,8834,3,1529.87,17.0,3809.38,2026-05-04T00:00:00
4484,10162,1316,1,942.44,19.0,763.38,2023-05-21T00:00:00
4485,1399,7250,9,1857.41,25.0,12537.52,2025-01-03T00:00:00
4486,8783,1561,3,142.79,23.0,329.84,2024-03-25T00:00:00
4487,3207,2257,1,1693.97,2.0,1660.09,2026-04-29T00:00:00
4488,9687,718,3,2707.69,26.0,6011.07,2023-08-23T00:00:00
4489,7096,4815,5,1174.3,14.0,5049.49,2026-02-15T00:00:00
4490,10732,5853,4,1993.01,7.0,7414.0,2025-05-05T00:00:00
4491,4066,12914,4,2597.93,13.0,9040.8,2025-12-22T00:00:00
4492,9793,2686,1,1183.56,7.0,1100.71,2026-03-09T00:00:00
4493,13444,5846,7,1135.95,23.0,6122.77,2023-02-08T00:00:00
4494,2247,3109,2,2984.74,4.0,5730.7,2023-06-24T00:00:00
4495,2537,4346,1,2128.48,20.0,1702.78,2024-05-12T00:00:00
4496,12865,2351,10,1997.57,8.0,18377.64,2024-08-04T00:00:00
4497,8701,9289,9,1987.95,13.0,15565.65,2025-05-07T00:00:00
4498,12141,411,7,1943.32,7.0,12651.01,2024-01-11T00:00:00
4499,13623,14694,2,221.91,25.0,332.87,2023-01-07T00:00:00
4500,12152,11182,2,2521.82,22.0,3934.04,2025-08-25T00:00:00
4501,12442,1821,9,1210.75,8.0,10025.01,2025-12-07T00:00:00
4502,4941,12263,6,586.34,13.0,3060.69,2024-08-06T00:00:00
4503,13183,3219,3,1778.74,1.0,5282.86,2025-03-28T00:00:00
4504,7039,8293,8,1963.55,1.0,15551.32,2023-06-24T00:00:00
4505,5839,14326,3,1404.64,5.0,4003.22,2025-01-18T00:00:00
4506,14934,1477,5,2004.44,13.0,8719.31,2026-03-25T00:00:00
4507,9270,6136,4,2968.76,20.0,9500.03,2023-03-22T00:00:00
4508,3894,10738,4,1124.34,24.0,3417.99,2025-03-06T00:00:00
4509,13997,12361,9,370.56,29.0,2367.88,2024-11-17T00:00:00
4510,9863,1027,8,2682.42,2.0,21030.17,2024-03-19T00:00:00
4511,5739,962,6,1595.22,24.0,7274.2,2023-11-20T00:00:00
4512,8962,9269,4,152.46,12.0,536.66,2023-12-20T00:00:00
4513,13572,5637,3,1461.1,29.0,3112.14,2023-10-29T00:00:00
4514,11313,8869,9,1301.36,11.0,10423.89,2023-11-05T00:00:00
4515,12238,3254,9,1619.52,15.0,12389.33,2024-07-26T00:00:00
4516,11876,2248,3,1007.06,13.0,2628.43,2023-08-31T00:00:00
4517,2726,13024,5,571.36,1.0,2828.23,2025-10-10T00:00:00
4518,13336,6790,4,114.36,4.0,439.14,2023-03-03T00:00:00
4519,7213,5184,10,1003.5,25.0,7526.25,2026-01-28T00:00:00
4520,14563,13576,2,1398.75,26.0,2070.15,2026-04-16T00:00:00
4521,7078,6570,10,2665.2,3.0,25852.44,2023-04-24T00:00:00
4522,5590,8299,5,2133.64,5.0,10134.79,2025-04-29T00:00:00
4523,12817,11869,4,2652.26,24.0,8062.87,2025-02-26T00:00:00
4524,4990,12262,10,2715.24,21.0,21450.4,2025-02-07T00:00:00
4525,797,8130,4,2359.96,24.0,7174.28,2025-01-22T00:00:00
4526,10245,14137,2,2125.59,13.0,3698.53,2025-11-13T00:00:00
4527,14801,6535,7,569.33,3.0,3865.75,2025-03-12T00:00:00
4528,1415,7431,9,914.26,5.0,7816.92,2026-03-17T00:00:00
4529,10209,9644,5,1576.57,8.0,7252.22,2024-07-04T00:00:00
4530,1884,13326,10,257.01,24.0,1953.28,2023-10-08T00:00:00
4531,12979,10114,6,2865.07,7.0,15987.09,2026-05-29T00:00:00
4532,193,2825,10,613.99,9.0,5587.31,2024-01-03T00:00:00
4533,2363,4876,6,1526.38,21.0,7235.04,2024-04-03T00:00:00
4534,4088,10068,3,1376.86,10.0,3717.52,2023-01-04T00:00:00
4535,5710,4401,2,467.9,0.0,935.8,2025-12-20T00:00:00
4536,1157,4471,2,2045.2,22.0,3190.51,2026-03-19T00:00:00
4537,687,14218,1,248.7,6.0,233.78,2024-03-06T00:00:00
4538,8595,6084,4,1572.92,6.0,5914.18,2026-02-23T00:00:00
4539,4373,11905,9,1944.28,16.0,14698.76,2023-06-13T00:00:00
4540,9964,14061,3,888.17,4.0,2557.93,2023-04-18T00:00:00
4541,3920,5101,4,1510.45,27.0,4410.51,2023-01-15T00:00:00
4542,2862,2528,1,774.27,11.0,689.1,2026-04-04T00:00:00
4543,3897,8777,1,1102.1,24.0,837.6,2023-07-06T00:00:00
4544,2069,3649,2,1310.43,2.0,2568.44,2024-10-11T00:00:00
4545,4140,10707,9,1413.19,16.0,10683.72,2026-03-05T00:00:00
4546,14036,8167,10,2455.42,9.0,22344.32,2024-07-12T00:00:00
4547,14696,5741,7,1405.61,17.0,8166.59,2025-04-21T00:00:00
4548,12523,7753,3,2812.81,21.0,6666.36,2026-01-17T00:00:00
4549,4799,3047,5,1703.22,12.0,7494.17,2023-09-27T00:00:00
4550,14307,2303,2,220.35,15.0,374.59,2025-11-21T00:00:00
4551,5621,11359,3,345.29,9.0,942.64,2023-09-06T00:00:00
4552,12599,14173,10,422.91,22.0,3298.7,2023-07-01T00:00:00
4553,9316,8768,8,1447.71,1.0,11465.86,2023-10-17T00:00:00
4554,14401,12398,8,104.49,10.0,752.33,2026-05-17T00:00:00
4555,14637,241,7,1255.34,23.0,6766.28,2024-12-15T00:00:00
4556,1738,14322,9,2240.61,23.0,15527.43,2025-10-13T00:00:00
4557,4981,1455,1,2181.99,20.0,1745.59,2025-11-03T00:00:00
4558,9327,12513,6,527.87,27.0,2312.07,2023-05-23T00:00:00
4559,3016,13034,5,520.69,15.0,2212.93,2023-09-14T00:00:00
4560,10112,9145,5,834.54,3.0,4047.52,2023-05-25T00:00:00
4561,14363,5659,5,1490.21,8.0,6854.97,2023-07-31T00:00:00
4562,3488,14742,6,1028.85,27.0,4506.36,2023-01-13T00:00:00
4563,5940,10512,7,1605.13,1.0,11123.55,2025-10-29T00:00:00
4564,12472,6072,2,2862.14,16.0,4808.4,2025-09-12T00:00:00
4565,10720,11745,4,730.48,2.0,2863.48,2025-04-08T00:00:00
4566,5518,7225,9,247.99,16.0,1874.8,2023-10-02T00:00:00
4567,13074,13872,6,2584.85,22.0,12097.1,2025-09-21T00:00:00
4568,10001,14257,3,1221.17,15.0,3113.98,2025-06-05T00:00:00
4569,4083,921,8,2922.87,10.0,21044.66,2025-11-02T00:00:00
4570,11814,1130,5,991.04,0.0,4955.2,2023-08-15T00:00:00
4571,10422,14884,8,354.92,26.0,2101.13,2023-10-05T00:00:00
4572,4670,7867,10,1335.32,21.0,10549.03,2023-08-31T00:00:00
4573,8355,14688,7,789.82,27.0,4035.98,2023-05-25T00:00:00
4574,396,2851,10,2508.87,10.0,22579.83,2025-05-25T00:00:00
4575,7031,9043,5,46.43,18.0,190.36,2024-12-08T00:00:00
4576,13415,13754,9,2658.79,18.0,19621.87,2023-03-08T00:00:00
4577,5482,10762,9,1318.47,26.0,8781.01,2025-07-06T00:00:00
4578,8650,8468,9,160.22,28.0,1038.23,2023-04-08T00:00:00
4579,13211,3591,4,2592.75,22.0,8089.38,2024-09-15T00:00:00
4580,11692,11216,1,1448.42,13.0,1260.13,2024-07-17T00:00:00
4581,8719,2182,7,206.53,2.0,1416.8,2024-12-08T00:00:00
4582,13009,1844,1,1622.17,8.0,1492.4,2026-06-02T00:00:00
4583,12946,10085,8,781.59,18.0,5127.23,2024-10-20T00:00:00
4584,11848,776,1,2975.88,19.0,2410.46,2025-07-07T00:00:00
4585,14756,4211,8,2836.4,29.0,16110.75,2024-02-25T00:00:00
4586,5329,11775,5,1059.04,23.0,4077.3,2025-06-20T00:00:00
4587,4992,3215,1,2724.04,2.0,2669.56,2023-08-31T00:00:00
4588,6068,2385,2,536.67,22.0,837.21,2023-06-29T00:00:00
4589,12226,10135,1,1662.69,24.0,1263.64,2024-04-30T00:00:00
4590,8298,6613,9,339.32,10.0,2748.49,2024-12-22T00:00:00
4591,7854,3832,9,264.32,20.0,1903.1,2026-01-17T00:00:00
4592,6594,10605,7,1069.2,27.0,5463.61,2024-12-17T00:00:00
4593,12275,7837,7,1602.01,7.0,10429.09,2025-10-17T00:00:00
4594,6985,5295,2,151.88,10.0,273.38,2024-02-10T00:00:00
4595,3588,8695,5,1849.82,22.0,7214.3,2024-11-06T00:00:00
4596,7994,8870,4,1588.0,27.0,4636.96,2024-11-09T00:00:00
4597,13094,8059,7,624.08,13.0,3800.65,2024-07-29T00:00:00
4598,1714,6397,10,2434.09,5.0,23123.85,2023-08-10T00:00:00
4599,5058,1186,1,1494.68,23.0,1150.9,2025-05-15T00:00:00
4600,13218,2661,5,2424.62,18.0,9940.94,2024-02-25T00:00:00
4601,11640,2907,2,1668.3,20.0,2669.28,2024-02-11T00:00:00
4602,1428,11141,5,1433.82,17.0,5950.35,2024-09-23T00:00:00
4603,7871,13804,5,2267.35,15.0,9636.24,2024-01-11T00:00:00
4604,420,484,5,889.87,26.0,3292.52,2025-06-09T00:00:00
4605,7888,6324,4,2383.16,24.0,7244.81,2025-11-29T00:00:00
4606,12772,14872,5,2705.13,26.0,10008.98,2024-01-19T00:00:00
4607,9056,13813,10,2919.22,28.0,21018.38,2025-11-25T00:00:00
4608,7196,9263,10,577.02,10.0,5193.18,2023-02-11T00:00:00
4609,4649,10531,8,1706.57,8.0,12560.36,2025-05-20T00:00:00
4610,9726,4840,8,98.0,18.0,642.88,2025-04-13T00:00:00
4611,41,6464,7,42.88,29.0,213.11,2024-05-30T00:00:00
4612,5019,2798,10,2753.38,23.0,21201.03,2024-06-26T00:00:00
4613,13419,10381,5,1395.47,9.0,6349.39,2023-05-07T00:00:00
4614,7485,1037,4,1739.65,0.0,6958.6,2024-12-23T00:00:00
4615,3800,14320,2,797.66,11.0,1419.83,2024-04-14T00:00:00
4616,7592,3976,9,1365.84,10.0,11063.3,2025-11-03T00:00:00
4617,1831,11025,10,2382.79,6.0,22398.23,2024-07-27T00:00:00
4618,6946,8067,2,928.2,4.0,1782.14,2023-05-31T00:00:00
4619,4464,10672,1,1088.57,17.0,903.51,2025-03-17T00:00:00
4620,2014,4065,2,2550.04,28.0,3672.06,2024-04-04T00:00:00
4621,14933,1196,7,1122.41,16.0,6599.77,2024-05-15T00:00:00
4622,3775,5477,8,653.23,14.0,4494.22,2024-05-07T00:00:00
4623,4245,6968,9,1295.42,6.0,10959.25,2024-10-13T00:00:00
4624,3282,12741,7,2132.1,14.0,12835.24,2025-05-22T00:00:00
4625,10629,2197,4,735.39,6.0,2765.07,2024-04-10T00:00:00
4626,13200,12093,6,2445.69,3.0,14233.92,2026-06-02T00:00:00
4627,3747,12007,7,600.34,3.0,4076.31,2024-04-22T00:00:00
4628,13686,12649,7,1954.14,11.0,12174.29,2024-01-31T00:00:00
4629,8132,667,9,117.15,23.0,811.85,2025-11-15T00:00:00
4630,9181,12766,6,879.27,24.0,4009.47,2025-04-13T00:00:00
4631,3615,14282,8,1706.23,0.0,13649.84,2025-11-01T00:00:00
4632,5868,3620,7,310.71,19.0,1761.73,2025-01-24T00:00:00
4633,9301,7521,2,1296.77,1.0,2567.6,2026-02-17T00:00:00
4634,6378,12678,10,795.28,28.0,5726.02,2026-06-02T00:00:00
4635,10532,10035,3,1701.09,4.0,4899.14,2023-06-04T00:00:00
4636,4348,2943,5,2895.51,20.0,11582.04,2025-02-14T00:00:00
4637,7320,1625,9,2482.16,21.0,17648.16,2023-07-19T00:00:00
4638,13257,14127,9,2690.6,0.0,24215.4,2024-07-02T00:00:00
4639,13860,5318,2,1076.03,16.0,1807.73,2023-03-09T00:00:00
4640,2841,11053,6,2213.66,9.0,12086.58,2024-03-22T00:00:00
4641,6885,2233,2,191.91,16.0,322.41,2023-12-03T00:00:00
4642,6942,4587,5,916.06,3.0,4442.89,2024-05-02T00:00:00
4643,1885,14613,9,1850.75,11.0,14824.51,2024-09-17T00:00:00
4644,3821,7120,6,374.13,18.0,1840.72,2023-03-16T00:00:00
4645,12623,13913,6,1164.27,28.0,5029.65,2023-12-23T00:00:00
4646,13861,10903,3,1421.15,22.0,3325.49,2026-02-04T00:00:00
4647,13973,128,8,1448.8,24.0,8808.7,2023-01-13T00:00:00
4648,14944,5866,1,1973.41,0.0,1973.41,2025-10-18T00:00:00
4649,8879,3661,1,119.81,18.0,98.24,2025-07-15T00:00:00
4650,6445,6350,2,894.61,13.0,1556.62,2025-05-16T00:00:00
4651,12040,8843,6,1225.56,20.0,5882.69,2025-07-15T00:00:00
4652,11122,11908,3,75.68,30.0,158.93,2025-05-12T00:00:00
4653,7266,786,4,2629.69,9.0,9572.07,2025-12-01T00:00:00
4654,7502,4758,9,2975.08,2.0,26240.21,2025-07-19T00:00:00
4655,8958,11154,9,2735.72,20.0,19697.18,2025-08-04T00:00:00
4656,12775,10472,1,677.61,8.0,623.4,2024-12-15T00:00:00
4657,6926,8392,7,2862.32,9.0,18232.98,2025-08-19T00:00:00
4658,9955,14893,8,1924.01,29.0,10928.38,2024-02-19T00:00:00
4659,10264,12276,4,1223.32,18.0,4012.49,2024-03-12T00:00:00
4660,13048,7733,2,2806.63,20.0,4490.61,2023-05-21T00:00:00
4661,14700,5780,3,2422.08,20.0,5812.99,2023-06-22T00:00:00
4662,1578,11046,5,1093.16,7.0,5083.19,2024-11-19T00:00:00
4663,12145,6195,10,436.1,26.0,3227.14,2024-12-14T00:00:00
4664,2268,150,7,2679.24,6.0,17629.4,2026-06-03T00:00:00
4665,3640,8264,4,2926.65,24.0,8897.02,2023-10-29T00:00:00
4666,14574,8282,9,1478.05,6.0,12504.3,2026-03-28T00:00:00
4667,10057,14706,2,672.14,2.0,1317.39,2024-08-09T00:00:00
4668,10587,7134,4,2014.67,4.0,7736.33,2023-12-21T00:00:00
4669,3872,1637,10,1292.91,10.0,11636.19,2026-04-03T00:00:00
4670,6686,8529,7,2812.49,18.0,16143.69,2025-12-31T00:00:00
4671,14361,2338,1,168.16,5.0,159.75,2024-05-21T00:00:00
4672,4322,12596,5,2783.64,13.0,12108.83,2023-04-23T00:00:00
4673,9907,14625,5,2417.27,25.0,9064.76,2023-12-30T00:00:00
4674,6207,1260,4,2348.58,10.0,8454.89,2024-07-09T00:00:00
4675,9033,13355,6,1811.4,11.0,9672.88,2024-01-03T00:00:00
4676,9511,2951,4,2850.26,29.0,8094.74,2024-10-03T00:00:00
4677,11158,2992,8,746.43,5.0,5672.87,2024-02-06T00:00:00
4678,10819,404,9,937.91,4.0,8103.54,2023-07-03T00:00:00
4679,8717,14682,3,656.3,3.0,1909.83,2025-02-01T00:00:00
4680,5170,11605,3,1803.91,3.0,5249.38,2024-07-08T00:00:00
4681,10369,6361,9,1939.19,18.0,14311.22,2025-11-16T00:00:00
4682,12536,9890,9,987.59,26.0,6577.35,2025-02-14T00:00:00
4683,8428,2374,4,1905.82,18.0,6251.09,2023-03-14T00:00:00
4684,14787,11617,9,2327.37,14.0,18013.84,2026-03-06T00:00:00
4685,9789,12241,3,2929.01,5.0,8347.68,2025-06-09T00:00:00
4686,14111,1387,1,855.26,9.0,778.29,2023-05-26T00:00:00
4687,13108,4418,8,1421.16,24.0,8640.65,2024-10-27T00:00:00
4688,3687,7110,5,1812.85,27.0,6616.9,2024-01-04T00:00:00
4689,4163,4103,2,2943.83,6.0,5534.4,2023-06-26T00:00:00
4690,224,6018,1,1882.37,13.0,1637.66,2025-04-14T00:00:00
4691,12334,7031,1,2376.83,20.0,1901.46,2023-06-12T00:00:00
4692,4677,7761,1,877.51,14.0,754.66,2026-05-09T00:00:00
4693,4141,8147,6,943.72,17.0,4699.73,2023-01-17T00:00:00
4694,9735,7225,9,1182.27,19.0,8618.75,2024-04-18T00:00:00
4695,1585,10715,3,523.13,19.0,1271.21,2024-09-14T00:00:00
4696,10080,3388,9,1423.23,2.0,12552.89,2023-01-13T00:00:00
4697,2077,8800,1,2380.31,7.0,2213.69,2023-09-30T00:00:00
4698,2695,8534,5,571.24,18.0,2342.08,2023-12-23T00:00:00
4699,6337,10313,7,2363.85,8.0,15223.19,2024-03-24T00:00:00
4700,11259,4948,7,816.95,5.0,5432.72,2024-10-26T00:00:00
4701,13751,10073,10,201.38,8.0,1852.7,2026-03-17T00:00:00
4702,2341,5581,10,2630.03,16.0,22092.25,2024-12-19T00:00:00
4703,2865,1772,9,1159.18,20.0,8346.1,2025-06-22T00:00:00
4704,593,13786,9,383.41,16.0,2898.58,2024-01-24T00:00:00
4705,10854,1440,4,2915.8,17.0,9680.46,2024-04-14T00:00:00
4706,7942,13620,9,990.25,7.0,8288.39,2025-11-12T00:00:00
4707,8529,13581,1,1388.84,15.0,1180.51,2024-11-22T00:00:00
4708,14066,9193,4,1355.04,25.0,4065.12,2026-03-15T00:00:00
4709,6337,13839,3,2429.0,22.0,5683.86,2023-05-12T00:00:00
4710,2811,6280,1,727.24,12.0,639.97,2024-02-10T00:00:00
4711,9517,1657,6,1587.49,2.0,9334.44,2025-05-03T00:00:00
4712,804,3811,1,2606.09,0.0,2606.09,2023-07-17T00:00:00
4713,7707,13505,9,1964.09,4.0,16969.74,2025-08-11T00:00:00
4714,135,4155,5,404.53,27.0,1476.53,2023-09-23T00:00:00
4715,4758,3903,1,2752.49,16.0,2312.09,2026-05-01T00:00:00
4716,4964,11160,6,1407.13,13.0,7345.22,2025-11-09T00:00:00
4717,11058,13712,10,841.03,24.0,6391.83,2023-04-17T00:00:00
4718,116,75,7,2433.79,7.0,15843.97,2023-01-23T00:00:00
4719,12771,10385,1,212.99,27.0,155.48,2024-08-09T00:00:00
4720,9601,13314,5,2755.36,17.0,11434.74,2025-07-28T00:00:00
4721,5943,14803,3,336.81,29.0,717.41,2025-02-15T00:00:00
4722,8766,12344,5,2189.39,14.0,9414.38,2026-03-11T00:00:00
4723,10058,418,3,1339.27,15.0,3415.14,2025-02-21T00:00:00
4724,14933,91,3,1630.17,6.0,4597.08,2023-07-28T00:00:00
4725,14606,5074,1,2783.36,14.0,2393.69,2025-04-01T00:00:00
4726,1656,14771,10,1607.49,12.0,14145.91,2023-10-06T00:00:00
4727,14839,12715,4,2881.99,3.0,11182.12,2024-11-28T00:00:00
4728,2426,9603,5,1283.23,24.0,4876.27,2026-04-14T00:00:00
4729,13666,5625,7,1419.21,16.0,8344.95,2026-02-07T00:00:00
4730,2655,9243,10,2691.17,23.0,20722.01,2025-04-01T00:00:00
4731,853,7552,3,289.77,21.0,686.75,2025-11-02T00:00:00
4732,983,5008,1,763.82,14.0,656.89,2024-06-11T00:00:00
4733,14497,13836,10,2491.14,27.0,18185.32,2023-08-20T00:00:00
4734,482,14700,9,2947.58,11.0,23610.12,2023-08-12T00:00:00
4735,13689,13830,7,1207.04,15.0,7181.89,2023-09-30T00:00:00
4736,6025,1675,2,2173.08,22.0,3390.0,2024-05-04T00:00:00
4737,3764,10496,8,2450.36,4.0,18818.76,2026-05-31T00:00:00
4738,886,2194,6,1753.11,29.0,7468.25,2024-02-26T00:00:00
4739,13719,11506,5,1442.58,6.0,6780.13,2024-06-29T00:00:00
4740,397,5667,7,2480.12,20.0,13888.67,2026-05-12T00:00:00
4741,10059,5225,2,1940.28,5.0,3686.53,2023-02-06T00:00:00
4742,8140,7978,10,2600.0,16.0,21840.0,2024-07-31T00:00:00
4743,11154,13787,7,1984.54,14.0,11946.93,2025-01-22T00:00:00
4744,14230,2936,2,659.23,13.0,1147.06,2025-05-19T00:00:00
4745,7200,2786,2,359.5,21.0,568.01,2025-07-15T00:00:00
4746,437,13076,8,153.67,18.0,1008.08,2025-10-02T00:00:00
4747,4118,8510,7,2318.42,7.0,15092.91,2023-10-18T00:00:00
4748,14760,14722,9,2221.2,12.0,17591.9,2025-12-28T00:00:00
4749,6929,835,7,2032.37,11.0,12661.67,2024-12-14T00:00:00
4750,6490,13198,9,2993.07,22.0,21011.35,2023-01-09T00:00:00
4751,14583,9754,8,1388.05,21.0,8772.48,2025-10-03T00:00:00
4752,2960,6829,2,958.85,13.0,1668.4,2023-08-09T00:00:00
4753,2975,2053,7,123.24,29.0,612.5,2025-09-30T00:00:00
4754,13179,7471,5,1951.51,26.0,7220.59,2024-01-30T00:00:00
4755,12870,14042,1,2009.82,9.0,1828.94,2024-06-19T00:00:00
4756,3050,14792,4,1530.93,12.0,5388.87,2023-02-01T00:00:00
4757,14247,2316,6,1903.14,4.0,10962.09,2023-02-09T00:00:00
4758,5349,6723,5,1253.61,18.0,5139.8,2026-01-21T00:00:00
4759,5514,2706,6,1975.03,1.0,11731.68,2025-01-11T00:00:00
4760,9670,11446,1,2616.04,8.0,2406.76,2026-01-25T00:00:00
4761,5294,183,10,2142.8,29.0,15213.88,2023-12-29T00:00:00
4762,5379,11815,4,855.55,15.0,2908.87,2026-05-25T00:00:00
4763,10742,6971,3,927.07,2.0,2725.59,2025-04-25T00:00:00
4764,10148,12453,7,1130.84,5.0,7520.09,2023-09-06T00:00:00
4765,13702,3506,6,1167.34,9.0,6373.68,2024-11-13T00:00:00
4766,2244,63,5,2310.56,22.0,9011.18,2024-06-30T00:00:00
4767,1252,482,10,1647.19,8.0,15154.15,2025-09-22T00:00:00
4768,2964,6073,4,660.96,8.0,2432.33,2024-05-07T00:00:00
4769,11915,4775,7,1793.79,28.0,9040.7,2025-01-30T00:00:00
4770,9629,944,10,515.02,13.0,4480.67,2026-03-23T00:00:00
4771,4661,6827,7,856.85,26.0,4438.48,2023-10-17T00:00:00
4772,13138,5669,5,1950.35,29.0,6923.74,2023-10-01T00:00:00
4773,766,255,6,2206.07,14.0,11383.32,2024-05-06T00:00:00
4774,2846,10328,10,2187.49,28.0,15749.93,2023-05-20T00:00:00
4775,1228,2351,4,650.77,15.0,2212.62,2024-03-06T00:00:00
4776,97,557,9,1514.83,23.0,10497.77,2026-02-04T00:00:00
4777,7128,12647,1,1326.7,30.0,928.69,2025-12-29T00:00:00
4778,9482,2112,7,2715.36,29.0,13495.34,2025-06-22T00:00:00
4779,5741,3307,5,2600.6,11.0,11572.67,2025-04-17T00:00:00
4780,4815,8435,3,369.64,27.0,809.51,2023-01-12T00:00:00
4781,2788,13118,6,1259.55,9.0,6877.14,2024-11-25T00:00:00
4782,250,2565,8,1283.84,0.0,10270.72,2024-01-06T00:00:00
4783,10424,9033,6,1155.76,11.0,6171.76,2024-11-27T00:00:00
4784,10461,7717,9,2514.16,14.0,19459.6,2026-03-25T00:00:00
4785,9245,7214,9,2817.06,5.0,24085.86,2025-01-31T00:00:00
4786,133,493,6,2673.57,30.0,11228.99,2025-10-18T00:00:00
4787,4807,11078,5,2947.9,14.0,12675.97,2024-03-29T00:00:00
4788,5762,7989,4,2884.32,24.0,8768.33,2026-02-08T00:00:00
4789,10272,12354,1,2613.1,12.0,2299.53,2025-11-21T00:00:00
4790,4425,7460,3,1738.38,7.0,4850.08,2024-01-03T00:00:00
4791,13742,8196,4,2145.61,15.0,7295.07,2025-02-28T00:00:00
4792,13364,4909,10,1798.56,22.0,14028.77,2023-08-23T00:00:00
4793,14287,3030,2,1597.81,10.0,2876.06,2024-07-23T00:00:00
4794,5841,12056,3,99.27,24.0,226.34,2025-09-12T00:00:00
4795,6257,748,3,1669.46,3.0,4858.13,2026-01-18T00:00:00
4796,1188,13894,1,2195.47,0.0,2195.47,2025-02-22T00:00:00
4797,5956,4644,10,1628.36,13.0,14166.73,2023-04-30T00:00:00
4798,11564,14023,7,1360.47,2.0,9332.82,2025-10-28T00:00:00
4799,4015,13193,2,1652.21,26.0,2445.27,2024-11-13T00:00:00
4800,13141,4540,1,1843.76,14.0,1585.63,2023-01-25T00:00:00
4801,3658,9077,10,877.07,13.0,7630.51,2023-08-05T00:00:00
4802,1832,2218,7,2530.69,3.0,17183.39,2024-06-22T00:00:00
4803,5301,8015,1,1681.59,19.0,1362.09,2025-11-21T00:00:00
4804,12353,3593,3,2622.23,25.0,5900.02,2023-03-16T00:00:00
4805,9896,11261,8,307.94,9.0,2241.8,2025-11-07T00:00:00
4806,305,8775,9,2304.77,16.0,17424.06,2024-07-10T00:00:00
4807,12856,7561,4,1569.63,21.0,4960.03,2023-02-05T00:00:00
4808,9870,6828,1,2738.13,20.0,2190.5,2026-01-21T00:00:00
4809,14247,14711,7,2949.19,18.0,16928.35,2024-12-14T00:00:00
4810,9234,8999,4,1739.45,5.0,6609.91,2023-04-22T00:00:00
4811,11405,1588,7,2142.44,18.0,12297.61,2025-03-26T00:00:00
4812,3677,9836,5,2963.27,29.0,10519.61,2025-08-11T00:00:00
4813,4429,1748,7,2762.15,3.0,18755.0,2026-01-09T00:00:00
4814,4208,10084,4,503.8,22.0,1571.86,2026-01-26T00:00:00
4815,12900,11042,9,424.36,23.0,2940.81,2025-12-04T00:00:00
4816,8576,9483,5,211.19,29.0,749.72,2025-11-13T00:00:00
4817,10957,8565,10,133.75,19.0,1083.38,2025-02-05T00:00:00
4818,6239,12567,8,777.39,30.0,4353.38,2025-09-19T00:00:00
4819,40,1992,4,2552.59,3.0,9904.05,2024-11-23T00:00:00
4820,12224,12843,2,2046.49,19.0,3315.31,2024-11-14T00:00:00
4821,8275,9288,9,2662.83,9.0,21808.58,2023-05-29T00:00:00
4822,4331,8534,6,671.23,14.0,3463.55,2023-07-18T00:00:00
4823,5427,1805,7,1048.14,7.0,6823.39,2024-06-23T00:00:00
4824,3163,4807,5,594.09,9.0,2703.11,2023-02-20T00:00:00
4825,13394,9657,7,2628.77,20.0,14721.11,2025-03-10T00:00:00
4826,390,7714,5,623.69,5.0,2962.53,2023-11-26T00:00:00
4827,11883,14345,9,2432.07,29.0,15540.93,2024-05-15T00:00:00
4828,68,9947,4,2423.42,8.0,8918.19,2025-06-24T00:00:00
4829,4316,11202,6,2420.64,13.0,12635.74,2025-05-18T00:00:00
4830,10916,4254,8,2704.46,29.0,15361.33,2026-05-19T00:00:00
4831,3553,5777,2,1815.37,26.0,2686.75,2025-04-28T00:00:00
4832,14880,6353,9,87.61,2.0,772.72,2023-08-27T00:00:00
4833,12745,7392,7,325.1,15.0,1934.35,2023-06-15T00:00:00
4834,11536,14370,8,784.64,8.0,5774.95,2025-08-02T00:00:00
4835,13002,14512,1,1198.27,29.0,850.77,2023-02-15T00:00:00
4836,11764,7905,5,1267.87,11.0,5642.02,2023-10-25T00:00:00
4837,7886,8343,8,1759.98,24.0,10700.68,2025-01-02T00:00:00
4838,10650,50,8,2262.14,29.0,12848.96,2023-07-17T00:00:00
4839,11398,10142,4,1811.4,13.0,6303.67,2024-08-30T00:00:00
4840,7340,12622,4,1635.93,10.0,5889.35,2026-06-01T00:00:00
4841,12419,2507,8,2501.89,24.0,15211.49,2023-07-14T00:00:00
4842,11615,7927,2,1785.45,27.0,2606.76,2023-12-18T00:00:00
4843,509,3904,5,1122.95,22.0,4379.51,2023-04-15T00:00:00
4844,10514,1576,1,1298.2,24.0,986.63,2025-05-14T00:00:00
4845,9297,1557,8,527.96,30.0,2956.58,2026-03-04T00:00:00
4846,7731,11236,2,1582.72,15.0,2690.62,2025-12-28T00:00:00
4847,409,5059,10,371.68,18.0,3047.78,2026-03-30T00:00:00
4848,2375,9448,2,1463.72,23.0,2254.13,2023-11-28T00:00:00
4849,7203,14329,9,1528.56,5.0,13069.19,2026-06-03T00:00:00
4850,10412,9385,2,1385.03,13.0,2409.95,2023-05-18T00:00:00
4851,8241,6215,3,951.39,6.0,2682.92,2024-01-12T00:00:00
4852,8933,10796,10,936.44,27.0,6836.01,2025-10-22T00:00:00
4853,7941,7637,7,49.75,19.0,282.08,2025-12-20T00:00:00
4854,12808,9633,6,1622.34,15.0,8273.93,2025-07-25T00:00:00
4855,1491,7980,2,912.57,20.0,1460.11,2025-09-30T00:00:00
4856,10292,5689,7,2097.97,18.0,12042.35,2023-08-01T00:00:00
4857,3525,7666,3,1270.08,1.0,3772.14,2023-10-17T00:00:00
4858,9516,11567,4,460.5,10.0,1657.8,2025-03-31T00:00:00
4859,5653,11704,6,1122.23,13.0,5858.04,2026-05-29T00:00:00
4860,12715,11852,9,893.48,24.0,6111.4,2025-05-05T00:00:00
4861,12261,10071,4,944.59,17.0,3136.04,2023-03-17T00:00:00
4862,1034,12325,10,2584.35,8.0,23776.02,2024-09-24T00:00:00
4863,1670,9242,8,2980.03,26.0,17641.78,2024-01-19T00:00:00
4864,8758,14529,2,1764.94,3.0,3423.98,2023-08-18T00:00:00
4865,3216,5917,9,1142.0,12.0,9044.64,2024-04-27T00:00:00
4866,7020,11950,4,1923.78,8.0,7079.51,2024-03-22T00:00:00
4867,7049,11191,4,1386.56,12.0,4880.69,2023-11-09T00:00:00
4868,10649,2354,7,1745.19,23.0,9406.57,2025-05-17T00:00:00
4869,4940,12944,6,1916.63,30.0,8049.85,2026-03-16T00:00:00
4870,12437,8322,5,1666.35,26.0,6165.49,2023-07-01T00:00:00
4871,6623,7877,8,210.6,9.0,1533.17,2023-08-20T00:00:00
4872,8572,7746,10,1308.45,23.0,10075.07,2025-02-16T00:00:00
4873,515,3196,5,2814.66,9.0,12806.7,2023-12-02T00:00:00
4874,3361,11134,1,2073.2,22.0,1617.1,2025-07-25T00:00:00
4875,8172,10424,10,2824.31,28.0,20335.03,2023-07-05T00:00:00
4876,3162,9472,3,1173.51,21.0,2781.22,2023-02-07T00:00:00
4877,4516,13786,1,1950.82,23.0,1502.13,2025-05-09T00:00:00
4878,6479,10736,5,625.26,4.0,3001.25,2026-03-27T00:00:00
4879,12066,1744,10,1271.13,10.0,11440.17,2023-09-03T00:00:00
4880,10279,7754,7,2183.1,30.0,10697.19,2023-10-21T00:00:00
4881,11472,10951,3,2986.43,24.0,6809.06,2024-07-04T00:00:00
4882,1944,8604,10,2402.53,24.0,18259.23,2023-03-21T00:00:00
4883,1272,7746,8,1774.4,9.0,12917.63,2023-07-05T00:00:00
4884,742,11131,6,104.89,14.0,541.23,2023-06-21T00:00:00
4885,8728,7810,5,1228.95,18.0,5038.7,2024-10-05T00:00:00
4886,8164,12783,9,2751.59,10.0,22287.88,2026-03-08T00:00:00
4887,9883,922,8,857.45,4.0,6585.22,2024-02-22T00:00:00
4888,7539,7761,1,2444.82,6.0,2298.13,2023-11-25T00:00:00
4889,11605,4092,5,198.32,5.0,942.02,2024-06-05T00:00:00
4890,6226,3689,2,2782.69,27.0,4062.73,2025-12-30T00:00:00
4891,5498,8268,6,2530.88,20.0,12148.22,2026-05-14T00:00:00
4892,9081,12214,10,1702.63,28.0,12258.94,2025-01-25T00:00:00
4893,10230,12238,8,1830.61,14.0,12594.6,2025-02-22T00:00:00
4894,10822,12992,7,2135.43,22.0,11659.45,2023-07-05T00:00:00
4895,14443,10939,9,10.01,1.0,89.19,2023-07-22T00:00:00
4896,8229,1618,1,866.84,19.0,702.14,2024-05-13T00:00:00
4897,4772,12655,3,348.25,7.0,971.62,2024-03-09T00:00:00
4898,12443,1452,4,695.58,23.0,2142.39,2025-02-07T00:00:00
4899,12789,3671,10,182.41,7.0,1696.41,2026-06-10T00:00:00
4900,6016,14987,6,2839.89,12.0,14994.62,2024-08-10T00:00:00
4901,9718,3472,9,2443.55,10.0,19792.76,2026-02-23T00:00:00
4902,14071,3508,3,2271.9,11.0,6065.97,2025-06-24T00:00:00
4903,12154,501,10,2589.54,26.0,19162.6,2023-06-24T00:00:00
4904,13427,13472,3,2448.07,3.0,7123.88,2024-08-02T00:00:00
4905,11940,13307,9,2652.53,17.0,19814.4,2025-12-10T00:00:00
4906,14404,13469,4,532.83,15.0,1811.62,2024-11-03T00:00:00
4907,10548,11940,9,256.5,1.0,2285.41,2025-10-30T00:00:00
4908,11687,8834,8,2425.96,29.0,13779.45,2025-09-26T00:00:00
4909,14473,11117,5,1479.63,23.0,5696.58,2023-04-18T00:00:00
4910,12719,13440,1,1709.02,3.0,1657.75,2023-12-16T00:00:00
4911,6099,5543,9,1628.39,24.0,11138.19,2023-06-17T00:00:00
4912,944,6449,2,1818.06,1.0,3599.76,2025-01-28T00:00:00
4913,14669,7273,2,2861.27,17.0,4749.71,2026-06-03T00:00:00
4914,3063,3641,1,584.46,28.0,420.81,2023-01-02T00:00:00
4915,11557,13586,5,1771.63,1.0,8769.57,2025-11-14T00:00:00
4916,11718,11191,3,677.06,15.0,1726.5,2023-05-15T00:00:00
4917,11755,993,10,2726.36,1.0,26990.96,2025-04-02T00:00:00
4918,1026,5560,2,2047.23,10.0,3685.01,2024-04-08T00:00:00
4919,13160,8752,4,2088.83,20.0,6684.26,2025-05-11T00:00:00
4920,1712,1449,10,2493.54,13.0,21693.8,2023-07-12T00:00:00
4921,10026,11687,8,2924.22,10.0,21054.38,2026-02-18T00:00:00
4922,9721,14386,2,2311.84,20.0,3698.94,2026-04-24T00:00:00
4923,8607,12990,1,996.07,23.0,766.97,2025-12-27T00:00:00
4924,1852,2440,6,385.91,21.0,1829.21,2025-06-07T00:00:00
4925,4031,5495,9,2079.99,25.0,14039.93,2023-12-19T00:00:00
4926,7695,12200,6,2205.24,8.0,12172.92,2025-03-08T00:00:00
4927,13639,10181,3,595.95,23.0,1376.64,2024-06-22T00:00:00
4928,13604,188,6,339.28,25.0,1526.76,2025-09-21T00:00:00
4929,9403,6931,6,263.57,0.0,1581.42,2024-11-22T00:00:00
4930,3621,9882,8,781.29,16.0,5250.27,2024-05-20T00:00:00
4931,9633,12139,2,2879.37,29.0,4088.71,2024-06-18T00:00:00
4932,1006,543,4,1390.49,13.0,4838.91,2025-04-16T00:00:00
4933,14308,3579,4,2243.26,11.0,7986.01,2024-09-09T00:00:00
4934,631,13865,9,335.41,28.0,2173.46,2023-01-29T00:00:00
4935,4930,6823,6,1543.26,23.0,7129.86,2024-10-13T00:00:00
4936,3865,3229,7,2241.96,13.0,13653.54,2024-11-14T00:00:00
4937,14829,11625,4,1138.2,13.0,3960.94,2023-08-14T00:00:00
4938,4702,14815,9,592.4,13.0,4638.49,2024-10-27T00:00:00
4939,10424,11251,3,2556.36,13.0,6672.1,2025-06-26T00:00:00
4940,1090,14790,7,1700.28,25.0,8926.47,2025-07-24T00:00:00
4941,1889,7534,1,226.29,6.0,212.71,2026-02-25T00:00:00
4942,1541,3031,2,2925.81,9.0,5324.97,2025-08-11T00:00:00
4943,14432,4913,7,2407.1,14.0,14490.74,2023-07-19T00:00:00
4944,4080,4067,3,26.07,25.0,58.66,2024-03-18T00:00:00
4945,12219,12448,7,1929.79,10.0,12157.68,2026-01-25T00:00:00
4946,3634,13203,1,197.96,25.0,148.47,2025-11-07T00:00:00
4947,8321,4800,7,474.55,27.0,2424.95,2025-01-01T00:00:00
4948,14591,11318,4,1823.27,22.0,5688.6,2023-04-23T00:00:00
4949,11125,7603,3,794.83,4.0,2289.11,2025-11-17T00:00:00
4950,3853,12376,7,2552.37,22.0,13935.94,2025-02-01T00:00:00
4951,6798,8208,4,2509.25,1.0,9936.63,2023-07-13T00:00:00
4952,14315,12282,1,1666.99,26.0,1233.57,2025-03-26T00:00:00
4953,1919,8534,6,2406.87,11.0,12852.69,2025-05-30T00:00:00
4954,11841,10288,7,1023.41,1.0,7092.23,2026-01-13T00:00:00
4955,2487,989,10,2672.25,22.0,20843.55,2025-04-01T00:00:00
4956,8983,2285,9,1712.24,10.0,13869.14,2024-11-17T00:00:00
4957,3312,13959,10,2712.18,16.0,22782.31,2024-02-03T00:00:00
4958,11207,913,6,868.08,28.0,3750.11,2024-04-27T00:00:00
4959,14293,13232,3,2028.41,21.0,4807.33,2023-07-21T00:00:00
4960,4020,1625,7,1469.5,26.0,7612.01,2026-01-11T00:00:00
4961,10562,4000,4,69.99,6.0,263.16,2023-03-12T00:00:00
4962,8510,14054,4,2869.19,18.0,9410.94,2023-09-13T00:00:00
4963,4575,13663,1,2085.73,16.0,1752.01,2026-04-03T00:00:00
4964,12554,4635,2,2126.8,12.0,3743.17,2025-07-12T00:00:00
4965,614,916,4,2992.11,19.0,9694.44,2026-04-11T00:00:00
4966,8719,4860,7,295.7,3.0,2007.8,2023-10-05T00:00:00
4967,14455,9283,9,976.38,8.0,8084.43,2023-03-09T00:00:00
4968,11471,4153,7,644.45,20.0,3608.92,2024-02-10T00:00:00
4969,3345,13929,2,175.15,28.0,252.22,2024-01-15T00:00:00
4970,874,13064,10,2641.58,6.0,24830.85,2024-07-30T00:00:00
4971,1936,10375,5,1715.44,23.0,6604.44,2024-03-26T00:00:00
4972,5249,852,7,1401.57,29.0,6965.8,2025-01-22T00:00:00
4973,12065,8269,6,430.54,22.0,2014.93,2023-02-05T00:00:00
4974,3102,2309,4,2515.19,15.0,8551.65,2025-09-26T00:00:00
4975,4143,199,3,402.21,19.0,977.37,2025-04-02T00:00:00
4976,1537,1969,6,2922.05,27.0,12798.58,2024-08-27T00:00:00
4977,5110,8900,10,2757.91,21.0,21787.49,2025-08-22T00:00:00
4978,4972,1589,7,410.48,19.0,2327.42,2025-02-12T00:00:00
4979,5501,6328,4,794.72,26.0,2352.37,2025-08-18T00:00:00
4980,6652,1006,1,2715.91,1.0,2688.75,2024-12-05T00:00:00
4981,12958,4165,2,2579.44,12.0,4539.81,2025-09-17T00:00:00
4982,1207,4049,3,1541.49,11.0,4115.78,2023-12-14T00:00:00
4983,2675,14937,4,286.3,3.0,1110.84,2023-11-15T00:00:00
4984,14009,11650,2,2090.71,19.0,3386.95,2025-01-07T00:00:00
4985,1646,13182,3,1481.59,15.0,3778.05,2025-06-05T00:00:00
4986,14416,4266,9,172.29,6.0,1457.57,2023-03-27T00:00:00
4987,3669,3490,10,2286.81,26.0,16922.39,2023-11-01T00:00:00
4988,12264,404,10,100.46,14.0,863.96,2023-05-06T00:00:00
4989,14876,8123,10,1449.62,19.0,11741.92,2025-11-06T00:00:00
4990,5914,11078,7,136.61,5.0,908.46,2024-10-13T00:00:00
4991,14336,2019,1,2877.99,1.0,2849.21,2025-03-07T00:00:00
4992,14980,14854,3,187.0,9.0,510.51,2023-04-25T00:00:00
4993,1356,2656,4,2614.76,29.0,7425.92,2024-11-05T00:00:00
4994,12568,716,1,2431.46,14.0,2091.06,2025-02-12T00:00:00
4995,14249,2808,3,2935.75,17.0,7310.02,2023-12-08T00:00:00
4996,4254,13508,10,2684.46,10.0,24160.14,2024-02-08T00:00:00
4997,9057,10868,8,280.59,25.0,1683.54,2024-09-28T00:00:00
4998,7681,12251,10,832.48,28.0,5993.86,2024-12-03T00:00:00
4999,1643,10575,2,2122.04,17.0,3522.59,2026-01-13T00:00:00
5000,13262,14759,10,2776.99,2.0,27214.5,2025-11-06T00:00:00
5001,8967,1170,4,1598.24,9.0,5817.59,2023-09-29T00:00:00
5002,1343,12416,8,1098.13,21.0,6940.18,2024-03-17T00:00:00
5003,7990,7578,1,1418.96,8.0,1305.44,2025-07-23T00:00:00
5004,2178,8664,9,972.75,1.0,8667.2,2024-02-07T00:00:00
5005,2351,1650,8,1329.95,5.0,10107.62,2025-02-16T00:00:00
5006,4985,517,7,865.79,23.0,4666.61,2024-08-12T00:00:00
5007,42,10153,4,896.85,15.0,3049.29,2024-02-21T00:00:00
5008,12643,10039,9,32.63,0.0,293.67,2023-07-14T00:00:00
5009,11988,388,4,996.43,4.0,3826.29,2023-06-04T00:00:00
5010,11141,11859,8,888.96,18.0,5831.58,2023-09-01T00:00:00
5011,6357,2779,3,1070.23,16.0,2696.98,2025-06-05T00:00:00
5012,13032,13418,1,320.9,22.0,250.3,2024-11-25T00:00:00
5013,12871,9841,1,2485.32,28.0,1789.43,2025-05-17T00:00:00
5014,12577,12056,7,2515.14,10.0,15845.38,2023-06-12T00:00:00
5015,9809,3504,5,554.93,24.0,2108.73,2026-01-29T00:00:00
5016,895,7655,1,342.99,11.0,305.26,2024-10-07T00:00:00
5017,1771,645,3,1226.01,13.0,3199.89,2023-11-19T00:00:00
5018,7021,2697,5,849.3,15.0,3609.53,2025-03-28T00:00:00
5019,2122,14121,4,2714.07,9.0,9879.21,2023-08-30T00:00:00
5020,2804,4385,10,1787.5,1.0,17696.25,2024-11-26T00:00:00
5021,7245,13303,2,948.63,23.0,1460.89,2025-08-20T00:00:00
5022,7829,13400,3,1233.6,3.0,3589.78,2023-01-21T00:00:00
5023,12068,438,7,646.73,3.0,4391.3,2025-04-20T00:00:00
5024,4452,688,8,1233.2,25.0,7399.2,2025-11-01T00:00:00
5025,12882,10656,2,1756.14,26.0,2599.09,2024-10-10T00:00:00
5026,12666,5584,2,595.41,21.0,940.75,2026-04-13T00:00:00
5027,10019,1200,2,2977.97,17.0,4943.43,2023-04-13T00:00:00
5028,10982,6153,3,1528.81,4.0,4402.97,2026-06-01T00:00:00
5029,9967,2381,6,10.71,1.0,63.62,2024-04-25T00:00:00
5030,619,5735,5,1836.73,19.0,7438.76,2024-08-15T00:00:00
5031,14635,13647,2,1655.56,7.0,3079.34,2023-12-21T00:00:00
5032,5628,1772,3,2416.84,1.0,7178.01,2026-01-08T00:00:00
5033,141,4703,9,1599.03,2.0,14103.44,2025-06-09T00:00:00
5034,8424,602,4,1691.41,6.0,6359.7,2024-06-30T00:00:00
5035,13901,4733,8,1159.72,8.0,8535.54,2024-05-03T00:00:00
5036,13266,12844,3,2477.03,13.0,6465.05,2026-02-17T00:00:00
5037,14802,2223,6,329.05,4.0,1895.33,2024-10-01T00:00:00
5038,13282,5801,3,411.14,24.0,937.4,2024-03-27T00:00:00
5039,13563,6791,6,2787.48,28.0,12041.91,2024-12-04T00:00:00
5040,14684,13470,8,2010.35,12.0,14152.86,2024-12-10T00:00:00
5041,11502,3967,2,166.25,19.0,269.33,2023-05-16T00:00:00
5042,8171,4549,2,1041.24,5.0,1978.36,2023-03-18T00:00:00
5043,6621,9391,9,69.06,29.0,441.29,2024-06-26T00:00:00
5044,14962,5315,2,1515.58,10.0,2728.04,2024-12-01T00:00:00
5045,12543,8202,10,1993.19,11.0,17739.39,2023-08-02T00:00:00
5046,9052,14549,7,1613.88,26.0,8359.9,2023-05-17T00:00:00
5047,5897,12015,7,2429.91,15.0,14457.96,2024-12-07T00:00:00
5048,5119,8087,4,1806.47,20.0,5780.7,2023-01-01T00:00:00
5049,783,9090,6,2498.38,19.0,12142.13,2025-11-11T00:00:00
5050,606,4422,7,2778.57,20.0,15559.99,2023-11-21T00:00:00
5051,13834,12159,4,1189.72,2.0,4663.7,2025-11-24T00:00:00
5052,13129,11375,6,872.34,5.0,4972.34,2026-05-06T00:00:00
5053,3936,2730,1,1619.7,21.0,1279.56,2026-03-18T00:00:00
5054,5143,4785,10,2636.86,4.0,25313.86,2023-04-15T00:00:00
5055,10835,9780,1,1492.96,0.0,1492.96,2025-10-13T00:00:00
5056,12488,983,1,314.51,13.0,273.62,2025-08-17T00:00:00
5057,4294,3215,1,1574.08,29.0,1117.6,2026-04-30T00:00:00
5058,1820,7308,6,2559.81,27.0,11211.97,2023-01-01T00:00:00
5059,7034,8823,10,2284.02,9.0,20784.58,2024-12-15T00:00:00
5060,1899,14498,3,282.94,25.0,636.62,2024-04-16T00:00:00
5061,1850,10745,9,2831.47,26.0,18857.59,2025-11-01T00:00:00
5062,4252,9366,3,114.75,20.0,275.4,2026-05-20T00:00:00
5063,5130,3192,8,1653.83,1.0,13098.33,2025-01-02T00:00:00
5064,9602,10316,5,1060.15,24.0,4028.57,2024-03-19T00:00:00
5065,12914,11339,2,2181.93,29.0,3098.34,2023-08-25T00:00:00
5066,1503,14378,1,2916.81,13.0,2537.62,2025-06-02T00:00:00
5067,5298,9703,10,1740.96,5.0,16539.12,2023-11-09T00:00:00
5068,2534,10047,7,1955.98,22.0,10679.65,2023-10-25T00:00:00
5069,8901,3774,9,369.82,4.0,3195.24,2023-09-27T00:00:00
5070,13191,6833,2,1263.32,6.0,2375.04,2024-08-29T00:00:00
5071,10034,10202,7,515.26,10.0,3246.14,2023-11-04T00:00:00
5072,10468,12972,1,2208.02,25.0,1656.01,2024-07-26T00:00:00
5073,1780,12330,10,2796.17,16.0,23487.83,2023-03-15T00:00:00
5074,692,12673,6,350.67,25.0,1578.01,2023-09-12T00:00:00
5075,1649,5785,6,211.35,15.0,1077.88,2024-02-26T00:00:00
5076,13722,12825,5,1304.68,12.0,5740.59,2025-11-27T00:00:00
5077,7516,7166,7,432.89,2.0,2969.63,2024-11-14T00:00:00
5078,388,14227,8,1829.58,21.0,11562.95,2025-07-11T00:00:00
5079,8080,1467,5,2695.55,26.0,9973.53,2024-01-10T00:00:00
5080,2462,3441,10,1112.99,22.0,8681.32,2025-02-15T00:00:00
5081,13344,3399,1,2735.86,18.0,2243.41,2023-06-10T00:00:00
5082,12593,14430,2,2616.21,28.0,3767.34,2023-08-09T00:00:00
5083,834,4770,8,775.77,6.0,5833.79,2024-05-29T00:00:00
5084,368,2976,6,2126.41,4.0,12248.12,2026-04-12T00:00:00
5085,14130,10468,4,905.03,26.0,2678.89,2024-06-23T00:00:00
5086,8961,8747,1,596.01,18.0,488.73,2025-05-11T00:00:00
5087,569,11977,1,1154.43,14.0,992.81,2023-07-31T00:00:00
5088,4235,8211,9,2649.93,15.0,20271.96,2024-12-04T00:00:00
5089,10542,10842,6,1428.03,23.0,6597.5,2026-06-05T00:00:00
5090,10478,10819,6,1102.31,10.0,5952.47,2023-03-16T00:00:00
5091,14686,3792,1,640.87,8.0,589.6,2024-12-30T00:00:00
5092,13634,5018,1,1332.18,28.0,959.17,2025-08-21T00:00:00
5093,12150,12598,7,747.53,5.0,4971.07,2026-06-10T00:00:00
5094,5651,3895,7,1152.79,22.0,6294.23,2023-08-09T00:00:00
5095,1435,8457,10,26.82,10.0,241.38,2026-04-20T00:00:00
5096,8568,122,4,198.48,19.0,643.08,2024-03-11T00:00:00
5097,2578,11544,7,2985.88,16.0,17556.97,2023-06-23T00:00:00
5098,11697,6225,7,2335.91,17.0,13571.64,2023-10-14T00:00:00
5099,12466,1440,1,580.18,5.0,551.17,2026-03-01T00:00:00
5100,2375,12120,9,1760.29,23.0,12198.81,2026-04-13T00:00:00
5101,6934,9812,4,1892.92,9.0,6890.23,2026-01-08T00:00:00
5102,1565,10962,2,2843.65,26.0,4208.6,2023-07-08T00:00:00
5103,3918,11784,7,721.97,5.0,4801.1,2024-08-11T00:00:00
5104,196,5048,4,1179.96,22.0,3681.48,2026-01-04T00:00:00
5105,4243,1829,8,2435.75,11.0,17342.54,2025-04-24T00:00:00
5106,9326,5268,8,183.9,15.0,1250.52,2023-04-15T00:00:00
5107,14058,11485,7,2558.37,4.0,17192.25,2023-12-29T00:00:00
5108,4729,11007,1,193.23,27.0,141.06,2023-07-29T00:00:00
5109,13647,12102,2,2035.01,18.0,3337.42,2025-03-06T00:00:00
5110,6240,14786,4,1881.53,1.0,7450.86,2023-09-12T00:00:00
5111,6134,14852,7,1147.05,16.0,6744.65,2023-03-06T00:00:00
5112,10586,3857,1,1386.72,23.0,1067.77,2024-08-07T00:00:00
5113,9226,10329,7,874.48,16.0,5141.94,2024-10-08T00:00:00
5114,6602,7556,2,1647.23,19.0,2668.51,2023-03-05T00:00:00
5115,10341,6954,5,969.6,19.0,3926.88,2025-10-07T00:00:00
5116,9929,1923,10,1021.07,19.0,8270.67,2026-03-13T00:00:00
5117,5010,12580,10,2304.64,8.0,21202.69,2023-01-16T00:00:00
5118,7738,14362,7,837.85,20.0,4691.96,2024-04-13T00:00:00
5119,12797,13304,10,1148.14,24.0,8725.86,2024-04-19T00:00:00
5120,6650,10485,9,2835.44,18.0,20925.55,2024-06-06T00:00:00
5121,11996,792,10,1833.16,9.0,16681.76,2024-05-11T00:00:00
5122,4545,8436,4,1239.13,24.0,3766.96,2023-12-15T00:00:00
5123,11971,2153,6,2641.18,20.0,12677.66,2023-12-30T00:00:00
5124,6212,1877,3,2490.37,17.0,6201.02,2026-03-10T00:00:00
5125,12683,6454,5,282.48,17.0,1172.29,2024-04-28T00:00:00
5126,3299,4878,5,629.44,23.0,2423.34,2024-10-22T00:00:00
5127,814,477,3,869.38,6.0,2451.65,2023-05-16T00:00:00
5128,13885,1804,9,1869.25,9.0,15309.16,2025-08-26T00:00:00
5129,14483,2814,10,818.25,26.0,6055.05,2023-04-13T00:00:00
5130,12777,6612,3,1557.97,23.0,3598.91,2024-11-04T00:00:00
5131,7919,8307,9,322.73,19.0,2352.7,2025-04-07T00:00:00
5132,8754,11566,6,1768.47,4.0,10186.39,2024-02-13T00:00:00
5133,14057,11127,6,2961.6,18.0,14571.07,2024-05-20T00:00:00
5134,4117,1341,4,2432.42,11.0,8659.42,2023-11-21T00:00:00
5135,3354,6612,8,241.33,13.0,1679.66,2026-03-16T00:00:00
5136,5574,14162,9,1402.91,18.0,10353.48,2024-11-16T00:00:00
5137,6131,2159,5,987.25,19.0,3998.36,2024-11-01T00:00:00
5138,14625,1803,1,2777.24,21.0,2194.02,2023-05-02T00:00:00
5139,2447,9849,2,355.23,6.0,667.83,2024-08-07T00:00:00
5140,6802,13035,1,1838.07,18.0,1507.22,2023-06-20T00:00:00
5141,5315,2777,6,2172.33,12.0,11469.9,2025-11-02T00:00:00
5142,1174,3897,4,1590.42,3.0,6170.83,2025-07-12T00:00:00
5143,14209,7268,9,734.2,20.0,5286.24,2024-03-21T00:00:00
5144,6220,11934,9,2133.69,28.0,13826.31,2023-05-07T00:00:00
5145,6046,8136,6,625.1,22.0,2925.47,2026-04-04T00:00:00
5146,12915,3377,10,1140.27,9.0,10376.46,2023-06-23T00:00:00
5147,1342,6683,6,2258.9,7.0,12604.66,2025-07-03T00:00:00
5148,12283,8901,6,857.42,15.0,4372.84,2025-04-08T00:00:00
5149,12636,4023,5,621.66,4.0,2983.97,2026-01-27T00:00:00
5150,125,2638,4,516.1,12.0,1816.67,2023-05-02T00:00:00
5151,1319,12856,7,1127.73,27.0,5762.7,2024-06-04T00:00:00
5152,1537,6590,9,2862.74,7.0,23961.13,2025-04-21T00:00:00
5153,485,14317,3,1079.47,15.0,2752.65,2024-06-05T00:00:00
5154,2329,6653,3,1610.31,19.0,3913.05,2024-07-08T00:00:00
5155,6902,4598,4,2476.4,5.0,9410.32,2026-04-17T00:00:00
5156,14717,11930,9,2852.07,7.0,23871.83,2025-02-13T00:00:00
5157,8189,6184,7,1535.44,7.0,9995.71,2025-08-09T00:00:00
5158,4921,14975,2,1697.13,20.0,2715.41,2026-04-24T00:00:00
5159,10082,8837,4,2122.9,12.0,7472.61,2024-12-23T00:00:00
5160,3390,578,2,2882.25,24.0,4381.02,2024-12-28T00:00:00
5161,7855,9071,10,1289.63,19.0,10446.0,2025-04-23T00:00:00
5162,386,13922,1,990.55,26.0,733.01,2024-05-23T00:00:00
5163,7811,8519,1,1135.12,23.0,874.04,2023-03-23T00:00:00
5164,436,589,3,2261.88,9.0,6174.93,2025-11-09T00:00:00
5165,6233,5245,8,1300.85,2.0,10198.66,2025-07-19T00:00:00
5166,2118,12255,10,2449.42,23.0,18860.53,2025-02-19T00:00:00
5167,3742,13655,2,1064.79,25.0,1597.18,2024-08-31T00:00:00
5168,8652,14957,10,919.63,19.0,7449.0,2023-01-01T00:00:00
5169,970,5708,4,1743.61,3.0,6765.21,2025-01-11T00:00:00
5170,82,11841,9,2238.09,27.0,14704.25,2025-08-08T00:00:00
5171,669,4065,7,1469.66,16.0,8641.6,2026-01-16T00:00:00
5172,671,14731,2,1632.33,6.0,3068.78,2024-10-26T00:00:00
5173,10071,14257,6,1088.79,19.0,5291.52,2025-06-20T00:00:00
5174,9419,1370,1,1938.15,4.0,1860.62,2023-10-01T00:00:00
5175,2843,6835,10,2428.84,10.0,21859.56,2024-05-01T00:00:00
5176,14197,2731,9,2057.83,2.0,18150.06,2023-08-12T00:00:00
5177,6096,1079,7,2742.72,11.0,17087.15,2023-10-09T00:00:00
5178,9521,3726,8,2487.35,18.0,16317.02,2024-12-09T00:00:00
5179,5800,2305,3,2800.31,11.0,7476.83,2025-01-29T00:00:00
5180,813,10733,6,2221.11,6.0,12527.06,2023-10-11T00:00:00
5181,440,4210,7,1900.41,21.0,10509.27,2024-12-26T00:00:00
5182,9886,6986,5,482.86,7.0,2245.3,2023-09-21T00:00:00
5183,6347,3001,10,1676.09,10.0,15084.81,2023-06-09T00:00:00
5184,7935,6061,9,2066.63,29.0,13205.77,2023-07-19T00:00:00
5185,110,12011,9,1365.49,25.0,9217.06,2024-06-18T00:00:00
5186,4200,9183,4,451.95,23.0,1392.01,2025-09-30T00:00:00
5187,6178,8368,9,865.01,22.0,6072.37,2023-12-15T00:00:00
5188,9520,187,10,123.0,28.0,885.6,2024-08-22T00:00:00
5189,1668,12968,5,979.05,30.0,3426.67,2026-03-08T00:00:00
5190,6092,10847,4,1268.9,22.0,3958.97,2025-07-26T00:00:00
5191,39,13601,9,2484.27,29.0,15874.49,2026-03-20T00:00:00
5192,12770,10786,2,1000.39,19.0,1620.63,2023-01-26T00:00:00
5193,4533,75,1,2250.1,4.0,2160.1,2023-11-07T00:00:00
5194,466,8872,1,2734.48,2.0,2679.79,2023-05-14T00:00:00
5195,3896,8820,10,1146.5,30.0,8025.5,2025-02-16T00:00:00
5196,9121,4065,2,2122.55,5.0,4032.85,2024-11-24T00:00:00
5197,947,7971,10,378.69,3.0,3673.29,2023-12-13T00:00:00
5198,4027,3652,9,271.18,12.0,2147.75,2023-04-05T00:00:00
5199,5574,12975,3,765.64,18.0,1883.47,2025-09-05T00:00:00
5200,9651,1558,3,1303.22,14.0,3362.31,2024-04-28T00:00:00
5201,4039,10368,2,1593.09,9.0,2899.42,2024-07-05T00:00:00
5202,12856,14913,10,1569.53,13.0,13654.91,2023-04-11T00:00:00
5203,11765,7204,9,2129.36,14.0,16481.25,2023-10-21T00:00:00
5204,222,14189,9,2495.34,2.0,22008.9,2024-01-26T00:00:00
5205,14465,729,10,2822.57,30.0,19757.99,2025-02-25T00:00:00
5206,10533,1943,5,2162.01,18.0,8864.24,2025-12-22T00:00:00
5207,5947,2217,10,1549.67,17.0,12862.26,2024-11-18T00:00:00
5208,9741,9504,10,109.15,15.0,927.77,2024-07-08T00:00:00
5209,3037,2839,4,1253.7,26.0,3710.95,2024-06-29T00:00:00
5210,11756,1274,2,2670.76,1.0,5288.1,2025-06-16T00:00:00
5211,12764,11985,4,1842.35,1.0,7295.71,2024-06-09T00:00:00
5212,4886,11031,9,1668.47,6.0,14115.26,2023-04-18T00:00:00
5213,10851,11734,6,1685.99,20.0,8092.75,2024-01-01T00:00:00
5214,11752,14293,3,62.3,7.0,173.82,2025-12-12T00:00:00
5215,12884,306,7,2443.68,26.0,12658.26,2025-07-14T00:00:00
5216,11037,6083,5,1380.62,21.0,5453.45,2024-04-30T00:00:00
5217,11552,11206,2,408.71,9.0,743.85,2025-01-30T00:00:00
5218,9115,10287,8,2270.1,6.0,17071.15,2023-09-02T00:00:00
5219,1318,14145,10,435.2,17.0,3612.16,2026-02-14T00:00:00
5220,13715,13773,10,1329.96,11.0,11836.64,2026-04-13T00:00:00
5221,9421,12545,10,1982.83,29.0,14078.09,2025-05-25T00:00:00
5222,14088,7628,4,1355.9,26.0,4013.46,2026-03-14T00:00:00
5223,1144,9454,6,333.75,6.0,1882.35,2023-11-22T00:00:00
5224,4098,9021,8,2128.05,18.0,13960.01,2025-04-20T00:00:00
5225,14965,3290,5,2686.14,27.0,9804.41,2025-09-13T00:00:00
5226,7498,14989,4,2326.67,10.0,8376.01,2025-04-02T00:00:00
5227,4614,7491,2,776.83,18.0,1274.0,2024-10-16T00:00:00
5228,3741,2700,4,2639.86,18.0,8658.74,2024-01-18T00:00:00
5229,3081,4775,5,1417.9,16.0,5955.18,2025-03-13T00:00:00
5230,13807,13370,3,1548.25,4.0,4458.96,2023-10-07T00:00:00
5231,9522,7300,1,1411.07,18.0,1157.08,2024-08-07T00:00:00
5232,13679,13226,4,1372.67,16.0,4612.17,2023-09-06T00:00:00
5233,3552,7694,1,1328.12,10.0,1195.31,2025-05-11T00:00:00
5234,13115,14883,8,1368.8,23.0,8431.81,2025-01-26T00:00:00
5235,13538,7829,5,2174.28,16.0,9131.98,2024-10-03T00:00:00
5236,13852,7741,3,1257.75,25.0,2829.94,2024-01-29T00:00:00
5237,2085,10580,5,1438.72,6.0,6761.98,2026-05-28T00:00:00
5238,384,11256,3,1088.98,22.0,2548.21,2025-07-11T00:00:00
5239,5063,9490,6,1605.73,22.0,7514.82,2023-12-21T00:00:00
5240,2083,13221,3,1667.11,19.0,4051.08,2024-04-13T00:00:00
5241,8032,8456,7,2786.2,25.0,14627.55,2023-10-18T00:00:00
5242,1844,7951,10,2599.85,7.0,24178.6,2024-02-17T00:00:00
5243,1281,3068,10,95.58,27.0,697.73,2023-03-13T00:00:00
5244,2373,13406,2,1946.69,18.0,3192.57,2025-10-29T00:00:00
5245,11007,12071,8,930.65,12.0,6551.78,2026-03-10T00:00:00
5246,3828,12126,8,609.55,2.0,4778.87,2024-04-03T00:00:00
5247,11507,3730,10,1459.29,12.0,12841.75,2025-08-28T00:00:00
5248,9172,6027,1,2567.35,28.0,1848.49,2024-08-01T00:00:00
5249,8411,2637,6,2453.09,22.0,11480.46,2024-06-22T00:00:00
5250,12048,5081,2,1402.58,14.0,2412.44,2025-11-20T00:00:00
5251,8403,667,9,2414.62,29.0,15429.42,2024-01-27T00:00:00
5252,13491,554,7,2070.58,25.0,10870.55,2024-10-07T00:00:00
5253,14379,9469,10,267.54,15.0,2274.09,2024-07-17T00:00:00
5254,2660,3724,6,2181.09,7.0,12170.48,2023-07-10T00:00:00
5255,7474,1332,1,2964.73,28.0,2134.61,2024-01-03T00:00:00
5256,8231,11317,4,1942.95,11.0,6916.9,2025-07-24T00:00:00
5257,14317,11451,1,1341.16,5.0,1274.1,2025-08-19T00:00:00
5258,6799,13311,3,847.53,6.0,2390.03,2023-10-29T00:00:00
5259,4477,14139,7,1966.29,29.0,9772.46,2025-03-20T00:00:00
5260,11707,12156,4,885.02,4.0,3398.48,2025-09-07T00:00:00
5261,9319,6422,10,913.61,29.0,6486.63,2024-06-08T00:00:00
5262,12155,6408,2,134.55,19.0,217.97,2023-12-26T00:00:00
5263,7701,3488,4,833.46,4.0,3200.49,2025-09-10T00:00:00
5264,10632,3748,10,387.96,8.0,3569.23,2025-04-26T00:00:00
5265,11613,6598,3,2811.59,5.0,8013.03,2024-01-23T00:00:00
5266,6647,13707,8,1408.42,8.0,10365.97,2025-12-03T00:00:00
5267,7204,14349,8,2541.12,10.0,18296.06,2026-04-03T00:00:00
5268,5702,300,9,1715.56,1.0,15285.64,2024-01-28T00:00:00
5269,7774,11200,4,1777.61,1.0,7039.34,2023-04-05T00:00:00
5270,501,14162,10,1202.33,5.0,11422.13,2025-08-06T00:00:00
5271,4836,6513,9,1510.32,23.0,10466.52,2025-09-23T00:00:00
5272,4949,6245,9,1620.52,20.0,11667.74,2024-02-01T00:00:00
5273,10355,13977,8,466.84,20.0,2987.78,2023-08-27T00:00:00
5274,10087,2221,5,933.2,13.0,4059.42,2023-04-18T00:00:00
5275,9389,3737,10,587.31,29.0,4169.9,2024-06-27T00:00:00
5276,13741,3437,6,1036.4,30.0,4352.88,2025-01-16T00:00:00
5277,13658,2120,6,971.9,29.0,4140.29,2025-08-10T00:00:00
5278,11975,10407,7,703.78,17.0,4088.96,2024-03-01T00:00:00
5279,14812,4644,9,1077.85,16.0,8148.55,2023-08-22T00:00:00
5280,3944,7430,4,877.54,4.0,3369.75,2023-08-04T00:00:00
5281,7120,7639,5,2116.07,15.0,8993.3,2023-11-26T00:00:00
5282,505,12874,7,722.59,6.0,4754.64,2026-04-06T00:00:00
5283,8261,13629,9,816.46,7.0,6833.77,2025-09-07T00:00:00
5284,8752,14575,6,236.2,2.0,1388.86,2026-01-02T00:00:00
5285,10687,9651,9,750.41,26.0,4997.73,2024-08-28T00:00:00
5286,10742,845,3,791.36,6.0,2231.64,2023-08-30T00:00:00
5287,3624,14722,10,318.4,16.0,2674.56,2025-05-05T00:00:00
5288,5744,5870,5,2089.54,26.0,7731.3,2025-02-19T00:00:00
5289,9220,9335,1,2932.28,24.0,2228.53,2025-01-12T00:00:00
5290,14086,4857,6,1745.78,12.0,9217.72,2025-11-07T00:00:00
5291,6154,2235,2,157.54,20.0,252.06,2023-06-28T00:00:00
5292,9965,6319,6,2732.37,9.0,14918.74,2025-01-22T00:00:00
5293,4465,14284,5,2156.1,2.0,10564.89,2024-02-11T00:00:00
5294,12583,12108,3,1437.94,21.0,3407.92,2023-11-06T00:00:00
5295,13052,12931,2,1021.32,7.0,1899.66,2025-02-13T00:00:00
5296,6070,12621,6,2026.24,13.0,10576.97,2024-05-04T00:00:00
5297,907,1937,4,367.1,16.0,1233.46,2024-02-07T00:00:00
5298,7027,12249,4,2559.1,29.0,7267.84,2024-11-14T00:00:00
5299,14324,6799,6,962.75,1.0,5718.73,2024-12-25T00:00:00
5300,5104,5581,1,2621.96,15.0,2228.67,2024-12-16T00:00:00
5301,7118,1913,9,1087.48,11.0,8710.71,2025-07-22T00:00:00
5302,12715,11080,3,2187.02,1.0,6495.45,2025-11-17T00:00:00
5303,14447,11419,1,415.12,9.0,377.76,2026-03-29T00:00:00
5304,12048,13124,6,1209.14,25.0,5441.13,2023-01-21T00:00:00
5305,910,14967,3,2909.18,17.0,7243.86,2024-05-24T00:00:00
5306,12588,3385,5,1631.39,13.0,7096.55,2026-03-19T00:00:00
5307,14669,493,2,1631.41,23.0,2512.37,2025-03-05T00:00:00
5308,8047,8022,7,435.92,6.0,2868.35,2025-12-17T00:00:00
5309,2260,1170,5,983.19,25.0,3686.96,2023-11-13T00:00:00
5310,321,1382,4,950.15,22.0,2964.47,2024-04-07T00:00:00
5311,7143,5941,1,1299.7,9.0,1182.73,2023-05-07T00:00:00
5312,9541,13552,4,2081.33,26.0,6160.74,2025-10-31T00:00:00
5313,10982,6771,3,2983.3,28.0,6443.93,2025-04-06T00:00:00
5314,12749,2027,4,407.68,18.0,1337.19,2023-10-04T00:00:00
5315,8586,5396,8,2335.9,14.0,16070.99,2026-06-10T00:00:00
5316,2463,7261,5,115.78,20.0,463.12,2026-04-08T00:00:00
5317,4546,7545,8,2873.77,28.0,16552.92,2025-09-14T00:00:00
5318,11808,1191,3,2345.53,14.0,6051.47,2025-10-21T00:00:00
5319,3427,11908,8,2007.98,20.0,12851.07,2025-11-04T00:00:00
5320,7102,10452,2,705.32,15.0,1199.04,2025-12-24T00:00:00
5321,14255,10943,6,347.23,4.0,2000.04,2024-08-24T00:00:00
5322,7439,2378,4,2789.39,29.0,7921.87,2025-04-23T00:00:00
5323,4791,6848,3,1137.49,1.0,3378.35,2023-11-09T00:00:00
5324,13708,11727,1,1057.58,19.0,856.64,2024-03-11T00:00:00
5325,12328,7245,3,1515.84,18.0,3728.97,2024-06-26T00:00:00
5326,2677,497,5,1477.39,29.0,5244.73,2025-10-06T00:00:00
5327,1087,12143,7,2119.42,30.0,10385.16,2023-04-06T00:00:00
5328,2252,13152,8,1353.54,11.0,9637.2,2026-06-01T00:00:00
5329,1193,9630,8,2243.24,14.0,15433.49,2024-07-12T00:00:00
5330,12669,11866,4,1995.31,8.0,7342.74,2025-08-06T00:00:00
5331,2827,12405,5,80.11,1.0,396.54,2023-08-17T00:00:00
5332,1452,10798,1,2307.81,26.0,1707.78,2024-11-04T00:00:00
5333,2547,3530,7,1508.67,22.0,8237.34,2026-06-04T00:00:00
5334,14395,5632,3,131.92,24.0,300.78,2026-02-10T00:00:00
5335,8525,11759,4,2235.57,11.0,7958.63,2023-02-01T00:00:00
5336,11205,11904,5,1421.88,4.0,6825.02,2023-07-22T00:00:00
5337,8954,8479,8,152.8,24.0,929.02,2023-08-27T00:00:00
5338,3529,12465,2,105.56,12.0,185.79,2025-11-29T00:00:00
5339,4162,9856,6,1229.77,9.0,6714.54,2025-09-09T00:00:00
5340,12108,13321,8,1510.75,9.0,10998.26,2024-01-01T00:00:00
5341,6024,8183,8,1141.02,10.0,8215.34,2024-08-22T00:00:00
5342,7781,5633,10,2448.93,5.0,23264.83,2025-11-08T00:00:00
5343,7871,5160,6,1903.29,1.0,11305.54,2026-06-10T00:00:00
5344,4907,6772,6,23.06,9.0,125.91,2023-03-02T00:00:00
5345,11213,11046,5,1153.93,6.0,5423.47,2026-05-21T00:00:00
5346,62,6513,10,107.5,17.0,892.25,2026-04-27T00:00:00
5347,2520,1674,10,1807.51,2.0,17713.6,2024-04-02T00:00:00
5348,8396,3507,9,1523.57,20.0,10969.7,2023-06-02T00:00:00
5349,1710,9988,2,27.57,21.0,43.56,2024-10-09T00:00:00
5350,10560,3902,8,1984.57,10.0,14288.9,2023-11-27T00:00:00
5351,9339,4930,3,300.06,28.0,648.13,2023-12-26T00:00:00
5352,5697,9125,2,1730.04,21.0,2733.46,2023-12-14T00:00:00
5353,13550,9353,5,809.88,19.0,3280.01,2023-01-22T00:00:00
5354,14003,11301,6,2029.96,13.0,10596.39,2026-01-03T00:00:00
5355,6649,8557,10,2770.83,27.0,20227.06,2023-06-30T00:00:00
5356,7430,12859,4,613.07,7.0,2280.62,2024-06-27T00:00:00
5357,2453,12332,9,2286.9,21.0,16259.86,2023-06-10T00:00:00
5358,13851,7368,5,1103.26,3.0,5350.81,2023-12-30T00:00:00
5359,2769,4412,1,2982.91,10.0,2684.62,2024-12-26T00:00:00
5360,3937,6678,8,1121.41,16.0,7535.88,2025-02-15T00:00:00
5361,2780,9686,7,1787.84,26.0,9261.01,2026-02-26T00:00:00
5362,4326,4630,6,1918.43,3.0,11165.26,2024-02-14T00:00:00
5363,3563,11959,1,2020.25,6.0,1899.03,2023-06-25T00:00:00
5364,5165,3069,6,103.43,3.0,601.96,2024-10-07T00:00:00
5365,7012,11316,8,1040.49,11.0,7408.29,2023-06-09T00:00:00
5366,12569,3023,5,43.28,8.0,199.09,2026-01-24T00:00:00
5367,6169,7351,5,2859.53,20.0,11438.12,2024-03-11T00:00:00
5368,301,258,2,2266.84,25.0,3400.26,2023-01-07T00:00:00
5369,1696,4320,8,1677.63,14.0,11542.09,2025-03-06T00:00:00
5370,8092,8102,10,1114.62,4.0,10700.35,2023-05-01T00:00:00
5371,9879,12627,7,1904.13,15.0,11329.57,2026-01-13T00:00:00
5372,5961,4074,4,2579.01,21.0,8149.67,2023-09-03T00:00:00
5373,8103,10314,5,80.03,7.0,372.14,2024-08-02T00:00:00
5374,13824,11728,1,2928.25,23.0,2254.75,2025-05-02T00:00:00
5375,2137,10961,5,1878.74,26.0,6951.34,2023-02-21T00:00:00
5376,14919,334,3,343.79,23.0,794.15,2023-08-09T00:00:00
5377,772,6109,6,88.22,4.0,508.15,2024-06-23T00:00:00
5378,5852,5380,5,2770.87,6.0,13023.09,2023-07-04T00:00:00
5379,8191,8144,1,2925.31,7.0,2720.54,2023-03-01T00:00:00
5380,2924,11121,4,2454.07,20.0,7853.02,2023-09-23T00:00:00
5381,1187,5339,9,2953.37,10.0,23922.3,2023-08-03T00:00:00
5382,6721,13179,10,2942.76,6.0,27661.94,2024-04-27T00:00:00
5383,7152,1566,9,2038.27,11.0,16326.54,2023-04-01T00:00:00
5384,3761,7636,5,565.39,16.0,2374.64,2023-08-10T00:00:00
5385,13086,7984,1,2443.02,8.0,2247.58,2024-10-08T00:00:00
5386,13709,12231,2,818.08,17.0,1358.01,2024-03-18T00:00:00
5387,12084,4046,3,1529.24,6.0,4312.46,2024-05-26T00:00:00
5388,7691,9313,1,133.05,2.0,130.39,2023-10-22T00:00:00
5389,6331,12649,8,589.93,25.0,3539.58,2025-01-10T00:00:00
5390,6859,4321,8,1190.86,26.0,7049.89,2024-02-17T00:00:00
5391,7092,4303,7,1527.1,16.0,8979.35,2025-02-22T00:00:00
5392,834,8614,3,2794.45,20.0,6706.68,2025-03-09T00:00:00
5393,8916,2853,4,1236.54,28.0,3561.24,2024-11-06T00:00:00
5394,1288,12799,8,2658.14,27.0,15523.54,2025-03-16T00:00:00
5395,1229,5404,1,960.21,1.0,950.61,2023-04-22T00:00:00
5396,5954,388,6,2695.82,16.0,13586.93,2024-03-07T00:00:00
5397,9428,9009,5,1326.88,19.0,5373.86,2023-12-17T00:00:00
5398,11541,1489,5,269.28,6.0,1265.62,2023-09-30T00:00:00
5399,13530,2045,2,2670.62,5.0,5074.18,2025-06-19T00:00:00
5400,14825,5994,1,1697.16,26.0,1255.9,2023-01-23T00:00:00
5401,7154,5342,6,2453.29,7.0,13689.36,2026-01-19T00:00:00
5402,11644,10955,2,2634.32,24.0,4004.17,2024-11-13T00:00:00
5403,9200,12100,8,939.77,14.0,6465.62,2024-01-11T00:00:00
5404,6874,1729,9,1522.24,18.0,11234.13,2026-01-05T00:00:00
5405,5693,14369,7,651.44,5.0,4332.08,2024-01-13T00:00:00
5406,3523,8744,10,1502.72,8.0,13825.02,2023-11-24T00:00:00
5407,24,529,10,640.75,0.0,6407.5,2024-08-31T00:00:00
5408,11560,14257,7,2122.64,2.0,14561.31,2023-03-09T00:00:00
5409,1517,6146,9,1386.43,28.0,8984.07,2026-02-21T00:00:00
5410,2920,7824,4,2531.1,24.0,7694.54,2026-01-27T00:00:00
5411,11037,7005,1,2666.02,18.0,2186.14,2025-10-12T00:00:00
5412,10572,1566,7,27.19,22.0,148.46,2023-11-26T00:00:00
5413,10783,13446,7,922.45,5.0,6134.29,2024-04-12T00:00:00
5414,2394,13023,7,642.95,26.0,3330.48,2024-07-06T00:00:00
5415,464,9200,6,1145.01,4.0,6595.26,2024-03-07T00:00:00
5416,9828,10147,4,2520.93,12.0,8873.67,2025-07-03T00:00:00
5417,10665,11668,1,1306.33,13.0,1136.51,2023-12-19T00:00:00
5418,4195,9920,4,2333.62,16.0,7840.96,2023-10-25T00:00:00
5419,10518,4797,1,2308.54,9.0,2100.77,2025-05-26T00:00:00
5420,667,3331,4,1110.82,10.0,3998.95,2025-11-04T00:00:00
5421,6864,4727,5,2785.71,19.0,11282.13,2025-03-20T00:00:00
5422,3763,11311,9,150.78,18.0,1112.76,2023-09-02T00:00:00
5423,7977,14547,1,302.27,17.0,250.88,2023-09-14T00:00:00
5424,2051,5967,3,1502.21,2.0,4416.5,2025-02-20T00:00:00
5425,11233,5375,1,1320.09,11.0,1174.88,2024-11-29T00:00:00
5426,5755,8414,6,2405.98,24.0,10971.27,2024-02-24T00:00:00
5427,6781,13672,8,1552.67,29.0,8819.17,2023-11-28T00:00:00
5428,9222,11222,7,363.93,8.0,2343.71,2023-01-15T00:00:00
5429,6878,1625,3,2620.85,16.0,6604.54,2026-01-29T00:00:00
5430,11526,6723,4,671.72,2.0,2633.14,2023-11-27T00:00:00
5431,11721,8497,5,84.68,1.0,419.17,2026-01-25T00:00:00
5432,5967,10320,9,2794.64,3.0,24397.21,2025-10-21T00:00:00
5433,1463,12075,3,1435.18,24.0,3272.21,2024-09-15T00:00:00
5434,5,2434,10,1502.55,26.0,11118.87,2025-10-06T00:00:00
5435,13664,5070,10,2791.08,11.0,24840.61,2023-06-30T00:00:00
5436,1188,3782,10,1112.92,29.0,7901.73,2023-06-25T00:00:00
5437,7198,13235,10,18.16,17.0,150.73,2025-04-28T00:00:00
5438,12807,2793,3,1626.32,30.0,3415.27,2025-03-03T00:00:00
5439,8196,10348,7,1784.54,11.0,11117.68,2024-04-15T00:00:00
5440,1127,3126,6,1433.65,14.0,7397.63,2023-07-05T00:00:00
5441,9923,2292,2,2497.76,26.0,3696.68,2024-09-30T00:00:00
5442,11280,5019,3,2546.59,13.0,6646.6,2023-03-24T00:00:00
5443,4101,13082,3,472.8,13.0,1234.01,2023-09-07T00:00:00
5444,14012,2417,4,217.08,1.0,859.64,2025-03-23T00:00:00
5445,4180,2827,8,2978.78,18.0,19540.8,2026-02-10T00:00:00
5446,10539,9222,9,374.08,21.0,2659.71,2025-11-27T00:00:00
5447,2298,7028,1,536.2,15.0,455.77,2024-07-29T00:00:00
5448,11898,7189,2,29.32,18.0,48.08,2024-02-12T00:00:00
5449,11150,12206,5,1172.72,20.0,4690.88,2024-07-14T00:00:00
5450,2397,7330,10,2260.33,15.0,19212.81,2023-07-03T00:00:00
5451,1509,7855,9,1336.6,12.0,10585.87,2025-03-26T00:00:00
5452,10752,2170,4,752.91,21.0,2379.2,2024-12-03T00:00:00
5453,2064,1402,5,2348.72,28.0,8455.39,2026-04-26T00:00:00
5454,14181,11998,7,2255.36,17.0,13103.64,2023-10-02T00:00:00
5455,9212,10080,3,1501.15,20.0,3602.76,2024-05-10T00:00:00
5456,14093,6109,7,1438.7,27.0,7351.76,2025-09-08T00:00:00
5457,4156,1571,2,1000.94,13.0,1741.64,2026-02-25T00:00:00
5458,2606,5125,9,1680.67,20.0,12100.82,2025-01-28T00:00:00
5459,11877,8813,6,725.62,1.0,4310.18,2025-04-02T00:00:00
5460,6301,14288,5,1355.74,2.0,6643.13,2025-11-11T00:00:00
5461,12330,2446,8,747.51,11.0,5322.27,2023-12-13T00:00:00
5462,7414,7643,9,142.22,29.0,908.79,2023-08-15T00:00:00
5463,1014,4817,3,2676.97,17.0,6665.66,2025-01-30T00:00:00
5464,9958,11305,5,958.84,24.0,3643.59,2025-08-15T00:00:00
5465,13229,7439,4,613.69,16.0,2062.0,2025-03-06T00:00:00
5466,868,3041,5,1897.06,17.0,7872.8,2023-03-14T00:00:00
5467,5350,14939,9,2825.34,11.0,22630.97,2023-08-26T00:00:00
5468,11196,14628,5,2578.86,9.0,11733.81,2023-03-04T00:00:00
5469,9280,13882,9,2102.56,14.0,16273.81,2025-04-16T00:00:00
5470,12517,5326,7,99.66,0.0,697.62,2024-08-14T00:00:00
5471,6793,2626,1,1928.86,16.0,1620.24,2024-01-13T00:00:00
5472,9437,1056,4,170.27,28.0,490.38,2026-05-02T00:00:00
5473,3724,8157,1,2342.52,2.0,2295.67,2025-09-23T00:00:00
5474,8663,10574,4,2052.49,22.0,6403.77,2026-06-04T00:00:00
5475,8641,12487,1,2671.91,29.0,1897.06,2023-11-01T00:00:00
5476,10478,12203,2,573.03,10.0,1031.45,2023-04-24T00:00:00
5477,11224,11862,4,854.92,21.0,2701.55,2025-12-08T00:00:00
5478,1376,2022,2,2629.14,1.0,5205.7,2023-12-27T00:00:00
5479,1990,14445,10,265.0,16.0,2226.0,2025-02-17T00:00:00
5480,6334,13749,8,200.26,20.0,1281.66,2023-11-13T00:00:00
5481,10704,10364,3,684.5,21.0,1622.27,2025-04-10T00:00:00
5482,2226,12905,4,1084.17,3.0,4206.58,2024-05-16T00:00:00
5483,14170,6984,8,2550.37,26.0,15098.19,2023-06-04T00:00:00
5484,6347,7565,6,2676.16,14.0,13808.99,2024-11-18T00:00:00
5485,4152,10482,1,1402.62,8.0,1290.41,2025-04-15T00:00:00
5486,12691,2201,10,141.81,5.0,1347.19,2025-06-27T00:00:00
5487,9764,12469,4,2443.45,9.0,8894.16,2023-02-22T00:00:00
5488,2725,14424,10,1053.63,13.0,9166.58,2024-06-11T00:00:00
5489,9001,3966,4,1857.88,27.0,5425.01,2024-04-22T00:00:00
5490,11222,8378,10,1687.72,13.0,14683.16,2024-03-21T00:00:00
5491,3961,11215,3,589.98,29.0,1256.66,2024-07-27T00:00:00
5492,8490,5573,1,646.46,9.0,588.28,2026-04-01T00:00:00
5493,11494,1767,3,484.42,11.0,1293.4,2025-12-15T00:00:00
5494,9181,14943,3,2499.43,18.0,6148.6,2024-01-14T00:00:00
5495,5269,11585,3,2723.4,25.0,6127.65,2025-08-08T00:00:00
5496,534,14433,7,2941.94,17.0,17092.67,2024-10-29T00:00:00
5497,9443,7252,4,2963.0,9.0,10785.32,2024-03-29T00:00:00
5498,2776,10468,2,160.87,5.0,305.65,2026-05-24T00:00:00
5499,11825,6814,3,2135.1,25.0,4803.97,2024-11-29T00:00:00
5500,10464,2131,6,1601.83,19.0,7784.89,2024-11-21T00:00:00
5501,2087,4501,9,1148.24,10.0,9300.74,2023-06-28T00:00:00
5502,12332,9760,5,2821.26,26.0,10438.66,2025-12-22T00:00:00
5503,12768,5120,1,1086.75,30.0,760.72,2025-03-16T00:00:00
5504,11714,10738,4,902.54,18.0,2960.33,2025-08-06T00:00:00
5505,4078,381,1,1862.69,21.0,1471.53,2023-04-13T00:00:00
5506,11502,5600,8,2550.97,26.0,15101.74,2024-11-24T00:00:00
5507,254,7209,7,1368.15,3.0,9289.74,2024-03-22T00:00:00
5508,9811,6594,7,1362.59,17.0,7916.65,2026-02-19T00:00:00
5509,5827,14654,9,2751.56,9.0,22535.28,2024-11-13T00:00:00
5510,7035,9869,10,2214.72,15.0,18825.12,2023-06-03T00:00:00
5511,4338,4198,3,1785.16,25.0,4016.61,2025-08-13T00:00:00
5512,401,3945,7,2676.0,15.0,15922.2,2025-11-06T00:00:00
5513,1003,3809,2,2002.8,6.0,3765.26,2025-09-10T00:00:00
5514,1617,12382,2,2238.48,1.0,4432.19,2024-01-17T00:00:00
5515,5597,10568,2,2559.63,15.0,4351.37,2025-02-27T00:00:00
5516,9543,7540,1,103.84,6.0,97.61,2023-02-09T00:00:00
5517,11626,4592,7,2339.87,15.0,13922.23,2026-05-15T00:00:00
5518,2234,6511,7,223.01,21.0,1233.25,2024-08-16T00:00:00
5519,11935,12187,1,2022.47,3.0,1961.8,2023-06-05T00:00:00
5520,14942,4911,10,1472.97,8.0,13551.32,2024-01-05T00:00:00
5521,2235,6089,8,1583.35,28.0,9120.1,2023-06-14T00:00:00
5522,14389,4286,10,1093.99,1.0,10830.5,2024-05-29T00:00:00
5523,10983,14073,8,497.51,16.0,3343.27,2023-03-12T00:00:00
5524,10571,3246,9,421.19,9.0,3449.55,2026-06-03T00:00:00
5525,14249,7252,6,1348.15,26.0,5985.79,2025-10-02T00:00:00
5526,1727,3861,6,1748.58,1.0,10386.57,2026-01-01T00:00:00
5527,14049,7848,9,1979.55,29.0,12649.32,2024-04-12T00:00:00
5528,7444,8917,6,2494.04,25.0,11223.18,2025-03-04T00:00:00
5529,14678,1341,8,2918.77,11.0,20781.64,2024-04-26T00:00:00
5530,5793,11274,7,1655.59,4.0,11125.56,2024-09-14T00:00:00
5531,4379,11832,8,2714.31,16.0,18240.16,2025-08-17T00:00:00
5532,11212,869,5,1903.63,6.0,8947.06,2023-05-10T00:00:00
5533,5448,10084,9,1277.72,27.0,8394.62,2023-04-03T00:00:00
5534,9782,11802,1,1496.01,7.0,1391.29,2023-10-06T00:00:00
5535,6331,12279,5,1226.12,25.0,4597.95,2025-03-24T00:00:00
5536,3097,8973,10,756.27,6.0,7108.94,2023-08-05T00:00:00
5537,13830,9096,5,325.39,16.0,1366.64,2023-05-11T00:00:00
5538,4644,5674,3,193.35,8.0,533.65,2026-05-06T00:00:00
5539,8424,7601,10,2625.96,15.0,22320.66,2024-06-21T00:00:00
5540,8032,8645,7,1670.13,22.0,9118.91,2023-01-21T00:00:00
5541,2260,5365,5,2704.19,23.0,10411.13,2024-07-02T00:00:00
5542,13171,198,2,2580.08,22.0,4024.92,2024-04-19T00:00:00
5543,13764,9696,2,1089.57,22.0,1699.73,2024-11-13T00:00:00
5544,6474,4194,4,327.77,23.0,1009.53,2026-03-27T00:00:00
5545,1672,14671,3,1945.59,5.0,5544.93,2024-12-12T00:00:00
5546,764,14508,3,599.57,11.0,1600.85,2023-04-07T00:00:00
5547,7312,11044,9,701.44,25.0,4734.72,2026-02-01T00:00:00
5548,5176,14143,5,1745.12,15.0,7416.76,2023-05-24T00:00:00
5549,1531,765,2,892.05,9.0,1623.53,2026-01-10T00:00:00
5550,1829,13536,9,2601.34,14.0,20134.37,2023-11-09T00:00:00
5551,2028,6135,2,2634.87,14.0,4531.98,2023-05-06T00:00:00
5552,9735,10701,2,1230.83,5.0,2338.58,2024-11-09T00:00:00
5553,5973,6441,1,2292.31,19.0,1856.77,2024-03-25T00:00:00
5554,5401,12886,10,2633.42,3.0,25544.17,2024-01-09T00:00:00
5555,4530,4300,7,1763.58,9.0,11234.0,2023-05-07T00:00:00
5556,4084,4525,4,555.4,8.0,2043.87,2024-05-30T00:00:00
5557,11649,9091,3,1388.38,8.0,3831.93,2024-08-27T00:00:00
5558,12501,3916,2,1792.34,8.0,3297.91,2025-08-25T00:00:00
5559,2142,4968,1,2220.72,16.0,1865.4,2025-03-05T00:00:00
5560,3010,9565,8,427.3,29.0,2427.06,2024-12-22T00:00:00
5561,12250,8792,7,2656.91,0.0,18598.37,2024-06-25T00:00:00
5562,5209,11423,10,2056.42,14.0,17685.21,2024-11-23T00:00:00
5563,11861,6893,8,2737.91,11.0,19493.92,2023-07-18T00:00:00
5564,1211,4036,4,659.46,30.0,1846.49,2024-04-26T00:00:00
5565,7034,7327,9,2613.4,11.0,20933.33,2025-08-12T00:00:00
5566,6321,14755,7,361.97,24.0,1925.68,2025-02-09T00:00:00
5567,12100,11712,7,1654.15,0.0,11579.05,2024-04-16T00:00:00
5568,14339,694,10,707.1,5.0,6717.45,2025-01-07T00:00:00
5569,13081,1990,7,2101.54,25.0,11033.08,2023-06-07T00:00:00
5570,13097,9828,9,1821.14,2.0,16062.45,2023-09-16T00:00:00
5571,7158,706,10,1198.55,6.0,11266.37,2025-05-15T00:00:00
5572,9831,1260,6,1984.14,11.0,10595.31,2025-09-05T00:00:00
5573,11630,9966,1,2420.77,12.0,2130.28,2025-06-16T00:00:00
5574,5842,9968,2,2261.73,23.0,3483.06,2025-01-27T00:00:00
5575,7196,656,5,219.61,24.0,834.52,2023-08-26T00:00:00
5576,6335,6839,1,2192.22,17.0,1819.54,2024-06-29T00:00:00
5577,8007,10839,10,2709.5,14.0,23301.7,2025-02-26T00:00:00
5578,6567,12346,5,2077.09,20.0,8308.36,2024-09-15T00:00:00
5579,681,11384,8,729.7,24.0,4436.58,2024-09-21T00:00:00
5580,14440,2557,3,434.07,14.0,1119.9,2026-04-03T00:00:00
5581,12479,11031,8,792.89,20.0,5074.5,2025-02-06T00:00:00
5582,9477,2973,6,2867.06,8.0,15826.17,2024-12-15T00:00:00
5583,8446,1242,7,2045.8,15.0,12172.51,2025-02-05T00:00:00
5584,9096,2328,9,1447.0,29.0,9246.33,2024-09-28T00:00:00
5585,14865,8306,8,1804.63,9.0,13137.71,2023-08-24T00:00:00
5586,135,5581,9,978.42,18.0,7220.74,2024-01-05T00:00:00
5587,14002,10067,8,2054.72,15.0,13972.1,2024-01-25T00:00:00
5588,9031,7947,2,2597.83,8.0,4780.01,2023-02-10T00:00:00
5589,8926,4662,10,1786.74,13.0,15544.64,2026-03-11T00:00:00
5590,4164,4025,10,2307.01,1.0,22839.4,2023-08-16T00:00:00
5591,11910,2869,7,2352.45,13.0,14326.42,2024-10-14T00:00:00
5592,4354,14056,2,483.84,8.0,890.27,2025-02-21T00:00:00
5593,5151,2961,10,1636.29,15.0,13908.47,2023-09-29T00:00:00
5594,10268,13035,7,1189.25,25.0,6243.56,2025-11-15T00:00:00
5595,14636,695,7,718.81,15.0,4276.92,2025-03-25T00:00:00
5596,11346,797,4,1365.54,10.0,4915.94,2025-12-29T00:00:00
5597,5543,10331,3,1157.32,25.0,2603.97,2026-02-01T00:00:00
5598,13658,12869,5,2155.65,17.0,8945.95,2024-12-30T00:00:00
5599,14363,5684,9,771.47,12.0,6110.04,2024-09-03T00:00:00
5600,3127,4102,8,835.63,30.0,4679.53,2025-03-18T00:00:00
5601,1158,14383,8,947.4,3.0,7351.82,2023-12-26T00:00:00
5602,5601,5194,2,2424.0,19.0,3926.88,2026-01-12T00:00:00
5603,11047,10001,10,2038.6,4.0,19570.56,2024-06-17T00:00:00
5604,2853,4441,2,2958.91,27.0,4320.01,2024-12-22T00:00:00
5605,7638,14262,3,502.22,11.0,1340.93,2024-02-09T00:00:00
5606,9103,5793,3,1688.42,4.0,4862.65,2025-07-30T00:00:00
5607,5254,4179,4,829.94,5.0,3153.77,2023-07-14T00:00:00
5608,91,5860,4,986.47,25.0,2959.41,2026-02-14T00:00:00
5609,12844,12881,3,1026.38,10.0,2771.23,2023-09-29T00:00:00
5610,8591,3021,6,2447.1,22.0,11452.43,2024-07-12T00:00:00
5611,11474,6435,7,146.42,25.0,768.7,2025-05-04T00:00:00
5612,3742,11365,3,163.68,10.0,441.94,2025-05-09T00:00:00
5613,1409,5861,9,1981.71,17.0,14803.37,2024-11-04T00:00:00
5614,660,3134,10,1484.69,9.0,13510.68,2024-08-10T00:00:00
5615,2966,2519,5,1864.31,22.0,7270.81,2025-03-27T00:00:00
5616,12701,12887,5,1476.55,23.0,5684.72,2025-02-07T00:00:00
5617,9213,7291,4,556.8,25.0,1670.4,2023-07-08T00:00:00
5618,8078,6578,6,848.8,23.0,3921.46,2023-01-06T00:00:00
5619,4803,9688,4,1885.79,11.0,6713.41,2025-02-24T00:00:00
5620,3145,7646,5,2932.07,24.0,11141.87,2024-03-12T00:00:00
5621,2293,6756,9,306.13,4.0,2644.96,2023-01-11T00:00:00
5622,13804,11553,2,2291.05,2.0,4490.46,2025-12-26T00:00:00
5623,4192,4072,10,2860.63,12.0,25173.54,2025-05-24T00:00:00
5624,12304,8558,3,2043.28,5.0,5823.35,2024-09-19T00:00:00
5625,13695,11309,4,885.02,14.0,3044.47,2023-04-05T00:00:00
5626,10397,4973,4,507.61,26.0,1502.53,2024-06-23T00:00:00
5627,1183,12558,2,2933.9,14.0,5046.31,2024-09-26T00:00:00
5628,10097,8766,10,2143.48,29.0,15218.71,2023-06-05T00:00:00
5629,11340,9298,6,288.62,13.0,1506.6,2026-04-09T00:00:00
5630,12760,5505,7,1738.61,18.0,9979.62,2025-05-04T00:00:00
5631,7849,2317,9,1553.08,18.0,11461.73,2025-06-13T00:00:00
5632,2238,8198,7,1417.4,12.0,8731.18,2025-10-01T00:00:00
5633,14284,1883,2,1998.3,25.0,2997.45,2025-03-22T00:00:00
5634,10476,7079,1,230.82,26.0,170.81,2025-12-24T00:00:00
5635,2581,12115,4,1106.72,19.0,3585.77,2026-01-12T00:00:00
5636,10195,2191,1,1962.07,27.0,1432.31,2023-05-23T00:00:00
5637,2112,7607,4,645.0,24.0,1960.8,2024-03-21T00:00:00
5638,9199,7557,7,1041.24,16.0,6122.49,2025-12-28T00:00:00
5639,6634,1166,10,2495.94,27.0,18220.36,2024-06-12T00:00:00
5640,14058,14385,9,1063.58,11.0,8519.28,2024-05-10T00:00:00
5641,7621,5496,6,346.61,22.0,1622.13,2025-07-15T00:00:00
5642,543,6828,5,170.36,14.0,732.55,2025-09-11T00:00:00
5643,13126,2678,9,2304.95,5.0,19707.32,2026-03-27T00:00:00
5644,9327,4311,1,1417.17,13.0,1232.94,2024-01-26T00:00:00
5645,11852,5116,8,825.3,28.0,4753.73,2025-07-30T00:00:00
5646,3122,11683,2,554.63,19.0,898.5,2023-07-11T00:00:00
5647,181,6178,3,1562.31,13.0,4077.63,2025-05-28T00:00:00
5648,3159,8634,9,235.64,4.0,2035.93,2025-08-03T00:00:00
5649,10787,4078,7,25.9,22.0,141.41,2023-11-02T00:00:00
5650,10124,5774,8,1748.36,11.0,12448.32,2023-08-24T00:00:00
5651,14253,11746,7,1260.07,13.0,7673.83,2026-02-18T00:00:00
5652,5819,6862,4,2970.01,9.0,10810.84,2024-06-17T00:00:00
5653,259,12477,9,1069.27,18.0,7891.21,2025-04-23T00:00:00
5654,3849,3596,5,710.84,1.0,3518.66,2024-09-05T00:00:00
5655,8450,5322,10,1716.65,16.0,14419.86,2023-01-27T00:00:00
5656,11117,9699,4,1314.29,10.0,4731.44,2023-10-13T00:00:00
5657,8129,14904,1,1225.45,24.0,931.34,2025-12-09T00:00:00
5658,8473,4032,4,778.38,10.0,2802.17,2025-08-03T00:00:00
5659,13342,12282,1,2042.02,3.0,1980.76,2023-11-16T00:00:00
5660,270,11051,8,2150.08,9.0,15652.58,2024-10-17T00:00:00
5661,13632,9333,9,961.28,8.0,7959.4,2024-12-16T00:00:00
5662,9940,305,10,1973.89,12.0,17370.23,2024-07-18T00:00:00
5663,1878,7723,1,772.61,5.0,733.98,2024-05-06T00:00:00
5664,8481,10880,3,469.86,9.0,1282.72,2025-09-15T00:00:00
5665,11106,14975,5,2352.58,16.0,9880.84,2024-01-08T00:00:00
5666,2838,13126,1,1592.3,17.0,1321.61,2023-02-04T00:00:00
5667,14460,1334,10,2325.75,16.0,19536.3,2023-08-22T00:00:00
5668,14522,10398,7,864.0,11.0,5382.72,2024-11-07T00:00:00
5669,7585,14785,1,304.85,18.0,249.98,2024-04-17T00:00:00
5670,5400,5626,4,1653.17,23.0,5091.76,2024-12-04T00:00:00
5671,10046,10976,10,1783.54,1.0,17657.05,2023-01-15T00:00:00
5672,11318,10758,7,2437.33,6.0,16037.63,2024-03-09T00:00:00
5673,190,13655,10,781.35,25.0,5860.12,2024-05-19T00:00:00
5674,1743,14186,3,1863.1,11.0,4974.48,2026-02-28T00:00:00
5675,8465,3082,2,2370.46,4.0,4551.28,2025-06-02T00:00:00
5676,5894,5799,8,2219.08,22.0,13847.06,2024-08-14T00:00:00
5677,14330,14963,8,552.75,1.0,4377.78,2023-06-04T00:00:00
5678,7931,10083,3,2824.27,1.0,8388.08,2026-05-04T00:00:00
5679,12205,5489,2,2409.26,19.0,3903.0,2023-03-01T00:00:00
5680,8508,10277,8,2676.83,10.0,19273.18,2026-03-05T00:00:00
5681,1491,5238,8,2238.09,11.0,15935.2,2025-09-03T00:00:00
5682,4291,245,2,1357.78,11.0,2416.85,2023-06-18T00:00:00
5683,432,13905,2,2922.12,14.0,5026.05,2023-03-26T00:00:00
5684,13149,8357,2,2778.19,13.0,4834.05,2025-09-15T00:00:00
5685,11888,11757,7,1259.53,12.0,7758.7,2025-12-22T00:00:00
5686,7249,13686,6,2357.29,22.0,11032.12,2023-12-23T00:00:00
5687,7866,6926,9,27.82,29.0,177.77,2024-05-30T00:00:00
5688,11430,5427,8,1701.99,21.0,10756.58,2025-01-13T00:00:00
5689,2943,1046,6,216.3,14.0,1116.11,2023-11-24T00:00:00
5690,11993,8480,10,898.45,7.0,8355.58,2023-06-11T00:00:00
5691,4504,11180,10,2445.27,10.0,22007.43,2026-03-06T00:00:00
5692,7362,9573,2,721.17,3.0,1399.07,2023-04-08T00:00:00
5693,13251,11822,10,1589.84,23.0,12241.77,2026-02-19T00:00:00
5694,249,3337,4,1411.28,0.0,5645.12,2025-03-04T00:00:00
5695,13037,2788,7,2972.59,23.0,16022.26,2026-04-06T00:00:00
5696,6750,12059,8,338.38,0.0,2707.04,2023-09-03T00:00:00
5697,3510,13745,10,2766.22,6.0,26002.47,2024-10-05T00:00:00
5698,13220,3220,8,87.6,20.0,560.64,2023-09-30T00:00:00
5699,467,8303,5,1494.29,16.0,6276.02,2024-09-27T00:00:00
5700,12178,13899,9,541.81,5.0,4632.48,2026-03-07T00:00:00
5701,487,14871,1,1106.74,2.0,1084.61,2024-11-04T00:00:00
5702,3273,6307,2,1720.13,1.0,3405.86,2024-12-26T00:00:00
5703,1238,4927,2,260.35,19.0,421.77,2024-05-06T00:00:00
5704,1165,1920,8,2929.63,29.0,16640.3,2023-04-02T00:00:00
5705,4584,1066,3,67.83,3.0,197.39,2023-01-31T00:00:00
5706,9688,14690,10,855.08,1.0,8465.29,2023-09-23T00:00:00
5707,839,7715,1,1793.21,10.0,1613.89,2026-05-07T00:00:00
5708,11260,7056,5,449.43,4.0,2157.26,2025-12-02T00:00:00
5709,10033,13409,4,721.76,25.0,2165.28,2026-02-27T00:00:00
5710,9078,5334,9,1987.43,17.0,14846.1,2023-08-16T00:00:00
5711,5323,12921,7,1486.61,4.0,9990.02,2026-05-27T00:00:00
5712,808,3860,5,616.86,7.0,2868.4,2025-06-08T00:00:00
5713,8102,9494,1,998.55,13.0,868.74,2025-05-07T00:00:00
5714,1287,6530,8,487.09,15.0,3312.21,2025-12-23T00:00:00
5715,5198,4422,10,962.53,29.0,6833.96,2026-01-23T00:00:00
5716,10941,466,5,102.06,30.0,357.21,2024-10-07T00:00:00
5717,7090,448,9,1737.04,14.0,13444.69,2024-03-01T00:00:00
5718,13992,8277,6,2250.21,8.0,12421.16,2023-03-12T00:00:00
5719,281,2476,1,2735.23,21.0,2160.83,2023-01-26T00:00:00
5720,3790,12569,3,1267.96,20.0,3043.1,2026-04-20T00:00:00
5721,12184,3005,10,68.46,25.0,513.45,2023-03-20T00:00:00
5722,5923,501,1,2405.53,21.0,1900.37,2023-02-28T00:00:00
5723,14897,9151,9,592.82,3.0,5175.32,2024-03-06T00:00:00
5724,1736,6418,6,249.91,6.0,1409.49,2025-07-18T00:00:00
5725,1310,2050,9,1020.81,16.0,7717.32,2023-05-30T00:00:00
5726,7502,10055,8,2315.2,11.0,16484.22,2024-11-17T00:00:00
5727,7619,9893,4,506.91,15.0,1723.49,2023-08-01T00:00:00
5728,7269,8782,10,82.14,16.0,689.98,2024-03-25T00:00:00
5729,10047,7124,4,1685.75,13.0,5866.41,2024-02-03T00:00:00
5730,14251,6542,5,1036.66,18.0,4250.31,2025-01-03T00:00:00
5731,9368,1605,5,729.67,18.0,2991.65,2024-11-28T00:00:00
5732,12145,14067,8,760.53,14.0,5232.45,2025-06-09T00:00:00
5733,13972,9221,4,765.97,30.0,2144.72,2023-09-23T00:00:00
5734,5069,5283,3,655.36,12.0,1730.15,2026-04-30T00:00:00
5735,11751,5127,10,2228.82,6.0,20950.91,2026-03-21T00:00:00
5736,12484,3176,10,483.44,29.0,3432.42,2023-12-04T00:00:00
5737,8674,1363,6,17.19,30.0,72.2,2026-03-25T00:00:00
5738,7794,11289,2,1321.47,9.0,2405.08,2023-03-12T00:00:00
5739,10486,13111,2,2275.0,7.0,4231.5,2025-10-08T00:00:00
5740,12712,7096,7,2144.28,7.0,13959.26,2025-10-23T00:00:00
5741,10259,2575,9,1709.55,28.0,11077.88,2025-05-06T00:00:00
5742,14087,1754,6,836.61,0.0,5019.66,2024-04-17T00:00:00
5743,7548,4245,9,1230.98,17.0,9195.42,2023-07-17T00:00:00
5744,1261,9857,7,2612.01,4.0,17552.71,2024-05-19T00:00:00
5745,3275,4985,3,2383.22,21.0,5648.23,2023-01-28T00:00:00
5746,10427,9140,8,2369.97,14.0,16305.39,2024-04-23T00:00:00
5747,10622,6354,2,1379.16,26.0,2041.16,2025-06-07T00:00:00
5748,4773,10923,8,1825.88,29.0,10371.0,2023-01-10T00:00:00
5749,2144,5996,7,1495.43,4.0,10049.29,2023-03-14T00:00:00
5750,798,196,1,655.86,19.0,531.25,2023-02-23T00:00:00
5751,5401,6332,4,598.44,9.0,2178.32,2025-06-22T00:00:00
5752,2656,3641,9,2652.91,9.0,21727.33,2023-03-11T00:00:00
5753,14096,1360,2,1447.95,22.0,2258.8,2026-02-03T00:00:00
5754,3334,11595,6,2271.68,26.0,10086.26,2023-05-10T00:00:00
5755,12255,719,8,2032.93,17.0,13498.66,2023-07-24T00:00:00
5756,3285,2861,3,220.77,12.0,582.83,2023-12-05T00:00:00
5757,3148,12447,2,2179.34,15.0,3704.88,2024-04-01T00:00:00
5758,9729,3715,4,315.02,10.0,1134.07,2025-10-27T00:00:00
5759,12527,8392,8,2567.19,28.0,14787.01,2024-11-29T00:00:00
5760,13959,5511,1,68.28,5.0,64.87,2025-12-25T00:00:00
5761,7852,4971,5,752.98,14.0,3237.81,2023-12-05T00:00:00
5762,10315,2943,2,2923.7,4.0,5613.5,2026-01-19T00:00:00
5763,9900,5097,8,171.0,24.0,1039.68,2023-07-22T00:00:00
5764,859,13500,8,2237.7,2.0,17543.57,2024-06-08T00:00:00
5765,2997,9922,4,2912.95,24.0,8855.37,2024-02-29T00:00:00
5766,5260,1625,4,960.15,8.0,3533.35,2023-09-15T00:00:00
5767,14525,2693,4,2076.19,28.0,5979.43,2025-09-11T00:00:00
5768,7972,10317,10,2258.71,24.0,17166.2,2025-06-12T00:00:00
5769,14368,2210,8,2839.96,25.0,17039.76,2024-05-27T00:00:00
5770,3644,12608,8,2226.1,2.0,17452.62,2024-02-24T00:00:00
5771,8890,9837,4,1740.74,27.0,5082.96,2026-02-10T00:00:00
5772,13953,4118,9,2307.9,28.0,14955.19,2023-06-13T00:00:00
5773,13268,11804,6,845.24,6.0,4767.15,2023-02-17T00:00:00
5774,6720,11993,5,929.86,24.0,3533.47,2024-01-16T00:00:00
5775,3047,5740,3,1139.0,21.0,2699.43,2025-06-12T00:00:00
5776,7605,14780,7,2420.51,11.0,15079.78,2024-01-24T00:00:00
5777,8752,12172,8,2039.32,23.0,12562.21,2025-09-09T00:00:00
5778,105,9630,1,792.06,5.0,752.46,2024-10-14T00:00:00
5779,13057,8526,6,537.78,22.0,2516.81,2024-02-02T00:00:00
5780,4303,11389,9,2481.03,15.0,18979.88,2025-07-09T00:00:00
5781,7027,4262,5,1926.88,9.0,8767.3,2026-01-24T00:00:00
5782,7228,13648,1,1582.48,26.0,1171.04,2025-08-30T00:00:00
5783,14519,14463,9,1768.47,1.0,15757.07,2024-04-18T00:00:00
5784,2100,11081,8,2895.9,28.0,16680.38,2024-03-03T00:00:00
5785,10374,9633,10,2272.99,4.0,21820.7,2023-07-21T00:00:00
5786,7339,2118,5,50.21,27.0,183.27,2025-10-08T00:00:00
5787,2431,9743,8,1357.98,16.0,9125.63,2025-04-17T00:00:00
5788,12122,485,4,1106.27,9.0,4026.82,2023-06-21T00:00:00
5789,9784,8425,4,2103.37,28.0,6057.71,2024-12-16T00:00:00
5790,14200,11578,3,1194.18,24.0,2722.73,2026-03-04T00:00:00
5791,10287,3219,1,2980.83,9.0,2712.56,2023-12-09T00:00:00
5792,14452,6136,4,286.24,19.0,927.42,2024-04-24T00:00:00
5793,3582,1672,2,1332.64,17.0,2212.18,2024-11-14T00:00:00
5794,8288,6860,6,2521.09,18.0,12403.76,2024-12-22T00:00:00
5795,1664,13852,7,2089.51,9.0,13310.18,2023-09-16T00:00:00
5796,9808,10120,5,2620.25,29.0,9301.89,2024-03-08T00:00:00
5797,5014,8441,8,2043.66,5.0,15531.82,2024-03-16T00:00:00
5798,8815,4092,6,850.83,16.0,4288.18,2025-06-27T00:00:00
5799,4103,10611,4,2325.16,28.0,6696.46,2026-05-10T00:00:00
5800,7377,6003,7,697.21,24.0,3709.16,2026-04-13T00:00:00
5801,9518,1058,5,332.37,12.0,1462.43,2024-05-24T00:00:00
5802,4634,11414,3,2318.8,11.0,6191.2,2024-10-21T00:00:00
5803,2418,12591,7,2002.05,14.0,12052.34,2026-01-17T00:00:00
5804,4602,10475,4,555.3,14.0,1910.23,2025-08-27T00:00:00
5805,14364,9488,9,11.66,5.0,99.69,2026-03-05T00:00:00
5806,14140,11132,9,851.26,24.0,5822.62,2026-04-24T00:00:00
5807,10450,1006,7,2770.09,26.0,14349.07,2024-04-12T00:00:00
5808,11460,14412,6,1133.26,22.0,5303.66,2024-01-08T00:00:00
5809,12564,8292,8,2364.95,16.0,15892.46,2024-06-07T00:00:00
5810,12766,12799,8,2184.94,19.0,14158.41,2024-09-30T00:00:00
5811,3441,6742,10,1460.57,24.0,11100.33,2023-12-09T00:00:00
5812,4680,3721,5,628.86,15.0,2672.66,2025-06-10T00:00:00
5813,11079,1533,6,1745.63,18.0,8588.5,2025-02-24T00:00:00
5814,8937,8766,9,724.25,23.0,5019.05,2023-12-18T00:00:00
5815,13346,13797,5,2716.29,28.0,9778.64,2023-12-19T00:00:00
5816,970,8740,9,2542.24,24.0,17388.92,2025-03-22T00:00:00
5817,12242,9720,5,683.1,13.0,2971.49,2026-02-27T00:00:00
5818,3319,14172,3,2095.98,8.0,5784.9,2023-03-02T00:00:00
5819,14149,8416,4,1858.13,23.0,5723.04,2023-04-04T00:00:00
5820,5146,8527,7,192.59,23.0,1038.06,2024-08-25T00:00:00
5821,9506,9995,2,1366.94,23.0,2105.09,2023-03-19T00:00:00
5822,2659,8498,9,180.77,5.0,1545.58,2024-05-25T00:00:00
5823,8310,7569,8,1417.55,17.0,9412.53,2025-06-21T00:00:00
5824,1881,3716,9,728.68,2.0,6426.96,2024-01-27T00:00:00
5825,8157,6654,3,535.12,27.0,1171.91,2023-12-28T00:00:00
5826,10820,1535,7,1519.92,2.0,10426.65,2025-01-10T00:00:00
5827,5438,13777,6,1481.79,22.0,6934.78,2024-03-11T00:00:00
5828,9676,14365,1,2132.96,27.0,1557.06,2023-04-02T00:00:00
5829,13648,2653,9,2136.87,7.0,17885.6,2024-07-14T00:00:00
5830,7575,421,10,2798.94,20.0,22391.52,2023-10-05T00:00:00
5831,14319,6367,1,613.47,6.0,576.66,2024-07-08T00:00:00
5832,4015,10241,1,1223.38,20.0,978.7,2025-08-09T00:00:00
5833,284,8845,8,1019.92,12.0,7180.24,2023-01-05T00:00:00
5834,3432,4724,10,2744.64,20.0,21957.12,2024-04-30T00:00:00
5835,3714,3059,7,2311.62,23.0,12459.63,2023-07-14T00:00:00
5836,7881,1960,6,224.71,6.0,1267.36,2026-03-19T00:00:00
5837,10848,10821,8,2519.1,12.0,17734.46,2025-02-08T00:00:00
5838,2950,6576,1,292.71,4.0,281.0,2023-07-30T00:00:00
5839,5417,4816,3,1941.99,20.0,4660.78,2025-12-18T00:00:00
5840,656,3422,7,2224.33,10.0,14013.28,2025-01-13T00:00:00
5841,6602,10278,8,482.62,7.0,3590.69,2023-11-06T00:00:00
5842,5234,10021,1,1556.7,22.0,1214.23,2023-04-11T00:00:00
5843,12969,4726,1,1149.59,26.0,850.7,2024-06-23T00:00:00
5844,11987,6449,4,847.06,9.0,3083.3,2024-09-21T00:00:00
5845,14076,5361,10,1074.13,22.0,8378.21,2025-09-14T00:00:00
5846,9735,9192,7,1454.02,25.0,7633.6,2024-09-25T00:00:00
5847,14992,7922,2,1221.39,28.0,1758.8,2025-08-21T00:00:00
5848,2056,1419,1,1391.48,6.0,1307.99,2026-04-29T00:00:00
5849,10269,11810,6,1072.13,20.0,5146.22,2026-06-04T00:00:00
5850,6250,2039,6,2596.9,26.0,11530.24,2024-05-30T00:00:00
5851,13797,5182,3,122.17,28.0,263.89,2025-07-30T00:00:00
5852,11543,12354,2,2042.24,4.0,3921.1,2025-02-02T00:00:00
5853,978,9483,4,2617.6,23.0,8062.21,2023-10-17T00:00:00
5854,9784,9167,4,2588.24,29.0,7350.6,2025-03-03T00:00:00
5855,4787,2766,4,1484.33,17.0,4927.98,2023-06-23T00:00:00
5856,6115,12945,10,1858.47,3.0,18027.16,2023-08-10T00:00:00
5857,10217,3190,1,1168.12,2.0,1144.76,2023-09-17T00:00:00
5858,1013,14797,10,2102.29,6.0,19761.53,2025-09-29T00:00:00
5859,14181,8960,9,1823.78,10.0,14772.62,2025-02-19T00:00:00
5860,11363,8780,10,2158.81,2.0,21156.34,2023-09-18T00:00:00
5861,9851,6600,4,824.83,17.0,2738.44,2023-10-08T00:00:00
5862,8056,2076,9,1335.45,5.0,11418.1,2025-02-26T00:00:00
5863,13643,11853,7,1536.45,24.0,8173.91,2024-01-11T00:00:00
5864,8248,14639,9,568.23,10.0,4602.66,2024-04-06T00:00:00
5865,5503,3478,10,1563.34,7.0,14539.06,2023-12-27T00:00:00
5866,14779,9962,8,145.96,17.0,969.17,2023-10-05T00:00:00
5867,7932,12049,7,1984.45,12.0,12224.21,2025-08-31T00:00:00
5868,10483,14838,9,1301.48,2.0,11479.05,2024-03-25T00:00:00
5869,13644,8550,2,2414.96,12.0,4250.33,2024-02-14T00:00:00
5870,663,7083,2,2093.23,18.0,3432.9,2026-03-14T00:00:00
5871,3371,2679,5,2655.86,25.0,9959.48,2023-04-11T00:00:00
5872,11680,3295,9,2634.96,15.0,20157.44,2024-07-17T00:00:00
5873,8845,10639,8,673.42,15.0,4579.26,2023-02-16T00:00:00
5874,7828,11023,10,1044.79,8.0,9612.07,2023-02-20T00:00:00
5875,8963,7087,8,2912.67,9.0,21204.24,2025-12-10T00:00:00
5876,6907,738,9,1475.7,13.0,11554.73,2025-07-01T00:00:00
5877,3531,567,3,2213.32,12.0,5843.16,2026-03-06T00:00:00
5878,637,11386,10,2003.17,25.0,15023.78,2025-07-11T00:00:00
5879,1842,9502,4,367.75,1.0,1456.29,2023-11-03T00:00:00
5880,6966,803,1,2973.25,8.0,2735.39,2023-06-06T00:00:00
5881,11088,12191,7,1764.1,7.0,11484.29,2025-11-01T00:00:00
5882,12914,2219,1,345.55,14.0,297.17,2023-12-12T00:00:00
5883,11592,8398,9,2163.83,13.0,16942.79,2025-12-17T00:00:00
5884,3084,1819,5,466.88,2.0,2287.71,2025-02-06T00:00:00
5885,6312,2497,3,640.14,4.0,1843.6,2025-03-28T00:00:00
5886,13171,12030,9,2385.38,25.0,16101.32,2026-04-05T00:00:00
5887,6185,3104,9,2777.35,24.0,18997.07,2025-12-07T00:00:00
5888,5545,2999,4,658.3,30.0,1843.24,2024-03-25T00:00:00
5889,10615,10531,4,1366.62,0.0,5466.48,2023-12-06T00:00:00
5890,2263,1725,7,1838.53,2.0,12612.32,2025-10-01T00:00:00
5891,10432,13075,4,2676.9,18.0,8780.23,2024-04-06T00:00:00
5892,8904,981,2,200.07,6.0,376.13,2024-08-24T00:00:00
5893,12448,1016,5,2295.08,28.0,8262.29,2024-08-14T00:00:00
5894,2673,714,1,1537.59,5.0,1460.71,2023-11-26T00:00:00
5895,7409,14956,10,1449.32,28.0,10435.1,2025-07-02T00:00:00
5896,8548,9626,4,1120.74,2.0,4393.3,2024-06-14T00:00:00
5897,13993,14087,8,669.31,8.0,4926.12,2025-01-25T00:00:00
5898,13157,4736,6,345.82,27.0,1514.69,2025-03-26T00:00:00
5899,1599,13070,4,1899.99,26.0,5623.97,2024-01-09T00:00:00
5900,12222,9323,4,2281.22,24.0,6934.91,2025-06-22T00:00:00
5901,12532,5880,6,279.52,13.0,1459.09,2023-11-20T00:00:00
5902,6069,432,1,1750.95,18.0,1435.78,2025-09-09T00:00:00
5903,14988,8068,5,43.63,9.0,198.52,2024-04-19T00:00:00
5904,8685,14067,4,1193.24,9.0,4343.39,2023-03-07T00:00:00
5905,3113,10589,9,922.46,5.0,7887.03,2025-09-19T00:00:00
5906,14054,6491,2,1151.11,29.0,1634.58,2025-08-18T00:00:00
5907,827,3813,9,2773.12,6.0,23460.6,2024-12-17T00:00:00
5908,2794,10854,1,1085.79,6.0,1020.64,2025-09-18T00:00:00
5909,10575,5909,10,2683.28,22.0,20929.58,2023-06-03T00:00:00
5910,6873,14427,8,319.36,12.0,2248.29,2023-11-13T00:00:00
5911,6206,6561,10,42.04,28.0,302.69,2023-10-10T00:00:00
5912,13117,9599,5,2810.99,15.0,11946.71,2026-01-21T00:00:00
5913,701,11176,5,1661.07,29.0,5896.8,2023-10-03T00:00:00
5914,1011,8840,9,2221.43,24.0,15194.58,2025-10-30T00:00:00
5915,6398,10327,7,2959.41,18.0,16987.01,2023-11-25T00:00:00
5916,2315,9860,4,338.75,11.0,1205.95,2024-12-05T00:00:00
5917,8786,10561,7,2507.03,24.0,13337.4,2026-02-08T00:00:00
5918,13612,696,4,733.3,8.0,2698.54,2023-05-07T00:00:00
5919,13641,9513,8,2268.52,14.0,15607.42,2023-10-27T00:00:00
5920,5052,14162,1,628.83,3.0,609.97,2025-06-01T00:00:00
5921,11059,1611,10,1019.8,0.0,10198.0,2025-09-18T00:00:00
5922,2628,8337,5,2169.88,26.0,8028.56,2025-04-16T00:00:00
5923,1652,2102,7,1820.37,7.0,11850.61,2025-12-10T00:00:00
5924,6004,72,7,591.51,28.0,2981.21,2025-02-19T00:00:00
5925,11585,1281,6,1205.09,26.0,5350.6,2023-06-29T00:00:00
5926,1184,10419,5,2461.3,12.0,10829.72,2025-02-20T00:00:00
5927,6233,7644,1,2630.31,16.0,2209.46,2023-05-02T00:00:00
5928,5028,5841,8,837.11,28.0,4821.75,2026-02-09T00:00:00
5929,6455,10715,6,1933.05,16.0,9742.57,2024-03-05T00:00:00
5930,9734,13122,6,779.32,20.0,3740.74,2023-07-30T00:00:00
5931,12886,5620,5,459.7,3.0,2229.55,2023-04-20T00:00:00
5932,7731,1575,8,228.32,22.0,1424.72,2024-10-25T00:00:00
5933,8907,3324,7,2872.01,1.0,19903.03,2023-02-08T00:00:00
5934,587,9514,8,2540.78,6.0,19106.67,2025-09-20T00:00:00
5935,179,444,1,87.15,9.0,79.31,2025-05-29T00:00:00
5936,312,13618,10,1329.03,24.0,10100.63,2024-10-02T00:00:00
5937,14216,12663,10,1236.31,22.0,9643.22,2025-07-04T00:00:00
5938,8208,14626,3,778.27,1.0,2311.46,2023-10-29T00:00:00
5939,8797,11112,1,874.15,1.0,865.41,2025-10-21T00:00:00
5940,13466,426,8,2371.29,25.0,14227.74,2025-07-25T00:00:00
5941,7926,13868,4,829.19,24.0,2520.74,2025-03-30T00:00:00
5942,3004,4948,8,2459.47,26.0,14560.06,2026-04-18T00:00:00
5943,10322,6498,3,323.23,10.0,872.72,2024-08-27T00:00:00
5944,2821,11849,7,591.82,25.0,3107.06,2023-11-19T00:00:00
5945,2755,13908,3,1312.31,17.0,3267.65,2024-04-01T00:00:00
5946,12660,11181,2,1355.22,2.0,2656.23,2026-03-13T00:00:00
5947,2224,9209,1,1521.93,10.0,1369.74,2024-03-31T00:00:00
5948,10651,10414,9,355.77,26.0,2369.43,2023-10-08T00:00:00
5949,5910,401,6,1596.24,13.0,8332.37,2025-08-08T00:00:00
5950,12402,14589,2,2159.4,17.0,3584.6,2025-02-23T00:00:00
5951,11277,2387,2,2973.21,28.0,4281.42,2026-01-05T00:00:00
5952,3753,312,2,1599.84,11.0,2847.72,2025-10-23T00:00:00
5953,7112,2267,10,1719.18,11.0,15300.7,2024-12-03T00:00:00
5954,14413,7673,5,662.29,19.0,2682.27,2024-08-16T00:00:00
5955,1436,8537,7,2417.78,4.0,16247.48,2023-08-06T00:00:00
5956,9182,9983,1,835.81,29.0,593.43,2026-05-05T00:00:00
5957,13006,12395,6,1083.85,4.0,6242.98,2023-01-20T00:00:00
5958,5049,6053,7,1624.2,15.0,9663.99,2023-08-13T00:00:00
5959,11486,6843,6,728.91,19.0,3542.5,2024-10-23T00:00:00
5960,11449,1379,4,2171.94,30.0,6081.43,2026-01-06T00:00:00
5961,2050,11579,4,1088.42,27.0,3178.19,2024-11-09T00:00:00
5962,14545,2579,3,765.81,8.0,2113.64,2025-10-16T00:00:00
5963,4570,8448,9,2355.8,18.0,17385.8,2024-02-17T00:00:00
5964,453,7953,8,1669.26,9.0,12152.21,2024-08-13T00:00:00
5965,7063,13432,2,1772.29,28.0,2552.1,2023-11-15T00:00:00
5966,14998,1453,6,1978.88,14.0,10211.02,2023-09-08T00:00:00
5967,8112,3053,9,584.93,25.0,3948.28,2023-09-17T00:00:00
5968,333,2156,3,638.48,18.0,1570.66,2023-09-02T00:00:00
5969,3860,11159,8,1424.36,7.0,10597.24,2024-05-23T00:00:00
5970,1658,10968,7,1160.89,8.0,7476.13,2025-05-27T00:00:00
5971,3636,6780,9,64.6,1.0,575.59,2026-02-05T00:00:00
5972,13070,9659,8,615.25,10.0,4429.8,2026-03-28T00:00:00
5973,7896,7370,1,23.28,13.0,20.25,2023-04-06T00:00:00
5974,12267,4838,9,2898.96,16.0,21916.14,2023-01-12T00:00:00
5975,3869,4390,3,2028.94,8.0,5599.87,2023-07-27T00:00:00
5976,7268,12392,1,2442.97,15.0,2076.52,2024-07-25T00:00:00
5977,6120,12360,10,1727.01,30.0,12089.07,2023-10-10T00:00:00
5978,3747,11763,9,2217.1,18.0,16362.2,2024-10-24T00:00:00
5979,5903,13966,7,2277.34,6.0,14984.9,2023-08-20T00:00:00
5980,13322,8677,8,888.74,26.0,5261.34,2024-12-16T00:00:00
5981,5421,2435,2,2834.67,9.0,5159.1,2026-05-12T00:00:00
5982,3289,9481,9,806.12,20.0,5804.06,2024-08-18T00:00:00
5983,14640,8127,2,489.04,21.0,772.68,2025-06-14T00:00:00
5984,3528,3265,2,87.89,17.0,145.9,2023-07-20T00:00:00
5985,11852,9810,4,1677.83,10.0,6040.19,2025-03-04T00:00:00
5986,6250,8748,1,179.92,28.0,129.54,2023-12-20T00:00:00
5987,1391,6470,9,608.7,27.0,3999.16,2023-07-22T00:00:00
5988,11206,14077,6,481.28,27.0,2108.01,2023-04-04T00:00:00
5989,6523,12580,10,2028.14,23.0,15616.68,2025-02-24T00:00:00
5990,14290,13359,10,1025.83,5.0,9745.38,2025-07-28T00:00:00
5991,6090,7238,6,142.94,3.0,831.91,2024-08-06T00:00:00
5992,10342,14323,10,333.8,9.0,3037.58,2025-10-12T00:00:00
5993,1636,11178,9,2610.28,1.0,23257.59,2025-04-23T00:00:00
5994,82,14549,7,912.55,8.0,5876.82,2026-05-26T00:00:00
5995,14593,12268,9,2818.23,4.0,24349.51,2023-03-29T00:00:00
5996,1532,1429,7,21.46,0.0,150.22,2024-01-13T00:00:00
5997,5697,1518,7,2595.9,20.0,14537.04,2025-01-02T00:00:00
5998,14997,4646,6,2130.98,26.0,9461.55,2023-04-04T00:00:00
5999,10150,2727,3,960.63,21.0,2276.69,2023-05-10T00:00:00
6000,3270,8497,4,499.9,8.0,1839.63,2024-01-18T00:00:00
6001,8788,5557,6,1609.03,5.0,9171.47,2024-04-23T00:00:00
6002,227,13202,7,655.84,13.0,3994.07,2023-11-10T00:00:00
6003,5058,6260,8,1628.2,3.0,12634.83,2023-08-26T00:00:00
6004,14193,11677,7,946.81,14.0,5699.8,2026-04-07T00:00:00
6005,7838,1063,7,769.62,21.0,4256.0,2025-10-16T00:00:00
6006,10597,13986,9,2158.47,2.0,19037.71,2024-10-05T00:00:00
6007,10487,6926,7,1665.27,24.0,8859.24,2025-09-16T00:00:00
6008,1113,8823,2,1648.35,17.0,2736.26,2024-12-08T00:00:00
6009,6968,46,9,1071.17,20.0,7712.42,2024-12-22T00:00:00
6010,5771,13879,2,1026.41,6.0,1929.65,2024-01-25T00:00:00
6011,1453,14053,4,1525.85,25.0,4577.55,2023-08-27T00:00:00
6012,531,11475,6,137.97,4.0,794.71,2024-03-02T00:00:00
6013,4157,9612,1,1227.18,25.0,920.38,2023-10-10T00:00:00
6014,8177,1216,10,2740.47,5.0,26034.46,2026-03-08T00:00:00
6015,7604,4876,7,735.33,14.0,4426.69,2025-11-13T00:00:00
6016,1483,3422,10,2634.13,0.0,26341.3,2023-10-22T00:00:00
6017,2015,1833,7,1407.57,17.0,8177.98,2024-12-27T00:00:00
6018,2225,8293,6,2185.57,26.0,9703.93,2024-06-29T00:00:00
6019,1041,4445,5,255.15,17.0,1058.87,2025-11-11T00:00:00
6020,4052,11228,6,141.39,6.0,797.44,2025-04-23T00:00:00
6021,11795,13084,1,757.83,17.0,629.0,2025-06-08T00:00:00
6022,1576,10732,7,1106.57,11.0,6893.93,2025-08-29T00:00:00
6023,10268,7980,2,1452.38,1.0,2875.71,2023-11-27T00:00:00
6024,6056,10955,7,192.96,5.0,1283.18,2025-01-09T00:00:00
6025,6507,6990,1,2784.27,20.0,2227.42,2023-05-23T00:00:00
6026,7773,14915,4,1412.48,9.0,5141.43,2023-04-07T00:00:00
6027,8197,14933,1,708.1,21.0,559.4,2024-09-08T00:00:00
6028,10427,14617,5,2492.55,1.0,12338.12,2023-09-29T00:00:00
6029,2985,5809,8,25.98,13.0,180.82,2024-07-11T00:00:00
6030,11910,8556,9,2398.98,11.0,19215.83,2025-05-04T00:00:00
6031,875,10730,6,633.44,30.0,2660.45,2023-07-03T00:00:00
6032,3806,11589,6,793.93,6.0,4477.77,2023-04-05T00:00:00
6033,7334,9692,1,2320.74,7.0,2158.29,2024-11-23T00:00:00
6034,718,3613,2,1118.99,12.0,1969.42,2024-08-29T00:00:00
6035,5447,3173,5,1018.1,11.0,4530.55,2024-03-17T00:00:00
6036,4847,11624,1,486.84,17.0,404.08,2025-10-25T00:00:00
6037,546,4331,4,1588.66,30.0,4448.25,2024-03-23T00:00:00
6038,11343,13622,2,2558.01,21.0,4041.66,2024-11-25T00:00:00
6039,8123,14392,7,739.09,27.0,3776.75,2025-06-07T00:00:00
6040,4288,8900,3,2099.55,23.0,4849.96,2023-09-10T00:00:00
6041,712,6126,1,2035.52,3.0,1974.45,2026-03-01T00:00:00
6042,5337,3023,3,904.45,26.0,2007.88,2024-05-02T00:00:00
6043,4491,11564,7,77.02,8.0,496.01,2023-01-22T00:00:00
6044,13502,8656,3,2326.46,24.0,5304.33,2024-03-27T00:00:00
6045,163,14524,3,78.55,26.0,174.38,2024-11-14T00:00:00
6046,10537,8797,2,2885.53,2.0,5655.64,2024-10-27T00:00:00
6047,10417,5208,7,2899.84,13.0,17660.03,2025-07-13T00:00:00
6048,8372,9274,6,1120.37,16.0,5646.66,2024-03-01T00:00:00
6049,661,9200,1,2396.85,21.0,1893.51,2026-03-31T00:00:00
6050,5354,9162,4,2122.1,4.0,8148.86,2023-04-22T00:00:00
6051,12628,12825,1,1689.32,27.0,1233.2,2024-06-27T00:00:00
6052,8420,4160,1,1197.65,6.0,1125.79,2025-12-23T00:00:00
6053,1078,4653,2,1715.41,23.0,2641.73,2023-04-13T00:00:00
6054,7107,13209,2,875.78,1.0,1734.04,2025-01-14T00:00:00
6055,6502,4933,8,2603.5,28.0,14996.16,2024-01-28T00:00:00
6056,2876,783,4,2676.02,7.0,9954.79,2023-12-24T00:00:00
6057,5925,6334,10,214.78,14.0,1847.11,2024-12-28T00:00:00
6058,14386,11858,10,1871.73,21.0,14786.67,2023-09-04T00:00:00
6059,6904,4948,4,1171.82,12.0,4124.81,2026-01-13T00:00:00
6060,9950,5063,8,2215.09,18.0,14530.99,2023-08-26T00:00:00
6061,13854,14923,1,1677.67,8.0,1543.46,2024-10-16T00:00:00
6062,90,5662,7,1949.7,2.0,13374.94,2026-04-23T00:00:00
6063,2887,6482,10,957.73,20.0,7661.84,2025-01-30T00:00:00
6064,10229,6231,7,2308.79,0.0,16161.53,2023-11-17T00:00:00
6065,11463,2547,8,2455.69,22.0,15323.51,2026-01-11T00:00:00
6066,1960,13647,2,2440.13,6.0,4587.44,2023-06-07T00:00:00
6067,3578,226,1,2936.13,16.0,2466.35,2024-12-22T00:00:00
6068,804,187,3,1928.36,1.0,5727.23,2023-04-30T00:00:00
6069,6817,5190,10,2844.28,10.0,25598.52,2025-01-08T00:00:00
6070,14463,11291,6,992.8,25.0,4467.6,2025-04-11T00:00:00
6071,4131,7184,1,2444.13,14.0,2101.95,2025-02-16T00:00:00
6072,8457,11506,3,515.07,27.0,1128.0,2023-02-12T00:00:00
6073,14676,12368,1,2626.36,3.0,2547.57,2023-02-23T00:00:00
6074,4220,13225,5,1787.01,16.0,7505.44,2023-12-28T00:00:00
6075,1614,5596,9,949.3,28.0,6151.46,2025-10-15T00:00:00
6076,11586,10329,10,2368.61,22.0,18475.16,2026-03-30T00:00:00
6077,8617,232,5,1884.67,8.0,8669.48,2025-10-29T00:00:00
6078,4497,5451,3,577.93,20.0,1387.03,2025-09-04T00:00:00
6079,8183,13667,9,164.68,11.0,1319.09,2023-02-17T00:00:00
6080,14557,11280,5,1155.53,12.0,5084.33,2025-03-15T00:00:00
6081,6399,8302,1,916.89,14.0,788.53,2025-05-28T00:00:00
6082,12841,7067,3,558.1,22.0,1305.95,2024-07-15T00:00:00
6083,5120,11840,6,2030.93,7.0,11332.59,2024-11-26T00:00:00
6084,5489,2196,8,2029.51,11.0,14450.11,2023-09-04T00:00:00
6085,11223,9910,8,426.67,17.0,2833.09,2026-01-23T00:00:00
6086,1690,1786,1,411.36,13.0,357.88,2023-11-08T00:00:00
6087,10870,5728,3,1128.15,22.0,2639.87,2024-08-02T00:00:00
6088,12752,4915,8,120.01,15.0,816.07,2025-03-29T00:00:00
6089,3188,8988,9,1630.49,4.0,14087.43,2026-04-20T00:00:00
6090,9580,11059,1,681.92,3.0,661.46,2023-06-23T00:00:00
6091,10086,13712,8,1765.85,1.0,13985.53,2023-01-26T00:00:00
6092,4147,8185,8,2078.89,26.0,12307.03,2024-02-15T00:00:00
6093,11826,12294,5,1278.59,7.0,5945.44,2025-06-24T00:00:00
6094,13825,6635,5,151.63,20.0,606.52,2025-01-12T00:00:00
6095,10931,6512,6,2505.81,28.0,10825.1,2023-11-05T00:00:00
6096,13601,11845,7,2606.39,7.0,16967.6,2024-06-01T00:00:00
6097,13129,5239,4,1878.85,21.0,5937.17,2023-02-19T00:00:00
6098,606,8172,9,1474.74,12.0,11679.94,2025-09-24T00:00:00
6099,1857,1058,7,2838.62,20.0,15896.27,2025-01-08T00:00:00
6100,3091,3788,3,2585.56,5.0,7368.85,2024-07-20T00:00:00
6101,6178,5604,9,1273.59,13.0,9972.21,2025-02-04T00:00:00
6102,5796,9375,8,728.16,2.0,5708.77,2023-01-16T00:00:00
6103,6163,6554,10,896.83,10.0,8071.47,2024-03-18T00:00:00
6104,1424,13904,10,1061.09,18.0,8700.94,2023-06-25T00:00:00
6105,14555,608,8,2968.08,26.0,17571.03,2025-09-17T00:00:00
6106,7112,352,1,1428.08,10.0,1285.27,2023-03-17T00:00:00
6107,1963,4,2,1671.37,20.0,2674.19,2024-02-20T00:00:00
6108,4582,3680,6,1693.04,23.0,7821.84,2023-11-02T00:00:00
6109,7988,3173,7,2983.91,13.0,18172.01,2025-09-03T00:00:00
6110,9651,666,6,1040.02,5.0,5928.11,2025-06-09T00:00:00
6111,2351,11828,3,1385.69,22.0,3242.51,2024-06-13T00:00:00
6112,10248,3882,1,572.84,10.0,515.56,2024-01-20T00:00:00
6113,12918,12941,8,140.77,20.0,900.93,2023-09-21T00:00:00
6114,1002,9413,9,36.09,1.0,321.56,2024-10-23T00:00:00
6115,6843,8950,1,2865.27,21.0,2263.56,2024-07-17T00:00:00
6116,13528,13009,6,2903.0,3.0,16895.46,2023-02-26T00:00:00
6117,12964,6863,1,421.78,14.0,362.73,2024-06-22T00:00:00
6118,13864,3110,4,1037.61,13.0,3610.88,2026-05-06T00:00:00
6119,8621,13192,9,2868.15,7.0,24006.42,2024-04-08T00:00:00
6120,3895,1115,3,1445.25,30.0,3035.02,2026-01-15T00:00:00
6121,303,12776,7,759.22,30.0,3720.18,2025-12-29T00:00:00
6122,9249,14684,9,1141.84,29.0,7296.36,2024-04-01T00:00:00
6123,9005,13150,8,2222.7,6.0,16714.7,2026-01-09T00:00:00
6124,13979,2966,4,1579.99,2.0,6193.56,2024-06-26T00:00:00
6125,7946,5041,6,1537.14,21.0,7286.04,2024-01-03T00:00:00
6126,8596,8845,6,64.75,27.0,283.61,2025-01-21T00:00:00
6127,1617,5547,5,1893.36,7.0,8804.12,2025-04-12T00:00:00
6128,5676,12852,3,116.22,19.0,282.41,2023-12-07T00:00:00
6129,6694,6753,8,2603.43,14.0,17911.6,2025-05-18T00:00:00
6130,3159,14123,5,2024.5,4.0,9717.6,2024-03-23T00:00:00
6131,1647,9673,1,1735.09,6.0,1630.98,2024-08-06T00:00:00
6132,9446,3604,9,1017.69,25.0,6869.41,2024-09-16T00:00:00
6133,4977,1059,5,2324.91,29.0,8253.43,2023-06-10T00:00:00
6134,775,2068,9,1735.56,7.0,14526.64,2023-08-20T00:00:00
6135,8434,13747,3,1386.89,8.0,3827.82,2024-10-23T00:00:00
6136,1925,11277,7,843.26,6.0,5548.65,2026-04-28T00:00:00
6137,13224,4141,3,2628.42,18.0,6465.91,2025-05-18T00:00:00
6138,13355,10525,8,766.9,7.0,5705.74,2026-05-27T00:00:00
6139,4247,8298,1,2957.78,16.0,2484.54,2024-11-08T00:00:00
6140,3900,11366,2,1146.11,12.0,2017.15,2025-09-06T00:00:00
6141,9725,6723,9,2208.05,4.0,19077.55,2024-03-03T00:00:00
6142,9991,9914,6,2030.73,15.0,10356.72,2024-12-26T00:00:00
6143,2939,2119,9,1545.59,29.0,9876.32,2024-10-22T00:00:00
6144,2401,12920,1,2563.35,19.0,2076.31,2026-01-10T00:00:00
6145,12225,2055,4,1455.84,3.0,5648.66,2025-12-23T00:00:00
6146,7340,9030,10,1637.91,14.0,14086.03,2024-04-25T00:00:00
6147,1978,1688,2,919.98,23.0,1416.77,2025-07-20T00:00:00
6148,13592,5311,1,311.03,22.0,242.6,2025-01-07T00:00:00
6149,7824,1161,2,356.07,12.0,626.68,2024-06-17T00:00:00
6150,8381,8399,7,2048.26,24.0,10896.74,2025-03-21T00:00:00
6151,7520,5859,7,1846.09,1.0,12793.4,2025-01-31T00:00:00
6152,7382,13829,1,557.07,12.0,490.22,2023-11-11T00:00:00
6153,7320,9879,6,641.11,11.0,3423.53,2025-02-13T00:00:00
6154,8124,10531,5,649.11,27.0,2369.25,2025-05-02T00:00:00
6155,13875,2830,3,2771.69,15.0,7067.81,2025-06-22T00:00:00
6156,11101,12176,5,458.13,22.0,1786.71,2026-01-05T00:00:00
6157,8809,10541,4,2663.8,25.0,7991.4,2023-11-25T00:00:00
6158,12294,4284,6,129.81,25.0,584.14,2024-08-01T00:00:00
6159,6280,3767,6,613.36,11.0,3275.34,2024-12-29T00:00:00
6160,2272,2012,1,2718.37,6.0,2555.27,2025-12-01T00:00:00
6161,7134,2991,1,2262.12,6.0,2126.39,2023-11-13T00:00:00
6162,6479,5647,5,914.6,4.0,4390.08,2023-05-01T00:00:00
6163,9729,2991,9,2822.6,25.0,19052.55,2024-11-29T00:00:00
6164,5742,6927,10,2562.72,1.0,25370.93,2025-03-31T00:00:00
6165,11765,12178,7,2318.48,16.0,13632.66,2026-01-11T00:00:00
6166,884,7575,1,1072.93,23.0,826.16,2025-04-28T00:00:00
6167,6428,4969,3,170.56,10.0,460.51,2024-12-23T00:00:00
6168,6447,6634,3,1752.1,0.0,5256.3,2026-04-05T00:00:00
6169,13857,10200,9,2360.26,17.0,17631.14,2023-03-27T00:00:00
6170,630,2509,7,1064.54,12.0,6557.57,2024-05-22T00:00:00
6171,4625,13410,2,1388.83,23.0,2138.8,2023-02-27T00:00:00
6172,13719,4382,8,314.59,27.0,1837.21,2025-08-12T00:00:00
6173,5765,13272,6,2694.28,20.0,12932.54,2024-05-13T00:00:00
6174,8544,13816,5,1399.03,2.0,6855.25,2025-08-20T00:00:00
6175,12347,1577,4,1187.57,13.0,4132.74,2023-01-26T00:00:00
6176,829,6006,10,2818.41,9.0,25647.53,2023-04-10T00:00:00
6177,7445,5849,4,2111.17,6.0,7938.0,2023-01-04T00:00:00
6178,10814,7428,3,1069.26,4.0,3079.47,2025-03-11T00:00:00
6179,5136,2020,1,2848.64,6.0,2677.72,2024-06-12T00:00:00
6180,6430,3014,8,599.37,26.0,3548.27,2025-05-11T00:00:00
6181,13384,10989,8,214.4,16.0,1440.77,2025-12-11T00:00:00
6182,12781,5913,9,1937.51,1.0,17263.21,2025-06-05T00:00:00
6183,12016,4663,8,2850.43,19.0,18470.79,2026-04-04T00:00:00
6184,56,3365,2,379.3,5.0,720.67,2025-09-24T00:00:00
6185,8253,304,7,772.68,8.0,4976.06,2024-09-12T00:00:00
6186,10506,6586,9,1277.97,23.0,8856.33,2023-06-06T00:00:00
6187,767,9218,10,448.31,25.0,3362.33,2025-06-29T00:00:00
6188,11318,497,1,572.28,4.0,549.39,2023-04-19T00:00:00
6189,8567,2589,10,1794.68,14.0,15434.25,2025-07-28T00:00:00
6190,5571,2449,10,396.3,7.0,3685.59,2025-09-04T00:00:00
6191,4096,12160,4,1757.87,28.0,5062.67,2024-10-29T00:00:00
6192,9934,6055,2,1211.05,16.0,2034.56,2025-08-03T00:00:00
6193,14190,8440,3,2032.21,29.0,4328.61,2025-01-06T00:00:00
6194,5206,1744,9,1724.39,15.0,13191.58,2023-03-23T00:00:00
6195,11725,2721,4,914.13,22.0,2852.09,2025-03-27T00:00:00
6196,14495,14017,3,2848.08,10.0,7689.82,2023-02-06T00:00:00
6197,11236,2172,8,408.02,29.0,2317.55,2024-06-10T00:00:00
6198,2471,464,8,2746.43,0.0,21971.44,2023-07-15T00:00:00
6199,9487,9744,4,492.21,13.0,1712.89,2025-06-15T00:00:00
6200,3205,11096,6,1327.81,0.0,7966.86,2023-11-23T00:00:00
6201,9433,14698,6,2438.85,17.0,12145.47,2025-11-19T00:00:00
6202,11191,8234,8,1406.12,7.0,10461.53,2025-02-27T00:00:00
6203,5562,14965,1,829.35,24.0,630.31,2023-12-29T00:00:00
6204,9597,8913,6,841.69,28.0,3636.1,2025-11-30T00:00:00
6205,1601,114,5,2814.67,29.0,9992.08,2023-08-13T00:00:00
6206,5914,5763,10,118.56,22.0,924.77,2026-02-11T00:00:00
6207,11789,10784,8,1368.09,4.0,10506.93,2023-11-29T00:00:00
6208,1938,11201,2,1683.96,20.0,2694.34,2023-04-24T00:00:00
6209,4917,4686,1,2536.6,7.0,2359.04,2023-12-07T00:00:00
6210,1674,12475,7,1158.9,26.0,6003.1,2026-03-20T00:00:00
6211,10264,8264,6,822.2,7.0,4587.88,2023-12-12T00:00:00
6212,9338,9417,3,2738.33,19.0,6654.14,2023-10-15T00:00:00
6213,5763,811,4,1598.26,24.0,4858.71,2023-01-09T00:00:00
6214,5845,2614,7,194.6,5.0,1294.09,2024-05-14T00:00:00
6215,2070,11584,6,1757.04,15.0,8960.9,2023-05-03T00:00:00
6216,8167,1562,9,440.63,3.0,3846.7,2026-03-08T00:00:00
6217,11807,3831,8,949.12,27.0,5542.86,2024-12-04T00:00:00
6218,12255,5903,2,1337.17,29.0,1898.78,2023-04-29T00:00:00
6219,3969,94,7,1749.27,16.0,10285.71,2025-06-26T00:00:00
6220,8454,3111,2,1821.07,23.0,2804.45,2025-12-22T00:00:00
6221,6315,99,9,1157.56,25.0,7813.53,2023-06-03T00:00:00
6222,14954,1965,10,2690.04,7.0,25017.37,2024-08-11T00:00:00
6223,9152,8721,3,1157.56,15.0,2951.78,2024-05-06T00:00:00
6224,953,7646,6,160.83,30.0,675.49,2026-04-29T00:00:00
6225,7092,8691,9,2348.74,5.0,20081.73,2026-03-22T00:00:00
6226,11477,2705,5,337.93,27.0,1233.44,2025-01-13T00:00:00
6227,11960,6222,8,1692.83,1.0,13407.21,2023-03-26T00:00:00
6228,12056,11298,10,764.61,28.0,5505.19,2023-12-28T00:00:00
6229,5770,3618,10,2146.11,9.0,19529.6,2024-01-18T00:00:00
6230,694,13216,4,1467.89,28.0,4227.52,2026-01-19T00:00:00
6231,2460,1072,9,1805.0,18.0,13320.9,2024-09-22T00:00:00
6232,13359,8398,4,2015.1,13.0,7012.55,2025-06-04T00:00:00
6233,1430,12222,8,2809.11,7.0,20899.78,2024-02-24T00:00:00
6234,13033,2829,9,1462.73,4.0,12637.99,2025-06-21T00:00:00
6235,2807,159,4,2978.83,13.0,10366.33,2023-02-09T00:00:00
6236,12216,4642,1,1849.84,19.0,1498.37,2025-02-23T00:00:00
6237,748,9214,9,2146.9,21.0,15264.46,2025-04-22T00:00:00
6238,10450,6286,2,2175.27,27.0,3175.89,2023-09-28T00:00:00
6239,10556,4133,2,2431.6,27.0,3550.14,2023-06-01T00:00:00
6240,4231,3123,2,1372.4,16.0,2305.63,2024-10-06T00:00:00
6241,7858,4241,3,2745.79,6.0,7743.13,2026-06-06T00:00:00
6242,13358,9913,4,652.24,17.0,2165.44,2025-10-07T00:00:00
6243,2738,5248,2,1377.5,20.0,2204.0,2025-04-21T00:00:00
6244,10612,7238,2,2258.67,29.0,3207.31,2025-01-20T00:00:00
6245,5754,7994,6,2660.97,2.0,15646.5,2024-07-25T00:00:00
6246,7342,8934,5,474.7,27.0,1732.65,2026-01-07T00:00:00
6247,10920,4324,7,870.51,13.0,5301.41,2024-07-11T00:00:00
6248,7549,3967,9,2381.42,7.0,19932.49,2023-02-02T00:00:00
6249,1755,1517,3,2158.01,16.0,5438.19,2023-08-08T00:00:00
6250,13256,11588,2,2316.83,2.0,4540.99,2024-01-17T00:00:00
6251,2284,9047,5,466.99,27.0,1704.51,2023-05-11T00:00:00
6252,2179,8483,7,974.49,29.0,4843.22,2024-11-07T00:00:00
6253,7467,9221,4,2168.65,18.0,7113.17,2023-02-04T00:00:00
6254,2238,1299,7,399.49,11.0,2488.82,2024-10-19T00:00:00
6255,9739,3124,9,1389.15,21.0,9876.86,2025-04-18T00:00:00
6256,8927,9492,6,1632.41,4.0,9402.68,2024-08-22T00:00:00
6257,6485,12964,1,1255.15,21.0,991.57,2023-03-17T00:00:00
6258,12748,5679,1,876.13,6.0,823.56,2025-03-13T00:00:00
6259,6464,14960,10,1619.14,16.0,13600.78,2024-06-05T00:00:00
6260,2988,7146,9,2495.59,10.0,20214.28,2023-08-07T00:00:00
6261,2437,9809,6,127.3,13.0,664.51,2025-12-11T00:00:00
6262,11848,13494,2,2351.91,27.0,3433.79,2026-02-15T00:00:00
6263,3395,3014,10,319.22,4.0,3064.51,2024-12-02T00:00:00
6264,10135,7453,2,1523.89,7.0,2834.44,2026-01-22T00:00:00
6265,13946,4627,1,673.48,12.0,592.66,2023-07-17T00:00:00
6266,6979,1745,10,225.33,10.0,2027.97,2026-01-07T00:00:00
6267,2683,356,5,2134.75,29.0,7578.36,2025-08-03T00:00:00
6268,10386,8850,7,1715.11,3.0,11645.6,2023-03-20T00:00:00
6269,11652,14235,7,2972.66,22.0,16230.72,2025-04-14T00:00:00
6270,8855,13351,8,2915.48,11.0,20758.22,2024-02-29T00:00:00
6271,7732,8288,7,1637.35,24.0,8710.7,2023-04-09T00:00:00
6272,7095,8547,1,1036.02,29.0,735.57,2023-08-22T00:00:00
6273,7141,12000,9,2319.83,28.0,15032.5,2025-06-19T00:00:00
6274,11884,13144,8,1356.28,6.0,10199.23,2025-07-25T00:00:00
6275,256,6684,4,949.48,14.0,3266.21,2023-05-19T00:00:00
6276,12437,8914,2,1430.08,15.0,2431.14,2025-10-14T00:00:00
6277,2406,13069,3,843.76,14.0,2176.9,2025-07-10T00:00:00
6278,2768,867,5,1676.84,14.0,7210.41,2023-07-12T00:00:00
6279,511,11365,6,1662.88,14.0,8580.46,2023-07-05T00:00:00
6280,1629,2272,2,1335.37,20.0,2136.59,2024-03-14T00:00:00
6281,1988,11713,8,2201.65,16.0,14795.09,2023-02-15T00:00:00
6282,845,13118,7,556.82,3.0,3780.81,2023-11-12T00:00:00
6283,7200,10448,8,1388.41,24.0,8441.53,2023-11-25T00:00:00
6284,5014,617,2,2870.15,26.0,4247.82,2025-02-18T00:00:00
6285,12439,10125,4,92.48,2.0,362.52,2023-06-27T00:00:00
6286,5453,10702,5,1372.63,17.0,5696.41,2026-01-05T00:00:00
6287,12802,8546,2,19.28,5.0,36.63,2023-10-28T00:00:00
6288,331,11825,2,905.44,18.0,1484.92,2024-06-24T00:00:00
6289,305,1010,5,2390.41,6.0,11234.93,2024-01-30T00:00:00
6290,4473,13274,4,2151.13,16.0,7227.8,2023-11-28T00:00:00
6291,5658,12067,4,2129.92,26.0,6304.56,2023-06-03T00:00:00
6292,11061,5932,8,1393.25,10.0,10031.4,2025-09-15T00:00:00
6293,3776,5674,8,1757.64,16.0,11811.34,2026-04-27T00:00:00
6294,38,1083,10,1267.78,10.0,11410.02,2025-07-25T00:00:00
6295,8097,10828,3,2040.65,21.0,4836.34,2023-03-07T00:00:00
6296,3359,819,4,895.22,9.0,3258.6,2025-04-19T00:00:00
6297,12875,12883,7,2794.76,23.0,15063.76,2025-08-21T00:00:00
6298,6834,1894,6,579.9,21.0,2748.73,2023-02-17T00:00:00
6299,8126,9922,5,2819.75,27.0,10292.09,2025-02-18T00:00:00
6300,11243,3996,6,1062.16,27.0,4652.26,2025-06-27T00:00:00
6301,12725,10628,2,827.25,7.0,1538.68,2024-01-23T00:00:00
6302,3939,11445,5,2483.93,4.0,11922.86,2025-07-28T00:00:00
6303,1294,994,7,1498.95,28.0,7554.71,2023-06-19T00:00:00
6304,12349,12265,2,23.24,28.0,33.47,2025-07-04T00:00:00
6305,13155,13687,8,195.38,11.0,1391.11,2025-06-07T00:00:00
6306,10441,325,1,1846.03,13.0,1606.05,2024-12-21T00:00:00
6307,2899,8506,6,1269.72,7.0,7085.04,2025-05-07T00:00:00
6308,10778,3018,3,2988.6,27.0,6545.03,2026-05-09T00:00:00
6309,269,1702,7,2550.81,23.0,13748.87,2024-07-30T00:00:00
6310,13444,9522,2,469.65,16.0,789.01,2023-02-20T00:00:00
6311,3614,6888,8,1193.12,5.0,9067.71,2025-12-02T00:00:00
6312,5826,3850,8,2782.41,29.0,15804.09,2025-02-19T00:00:00
6313,7140,5972,5,1295.87,21.0,5118.69,2023-10-08T00:00:00
6314,4394,1534,3,2031.26,13.0,5301.59,2025-11-14T00:00:00
6315,10947,9511,3,252.0,0.0,756.0,2025-10-12T00:00:00
6316,2462,10707,8,1572.38,23.0,9685.86,2024-01-15T00:00:00
6317,5862,11579,6,1942.53,8.0,10722.77,2023-10-09T00:00:00
6318,11160,13896,4,406.39,22.0,1267.94,2024-04-12T00:00:00
6319,10375,2539,1,188.49,26.0,139.48,2023-08-13T00:00:00
6320,11412,5061,7,252.68,20.0,1415.01,2025-04-14T00:00:00
6321,3057,9673,1,600.59,29.0,426.42,2023-02-18T00:00:00
6322,11000,2300,9,1128.34,18.0,8327.15,2025-10-23T00:00:00
6323,8014,12213,8,829.47,4.0,6370.33,2025-05-07T00:00:00
6324,5877,13506,3,2423.12,26.0,5379.33,2024-05-22T00:00:00
6325,12358,11726,10,872.18,16.0,7326.31,2023-06-04T00:00:00
6326,4709,11257,5,1328.73,14.0,5713.54,2024-04-05T00:00:00
6327,14183,7428,9,2916.22,13.0,22834.0,2023-12-29T00:00:00
6328,5010,4301,4,2770.14,16.0,9307.67,2025-08-14T00:00:00
6329,4716,6724,3,1380.93,19.0,3355.66,2024-09-27T00:00:00
6330,5187,8291,6,745.43,6.0,4204.23,2025-01-08T00:00:00
6331,14815,212,6,450.47,15.0,2297.4,2023-11-08T00:00:00
6332,14800,6506,10,1927.34,25.0,14455.05,2025-06-15T00:00:00
6333,201,7281,2,1254.85,26.0,1857.18,2025-02-28T00:00:00
6334,1483,5557,6,1726.38,6.0,9736.78,2024-06-17T00:00:00
6335,10300,13036,7,1604.08,3.0,10891.7,2025-09-02T00:00:00
6336,4912,4969,1,1241.55,4.0,1191.89,2025-05-24T00:00:00
6337,9079,11970,1,768.73,9.0,699.54,2024-07-20T00:00:00
6338,10299,13217,3,1805.21,3.0,5253.16,2024-02-28T00:00:00
6339,2711,2894,1,1875.66,4.0,1800.63,2025-10-09T00:00:00
6340,10775,5405,10,1635.21,7.0,15207.45,2024-09-12T00:00:00
6341,8394,14442,8,2031.65,18.0,13327.62,2026-01-31T00:00:00
6342,2432,14195,4,996.01,21.0,3147.39,2026-04-26T00:00:00
6343,5349,8053,10,1967.98,25.0,14759.85,2023-11-09T00:00:00
6344,7648,7304,8,887.3,8.0,6530.53,2026-02-21T00:00:00
6345,5323,1242,7,979.71,17.0,5692.12,2024-10-13T00:00:00
6346,14704,3600,10,1260.64,19.0,10211.18,2025-05-11T00:00:00
6347,666,8785,7,2776.96,13.0,16911.69,2025-03-01T00:00:00
6348,2256,13186,7,2899.14,28.0,14611.67,2026-05-22T00:00:00
6349,11276,4341,9,2236.99,25.0,15099.68,2024-07-24T00:00:00
6350,10332,5921,1,1541.29,23.0,1186.79,2024-03-07T00:00:00
6351,10244,2868,1,2740.59,13.0,2384.31,2024-03-31T00:00:00
6352,11520,5443,5,870.77,0.0,4353.85,2024-01-22T00:00:00
6353,584,2182,4,2005.8,12.0,7060.42,2024-06-01T00:00:00
6354,4322,27,7,594.24,9.0,3785.31,2023-06-09T00:00:00
6355,10195,5684,7,1785.55,14.0,10749.01,2024-05-03T00:00:00
6356,14865,4506,9,1929.91,25.0,13026.89,2023-07-14T00:00:00
6357,12967,13530,8,432.33,11.0,3078.19,2024-11-08T00:00:00
6358,1691,10170,6,1797.98,8.0,9924.85,2023-07-06T00:00:00
6359,10412,14469,8,1260.77,3.0,9783.58,2026-02-13T00:00:00
6360,7773,6323,10,290.54,28.0,2091.89,2023-10-15T00:00:00
6361,4203,6171,6,2382.22,6.0,13435.72,2025-08-30T00:00:00
6362,1790,7311,5,1688.62,22.0,6585.62,2025-06-01T00:00:00
6363,12383,4182,3,821.36,18.0,2020.55,2024-08-08T00:00:00
6364,8805,13541,9,1984.25,19.0,14465.18,2026-04-10T00:00:00
6365,6225,11476,10,1674.18,29.0,11886.68,2026-01-16T00:00:00
6366,9957,3936,9,549.83,10.0,4453.62,2025-06-19T00:00:00
6367,10827,14705,7,226.76,18.0,1301.6,2025-08-11T00:00:00
6368,12912,8314,3,2543.79,24.0,5799.84,2023-02-20T00:00:00
6369,11437,13164,6,790.46,9.0,4315.91,2025-07-27T00:00:00
6370,8850,4530,5,321.98,4.0,1545.5,2024-06-22T00:00:00
6371,10533,10820,2,1855.73,7.0,3451.66,2025-05-22T00:00:00
6372,11687,14900,9,40.83,4.0,352.77,2023-10-07T00:00:00
6373,316,7992,8,456.74,6.0,3434.68,2025-02-19T00:00:00
6374,4399,4812,1,1222.79,18.0,1002.69,2023-11-12T00:00:00
6375,4598,9501,6,894.36,6.0,5044.19,2024-06-25T00:00:00
6376,10206,7213,7,2368.61,29.0,11771.99,2026-02-27T00:00:00
6377,2903,6803,7,2769.81,27.0,14153.73,2023-04-06T00:00:00
6378,8065,1780,1,499.11,20.0,399.29,2024-07-21T00:00:00
6379,10064,14088,3,380.91,25.0,857.05,2025-05-08T00:00:00
6380,1924,5475,6,1506.26,5.0,8585.68,2025-07-07T00:00:00
6381,14973,2266,3,101.2,0.0,303.6,2024-10-24T00:00:00
6382,2719,9800,10,1308.86,26.0,9685.56,2025-12-19T00:00:00
6383,10233,10677,4,942.26,9.0,3429.83,2024-10-17T00:00:00
6384,3687,12108,3,2686.37,26.0,5963.74,2023-03-13T00:00:00
6385,4217,4341,5,838.36,20.0,3353.44,2024-11-28T00:00:00
6386,8816,11030,3,1006.36,16.0,2536.03,2025-01-30T00:00:00
6387,9201,11107,1,1123.91,7.0,1045.24,2023-10-09T00:00:00
6388,2568,6557,9,2368.9,25.0,15990.08,2024-12-12T00:00:00
6389,6947,1556,2,2442.85,20.0,3908.56,2026-03-09T00:00:00
6390,14763,10766,3,281.17,6.0,792.9,2023-09-29T00:00:00
6391,6652,13150,10,2937.44,26.0,21737.06,2023-03-16T00:00:00
6392,12936,10974,5,1968.83,13.0,8564.41,2026-05-08T00:00:00
6393,6241,7002,2,1750.05,8.0,3220.09,2026-05-06T00:00:00
6394,12200,1817,4,785.17,27.0,2292.7,2025-01-15T00:00:00
6395,3257,14778,3,2285.28,18.0,5621.79,2025-11-01T00:00:00
6396,6526,13202,7,2805.68,30.0,13747.83,2024-09-04T00:00:00
6397,12414,2663,9,1924.09,15.0,14719.29,2023-08-10T00:00:00
6398,10000,2436,2,1465.87,2.0,2873.11,2025-07-28T00:00:00
6399,2419,12464,5,1903.96,28.0,6854.26,2025-09-11T00:00:00
6400,974,1568,5,1810.93,22.0,7062.63,2026-03-07T00:00:00
6401,5756,8702,6,2203.87,29.0,9388.49,2025-08-14T00:00:00
6402,8837,4073,6,1034.45,23.0,4779.16,2026-03-05T00:00:00
6403,6907,14748,4,526.24,12.0,1852.36,2025-09-06T00:00:00
6404,6280,8429,8,1844.3,30.0,10328.08,2023-04-30T00:00:00
6405,14687,13361,6,2499.78,7.0,13948.77,2026-04-18T00:00:00
6406,3626,3791,9,2656.81,26.0,17694.35,2023-10-13T00:00:00
6407,11106,14403,6,666.29,27.0,2918.35,2023-10-28T00:00:00
6408,4573,9783,5,506.63,19.0,2051.85,2026-01-11T00:00:00
6409,966,3695,1,1425.52,2.0,1397.01,2024-01-04T00:00:00
6410,1250,4891,4,532.11,6.0,2000.73,2024-12-17T00:00:00
6411,8419,2241,4,1071.88,5.0,4073.14,2023-03-02T00:00:00
6412,4529,12683,1,1984.61,23.0,1528.15,2024-10-14T00:00:00
6413,5172,13855,9,525.03,4.0,4536.26,2026-04-21T00:00:00
6414,8091,9761,10,940.02,26.0,6956.15,2023-06-02T00:00:00
6415,7732,13840,10,2385.65,3.0,23140.81,2026-03-20T00:00:00
6416,5584,4879,2,628.04,25.0,942.06,2023-12-25T00:00:00
6417,9735,5838,2,1231.1,25.0,1846.65,2023-12-21T00:00:00
6418,13857,6636,3,2404.38,7.0,6708.22,2023-08-07T00:00:00
6419,6512,1201,7,918.49,24.0,4886.37,2023-05-11T00:00:00
6420,1410,8240,4,2601.53,10.0,9365.51,2024-08-23T00:00:00
6421,9089,989,8,2711.31,14.0,18653.81,2024-02-26T00:00:00
6422,8365,13472,9,661.24,21.0,4701.42,2023-02-09T00:00:00
6423,4036,12988,6,471.56,8.0,2603.01,2023-01-29T00:00:00
6424,13678,11411,7,465.49,25.0,2443.82,2024-05-04T00:00:00
6425,8075,10625,2,591.8,22.0,923.21,2024-11-02T00:00:00
6426,11588,7749,2,2658.24,14.0,4572.17,2023-03-25T00:00:00
6427,1291,6842,2,542.04,12.0,953.99,2023-10-08T00:00:00
6428,4997,5269,10,2391.47,5.0,22718.96,2025-04-15T00:00:00
6429,4351,2938,1,2196.52,16.0,1845.08,2024-10-14T00:00:00
6430,8848,6440,9,2525.71,17.0,18867.05,2023-03-06T00:00:00
6431,2317,1362,1,2640.07,16.0,2217.66,2023-04-03T00:00:00
6432,11600,3289,6,952.56,17.0,4743.75,2026-04-14T00:00:00
6433,6245,2205,9,1120.71,19.0,8169.98,2025-04-14T00:00:00
6434,13362,11732,9,1688.1,17.0,12610.11,2025-02-09T00:00:00
6435,307,10880,5,1431.57,8.0,6585.22,2026-05-10T00:00:00
6436,9750,12893,10,1972.93,9.0,17953.66,2025-11-28T00:00:00
6437,2370,9711,10,1649.27,28.0,11874.74,2023-10-01T00:00:00
6438,8883,8655,1,2871.72,5.0,2728.13,2024-03-30T00:00:00
6439,6211,13126,9,869.78,20.0,6262.42,2023-03-24T00:00:00
6440,5227,3315,9,2947.84,14.0,22816.28,2023-08-30T00:00:00
6441,5992,8716,10,911.93,14.0,7842.6,2023-07-09T00:00:00
6442,14837,3154,6,1958.12,5.0,11161.28,2023-07-17T00:00:00
6443,291,5814,4,2467.36,10.0,8882.5,2025-04-20T00:00:00
6444,7748,8034,9,2780.1,7.0,23269.44,2024-02-27T00:00:00
6445,11860,14549,4,2941.64,25.0,8824.92,2025-03-20T00:00:00
6446,4369,14061,4,164.18,17.0,545.08,2025-05-09T00:00:00
6447,11363,14548,7,778.44,23.0,4195.79,2023-11-26T00:00:00
6448,5890,5059,1,1077.44,29.0,764.98,2025-07-22T00:00:00
6449,2471,8932,4,2933.66,24.0,8918.33,2025-08-22T00:00:00
6450,10063,8519,3,1940.13,13.0,5063.74,2026-04-21T00:00:00
6451,8705,6444,5,687.13,29.0,2439.31,2026-02-13T00:00:00
6452,14224,6397,6,2675.24,8.0,14767.32,2023-12-01T00:00:00
6453,14769,3337,7,2271.18,3.0,15421.31,2025-11-23T00:00:00
6454,5125,3398,9,1273.98,28.0,8255.39,2023-10-07T00:00:00
6455,12805,5728,10,2888.21,28.0,20795.11,2024-08-14T00:00:00
6456,3056,5529,2,369.81,1.0,732.22,2025-08-01T00:00:00
6457,11161,9571,5,1634.04,2.0,8006.8,2025-05-03T00:00:00
6458,5776,12788,5,2629.04,16.0,11041.97,2023-05-13T00:00:00
6459,1769,8036,6,909.73,14.0,4694.21,2024-06-09T00:00:00
6460,5604,5788,4,1263.12,29.0,3587.26,2024-04-01T00:00:00
6461,8646,12750,6,2650.8,28.0,11451.46,2025-05-07T00:00:00
6462,13095,8276,10,1259.32,14.0,10830.15,2023-01-15T00:00:00
6463,9259,5951,9,889.56,12.0,7045.32,2026-05-10T00:00:00
6464,10290,1036,5,2320.54,10.0,10442.43,2024-03-18T00:00:00
6465,1592,7377,2,2269.27,14.0,3903.14,2025-10-01T00:00:00
6466,6864,3970,7,166.84,2.0,1144.52,2026-03-29T00:00:00
6467,9214,1201,8,61.65,1.0,488.27,2025-02-23T00:00:00
6468,2857,4639,1,127.21,12.0,111.94,2024-01-29T00:00:00
6469,3184,1611,10,2132.68,12.0,18767.58,2026-02-08T00:00:00
6470,6026,9394,4,2496.42,24.0,7589.12,2025-07-13T00:00:00
6471,5714,5757,7,2078.04,26.0,10764.25,2025-08-17T00:00:00
6472,14910,4511,3,1139.7,22.0,2666.9,2025-11-06T00:00:00
6473,14220,2104,1,2295.25,23.0,1767.34,2023-09-09T00:00:00
6474,13058,4694,3,2856.38,5.0,8140.68,2024-07-08T00:00:00
6475,14976,10588,3,1185.89,6.0,3344.21,2025-09-14T00:00:00
6476,5786,4689,2,2876.94,7.0,5351.11,2025-10-23T00:00:00
6477,732,10388,10,1551.64,18.0,12723.45,2025-05-23T00:00:00
6478,10464,615,6,1477.62,18.0,7269.89,2024-09-30T00:00:00
6479,10711,1564,10,2702.46,21.0,21349.43,2025-03-17T00:00:00
6480,5264,13746,6,939.36,12.0,4959.82,2026-06-09T00:00:00
6481,11628,14993,7,2604.2,11.0,16224.17,2024-11-21T00:00:00
6482,10074,6882,9,2019.55,26.0,13450.2,2025-04-20T00:00:00
6483,9310,849,9,2343.76,25.0,15820.38,2023-10-22T00:00:00
6484,4744,8778,3,694.0,21.0,1644.78,2023-06-25T00:00:00
6485,5729,13086,5,1790.62,16.0,7520.6,2023-03-02T00:00:00
6486,879,4674,4,2973.84,7.0,11062.68,2023-05-30T00:00:00
6487,3351,10698,8,2412.91,13.0,16793.85,2023-01-04T00:00:00
6488,9230,12674,9,1378.13,2.0,12155.11,2025-11-08T00:00:00
6489,5619,3319,6,2276.49,26.0,10107.62,2023-12-25T00:00:00
6490,1407,13045,3,2971.93,2.0,8737.47,2026-06-10T00:00:00
6491,3672,7668,3,1986.92,9.0,5424.29,2024-10-14T00:00:00
6492,10914,11865,8,2072.33,23.0,12765.55,2024-08-12T00:00:00
6493,9831,1512,1,2722.63,20.0,2178.1,2025-06-21T00:00:00
6494,13183,6099,7,1948.44,11.0,12138.78,2024-01-11T00:00:00
6495,10110,10745,10,615.42,3.0,5969.57,2025-08-30T00:00:00
6496,2025,14796,7,1974.09,2.0,13542.26,2023-06-04T00:00:00
6497,2902,2836,6,1257.2,27.0,5506.54,2023-12-23T00:00:00
6498,14392,12062,3,980.65,26.0,2177.04,2024-02-27T00:00:00
6499,902,3171,8,405.16,13.0,2819.91,2023-04-13T00:00:00
6500,8822,12794,9,2854.69,26.0,19012.24,2024-10-20T00:00:00
6501,2822,1100,1,502.31,20.0,401.85,2023-05-30T00:00:00
6502,373,2483,8,306.9,30.0,1718.64,2024-02-20T00:00:00
6503,9438,12706,6,551.01,23.0,2545.67,2025-11-29T00:00:00
6504,7782,12068,9,2604.19,20.0,18750.17,2024-06-29T00:00:00
6505,13301,12700,3,1222.63,10.0,3301.1,2023-08-10T00:00:00
6506,10505,7091,6,1021.29,30.0,4289.42,2024-07-24T00:00:00
6507,1399,11325,6,866.95,9.0,4733.55,2024-01-19T00:00:00
6508,3564,6188,7,1662.48,9.0,10590.0,2024-05-19T00:00:00
6509,9052,14594,8,2580.36,12.0,18165.73,2024-12-01T00:00:00
6510,7387,12366,10,1173.56,24.0,8919.06,2025-08-22T00:00:00
6511,3133,3168,9,149.89,21.0,1065.72,2024-11-22T00:00:00
6512,2740,5048,8,1581.4,16.0,10627.01,2023-12-01T00:00:00
6513,9722,586,8,2451.71,29.0,13925.71,2024-04-25T00:00:00
6514,12875,5098,7,647.5,15.0,3852.62,2025-06-10T00:00:00
6515,6225,4660,3,568.73,12.0,1501.45,2024-07-26T00:00:00
6516,5738,2786,6,772.72,2.0,4543.59,2024-03-24T00:00:00
6517,617,13416,5,879.18,17.0,3648.6,2023-07-27T00:00:00
6518,9688,10425,3,1491.96,7.0,4162.57,2026-03-24T00:00:00
6519,1005,6700,1,1505.07,2.0,1474.97,2026-02-18T00:00:00
6520,11720,917,2,304.51,4.0,584.66,2024-02-16T00:00:00
6521,7676,4410,2,2113.42,0.0,4226.84,2026-02-18T00:00:00
6522,10400,186,4,1120.16,5.0,4256.61,2024-11-26T00:00:00
6523,1248,7518,7,1578.24,10.0,9942.91,2023-03-01T00:00:00
6524,7392,13075,10,1615.75,20.0,12926.0,2025-09-09T00:00:00
6525,11247,8201,6,1619.39,20.0,7773.07,2024-09-10T00:00:00
6526,1378,6554,8,2220.64,27.0,12968.54,2023-02-25T00:00:00
6527,8021,9827,7,2962.81,21.0,16384.34,2026-04-04T00:00:00
6528,6972,7828,6,1569.57,19.0,7628.11,2023-12-15T00:00:00
6529,5002,3654,8,2257.11,5.0,17154.04,2023-04-20T00:00:00
6530,237,1182,7,2881.55,30.0,14119.6,2023-11-11T00:00:00
6531,13770,8503,4,669.04,4.0,2569.11,2023-11-26T00:00:00
6532,12098,811,6,2909.0,5.0,16581.3,2025-10-03T00:00:00
6533,7748,4705,7,146.68,20.0,821.41,2023-01-26T00:00:00
6534,4180,7414,7,2231.48,9.0,14214.53,2024-07-07T00:00:00
6535,4973,10143,9,1491.0,26.0,9930.06,2025-06-15T00:00:00
6536,1720,6736,10,1306.41,9.0,11888.33,2024-11-28T00:00:00
6537,6475,14403,9,640.18,16.0,4839.76,2024-12-26T00:00:00
6538,5724,13601,8,1810.3,0.0,14482.4,2025-10-06T00:00:00
6539,11005,9313,9,1685.18,21.0,11981.63,2025-10-24T00:00:00
6540,6903,4973,8,803.54,24.0,4885.52,2024-10-10T00:00:00
6541,14697,12287,6,473.36,5.0,2698.15,2024-09-06T00:00:00
6542,438,2926,5,2495.04,7.0,11601.94,2023-01-22T00:00:00
6543,12901,12803,8,712.15,26.0,4215.93,2024-01-13T00:00:00
6544,9797,6359,2,2253.66,28.0,3245.27,2024-05-01T00:00:00
6545,4062,3082,2,163.48,5.0,310.61,2025-03-13T00:00:00
6546,4702,7239,1,2180.29,19.0,1766.03,2023-03-19T00:00:00
6547,6111,14283,5,406.4,23.0,1564.64,2023-10-03T00:00:00
6548,11919,14149,7,1994.06,9.0,12702.16,2024-07-30T00:00:00
6549,5626,4070,8,171.39,2.0,1343.7,2025-05-09T00:00:00
6550,6298,6819,8,2744.59,28.0,15808.84,2024-10-29T00:00:00
6551,122,13985,2,489.8,17.0,813.07,2025-06-22T00:00:00
6552,2238,7685,2,2901.84,0.0,5803.68,2026-01-04T00:00:00
6553,4814,14706,6,203.0,22.0,950.04,2024-04-23T00:00:00
6554,13927,14654,2,2328.46,27.0,3399.55,2026-05-23T00:00:00
6555,11631,12181,2,1218.71,22.0,1901.19,2023-07-09T00:00:00
6556,7850,1921,7,968.43,7.0,6304.48,2025-04-18T00:00:00
6557,7650,2091,6,2445.67,12.0,12913.14,2023-11-04T00:00:00
6558,6730,3224,4,2572.88,6.0,9674.03,2023-01-12T00:00:00
6559,955,8358,2,1996.02,21.0,3153.71,2023-08-26T00:00:00
6560,13048,6785,1,1584.14,20.0,1267.31,2024-03-13T00:00:00
6561,12378,5168,10,1671.21,2.0,16377.86,2026-05-23T00:00:00
6562,4731,735,7,438.06,13.0,2667.79,2023-07-12T00:00:00
6563,12095,7313,4,2375.53,16.0,7981.78,2024-07-30T00:00:00
6564,13761,13855,9,2522.84,0.0,22705.56,2025-10-25T00:00:00
6565,5646,13719,9,890.96,15.0,6815.84,2024-03-20T00:00:00
6566,7517,2776,7,2468.66,10.0,15552.56,2025-05-06T00:00:00
6567,5908,4025,9,2365.16,6.0,20009.25,2025-06-26T00:00:00
6568,4407,10455,3,1962.27,13.0,5121.52,2023-03-13T00:00:00
6569,8899,2620,4,1223.22,16.0,4110.02,2025-07-13T00:00:00
6570,4541,1572,4,511.98,29.0,1454.02,2024-11-23T00:00:00
6571,1309,6311,3,152.38,27.0,333.71,2025-02-10T00:00:00
6572,12682,14630,9,520.22,10.0,4213.78,2024-01-09T00:00:00
6573,1552,9573,9,220.9,7.0,1848.93,2024-11-12T00:00:00
6574,444,8235,9,1555.19,25.0,10497.53,2026-02-15T00:00:00
6575,11509,582,6,1244.4,19.0,6047.78,2024-06-05T00:00:00
6576,11846,14892,8,2813.54,4.0,21607.99,2023-07-25T00:00:00
6577,14033,6638,8,114.96,12.0,809.32,2025-04-23T00:00:00
6578,13036,13909,8,489.17,28.0,2817.62,2026-06-09T00:00:00
6579,11980,9289,3,2552.38,6.0,7197.71,2024-09-30T00:00:00
6580,13247,8134,1,1605.62,13.0,1396.89,2024-04-18T00:00:00
6581,133,14430,2,2915.47,16.0,4897.99,2025-11-30T00:00:00
6582,4417,13021,4,2730.34,22.0,8518.66,2023-01-25T00:00:00
6583,12255,8863,6,1483.4,13.0,7743.35,2024-04-15T00:00:00
6584,2597,8483,7,1980.02,24.0,10533.71,2023-11-03T00:00:00
6585,8486,440,8,1320.19,26.0,7815.52,2026-02-06T00:00:00
6586,10915,2368,7,912.95,6.0,6007.21,2026-01-19T00:00:00
6587,7786,3602,7,1979.14,10.0,12468.58,2023-02-10T00:00:00
6588,12605,6789,3,1860.17,27.0,4073.77,2024-08-18T00:00:00
6589,2033,10961,5,2251.77,18.0,9232.26,2023-10-13T00:00:00
6590,6671,11158,8,53.62,3.0,416.09,2023-12-20T00:00:00
6591,12154,12814,6,1747.35,6.0,9855.05,2025-05-28T00:00:00
6592,7130,4279,6,788.61,25.0,3548.74,2023-11-27T00:00:00
6593,1759,9999,7,1598.48,14.0,9622.85,2023-01-26T00:00:00
6594,157,9579,2,532.66,28.0,767.03,2025-10-21T00:00:00
6595,1160,9641,6,2735.44,15.0,13950.74,2023-11-21T00:00:00
6596,2510,649,1,570.86,6.0,536.61,2026-04-02T00:00:00
6597,13114,13262,6,1156.62,2.0,6800.93,2026-01-19T00:00:00
6598,10232,7811,8,1981.22,23.0,12204.32,2025-03-19T00:00:00
6599,14024,8878,8,1563.65,1.0,12384.11,2024-09-30T00:00:00
6600,2820,5920,4,858.61,9.0,3125.34,2025-05-16T00:00:00
6601,13044,9666,8,1063.43,1.0,8422.37,2025-07-23T00:00:00
6602,3646,6348,1,1542.89,23.0,1188.03,2024-08-25T00:00:00
6603,6300,4227,4,1384.98,10.0,4985.93,2024-10-28T00:00:00
6604,4865,1367,3,2375.14,2.0,6982.91,2026-03-01T00:00:00
6605,5783,9381,2,1365.53,18.0,2239.47,2025-06-07T00:00:00
6606,11196,5556,8,2879.81,13.0,20043.48,2025-01-19T00:00:00
6607,14704,7530,6,261.94,11.0,1398.76,2026-06-01T00:00:00
6608,11215,3164,1,1991.4,5.0,1891.83,2024-03-03T00:00:00
6609,8955,5138,8,1750.26,21.0,11061.64,2025-04-21T00:00:00
6610,2487,8890,1,2558.98,12.0,2251.9,2025-02-12T00:00:00
6611,9320,12283,7,2042.9,11.0,12727.27,2024-09-07T00:00:00
6612,5764,256,2,2788.53,20.0,4461.65,2023-02-10T00:00:00
6613,5570,9230,10,1662.23,15.0,14128.95,2023-06-24T00:00:00
6614,7976,2931,7,1444.11,6.0,9502.24,2024-11-21T00:00:00
6615,6305,293,8,2581.76,5.0,19621.38,2024-08-01T00:00:00
6616,4761,12869,9,1829.64,12.0,14490.75,2024-02-21T00:00:00
6617,151,9143,3,1756.85,28.0,3794.8,2025-04-14T00:00:00
6618,12882,1672,2,1829.68,4.0,3512.99,2025-10-11T00:00:00
6619,1835,4139,7,1074.0,17.0,6239.94,2025-10-10T00:00:00
6620,2678,2230,7,2050.18,28.0,10332.91,2024-08-27T00:00:00
6621,11832,11494,2,2790.56,21.0,4409.08,2023-07-20T00:00:00
6622,208,2109,1,2294.06,21.0,1812.31,2024-07-28T00:00:00
6623,702,9131,4,647.85,29.0,1839.89,2025-08-24T00:00:00
6624,3654,6115,10,2788.44,22.0,21749.83,2024-10-18T00:00:00
6625,14527,6962,1,94.0,10.0,84.6,2026-03-25T00:00:00
6626,3786,2259,8,225.07,3.0,1746.54,2026-03-11T00:00:00
6627,13634,13725,10,623.3,24.0,4737.08,2024-03-11T00:00:00
6628,6856,11417,1,453.23,25.0,339.92,2025-10-02T00:00:00
6629,10282,7761,2,98.08,1.0,194.2,2026-01-30T00:00:00
6630,13162,264,4,1141.21,11.0,4062.71,2026-05-30T00:00:00
6631,7613,5400,8,2259.69,1.0,17896.74,2024-07-06T00:00:00
6632,7985,9348,4,257.21,21.0,812.78,2024-07-23T00:00:00
6633,6039,718,3,743.43,10.0,2007.26,2024-04-11T00:00:00
6634,6354,12763,4,565.34,21.0,1786.47,2024-05-03T00:00:00
6635,7491,2018,1,2036.67,27.0,1486.77,2024-04-08T00:00:00
6636,13270,203,1,2614.21,29.0,1856.09,2023-01-05T00:00:00
6637,9257,11841,4,2093.1,6.0,7870.06,2023-11-03T00:00:00
6638,4872,12545,3,257.91,24.0,588.03,2023-08-30T00:00:00
6639,5612,6148,7,1057.78,0.0,7404.46,2024-03-19T00:00:00
6640,1128,8706,7,2878.24,26.0,14909.28,2025-01-15T00:00:00
6641,10696,12980,3,2770.42,24.0,6316.56,2023-12-17T00:00:00
6642,7090,4513,9,1253.03,16.0,9472.91,2025-08-14T00:00:00
6643,3745,11028,6,586.43,15.0,2990.79,2024-11-30T00:00:00
6644,9419,2691,6,2146.73,8.0,11849.95,2025-06-07T00:00:00
6645,754,2079,3,2015.8,14.0,5200.76,2024-02-20T00:00:00
6646,3798,1766,8,203.4,28.0,1171.58,2024-08-05T00:00:00
6647,9,9120,7,1554.73,12.0,9577.14,2024-02-18T00:00:00
6648,9259,9381,7,1586.55,29.0,7885.15,2024-05-27T00:00:00
6649,1912,8378,8,2158.3,8.0,15885.09,2026-05-12T00:00:00
6650,5596,7353,4,829.69,16.0,2787.76,2023-10-22T00:00:00
6651,4934,11220,10,2889.69,13.0,25140.3,2023-02-25T00:00:00
6652,12961,3261,5,739.99,22.0,2885.96,2023-05-21T00:00:00
6653,14695,10545,6,2151.75,21.0,10199.3,2023-09-24T00:00:00
6654,2559,2481,5,1644.66,14.0,7072.04,2025-12-14T00:00:00
6655,11953,10406,2,1604.42,10.0,2887.96,2024-05-13T00:00:00
6656,8926,5756,5,2823.2,26.0,10445.84,2025-10-06T00:00:00
6657,5677,10031,9,496.01,23.0,3437.35,2024-03-16T00:00:00
6658,1794,10481,8,2694.1,27.0,15733.54,2024-04-24T00:00:00
6659,1134,2730,9,81.3,12.0,643.9,2026-03-18T00:00:00
6660,1369,13614,6,802.4,1.0,4766.26,2025-02-06T00:00:00
6661,418,10200,6,950.55,22.0,4448.57,2024-10-23T00:00:00
6662,8958,3552,9,1307.64,24.0,8944.26,2025-01-17T00:00:00
6663,11057,13123,6,2133.16,13.0,11135.1,2025-03-19T00:00:00
6664,7252,14551,6,773.71,4.0,4456.57,2025-06-24T00:00:00
6665,9283,5268,7,865.11,8.0,5571.31,2026-01-18T00:00:00
6666,3218,5239,4,1747.23,14.0,6010.47,2024-07-20T00:00:00
6667,6685,821,4,2619.11,6.0,9847.85,2026-03-13T00:00:00
6668,3441,13199,4,1617.5,27.0,4723.1,2025-05-03T00:00:00
6669,1381,7695,9,1118.32,23.0,7749.96,2025-07-29T00:00:00
6670,11993,4883,8,686.63,27.0,4009.92,2023-04-02T00:00:00
6671,13308,9164,5,1854.04,0.0,9270.2,2025-05-19T00:00:00
6672,13189,1881,10,1480.43,16.0,12435.61,2025-06-04T00:00:00
6673,8650,854,9,2642.77,6.0,22357.83,2023-02-21T00:00:00
6674,11435,9244,5,215.39,23.0,829.25,2023-05-26T00:00:00
6675,14363,5811,8,2012.32,28.0,11590.96,2023-07-25T00:00:00
6676,7657,580,6,637.93,27.0,2794.13,2023-05-04T00:00:00
6677,4122,4953,5,963.32,13.0,4190.44,2023-08-29T00:00:00
6678,1951,5642,8,709.54,1.0,5619.56,2024-06-01T00:00:00
6679,6869,5435,4,775.51,24.0,2357.55,2026-03-11T00:00:00
6680,10101,3840,10,1551.91,27.0,11328.94,2025-11-08T00:00:00
6681,7821,11131,9,1533.03,18.0,11313.76,2023-01-30T00:00:00
6682,8576,10475,1,2539.42,16.0,2133.11,2023-07-15T00:00:00
6683,12921,3445,4,1730.39,29.0,4914.31,2024-06-29T00:00:00
6684,14324,14849,8,387.26,19.0,2509.44,2024-03-27T00:00:00
6685,7846,4233,6,614.3,10.0,3317.22,2023-09-29T00:00:00
6686,9636,9946,3,845.42,13.0,2206.55,2025-03-26T00:00:00
6687,765,5501,4,643.43,5.0,2445.03,2023-12-27T00:00:00
6688,6208,13164,8,1309.65,13.0,9115.16,2025-04-07T00:00:00
6689,1294,10986,10,1987.83,9.0,18089.25,2023-09-03T00:00:00
6690,7625,14379,7,2650.62,28.0,13359.12,2023-04-26T00:00:00
6691,6130,6348,5,280.22,14.0,1204.95,2026-03-11T00:00:00
6692,2070,3124,8,2458.28,14.0,16912.97,2024-06-08T00:00:00
6693,11163,11193,1,87.1,15.0,74.03,2024-08-25T00:00:00
6694,8439,1372,4,348.48,5.0,1324.22,2026-04-09T00:00:00
6695,11901,6587,3,429.48,24.0,979.21,2026-03-09T00:00:00
6696,3864,7410,7,2828.39,19.0,16036.97,2025-11-17T00:00:00
6697,6250,6325,2,2014.67,10.0,3626.41,2023-02-11T00:00:00
6698,13916,9598,7,2448.61,19.0,13883.62,2024-03-16T00:00:00
6699,2586,1205,1,504.33,8.0,463.98,2026-03-17T00:00:00
6700,2906,12993,7,2455.96,4.0,16504.05,2025-07-11T00:00:00
6701,8541,4987,9,2096.96,13.0,16419.2,2025-09-27T00:00:00
6702,6630,12869,6,2455.83,25.0,11051.24,2025-02-09T00:00:00
6703,7430,2430,5,1426.8,12.0,6277.92,2023-04-22T00:00:00
6704,12271,8101,10,1866.54,14.0,16052.24,2026-03-01T00:00:00
6705,7168,6880,9,899.97,24.0,6155.79,2025-12-01T00:00:00
6706,12509,13141,7,1476.54,15.0,8785.41,2025-07-11T00:00:00
6707,5664,12914,7,1185.47,1.0,8215.31,2023-05-09T00:00:00
6708,9724,10511,8,1377.9,12.0,9700.42,2023-02-19T00:00:00
6709,9174,9479,9,738.57,12.0,5849.47,2023-04-16T00:00:00
6710,10555,12128,6,2658.38,4.0,15312.27,2026-01-27T00:00:00
6711,11684,4309,2,2942.1,7.0,5472.31,2023-08-23T00:00:00
6712,11190,14052,4,1403.15,25.0,4209.45,2023-10-25T00:00:00
6713,730,1198,10,209.68,25.0,1572.6,2026-01-27T00:00:00
6714,6190,854,7,295.34,21.0,1633.23,2026-03-31T00:00:00
6715,762,3325,4,690.26,3.0,2678.21,2025-10-02T00:00:00
6716,4740,12536,5,2871.94,27.0,10482.58,2024-04-24T00:00:00
6717,294,3546,8,1398.34,14.0,9620.58,2024-03-18T00:00:00
6718,7095,8780,7,1001.9,1.0,6943.17,2023-05-01T00:00:00
6719,9009,4050,4,2969.18,17.0,9857.68,2025-01-15T00:00:00
6720,4849,9496,4,1378.31,10.0,4961.92,2023-02-14T00:00:00
6721,3657,13932,7,2163.57,8.0,13933.39,2025-01-26T00:00:00
6722,5896,5435,3,2460.54,5.0,7012.54,2026-01-06T00:00:00
6723,13094,3268,8,2222.0,13.0,15465.12,2025-08-28T00:00:00
6724,4255,1587,10,2494.87,8.0,22952.8,2024-01-05T00:00:00
6725,10888,5211,3,1450.54,0.0,4351.62,2023-12-01T00:00:00
6726,4232,14727,4,2023.72,28.0,5828.31,2023-11-16T00:00:00
6727,14001,9038,1,396.32,18.0,324.98,2025-05-11T00:00:00
6728,5372,4080,2,2917.49,0.0,5834.98,2023-09-26T00:00:00
6729,7033,9781,3,2883.0,12.0,7611.12,2024-06-08T00:00:00
6730,8864,8394,1,405.97,6.0,381.61,2026-05-29T00:00:00
6731,11643,2942,4,1968.82,17.0,6536.48,2025-05-23T00:00:00
6732,5546,3870,9,567.71,12.0,4496.26,2023-10-07T00:00:00
6733,10229,14296,3,1817.59,19.0,4416.74,2023-07-07T00:00:00
6734,8545,11056,4,2515.51,12.0,8854.6,2024-10-23T00:00:00
6735,6164,13220,6,1994.18,5.0,11366.83,2026-01-14T00:00:00
6736,12353,1673,7,2029.37,8.0,13069.14,2025-05-31T00:00:00
6737,3777,5471,1,1339.2,21.0,1057.97,2025-07-26T00:00:00
6738,13350,9238,9,525.66,8.0,4352.46,2025-04-22T00:00:00
6739,8540,878,7,2529.36,2.0,17351.41,2025-06-10T00:00:00
6740,4277,3238,8,1572.14,1.0,12451.35,2025-09-30T00:00:00
6741,3944,10961,1,793.01,3.0,769.22,2023-08-25T00:00:00
6742,3293,14737,2,1960.69,18.0,3215.53,2025-08-29T00:00:00
6743,2771,8892,7,2529.7,10.0,15937.11,2025-02-21T00:00:00
6744,13200,11534,9,1702.88,0.0,15325.92,2023-09-27T00:00:00
6745,14992,2009,4,775.03,3.0,3007.12,2023-10-27T00:00:00
6746,1077,818,2,1206.03,26.0,1784.92,2024-06-18T00:00:00
6747,2751,12046,9,2407.54,24.0,16467.57,2023-04-16T00:00:00
6748,12197,10678,7,1846.29,4.0,12407.07,2025-01-05T00:00:00
6749,1510,10482,1,2769.19,18.0,2270.74,2025-04-27T00:00:00
6750,8424,5932,6,1624.09,27.0,7113.51,2025-05-12T00:00:00
6751,3756,2290,1,2091.27,17.0,1735.75,2025-05-19T00:00:00
6752,3938,5832,1,507.36,19.0,410.96,2024-04-16T00:00:00
6753,9162,3075,8,2511.33,19.0,16273.42,2026-02-03T00:00:00
6754,11650,8253,5,1228.93,13.0,5345.85,2024-08-01T00:00:00
6755,14991,3264,8,1199.39,18.0,7868.0,2025-01-19T00:00:00
6756,2350,13831,6,2082.31,19.0,10120.03,2026-04-05T00:00:00
6757,14580,11720,9,1359.37,23.0,9420.43,2025-09-04T00:00:00
6758,14153,226,1,1241.85,18.0,1018.32,2025-09-23T00:00:00
6759,584,2728,1,1888.51,19.0,1529.69,2024-01-19T00:00:00
6760,7715,9832,7,1384.81,14.0,8336.56,2025-01-28T00:00:00
6761,1779,10231,3,2683.08,17.0,6680.87,2023-08-26T00:00:00
6762,7179,13948,9,2094.32,13.0,16398.53,2026-03-20T00:00:00
6763,7618,14863,7,2170.52,18.0,12458.78,2023-06-01T00:00:00
6764,7260,5867,1,264.37,30.0,185.06,2026-06-06T00:00:00
6765,13392,287,8,2336.34,7.0,17382.37,2023-05-16T00:00:00
6766,1591,3871,6,2292.57,24.0,10454.12,2024-12-14T00:00:00
6767,14869,14572,9,1059.16,14.0,8197.9,2025-06-28T00:00:00
6768,4565,5574,3,1397.3,3.0,4066.14,2024-10-27T00:00:00
6769,7980,12125,2,201.61,16.0,338.7,2025-04-26T00:00:00
6770,1574,2367,6,600.71,22.0,2811.32,2024-08-16T00:00:00
6771,2934,14201,9,2701.63,2.0,23828.38,2025-03-28T00:00:00
6772,5899,9836,5,2549.04,14.0,10960.87,2026-01-21T00:00:00
6773,4290,3653,7,726.66,2.0,4984.89,2023-10-16T00:00:00
6774,9790,10680,4,2890.09,5.0,10982.34,2025-04-09T00:00:00
6775,5246,10665,8,2804.43,23.0,17275.29,2025-12-18T00:00:00
6776,6059,11648,4,542.29,2.0,2125.78,2026-03-30T00:00:00
6777,12801,9921,10,349.89,9.0,3184.0,2023-12-18T00:00:00
6778,1551,1719,5,940.69,28.0,3386.48,2024-03-25T00:00:00
6779,14742,14859,8,1660.52,18.0,10893.01,2025-02-03T00:00:00
6780,11364,6770,6,401.09,0.0,2406.54,2026-05-22T00:00:00
6781,14221,6519,10,2308.16,14.0,19850.18,2026-03-02T00:00:00
6782,619,29,7,2922.17,22.0,15955.05,2024-10-04T00:00:00
6783,12180,9203,5,1048.55,21.0,4141.77,2024-05-23T00:00:00
6784,11640,10583,9,2281.26,2.0,20120.71,2024-11-14T00:00:00
6785,2588,6119,5,1329.62,20.0,5318.48,2025-03-20T00:00:00
6786,818,3746,7,1026.28,27.0,5244.29,2023-08-01T00:00:00
6787,9680,7861,6,1287.87,28.0,5563.6,2024-09-19T00:00:00
6788,4374,9538,6,1812.7,10.0,9788.58,2024-02-21T00:00:00
6789,1680,8989,3,1197.95,27.0,2623.51,2024-09-04T00:00:00
6790,5646,3890,4,2356.1,25.0,7068.3,2026-02-11T00:00:00
6791,2511,3242,7,2670.13,16.0,15700.36,2023-08-15T00:00:00
6792,13650,8948,1,1570.0,15.0,1334.5,2023-10-05T00:00:00
6793,4005,6261,10,2559.38,24.0,19451.29,2024-12-15T00:00:00
6794,2292,8675,3,1465.13,27.0,3208.63,2026-01-14T00:00:00
6795,73,10520,8,2178.53,7.0,16208.26,2024-03-21T00:00:00
6796,4703,10861,9,2874.42,19.0,20954.52,2025-12-20T00:00:00
6797,12829,4137,9,2843.2,25.0,19191.6,2023-10-01T00:00:00
6798,1893,8843,10,919.99,16.0,7727.92,2026-05-22T00:00:00
6799,9872,3905,7,2171.42,9.0,13831.95,2024-01-09T00:00:00
6800,11351,5135,2,2163.99,8.0,3981.74,2023-09-05T00:00:00
6801,4676,10549,4,1465.91,1.0,5805.0,2025-10-07T00:00:00
6802,7241,9987,7,1053.28,22.0,5750.91,2025-09-25T00:00:00
6803,12491,10555,5,598.21,17.0,2482.57,2025-11-19T00:00:00
6804,14931,1010,4,1004.49,28.0,2892.93,2023-02-20T00:00:00
6805,5231,7453,1,2074.02,7.0,1928.84,2026-02-25T00:00:00
6806,10054,2656,3,2788.71,21.0,6609.24,2026-02-15T00:00:00
6807,8011,2161,4,2906.47,2.0,11393.36,2025-12-21T00:00:00
6808,2037,8775,8,1020.6,2.0,8001.5,2023-01-23T00:00:00
6809,8921,8347,3,1216.95,27.0,2665.12,2024-09-05T00:00:00
6810,7283,8614,6,2935.07,29.0,12503.4,2023-03-15T00:00:00
6811,1888,3385,10,2525.47,24.0,19193.57,2025-05-01T00:00:00
6812,6515,3693,2,1398.88,26.0,2070.34,2024-07-26T00:00:00
6813,9315,11321,1,2875.76,12.0,2530.67,2023-02-24T00:00:00
6814,7195,59,3,2434.01,26.0,5403.5,2025-06-28T00:00:00
6815,4369,5458,10,426.94,10.0,3842.46,2023-03-22T00:00:00
6816,488,801,1,760.29,23.0,585.42,2024-02-05T00:00:00
6817,1003,11074,4,2981.12,16.0,10016.56,2024-04-17T00:00:00
6818,11478,5934,2,1644.81,19.0,2664.59,2024-11-25T00:00:00
6819,8151,11356,7,2994.17,18.0,17186.54,2025-10-23T00:00:00
6820,13468,3894,9,2237.66,24.0,15305.59,2024-01-23T00:00:00
6821,7884,4459,3,2505.58,7.0,6990.57,2026-05-15T00:00:00
6822,7362,12401,6,1889.9,29.0,8050.97,2024-12-05T00:00:00
6823,3482,10858,1,2916.28,10.0,2624.65,2023-01-23T00:00:00
6824,8078,14919,1,1973.83,13.0,1717.23,2026-03-27T00:00:00
6825,10309,12421,8,1839.92,23.0,11333.91,2024-03-02T00:00:00
6826,4688,7378,4,2831.78,4.0,10874.04,2025-10-23T00:00:00
6827,8092,10803,8,373.59,28.0,2151.88,2024-05-04T00:00:00
6828,10852,6470,5,380.42,24.0,1445.6,2023-09-02T00:00:00
6829,9144,13395,8,1664.51,18.0,10919.19,2025-02-24T00:00:00
6830,5251,13217,8,909.47,3.0,7057.49,2024-01-27T00:00:00
6831,2216,13721,2,1363.46,7.0,2536.04,2024-12-14T00:00:00
6832,11866,2221,10,2753.38,1.0,27258.46,2025-08-26T00:00:00
6833,12708,416,2,2267.85,7.0,4218.2,2024-03-03T00:00:00
6834,2292,11275,3,17.67,30.0,37.11,2024-07-16T00:00:00
6835,1020,12622,3,1723.13,26.0,3825.35,2023-11-20T00:00:00
6836,9140,13242,1,396.76,23.0,305.51,2024-08-31T00:00:00
6837,3439,9805,1,1094.69,1.0,1083.74,2024-10-30T00:00:00
6838,11109,9280,1,163.5,15.0,138.97,2023-07-18T00:00:00
6839,6013,3198,7,1372.4,27.0,7012.96,2026-04-14T00:00:00
6840,14022,7226,6,1779.1,7.0,9927.38,2025-02-07T00:00:00
6841,14487,14592,1,484.98,5.0,460.73,2023-09-14T00:00:00
6842,5674,7293,10,903.96,10.0,8135.64,2023-10-06T00:00:00
6843,2081,3134,8,2222.14,26.0,13155.07,2026-01-31T00:00:00
6844,3462,5196,3,962.55,9.0,2627.76,2024-07-05T00:00:00
6845,10268,4095,9,582.27,18.0,4297.15,2024-11-29T00:00:00
6846,486,12104,6,2402.06,16.0,12106.38,2025-10-24T00:00:00
6847,9651,12761,2,1975.64,15.0,3358.59,2024-06-22T00:00:00
6848,4530,5228,10,480.01,18.0,3936.08,2023-10-10T00:00:00
6849,9994,4334,9,2643.1,10.0,21409.11,2025-04-03T00:00:00
6850,8210,10270,2,2507.04,5.0,4763.38,2024-12-13T00:00:00
6851,3145,11048,5,2379.79,21.0,9400.17,2026-06-03T00:00:00
6852,5671,6719,4,2691.14,8.0,9903.4,2024-07-31T00:00:00
6853,9220,5825,6,1567.75,18.0,7713.33,2023-05-20T00:00:00
6854,10386,7614,5,722.04,25.0,2707.65,2024-05-30T00:00:00
6855,7225,109,4,2589.22,26.0,7664.09,2026-04-01T00:00:00
6856,4261,5219,6,666.11,29.0,2837.63,2024-06-19T00:00:00
6857,12633,11896,6,657.02,28.0,2838.33,2025-03-16T00:00:00
6858,6588,8514,4,2919.26,2.0,11443.5,2023-02-26T00:00:00
6859,5,4050,5,1189.23,16.0,4994.77,2024-07-06T00:00:00
6860,8617,12593,4,1971.0,14.0,6780.24,2024-06-26T00:00:00
6861,12637,14556,8,770.73,13.0,5364.28,2025-09-24T00:00:00
6862,3549,11872,10,2669.59,9.0,24293.27,2024-02-05T00:00:00
6863,6945,1207,3,635.47,17.0,1582.32,2025-09-03T00:00:00
6864,670,13849,2,2584.44,6.0,4858.75,2023-10-07T00:00:00
6865,3700,11550,5,1372.03,9.0,6242.74,2026-05-01T00:00:00
6866,14995,3989,4,438.58,30.0,1228.02,2025-10-31T00:00:00
6867,13571,14384,10,23.21,6.0,218.17,2023-06-25T00:00:00
6868,14524,14797,2,934.55,6.0,1756.95,2024-06-27T00:00:00
6869,12202,3833,4,2398.27,18.0,7866.33,2025-12-01T00:00:00
6870,7320,4361,9,1717.12,12.0,13599.59,2024-12-14T00:00:00
6871,2302,5997,7,2915.54,22.0,15918.85,2024-03-27T00:00:00
6872,14665,12344,6,248.75,30.0,1044.75,2024-07-17T00:00:00
6873,1913,14791,6,1283.57,4.0,7393.36,2025-06-29T00:00:00
6874,14399,5666,6,2815.13,27.0,12330.27,2025-05-17T00:00:00
6875,629,4208,7,2819.94,6.0,18555.21,2024-07-13T00:00:00
6876,11127,2972,3,1395.05,15.0,3557.38,2024-08-27T00:00:00
6877,4555,9031,5,2188.32,11.0,9738.02,2025-07-22T00:00:00
6878,14583,6897,5,1541.14,19.0,6241.62,2023-11-08T00:00:00
6879,3766,11970,9,2557.83,9.0,20948.63,2023-08-26T00:00:00
6880,6953,3895,7,1674.21,11.0,10430.33,2026-01-08T00:00:00
6881,8388,5401,10,1518.07,5.0,14421.66,2025-09-30T00:00:00
6882,7218,6936,5,2736.36,12.0,12039.98,2023-09-21T00:00:00
6883,2160,6405,2,704.85,13.0,1226.44,2023-05-15T00:00:00
6884,5274,618,6,2102.33,24.0,9586.62,2025-05-27T00:00:00
6885,13216,2352,4,1964.6,21.0,6208.14,2023-09-03T00:00:00
6886,6569,9011,8,1183.01,2.0,9274.8,2026-05-05T00:00:00
6887,11500,6021,2,1431.09,4.0,2747.69,2024-12-03T00:00:00
6888,6493,14154,2,541.92,6.0,1018.81,2024-05-04T00:00:00
6889,4145,14712,4,828.29,8.0,3048.11,2024-10-18T00:00:00
6890,5672,2434,3,462.83,25.0,1041.37,2023-03-25T00:00:00
6891,9410,14259,7,2536.53,9.0,16157.7,2024-09-20T00:00:00
6892,8863,2565,10,2961.13,8.0,27242.4,2025-11-05T00:00:00
6893,2978,10125,7,246.17,12.0,1516.41,2025-10-16T00:00:00
6894,218,4824,6,1305.16,24.0,5951.53,2025-05-28T00:00:00
6895,2127,12576,2,1834.01,19.0,2971.1,2024-07-23T00:00:00
6896,2544,5763,6,2397.09,20.0,11506.03,2024-05-19T00:00:00
6897,14879,1930,1,2529.48,16.0,2124.76,2024-11-08T00:00:00
6898,508,525,8,1282.59,6.0,9645.08,2023-09-12T00:00:00
6899,7860,14055,3,2914.5,17.0,7257.1,2026-01-02T00:00:00
6900,1631,7366,7,2166.11,8.0,13949.75,2025-11-03T00:00:00
6901,7679,7154,1,171.97,6.0,161.65,2023-04-10T00:00:00
6902,8592,2883,7,2431.49,10.0,15318.39,2023-10-20T00:00:00
6903,5100,13121,9,1812.2,16.0,13700.23,2023-01-18T00:00:00
6904,4189,14620,4,399.78,7.0,1487.18,2023-02-06T00:00:00
6905,12847,3688,3,775.25,27.0,1697.8,2023-05-06T00:00:00
6906,3336,9009,7,1276.73,29.0,6345.35,2023-04-06T00:00:00
6907,12565,4494,3,634.11,27.0,1388.7,2024-02-13T00:00:00
6908,2313,5164,6,2716.7,7.0,15159.19,2023-09-07T00:00:00
6909,1402,9673,5,2164.31,4.0,10388.69,2024-06-18T00:00:00
6910,12003,3041,2,480.27,15.0,816.46,2024-03-15T00:00:00
6911,2510,14950,5,607.81,22.0,2370.46,2024-08-13T00:00:00
6912,12742,2483,6,1015.29,4.0,5848.07,2026-05-17T00:00:00
6913,2862,8788,10,2583.8,20.0,20670.4,2025-11-23T00:00:00
6914,9484,11145,2,1391.15,4.0,2671.01,2024-04-09T00:00:00
6915,14378,12921,10,2199.22,8.0,20232.82,2023-03-07T00:00:00
6916,14952,8790,1,1346.52,14.0,1158.01,2024-05-19T00:00:00
6917,11781,1692,7,1333.65,29.0,6628.24,2023-09-16T00:00:00
6918,2160,2815,6,2257.14,21.0,10698.84,2026-03-09T00:00:00
6919,1509,287,4,444.21,27.0,1297.09,2024-11-11T00:00:00
6920,12170,7323,1,363.74,27.0,265.53,2026-05-25T00:00:00
6921,11715,5418,7,2222.28,8.0,14311.48,2023-08-31T00:00:00
6922,9286,824,1,499.32,8.0,459.37,2024-12-19T00:00:00
6923,4302,7646,1,1084.61,16.0,911.07,2023-03-22T00:00:00
6924,1069,2780,7,1398.44,28.0,7048.14,2026-01-20T00:00:00
6925,10980,10246,1,1852.26,20.0,1481.81,2023-12-06T00:00:00
6926,14059,12196,7,1014.5,30.0,4971.05,2023-03-27T00:00:00
6927,7491,4911,9,59.13,20.0,425.74,2024-01-23T00:00:00
6928,13461,3073,8,2294.36,25.0,13766.16,2024-11-26T00:00:00
6929,14016,2154,9,2043.07,24.0,13974.6,2023-12-19T00:00:00
6930,10391,5427,6,2644.69,8.0,14598.69,2024-07-24T00:00:00
6931,3226,10132,10,979.32,7.0,9107.68,2023-03-26T00:00:00
6932,12846,7151,3,844.49,25.0,1900.1,2026-01-26T00:00:00
6933,8870,2604,6,1034.34,24.0,4716.59,2024-11-06T00:00:00
6934,13081,11548,7,2332.39,20.0,13061.38,2025-05-01T00:00:00
6935,6368,13296,1,962.66,5.0,914.53,2023-09-15T00:00:00
6936,7260,8477,5,796.95,20.0,3187.8,2024-06-12T00:00:00
6937,3202,8112,5,773.35,4.0,3712.08,2023-08-05T00:00:00
6938,8048,14303,1,1937.21,19.0,1569.14,2023-04-01T00:00:00
6939,738,6501,8,986.93,6.0,7421.71,2023-02-13T00:00:00
6940,10994,11884,8,1575.53,14.0,10839.65,2024-04-11T00:00:00
6941,14011,4534,6,288.2,30.0,1210.44,2024-11-17T00:00:00
6942,8229,3252,1,1320.83,29.0,937.79,2023-05-30T00:00:00
6943,13876,13859,2,1958.75,7.0,3643.27,2024-02-19T00:00:00
6944,2907,1125,8,481.46,17.0,3196.89,2024-01-13T00:00:00
6945,9334,14183,1,2226.59,3.0,2159.79,2025-08-09T00:00:00
6946,4442,1957,4,2129.41,19.0,6899.29,2023-04-20T00:00:00
6947,14066,9937,8,2162.64,0.0,17301.12,2024-10-10T00:00:00
6948,9731,7802,6,2070.69,4.0,11927.17,2024-06-10T00:00:00
6949,11549,9932,10,2090.01,1.0,20691.1,2025-02-07T00:00:00
6950,3629,9589,2,42.14,3.0,81.75,2025-10-29T00:00:00
6951,12278,5923,7,735.7,22.0,4016.92,2025-08-12T00:00:00
6952,12095,6955,2,2637.78,30.0,3692.89,2025-04-14T00:00:00
6953,9384,8040,9,2461.51,6.0,20824.37,2023-12-13T00:00:00
6954,203,2377,3,2853.19,5.0,8131.59,2023-09-25T00:00:00
6955,3888,12542,3,543.54,19.0,1320.8,2025-03-22T00:00:00
6956,8254,4118,3,707.21,27.0,1548.79,2024-01-06T00:00:00
6957,10847,10062,3,774.88,11.0,2068.93,2025-02-13T00:00:00
6958,10113,5284,3,2498.01,27.0,5470.64,2024-07-08T00:00:00
6959,9947,8445,10,2049.01,9.0,18645.99,2024-01-30T00:00:00
6960,4737,9495,4,2026.54,15.0,6890.24,2025-11-23T00:00:00
6961,9698,9107,3,1440.01,12.0,3801.63,2025-06-14T00:00:00
6962,2520,2665,2,2737.76,27.0,3997.13,2024-03-26T00:00:00
6963,5288,9642,3,1502.22,7.0,4191.19,2024-04-16T00:00:00
6964,5936,14318,9,2934.19,30.0,18485.4,2024-09-09T00:00:00
6965,11026,12765,1,1422.92,26.0,1052.96,2026-03-22T00:00:00
6966,8107,5731,8,2014.31,27.0,11763.57,2024-02-01T00:00:00
6967,989,9307,3,2214.95,0.0,6644.85,2024-12-26T00:00:00
6968,259,7190,8,399.79,10.0,2878.49,2024-10-22T00:00:00
6969,14943,11072,4,2302.97,13.0,8014.34,2023-12-09T00:00:00
6970,7616,9707,5,1751.23,30.0,6129.3,2025-01-26T00:00:00
6971,8504,12175,10,1074.17,30.0,7519.19,2023-09-04T00:00:00
6972,7240,1604,4,1439.79,2.0,5643.98,2024-08-10T00:00:00
6973,10730,5349,3,2510.37,26.0,5573.02,2026-05-31T00:00:00
6974,14698,9522,7,2580.08,26.0,13364.81,2023-04-05T00:00:00
6975,7597,12023,2,2222.24,21.0,3511.14,2025-10-22T00:00:00
6976,9977,14382,6,1506.21,21.0,7139.44,2024-09-13T00:00:00
6977,10499,12726,7,1333.8,6.0,8776.4,2025-10-01T00:00:00
6978,10029,4040,7,1438.78,3.0,9769.32,2023-11-02T00:00:00
6979,4931,13735,2,2847.33,25.0,4270.99,2023-03-08T00:00:00
6980,12018,9357,4,597.44,18.0,1959.6,2025-10-29T00:00:00
6981,5758,2645,10,25.69,9.0,233.78,2024-08-30T00:00:00
6982,1674,5253,6,1141.67,27.0,5000.51,2024-08-06T00:00:00
6983,2871,12757,5,551.81,27.0,2014.11,2024-11-21T00:00:00
6984,7041,428,2,2327.02,27.0,3397.45,2023-10-04T00:00:00
6985,2044,4367,1,26.21,28.0,18.87,2024-09-13T00:00:00
6986,3205,9862,6,1212.76,24.0,5530.19,2025-08-04T00:00:00
6987,8141,7839,8,796.21,20.0,5095.74,2024-09-19T00:00:00
6988,2448,12610,9,1728.5,22.0,12134.07,2023-08-12T00:00:00
6989,192,5374,10,297.26,3.0,2883.42,2025-02-17T00:00:00
6990,8030,13717,1,1001.33,4.0,961.28,2024-12-01T00:00:00
6991,10543,11114,6,2196.69,18.0,10807.71,2025-10-20T00:00:00
6992,1104,64,8,2376.49,16.0,15970.01,2026-03-24T00:00:00
6993,5416,12533,2,2774.41,15.0,4716.5,2023-09-24T00:00:00
6994,12374,7017,8,2745.33,12.0,19327.12,2026-03-28T00:00:00
6995,10971,10942,2,1446.85,22.0,2257.09,2025-04-03T00:00:00
6996,8127,8002,10,165.44,21.0,1306.98,2023-11-26T00:00:00
6997,13911,10351,7,2000.66,9.0,12744.2,2023-06-13T00:00:00
6998,1434,4727,6,977.68,25.0,4399.56,2024-01-15T00:00:00
6999,2805,11535,2,1949.18,9.0,3547.51,2023-06-19T00:00:00
7000,1650,11860,6,2134.65,1.0,12679.82,2024-12-14T00:00:00
7001,6465,3878,7,381.39,27.0,1948.9,2024-01-26T00:00:00
7002,2696,9116,1,1946.44,14.0,1673.94,2024-11-20T00:00:00
7003,8849,6452,7,1425.43,30.0,6984.61,2023-03-20T00:00:00
7004,12971,10252,9,1129.38,18.0,8334.82,2023-12-12T00:00:00
7005,9320,1337,9,1312.13,11.0,10510.16,2025-05-19T00:00:00
7006,1161,10317,7,742.6,25.0,3898.65,2023-10-31T00:00:00
7007,10896,11875,9,1200.79,17.0,8969.9,2025-08-15T00:00:00
7008,13841,5597,5,572.42,10.0,2575.89,2025-08-09T00:00:00
7009,11386,237,8,50.17,24.0,305.03,2025-10-13T00:00:00
7010,7777,938,9,1997.35,18.0,14740.44,2025-01-27T00:00:00
7011,14604,5575,7,410.24,1.0,2842.96,2023-04-09T00:00:00
7012,19,12348,7,2750.33,6.0,18097.17,2025-01-14T00:00:00
7013,12100,7285,5,521.63,0.0,2608.15,2024-09-24T00:00:00
7014,11862,13825,7,2564.91,18.0,14722.58,2025-03-30T00:00:00
7015,11966,8933,5,1068.21,19.0,4326.25,2025-07-23T00:00:00
7016,11782,9714,9,199.23,21.0,1416.53,2025-12-23T00:00:00
7017,5806,6490,10,1035.15,27.0,7556.6,2024-12-07T00:00:00
7018,6321,12924,9,2999.76,15.0,22948.16,2023-03-07T00:00:00
7019,14068,5685,3,2944.82,3.0,8569.43,2025-11-09T00:00:00
7020,13615,7389,5,761.82,8.0,3504.37,2025-08-03T00:00:00
7021,13488,8282,4,2679.63,1.0,10611.33,2024-01-23T00:00:00
7022,7049,2173,3,188.43,4.0,542.68,2023-04-14T00:00:00
7023,6425,3987,2,40.66,25.0,60.99,2026-01-22T00:00:00
7024,14950,1782,10,776.79,20.0,6214.32,2023-12-07T00:00:00
7025,13965,568,10,1426.47,17.0,11839.7,2026-03-01T00:00:00
7026,874,9969,4,25.98,19.0,84.18,2025-02-04T00:00:00
7027,8932,12092,9,745.57,27.0,4898.39,2025-08-28T00:00:00
7028,4765,12282,10,1171.64,9.0,10661.92,2023-01-15T00:00:00
7029,4273,13300,10,2559.66,26.0,18941.48,2025-01-28T00:00:00
7030,4520,13322,10,2340.61,27.0,17086.45,2026-05-12T00:00:00
7031,14602,5340,6,1685.76,24.0,7687.07,2024-01-13T00:00:00
7032,8799,12362,6,1510.3,3.0,8789.95,2024-04-11T00:00:00
7033,3631,5173,7,2161.05,13.0,13160.79,2024-05-10T00:00:00
7034,5778,10514,8,979.72,0.0,7837.76,2025-10-14T00:00:00
7035,3951,14764,4,863.22,16.0,2900.42,2024-03-03T00:00:00
7036,2818,13086,3,2673.46,20.0,6416.3,2025-04-25T00:00:00
7037,4356,1759,4,1798.54,6.0,6762.51,2025-09-28T00:00:00
7038,13379,301,4,918.49,4.0,3527.0,2025-10-06T00:00:00
7039,2496,898,3,1881.22,6.0,5305.04,2024-02-06T00:00:00
7040,5986,14546,10,1455.84,0.0,14558.4,2025-10-22T00:00:00
7041,1905,10861,7,2324.02,20.0,13014.51,2024-01-03T00:00:00
7042,14888,18,1,2513.2,15.0,2136.22,2023-06-14T00:00:00
7043,12255,1982,8,1667.32,11.0,11871.32,2025-01-28T00:00:00
7044,1927,6773,8,244.33,30.0,1368.25,2023-08-04T00:00:00
7045,14166,4648,6,2801.21,18.0,13781.95,2025-08-08T00:00:00
7046,2771,3480,1,2954.17,27.0,2156.54,2026-05-31T00:00:00
7047,1711,6713,4,2932.0,15.0,9968.8,2023-05-07T00:00:00
7048,785,2,1,811.99,2.0,795.75,2024-08-16T00:00:00
7049,1784,9464,10,2931.86,4.0,28145.86,2024-05-21T00:00:00
7050,11216,12589,9,2413.66,0.0,21722.94,2024-03-03T00:00:00
7051,13548,8575,8,635.95,13.0,4426.21,2023-02-12T00:00:00
7052,7570,2062,9,2197.17,1.0,19576.78,2024-04-15T00:00:00
7053,5879,9764,3,1678.78,20.0,4029.07,2023-05-15T00:00:00
7054,4003,3254,9,2256.94,5.0,19296.84,2024-09-01T00:00:00
7055,14065,578,3,1419.85,29.0,3024.28,2023-06-14T00:00:00
7056,14537,3771,7,2992.69,9.0,19063.44,2026-05-21T00:00:00
7057,12683,9118,10,2445.87,4.0,23480.35,2025-03-29T00:00:00
7058,5171,8669,7,329.63,25.0,1730.56,2023-08-05T00:00:00
7059,10716,8902,6,417.21,4.0,2403.13,2025-03-26T00:00:00
7060,2664,1436,7,2722.85,17.0,15819.76,2023-06-23T00:00:00
7061,547,4413,9,992.1,15.0,7589.56,2026-02-13T00:00:00
7062,810,12019,5,2088.26,2.0,10232.47,2025-11-15T00:00:00
7063,10711,13435,6,1742.67,16.0,8783.06,2024-07-08T00:00:00
7064,1352,11726,7,1926.52,15.0,11462.79,2024-01-04T00:00:00
7065,5073,10607,9,2864.52,1.0,25522.87,2023-08-14T00:00:00
7066,12338,1334,3,1089.45,9.0,2974.2,2025-07-06T00:00:00
7067,3185,11686,4,1647.18,3.0,6391.06,2025-03-01T00:00:00
7068,5358,9751,9,429.44,25.0,2898.72,2025-09-17T00:00:00
7069,4470,11406,5,2358.76,1.0,11675.86,2023-08-15T00:00:00
7070,12900,10822,2,1789.11,16.0,3005.7,2026-02-17T00:00:00
7071,2421,10218,7,862.06,5.0,5732.7,2025-11-21T00:00:00
7072,5652,11219,1,1584.45,5.0,1505.23,2026-04-02T00:00:00
7073,3495,7691,3,1392.73,17.0,3467.9,2023-10-12T00:00:00
7074,859,11283,1,1184.95,0.0,1184.95,2023-08-08T00:00:00
7075,1585,7773,9,233.0,1.0,2076.03,2023-08-19T00:00:00
7076,252,8892,5,1684.65,24.0,6401.67,2024-06-24T00:00:00
7077,14250,3480,4,2810.54,25.0,8431.62,2024-08-04T00:00:00
7078,1013,8947,3,874.48,5.0,2492.27,2026-02-13T00:00:00
7079,14150,9941,2,1296.66,6.0,2437.72,2026-03-11T00:00:00
7080,12676,10515,8,1236.49,7.0,9199.49,2024-08-03T00:00:00
7081,1223,13161,4,785.18,26.0,2324.13,2023-08-11T00:00:00
7082,11092,6005,1,2600.42,25.0,1950.32,2024-09-04T00:00:00
7083,14409,50,5,18.68,21.0,73.79,2025-08-31T00:00:00
7084,6110,10672,2,530.93,18.0,870.73,2024-07-11T00:00:00
7085,2499,10755,1,2684.38,29.0,1905.91,2025-02-22T00:00:00
7086,12560,11397,10,2804.42,28.0,20191.82,2024-06-15T00:00:00
7087,6370,4584,2,197.93,28.0,285.02,2025-09-20T00:00:00
7088,12994,7248,1,1409.1,3.0,1366.83,2025-12-22T00:00:00
7089,4192,10936,2,125.32,10.0,225.58,2023-07-06T00:00:00
7090,8345,13583,9,357.79,9.0,2930.3,2024-12-10T00:00:00
7091,6818,1528,3,2735.73,6.0,7714.76,2023-10-08T00:00:00
7092,1502,8168,10,2802.53,27.0,20458.47,2025-07-23T00:00:00
7093,10587,12960,6,2886.44,26.0,12815.79,2023-06-13T00:00:00
7094,5038,8484,8,1459.94,29.0,8292.46,2024-04-08T00:00:00
7095,8378,11832,4,1872.7,6.0,7041.35,2024-01-31T00:00:00
7096,10278,5695,3,88.88,7.0,247.98,2025-07-18T00:00:00
7097,9521,10735,2,2961.64,2.0,5804.81,2024-05-04T00:00:00
7098,11344,8489,3,1857.93,28.0,4013.13,2025-11-11T00:00:00
7099,7793,9825,7,439.88,16.0,2586.49,2024-10-30T00:00:00
7100,9977,3565,6,2446.07,21.0,11594.37,2026-05-08T00:00:00
7101,9607,12368,4,57.08,28.0,164.39,2026-01-15T00:00:00
7102,13339,9427,2,1044.17,23.0,1608.02,2023-02-09T00:00:00
7103,214,1113,10,2265.54,5.0,21522.63,2024-01-04T00:00:00
7104,2883,4194,4,1823.73,8.0,6711.33,2026-05-14T00:00:00
7105,5420,14859,2,1406.26,22.0,2193.77,2025-09-17T00:00:00
7106,7012,1769,5,291.15,22.0,1135.49,2025-11-20T00:00:00
7107,12475,6236,4,2093.41,6.0,7871.22,2025-12-06T00:00:00
7108,2881,1612,1,1842.84,11.0,1640.13,2023-04-21T00:00:00
7109,9699,1584,2,2713.95,29.0,3853.81,2024-11-08T00:00:00
7110,5567,8907,10,14.42,4.0,138.43,2024-11-03T00:00:00
7111,5632,3972,8,334.14,21.0,2111.76,2026-04-18T00:00:00
7112,837,10782,3,2665.2,5.0,7595.82,2024-02-13T00:00:00
7113,14280,9963,9,2177.06,26.0,14499.22,2024-02-09T00:00:00
7114,9439,1693,7,1889.67,21.0,10449.88,2024-11-08T00:00:00
7115,5309,13282,1,1404.41,20.0,1123.53,2024-07-03T00:00:00
7116,732,1721,4,1892.06,22.0,5903.23,2023-10-29T00:00:00
7117,5519,12230,4,1009.61,16.0,3392.29,2023-10-31T00:00:00
7118,4935,1908,5,2357.09,18.0,9664.07,2026-01-31T00:00:00
7119,622,6668,5,2957.94,13.0,12867.04,2024-10-07T00:00:00
7120,11091,7450,4,2431.25,18.0,7974.5,2026-03-15T00:00:00
7121,10274,5808,2,544.41,6.0,1023.49,2023-08-12T00:00:00
7122,3575,13236,9,258.29,28.0,1673.72,2025-06-24T00:00:00
7123,7014,656,4,602.12,21.0,1902.7,2024-01-26T00:00:00
7124,10781,3625,3,1553.3,26.0,3448.33,2024-09-27T00:00:00
7125,8209,2696,9,274.22,27.0,1801.63,2024-08-05T00:00:00
7126,12576,11221,2,181.26,27.0,264.64,2024-06-22T00:00:00
7127,14471,426,1,651.77,28.0,469.27,2023-06-25T00:00:00
7128,1507,2043,1,2048.39,2.0,2007.42,2025-11-24T00:00:00
7129,12168,8657,3,735.67,6.0,2074.59,2023-10-13T00:00:00
7130,13052,3404,8,1100.87,10.0,7926.26,2026-02-18T00:00:00
7131,10994,4863,6,1481.63,25.0,6667.34,2025-11-25T00:00:00
7132,500,10347,10,1514.65,7.0,14086.24,2023-06-11T00:00:00
7133,6656,5462,5,1305.21,27.0,4764.02,2024-10-20T00:00:00
7134,689,10499,7,1039.16,5.0,6910.41,2025-01-23T00:00:00
7135,9556,10805,6,1223.47,23.0,5652.43,2023-05-12T00:00:00
7136,12426,5953,5,1252.07,9.0,5696.92,2024-03-01T00:00:00
7137,12417,1448,6,494.03,21.0,2341.7,2025-01-12T00:00:00
7138,11494,4146,9,609.15,11.0,4879.29,2024-05-08T00:00:00
7139,13827,13751,5,1536.43,21.0,6068.9,2025-11-04T00:00:00
7140,10253,11257,4,2002.83,2.0,7851.09,2026-05-22T00:00:00
7141,12208,2136,3,526.15,20.0,1262.76,2026-01-20T00:00:00
7142,10889,14666,4,1329.98,18.0,4362.33,2025-02-28T00:00:00
7143,830,1732,1,2737.13,26.0,2025.48,2025-07-27T00:00:00
7144,14376,8874,2,1645.14,16.0,2763.84,2023-10-03T00:00:00
7145,6395,14166,10,2734.2,8.0,25154.64,2024-07-18T00:00:00
7146,4625,14663,10,1545.93,13.0,13449.59,2024-10-11T00:00:00
7147,8869,10219,1,32.58,8.0,29.97,2026-01-01T00:00:00
7148,9764,853,9,2026.27,19.0,14771.51,2026-06-08T00:00:00
7149,5861,8536,10,1312.08,20.0,10496.64,2025-02-07T00:00:00
7150,14989,12500,10,1604.91,8.0,14765.17,2024-10-09T00:00:00
7151,6419,1312,3,2822.79,28.0,6097.23,2024-11-09T00:00:00
7152,2740,1174,8,1407.16,10.0,10131.55,2024-10-30T00:00:00
7153,6482,14087,7,1890.46,0.0,13233.22,2024-09-06T00:00:00
7154,1513,12699,9,2420.2,28.0,15682.9,2024-03-25T00:00:00
7155,5628,2702,4,1640.06,20.0,5248.19,2025-03-19T00:00:00
7156,8884,13993,8,469.76,2.0,3682.92,2023-07-12T00:00:00
7157,13905,13360,8,1277.02,25.0,7662.12,2025-12-17T00:00:00
7158,12342,10118,1,2397.23,29.0,1702.03,2023-08-22T00:00:00
7159,4924,5498,4,1294.52,16.0,4349.59,2026-03-27T00:00:00
7160,4903,11373,4,151.56,3.0,588.05,2026-03-06T00:00:00
7161,7717,1593,5,2298.87,21.0,9080.54,2024-08-07T00:00:00
7162,3614,11860,2,1925.27,21.0,3041.93,2025-03-06T00:00:00
7163,409,12540,9,1178.87,18.0,8700.06,2024-11-09T00:00:00
7164,6376,8207,3,1900.15,22.0,4446.35,2025-12-29T00:00:00
7165,9593,8234,10,2293.23,23.0,17657.87,2025-03-24T00:00:00
7166,10250,6873,3,1530.8,23.0,3536.15,2024-12-19T00:00:00
7167,10883,13902,4,1283.52,21.0,4055.92,2023-02-02T00:00:00
7168,4325,12430,3,1928.94,23.0,4455.85,2025-12-30T00:00:00
7169,13056,14040,8,1446.85,8.0,10648.82,2025-01-15T00:00:00
7170,13781,6966,2,1295.54,21.0,2046.95,2023-07-05T00:00:00
7171,3592,7924,3,688.43,20.0,1652.23,2023-01-14T00:00:00
7172,10350,9949,2,1779.51,18.0,2918.4,2025-09-02T00:00:00
7173,4021,8196,10,2778.39,20.0,22227.12,2024-03-27T00:00:00
7174,9469,4904,7,1453.76,2.0,9972.79,2025-04-29T00:00:00
7175,10451,2221,1,2230.77,19.0,1806.92,2026-05-01T00:00:00
7176,14166,7814,9,2004.59,23.0,13891.81,2026-03-05T00:00:00
7177,11525,10140,10,972.4,7.0,9043.32,2025-02-26T00:00:00
7178,13438,12320,8,1084.58,5.0,8242.81,2024-09-09T00:00:00
7179,13686,10086,4,461.57,16.0,1550.88,2024-04-03T00:00:00
7180,698,14756,7,591.07,14.0,3558.24,2023-10-23T00:00:00
7181,3638,7013,2,1162.53,10.0,2092.55,2026-04-02T00:00:00
7182,13429,116,9,2224.16,16.0,16814.65,2024-08-16T00:00:00
7183,12592,11560,3,721.1,6.0,2033.5,2023-12-12T00:00:00
7184,12717,12617,2,2273.49,11.0,4046.81,2025-12-04T00:00:00
7185,14810,9572,2,1791.94,17.0,2974.62,2023-10-17T00:00:00
7186,10575,1060,3,657.61,13.0,1716.36,2026-02-01T00:00:00
7187,13066,14000,3,256.08,28.0,553.13,2024-10-07T00:00:00
7188,7825,5646,5,432.61,22.0,1687.18,2024-06-21T00:00:00
7189,8587,5092,10,1308.27,24.0,9942.85,2024-06-16T00:00:00
7190,13573,12780,10,570.0,4.0,5472.0,2024-08-03T00:00:00
7191,11740,11388,4,2936.41,11.0,10453.62,2024-09-15T00:00:00
7192,7219,2062,8,2661.87,8.0,19591.36,2023-05-30T00:00:00
7193,9130,175,8,885.1,8.0,6514.34,2025-09-23T00:00:00
7194,4174,12975,3,1156.76,14.0,2984.44,2023-03-12T00:00:00
7195,60,9202,7,2738.33,20.0,15334.65,2023-11-01T00:00:00
7196,2538,1467,1,2775.5,23.0,2137.14,2023-10-15T00:00:00
7197,1234,13256,9,2374.49,24.0,16241.51,2023-07-15T00:00:00
7198,5583,6478,8,2879.95,25.0,17279.7,2024-11-03T00:00:00
7199,10417,14165,5,1882.08,30.0,6587.28,2025-08-13T00:00:00
7200,11569,5680,8,1313.21,16.0,8824.77,2024-07-11T00:00:00
7201,501,6114,4,783.85,25.0,2351.55,2024-10-31T00:00:00
7202,5140,443,6,2005.16,28.0,8662.29,2026-03-12T00:00:00
7203,5571,8895,3,1315.46,18.0,3236.03,2023-04-21T00:00:00
7204,2259,14770,6,1667.98,17.0,8306.54,2024-06-07T00:00:00
7205,1883,13940,6,612.94,6.0,3456.98,2025-07-11T00:00:00
7206,13350,851,5,167.46,6.0,787.06,2023-05-11T00:00:00
7207,13914,6585,3,198.99,1.0,591.0,2023-09-21T00:00:00
7208,12910,7425,4,282.66,6.0,1062.8,2024-05-08T00:00:00
7209,6487,6224,6,1275.46,5.0,7270.12,2023-09-02T00:00:00
7210,9182,9219,9,1751.96,6.0,14821.58,2024-11-12T00:00:00
7211,6983,7167,2,1183.41,29.0,1680.44,2026-05-08T00:00:00
7212,12768,7051,10,1158.06,24.0,8801.26,2023-08-25T00:00:00
7213,8825,14118,3,403.5,16.0,1016.82,2024-07-21T00:00:00
7214,4198,8430,2,738.97,29.0,1049.34,2023-07-08T00:00:00
7215,13381,14004,10,1211.93,22.0,9453.05,2024-09-17T00:00:00
7216,14332,14111,1,1948.27,13.0,1694.99,2026-02-08T00:00:00
7217,8388,7540,10,678.52,23.0,5224.6,2024-03-04T00:00:00
7218,1591,1510,1,764.71,26.0,565.89,2023-01-02T00:00:00
7219,1289,5416,1,1960.64,3.0,1901.82,2024-03-06T00:00:00
7220,1954,406,7,1928.11,15.0,11472.25,2024-05-09T00:00:00
7221,391,14373,1,1137.94,1.0,1126.56,2025-08-03T00:00:00
7222,6700,5471,9,897.01,23.0,6216.28,2024-08-05T00:00:00
7223,11403,13523,3,90.1,23.0,208.13,2023-09-20T00:00:00
7224,4061,9396,8,1004.38,11.0,7151.19,2025-07-12T00:00:00
7225,2639,5748,10,911.06,20.0,7288.48,2025-06-11T00:00:00
7226,8224,9928,3,841.1,22.0,1968.17,2026-01-09T00:00:00
7227,8109,2630,10,1221.65,8.0,11239.18,2026-03-22T00:00:00
7228,3052,2267,3,87.8,6.0,247.6,2025-11-14T00:00:00
7229,4368,14852,8,1039.13,8.0,7648.0,2023-02-24T00:00:00
7230,4531,4929,8,2105.7,7.0,15666.41,2024-01-06T00:00:00
7231,12871,3562,2,859.85,13.0,1496.14,2023-03-04T00:00:00
7232,9789,11017,8,1292.27,11.0,9200.96,2025-05-22T00:00:00
7233,5958,12633,10,2339.86,6.0,21994.68,2024-12-13T00:00:00
7234,7710,2012,3,276.08,27.0,604.62,2025-10-24T00:00:00
7235,422,14810,1,241.82,28.0,174.11,2023-11-23T00:00:00
7236,8229,12368,9,1328.18,28.0,8606.61,2024-06-01T00:00:00
7237,2877,9120,8,1217.98,6.0,9159.21,2024-06-08T00:00:00
7238,5073,8241,1,44.56,15.0,37.88,2023-04-18T00:00:00
7239,4298,12984,9,2072.1,16.0,15665.08,2023-03-12T00:00:00
7240,6401,6289,1,2353.08,4.0,2258.96,2025-08-28T00:00:00
7241,8274,4411,8,1916.99,17.0,12728.81,2023-05-02T00:00:00
7242,6954,13621,1,2683.69,17.0,2227.46,2023-10-18T00:00:00
7243,9166,5098,1,987.93,3.0,958.29,2023-09-30T00:00:00
7244,8856,5796,10,730.28,21.0,5769.21,2024-05-07T00:00:00
7245,8626,13,8,2004.07,1.0,15872.23,2023-06-17T00:00:00
7246,10689,13072,4,2664.97,9.0,9700.49,2024-11-15T00:00:00
7247,2837,3658,5,1818.24,4.0,8727.55,2025-11-13T00:00:00
7248,5319,3653,1,2888.78,7.0,2686.57,2023-12-10T00:00:00
7249,5727,13089,2,1334.6,28.0,1921.82,2026-01-14T00:00:00
7250,3227,8690,8,1658.36,15.0,11276.85,2025-05-10T00:00:00
7251,14179,7610,1,2869.08,9.0,2610.86,2026-04-12T00:00:00
7252,7101,13925,8,2643.84,0.0,21150.72,2025-06-11T00:00:00
7253,14401,1748,1,1098.35,13.0,955.56,2023-07-05T00:00:00
7254,8899,2656,3,507.27,25.0,1141.36,2025-09-15T00:00:00
7255,469,1574,5,2953.86,18.0,12110.83,2026-05-13T00:00:00
7256,13833,6966,3,2262.63,1.0,6720.01,2026-02-14T00:00:00
7257,12704,5030,1,1802.61,12.0,1586.3,2024-11-03T00:00:00
7258,12465,7079,2,2882.09,6.0,5418.33,2024-03-04T00:00:00
7259,3201,1222,2,1512.03,13.0,2630.93,2024-02-20T00:00:00
7260,6347,9691,1,2355.38,9.0,2143.4,2026-03-12T00:00:00
7261,9854,1644,3,2084.33,13.0,5440.1,2024-04-18T00:00:00
7262,3714,2319,5,1475.38,27.0,5385.14,2024-06-25T00:00:00
7263,14798,9333,4,2968.12,15.0,10091.61,2026-04-23T00:00:00
7264,11955,12375,1,1543.87,28.0,1111.59,2024-02-11T00:00:00
7265,1277,10026,6,1958.79,29.0,8344.45,2023-05-23T00:00:00
7266,3908,10741,9,1193.3,0.0,10739.7,2024-01-19T00:00:00
7267,8963,2929,4,2481.92,5.0,9431.3,2024-12-07T00:00:00
7268,9542,11597,10,2121.88,24.0,16126.29,2024-06-05T00:00:00
7269,9083,3126,9,2091.34,28.0,13551.88,2023-10-09T00:00:00
7270,522,3738,3,2311.31,11.0,6171.2,2025-07-08T00:00:00
7271,7719,3859,4,2698.53,5.0,10254.41,2023-10-19T00:00:00
7272,4705,10410,9,91.05,13.0,712.92,2025-12-17T00:00:00
7273,8003,4061,5,2768.74,17.0,11490.27,2023-08-01T00:00:00
7274,2414,3222,5,1450.53,14.0,6237.28,2023-01-21T00:00:00
7275,9125,7219,10,153.95,14.0,1323.97,2023-08-01T00:00:00
7276,3141,9930,7,936.93,28.0,4722.13,2026-01-06T00:00:00
7277,14571,8879,9,652.72,19.0,4758.33,2023-01-25T00:00:00
7278,882,10139,2,140.09,24.0,212.94,2026-04-20T00:00:00
7279,13857,13016,3,884.11,3.0,2572.76,2025-02-19T00:00:00
7280,3564,10492,1,2850.01,18.0,2337.01,2025-06-18T00:00:00
7281,14074,11951,8,358.39,10.0,2580.41,2023-11-26T00:00:00
7282,2413,7199,10,1069.41,22.0,8341.4,2025-11-25T00:00:00
7283,5139,625,8,578.89,18.0,3797.52,2023-11-21T00:00:00
7284,5926,14458,7,2825.22,15.0,16810.06,2026-01-26T00:00:00
7285,2904,2058,6,642.85,15.0,3278.54,2024-08-28T00:00:00
7286,14238,13729,1,502.84,27.0,367.07,2024-11-23T00:00:00
7287,1797,13562,3,1060.28,12.0,2799.14,2024-11-27T00:00:00
7288,5477,6675,6,821.59,23.0,3795.75,2023-03-22T00:00:00
7289,9769,13815,3,2751.38,15.0,7016.02,2024-02-13T00:00:00
7290,10943,1152,2,473.72,7.0,881.12,2023-10-03T00:00:00
7291,493,13303,7,1925.09,20.0,10780.5,2026-05-11T00:00:00
7292,1138,14,1,229.0,27.0,167.17,2026-05-11T00:00:00
7293,7965,4276,2,2075.84,2.0,4068.65,2025-01-17T00:00:00
7294,13082,2329,5,1751.43,28.0,6305.15,2026-01-20T00:00:00
7295,4385,9277,4,2008.1,16.0,6747.22,2024-05-24T00:00:00
7296,14053,11391,9,1019.12,29.0,6512.18,2024-02-25T00:00:00
7297,9618,1003,6,1143.36,7.0,6379.95,2023-09-03T00:00:00
7298,6290,10854,5,833.9,14.0,3585.77,2025-05-21T00:00:00
7299,2731,7103,9,2532.9,23.0,17553.0,2024-03-02T00:00:00
7300,3826,4973,1,919.0,14.0,790.34,2024-11-25T00:00:00
7301,8555,6516,7,1567.66,14.0,9437.31,2024-01-08T00:00:00
7302,936,8699,4,2377.84,26.0,7038.41,2024-01-19T00:00:00
7303,3966,6324,7,2952.25,25.0,15499.31,2023-10-25T00:00:00
7304,2560,3943,3,774.03,20.0,1857.67,2024-07-29T00:00:00
7305,4712,4210,2,1315.22,26.0,1946.53,2023-09-22T00:00:00
7306,9162,11260,4,2718.09,15.0,9241.51,2023-12-18T00:00:00
7307,14124,10611,2,1585.46,3.0,3075.79,2023-01-22T00:00:00
7308,9634,9006,8,1064.36,2.0,8344.58,2025-10-16T00:00:00
7309,11180,12736,5,207.53,6.0,975.39,2025-11-19T00:00:00
7310,6104,5448,6,2581.01,23.0,11924.27,2026-06-03T00:00:00
7311,5184,14071,6,2300.2,14.0,11869.03,2023-04-04T00:00:00
7312,12965,14143,2,2352.91,14.0,4047.01,2024-03-29T00:00:00
7313,12051,14381,5,679.83,26.0,2515.37,2023-11-02T00:00:00
7314,12768,2330,3,2639.67,15.0,6731.16,2024-08-13T00:00:00
7315,8974,2288,4,1910.91,25.0,5732.73,2023-02-09T00:00:00
7316,6401,13051,5,1341.84,3.0,6507.92,2023-10-25T00:00:00
7317,3082,14231,10,1024.44,9.0,9322.4,2025-03-31T00:00:00
7318,13843,8990,1,84.96,22.0,66.27,2026-02-01T00:00:00
7319,5123,3275,3,2384.19,15.0,6079.68,2025-07-05T00:00:00
7320,1612,4374,7,2121.64,22.0,11584.15,2025-05-28T00:00:00
7321,2715,731,7,1551.44,11.0,9665.47,2025-08-06T00:00:00
7322,14109,5491,7,2176.86,27.0,11123.75,2024-03-25T00:00:00
7323,8398,5789,8,2478.6,7.0,18440.78,2025-06-08T00:00:00
7324,9029,116,1,1575.51,17.0,1307.67,2024-03-08T00:00:00
7325,1046,13576,2,2406.66,21.0,3802.52,2026-03-30T00:00:00
7326,13729,10429,6,986.71,18.0,4854.61,2023-04-29T00:00:00
7327,14569,10311,4,2429.07,8.0,8938.98,2026-01-01T00:00:00
7328,5877,8050,6,617.69,28.0,2668.42,2025-02-09T00:00:00
7329,14695,2558,6,1052.88,20.0,5053.82,2024-09-18T00:00:00
7330,1652,14684,9,1450.95,22.0,10185.67,2025-10-26T00:00:00
7331,14485,9518,7,1863.37,24.0,9913.13,2025-10-24T00:00:00
7332,5603,5298,10,1519.53,4.0,14587.49,2024-01-22T00:00:00
7333,3302,9795,8,1862.77,25.0,11176.62,2025-06-19T00:00:00
7334,6656,8711,5,706.64,15.0,3003.22,2023-01-08T00:00:00
7335,1628,3468,9,2664.29,23.0,18463.53,2023-12-17T00:00:00
7336,7666,12361,3,2995.69,6.0,8447.85,2024-12-24T00:00:00
7337,5772,9526,9,2344.8,3.0,20470.1,2025-05-28T00:00:00
7338,8411,5188,9,2654.66,16.0,20069.23,2024-04-24T00:00:00
7339,11724,2135,6,2895.47,0.0,17372.82,2026-04-07T00:00:00
7340,1035,11250,8,2747.23,29.0,15604.27,2025-11-23T00:00:00
7341,7647,14444,1,803.88,25.0,602.91,2023-05-14T00:00:00
7342,2713,11548,4,560.83,23.0,1727.36,2023-04-28T00:00:00
7343,6875,14578,3,1401.84,3.0,4079.35,2025-12-12T00:00:00
7344,11171,1579,7,977.2,24.0,5198.7,2025-04-07T00:00:00
7345,2954,4336,9,487.4,15.0,3728.61,2025-07-23T00:00:00
7346,1713,10890,2,2334.52,19.0,3781.92,2025-11-03T00:00:00
7347,296,10111,9,1056.17,1.0,9410.47,2025-01-13T00:00:00
7348,241,5987,3,66.29,22.0,155.12,2024-01-26T00:00:00
7349,4756,7275,7,2742.21,18.0,15740.29,2025-10-16T00:00:00
7350,10089,3759,5,1097.11,23.0,4223.87,2023-03-26T00:00:00
7351,6367,963,3,1541.02,18.0,3790.91,2025-05-03T00:00:00
7352,9372,6348,3,1903.07,9.0,5195.38,2023-11-10T00:00:00
7353,3760,1196,8,1398.37,0.0,11186.96,2025-01-21T00:00:00
7354,7653,5519,10,2883.82,9.0,26242.76,2024-09-21T00:00:00
7355,13320,12053,6,1890.91,23.0,8736.0,2026-06-10T00:00:00
7356,12983,7785,10,989.83,8.0,9106.44,2025-10-05T00:00:00
7357,13225,13673,1,1634.28,5.0,1552.57,2026-02-01T00:00:00
7358,14203,6076,5,676.14,17.0,2805.98,2025-09-04T00:00:00
7359,14135,1595,2,1925.73,18.0,3158.2,2026-04-09T00:00:00
7360,10913,11971,2,2338.21,10.0,4208.78,2025-10-14T00:00:00
7361,7917,972,3,2382.74,9.0,6504.88,2026-04-05T00:00:00
7362,7691,1425,1,612.41,18.0,502.18,2025-05-22T00:00:00
7363,970,11921,3,688.66,3.0,2004.0,2023-02-11T00:00:00
7364,13760,14847,4,1252.79,24.0,3808.48,2024-01-01T00:00:00
7365,1403,3382,8,1511.36,7.0,11244.52,2024-08-26T00:00:00
7366,1431,12207,2,244.49,3.0,474.31,2026-05-06T00:00:00
7367,9329,14604,7,1706.33,23.0,9197.12,2025-01-31T00:00:00
7368,8356,9749,7,2888.19,11.0,17993.42,2023-03-19T00:00:00
7369,4327,14745,4,879.88,0.0,3519.52,2025-07-16T00:00:00
7370,4119,6529,1,1123.23,16.0,943.51,2023-05-07T00:00:00
7371,5435,12563,5,632.84,19.0,2563.0,2025-03-18T00:00:00
7372,10767,1430,1,1195.96,19.0,968.73,2023-09-09T00:00:00
7373,12987,14796,4,548.99,18.0,1800.69,2025-04-29T00:00:00
7374,14530,9658,6,185.07,6.0,1043.79,2026-02-19T00:00:00
7375,902,6776,9,1853.69,11.0,14848.06,2024-01-25T00:00:00
7376,1360,525,7,2317.61,12.0,14276.48,2024-11-18T00:00:00
7377,1467,10121,2,2261.8,27.0,3302.23,2023-02-16T00:00:00
7378,713,4617,6,1300.79,6.0,7336.46,2024-06-24T00:00:00
7379,3837,14655,4,1517.02,15.0,5157.87,2023-12-09T00:00:00
7380,10557,2569,3,1686.0,23.0,3894.66,2024-06-06T00:00:00
7381,10496,1801,4,426.93,24.0,1297.87,2024-10-22T00:00:00
7382,10089,8522,1,947.77,11.0,843.52,2024-03-04T00:00:00
7383,1767,5995,10,2262.34,14.0,19456.12,2023-04-21T00:00:00
7384,14910,9055,5,130.09,17.0,539.87,2024-11-10T00:00:00
7385,7138,13928,6,1082.35,3.0,6299.28,2025-07-01T00:00:00
7386,2206,3338,1,1135.66,21.0,897.17,2023-05-01T00:00:00
7387,13025,10730,7,2581.7,30.0,12650.33,2025-02-25T00:00:00
7388,1478,4481,10,1641.57,4.0,15759.07,2024-01-05T00:00:00
7389,7796,14135,5,596.23,1.0,2951.34,2025-12-11T00:00:00
7390,7098,10325,10,859.14,20.0,6873.12,2023-10-14T00:00:00
7391,12939,5524,6,952.32,6.0,5371.08,2024-06-05T00:00:00
7392,1397,4983,10,1950.35,11.0,17358.12,2024-04-27T00:00:00
7393,1125,7414,6,978.11,3.0,5692.6,2025-05-17T00:00:00
7394,1080,4183,2,589.03,12.0,1036.69,2024-03-02T00:00:00
7395,14233,12516,2,1721.46,24.0,2616.62,2024-02-28T00:00:00
7396,1480,1524,4,1966.48,7.0,7315.31,2023-11-02T00:00:00
7397,25,286,1,896.84,21.0,708.5,2026-03-05T00:00:00
7398,146,3468,4,1331.23,19.0,4313.19,2023-12-08T00:00:00
7399,14876,12712,6,2065.18,5.0,11771.53,2024-01-28T00:00:00
7400,10394,3165,3,2960.28,30.0,6216.59,2025-06-26T00:00:00
7401,3507,5741,5,2060.02,26.0,7622.07,2026-02-07T00:00:00
7402,13460,1167,5,103.74,28.0,373.46,2025-06-27T00:00:00
7403,9889,13531,5,2659.7,27.0,9707.91,2026-01-19T00:00:00
7404,12527,8089,2,1488.6,8.0,2739.02,2024-09-12T00:00:00
7405,11700,3643,3,920.09,19.0,2235.82,2023-06-07T00:00:00
7406,8323,14753,9,1595.89,12.0,12639.45,2026-02-22T00:00:00
7407,10664,11957,2,2388.76,22.0,3726.47,2026-03-20T00:00:00
7408,7588,9410,9,2206.78,5.0,18867.97,2024-07-14T00:00:00
7409,1697,4569,4,2194.21,30.0,6143.79,2024-01-28T00:00:00
7410,4061,125,10,741.71,29.0,5266.14,2025-12-27T00:00:00
7411,13614,13480,6,1718.77,17.0,8559.47,2024-06-26T00:00:00
7412,7,14286,8,935.23,3.0,7257.38,2023-08-29T00:00:00
7413,13857,8834,7,1453.74,9.0,9260.32,2024-01-19T00:00:00
7414,3550,13818,9,2898.61,29.0,18522.12,2025-06-15T00:00:00
7415,303,2174,10,874.75,8.0,8047.7,2023-08-13T00:00:00
7416,14302,2973,1,71.73,26.0,53.08,2023-10-17T00:00:00
7417,7313,7940,3,878.54,24.0,2003.07,2024-04-15T00:00:00
7418,1072,2833,1,2494.43,27.0,1820.93,2025-09-10T00:00:00
7419,4845,2635,1,439.24,6.0,412.89,2024-12-03T00:00:00
7420,8077,4972,9,2445.58,9.0,20029.3,2025-06-11T00:00:00
7421,498,3186,2,2247.39,13.0,3910.46,2026-03-09T00:00:00
7422,13306,4815,3,1293.87,20.0,3105.29,2024-07-18T00:00:00
7423,5811,9473,10,280.76,26.0,2077.62,2024-04-19T00:00:00
7424,11290,8596,4,1707.74,4.0,6557.72,2023-08-25T00:00:00
7425,4822,1083,10,1948.87,24.0,14811.41,2025-07-18T00:00:00
7426,12277,7679,2,2863.88,27.0,4181.26,2025-11-15T00:00:00
7427,10961,12003,4,1773.43,15.0,6029.66,2024-03-27T00:00:00
7428,7024,6666,7,2849.99,21.0,15760.44,2024-10-19T00:00:00
7429,9611,4764,6,2372.34,28.0,10248.51,2025-09-13T00:00:00
7430,3229,7460,10,386.47,10.0,3478.23,2024-02-19T00:00:00
7431,546,10093,10,1988.32,6.0,18690.21,2025-11-18T00:00:00
7432,13773,4397,7,236.19,26.0,1223.46,2023-12-11T00:00:00
7433,1994,2325,9,1408.5,16.0,10648.26,2024-08-05T00:00:00
7434,11882,8413,9,1568.48,21.0,11151.89,2023-08-10T00:00:00
7435,7910,3861,8,862.16,11.0,6138.58,2024-02-14T00:00:00
7436,7443,6623,3,2616.52,4.0,7535.58,2025-06-08T00:00:00
7437,8283,7094,7,2293.61,17.0,13325.87,2024-08-16T00:00:00
7438,2071,4546,10,1168.74,22.0,9116.17,2024-04-16T00:00:00
7439,14657,3091,4,1046.25,12.0,3682.8,2025-05-28T00:00:00
7440,4108,13192,5,2208.15,4.0,10599.12,2023-01-27T00:00:00
7441,14155,9650,9,560.87,18.0,4139.22,2026-01-31T00:00:00
7442,11549,14835,8,471.6,29.0,2678.69,2024-06-10T00:00:00
7443,4255,3962,2,110.96,19.0,179.76,2023-03-01T00:00:00
7444,1495,4842,5,715.26,4.0,3433.25,2024-10-18T00:00:00
7445,3055,7568,7,734.4,3.0,4986.58,2023-12-16T00:00:00
7446,5746,14638,6,1271.5,12.0,6713.52,2025-12-06T00:00:00
7447,14753,4622,3,1772.84,23.0,4095.26,2025-01-09T00:00:00
7448,7674,3682,5,857.3,30.0,3000.55,2025-11-09T00:00:00
7449,8235,12075,9,1640.65,9.0,13436.92,2023-10-08T00:00:00
7450,8154,13747,5,83.74,18.0,343.33,2025-01-02T00:00:00
7451,7312,4676,4,2698.02,1.0,10684.16,2024-04-22T00:00:00
7452,13064,14523,6,1090.72,2.0,6413.43,2025-07-19T00:00:00
7453,6322,8240,7,335.44,7.0,2183.71,2026-01-31T00:00:00
7454,13298,3220,1,2381.7,19.0,1929.18,2024-02-18T00:00:00
7455,9745,3221,1,1339.61,17.0,1111.88,2024-02-21T00:00:00
7456,5189,9194,7,694.5,19.0,3937.82,2024-10-12T00:00:00
7457,7583,8556,5,2908.11,17.0,12068.66,2024-12-24T00:00:00
7458,4445,5617,10,438.39,10.0,3945.51,2025-12-12T00:00:00
7459,14499,12920,2,435.78,16.0,732.11,2026-04-07T00:00:00
7460,7432,10961,7,312.79,20.0,1751.62,2025-09-27T00:00:00
7461,10824,1185,6,705.26,15.0,3596.83,2023-08-19T00:00:00
7462,6089,6500,7,1451.03,15.0,8633.63,2025-01-24T00:00:00
7463,7021,6134,3,1506.83,10.0,4068.44,2024-06-16T00:00:00
7464,1692,10052,8,2983.33,16.0,20047.98,2025-02-25T00:00:00
7465,5264,9985,10,1744.64,19.0,14131.58,2026-04-16T00:00:00
7466,7440,3327,7,1585.21,7.0,10319.72,2024-08-24T00:00:00
7467,10030,1743,1,2984.44,13.0,2596.46,2026-05-15T00:00:00
7468,7635,2876,6,1623.61,2.0,9546.83,2024-08-22T00:00:00
7469,12807,10693,5,2630.62,8.0,12100.85,2025-04-29T00:00:00
7470,10438,13095,8,2375.48,17.0,15773.19,2023-07-24T00:00:00
7471,8293,6640,6,385.05,15.0,1963.76,2026-05-06T00:00:00
7472,10820,2296,2,965.94,27.0,1410.27,2026-04-25T00:00:00
7473,8806,6309,6,2520.58,19.0,12250.02,2023-06-08T00:00:00
7474,3378,9840,4,2372.16,2.0,9298.87,2025-09-23T00:00:00
7475,3503,4659,6,430.09,8.0,2374.1,2025-11-08T00:00:00
7476,10873,12780,7,1712.04,16.0,10066.8,2025-03-08T00:00:00
7477,7073,2873,7,255.4,13.0,1555.39,2024-02-20T00:00:00
7478,11324,14761,10,108.5,12.0,954.8,2023-01-03T00:00:00
7479,14508,10946,1,2515.57,22.0,1962.14,2024-03-07T00:00:00
7480,14187,11327,1,134.13,29.0,95.23,2024-01-07T00:00:00
7481,8999,5701,9,1083.72,1.0,9655.95,2026-02-10T00:00:00
7482,4385,10595,8,1383.6,7.0,10293.98,2026-01-14T00:00:00
7483,4903,5876,3,1240.44,7.0,3460.83,2025-12-11T00:00:00
7484,7973,3253,9,2367.82,29.0,15130.37,2025-03-29T00:00:00
7485,10272,14467,4,2416.59,10.0,8699.72,2023-09-04T00:00:00
7486,2662,1209,6,2118.01,4.0,12199.74,2024-04-10T00:00:00
7487,14515,9488,4,2652.83,10.0,9550.19,2025-10-15T00:00:00
7488,404,10547,8,298.95,28.0,1721.95,2025-08-26T00:00:00
7489,1459,5265,4,869.13,1.0,3441.75,2023-02-11T00:00:00
7490,12871,7724,4,2811.31,11.0,10008.26,2023-05-05T00:00:00
7491,2878,12184,8,2137.78,17.0,14194.86,2023-04-13T00:00:00
7492,12807,14431,2,2042.35,13.0,3553.69,2025-01-15T00:00:00
7493,5005,3709,10,1492.64,2.0,14627.87,2024-07-08T00:00:00
7494,7449,830,10,2079.8,20.0,16638.4,2024-10-02T00:00:00
7495,10483,6448,4,2307.49,22.0,7199.37,2024-10-26T00:00:00
7496,11850,3244,6,2968.98,7.0,16566.91,2023-06-25T00:00:00
7497,9570,13657,9,1891.06,20.0,13615.63,2023-03-25T00:00:00
7498,14183,13395,7,1243.67,4.0,8357.46,2026-06-03T00:00:00
7499,14301,14740,10,2222.19,13.0,19333.05,2023-09-19T00:00:00
7500,10739,5086,7,2935.95,7.0,19113.03,2023-05-23T00:00:00
7501,9729,7369,1,1048.35,26.0,775.78,2025-03-29T00:00:00
7502,4478,10253,1,1097.56,5.0,1042.68,2023-04-22T00:00:00
7503,12745,11410,8,1631.18,29.0,9265.1,2025-04-24T00:00:00
7504,7591,11125,5,2453.95,28.0,8834.22,2023-12-22T00:00:00
7505,14469,13593,8,2944.13,29.0,16722.66,2025-06-16T00:00:00
7506,14895,8334,3,308.89,29.0,657.94,2026-04-27T00:00:00
7507,5489,3262,9,109.18,20.0,786.1,2026-03-29T00:00:00
7508,10759,14364,8,1776.69,9.0,12934.3,2025-11-05T00:00:00
7509,10216,11133,8,1611.09,28.0,9279.88,2025-10-08T00:00:00
7510,5823,2125,4,88.83,29.0,252.28,2026-05-08T00:00:00
7511,13578,7367,3,2830.03,28.0,6112.86,2025-11-24T00:00:00
7512,7666,642,9,663.73,29.0,4241.23,2025-01-28T00:00:00
7513,7030,5529,4,982.43,15.0,3340.26,2024-09-10T00:00:00
7514,12403,5689,1,1281.8,15.0,1089.53,2024-02-07T00:00:00
7515,873,4132,6,1047.4,21.0,4964.68,2026-04-22T00:00:00
7516,1214,12811,8,1994.84,8.0,14682.02,2026-06-02T00:00:00
7517,3069,2439,4,910.01,18.0,2984.83,2023-05-27T00:00:00
7518,580,13086,6,684.38,24.0,3120.77,2026-05-11T00:00:00
7519,9388,7053,1,73.95,19.0,59.9,2023-01-03T00:00:00
7520,5555,14590,2,973.22,2.0,1907.51,2025-01-20T00:00:00
7521,4322,9416,10,2423.57,4.0,23266.27,2025-10-18T00:00:00
7522,5489,12658,3,2976.41,9.0,8125.6,2025-09-24T00:00:00
7523,11075,3551,4,1182.1,27.0,3451.73,2023-09-29T00:00:00
7524,6976,6463,6,1292.7,25.0,5817.15,2026-02-21T00:00:00
7525,1449,11321,9,711.32,0.0,6401.88,2025-11-27T00:00:00
7526,6978,4230,5,1139.99,6.0,5357.95,2025-12-30T00:00:00
7527,10999,8871,3,357.51,0.0,1072.53,2026-05-04T00:00:00
7528,12446,14203,1,398.33,21.0,314.68,2026-01-27T00:00:00
7529,7397,2775,2,2794.68,2.0,5477.57,2025-03-09T00:00:00
7530,747,6897,10,2159.4,15.0,18354.9,2023-01-06T00:00:00
7531,2788,12478,3,2498.31,25.0,5621.2,2024-05-25T00:00:00
7532,1215,2280,4,2184.32,25.0,6552.96,2025-08-29T00:00:00
7533,2385,14126,2,230.59,26.0,341.27,2024-04-02T00:00:00
7534,13441,8388,7,2070.51,19.0,11739.79,2023-09-21T00:00:00
7535,11475,1801,10,1220.11,16.0,10248.92,2025-06-04T00:00:00
7536,8684,14016,8,873.67,4.0,6709.79,2023-09-19T00:00:00
7537,4400,14480,6,690.3,0.0,4141.8,2024-04-01T00:00:00
7538,6471,9044,6,656.76,3.0,3822.34,2025-10-03T00:00:00
7539,13649,4941,6,662.91,16.0,3341.07,2024-07-19T00:00:00
7540,8591,5708,4,301.56,13.0,1049.43,2023-05-08T00:00:00
7541,8339,3142,3,1279.6,1.0,3800.41,2025-12-26T00:00:00
7542,13171,7801,9,921.78,21.0,6553.86,2023-01-01T00:00:00
7543,10290,13591,4,1908.92,3.0,7406.61,2025-11-21T00:00:00
7544,13357,11332,6,1314.7,7.0,7336.03,2024-01-04T00:00:00
7545,10532,8007,9,935.38,27.0,6145.45,2024-03-15T00:00:00
7546,7882,14194,6,756.79,0.0,4540.74,2025-10-26T00:00:00
7547,9391,12720,7,377.37,2.0,2588.76,2025-02-10T00:00:00
7548,3866,10660,9,1104.01,25.0,7452.07,2026-06-03T00:00:00
7549,422,9195,2,2177.03,26.0,3222.0,2023-06-27T00:00:00
7550,6430,10223,3,1100.16,22.0,2574.37,2024-08-31T00:00:00
7551,14711,14530,6,757.88,21.0,3592.35,2023-07-15T00:00:00
7552,13162,7667,3,1062.49,30.0,2231.23,2024-10-17T00:00:00
7553,11205,2403,1,2518.44,18.0,2065.12,2025-06-28T00:00:00
7554,9140,10254,2,799.87,5.0,1519.75,2023-09-05T00:00:00
7555,10614,13335,9,2235.99,12.0,17709.04,2024-01-28T00:00:00
7556,14125,8485,3,1312.83,16.0,3308.33,2024-05-06T00:00:00
7557,1116,5770,10,120.33,14.0,1034.84,2025-08-25T00:00:00
7558,3573,11299,10,1310.37,22.0,10220.89,2023-10-31T00:00:00
7559,5786,14870,7,822.21,18.0,4719.49,2024-12-30T00:00:00
7560,1266,1510,10,507.22,25.0,3804.15,2024-04-09T00:00:00
7561,7911,9571,2,2509.24,1.0,4968.3,2023-07-20T00:00:00
7562,1590,13,2,2628.72,5.0,4994.57,2023-12-14T00:00:00
7563,14230,10283,7,2871.36,21.0,15878.62,2026-06-01T00:00:00
7564,7442,12912,6,1411.67,24.0,6437.22,2024-01-24T00:00:00
7565,956,14184,7,2418.19,2.0,16588.78,2024-11-28T00:00:00
7566,9318,6330,6,1787.33,19.0,8686.42,2024-12-08T00:00:00
7567,11388,1776,4,213.83,18.0,701.36,2024-01-05T00:00:00
7568,6610,10025,6,2615.26,24.0,11925.59,2023-05-02T00:00:00
7569,14030,641,6,2913.84,23.0,13461.94,2025-01-17T00:00:00
7570,38,8699,6,807.54,26.0,3585.48,2025-10-31T00:00:00
7571,13191,7054,7,2373.63,2.0,16283.1,2023-09-02T00:00:00
7572,5766,3752,3,1521.59,17.0,3788.76,2023-07-22T00:00:00
7573,12090,6691,5,586.77,28.0,2112.37,2025-12-30T00:00:00
7574,6644,10615,6,104.21,27.0,456.44,2026-02-16T00:00:00
7575,6654,2962,3,2967.84,14.0,7657.03,2024-10-22T00:00:00
7576,1582,7407,7,2442.96,29.0,12141.51,2026-01-04T00:00:00
7577,6242,7596,7,2840.65,22.0,15509.95,2024-10-15T00:00:00
7578,12538,6374,7,870.91,1.0,6035.41,2026-03-29T00:00:00
7579,7602,9440,2,207.59,13.0,361.21,2023-08-18T00:00:00
7580,13701,10592,1,1307.85,7.0,1216.3,2023-10-22T00:00:00
7581,7585,1504,7,2131.04,7.0,13873.07,2023-05-01T00:00:00
7582,2144,9454,9,2880.96,1.0,25669.35,2026-02-02T00:00:00
7583,5236,12721,2,1245.36,16.0,2092.2,2024-02-20T00:00:00
7584,6985,10207,2,2972.21,14.0,5112.2,2023-07-03T00:00:00
7585,9269,13123,2,2601.27,3.0,5046.46,2024-01-01T00:00:00
7586,8655,671,4,1543.29,22.0,4815.06,2024-01-13T00:00:00
7587,12047,14982,10,1829.24,21.0,14451.0,2025-06-03T00:00:00
7588,12280,14685,2,46.69,20.0,74.7,2026-02-27T00:00:00
7589,8467,14072,6,1086.47,14.0,5606.19,2025-07-13T00:00:00
7590,2816,1986,9,2311.06,29.0,14767.67,2024-03-10T00:00:00
7591,3750,2612,8,2899.13,15.0,19714.08,2024-08-16T00:00:00
7592,6330,7700,3,1382.15,2.0,4063.52,2024-02-14T00:00:00
7593,1523,12330,1,1560.84,17.0,1295.5,2025-04-22T00:00:00
7594,11479,11370,3,2755.29,15.0,7025.99,2024-02-05T00:00:00
7595,10658,14402,3,1336.2,28.0,2886.19,2026-01-01T00:00:00
7596,4195,9973,4,2730.38,21.0,8628.0,2024-11-19T00:00:00
7597,9958,2388,2,1626.81,13.0,2830.65,2024-01-10T00:00:00
7598,13944,5739,5,869.39,26.0,3216.74,2025-06-22T00:00:00
7599,9387,9932,2,1246.02,8.0,2292.68,2025-03-18T00:00:00
7600,11718,8625,7,794.21,10.0,5003.52,2026-04-12T00:00:00
7601,4817,5394,3,652.83,26.0,1449.28,2026-01-23T00:00:00
7602,1173,2485,8,2870.58,17.0,19060.65,2023-02-26T00:00:00
7603,12562,8559,5,299.43,9.0,1362.41,2023-11-06T00:00:00
7604,11385,14472,9,425.27,3.0,3712.61,2024-08-25T00:00:00
7605,1281,7838,2,264.28,6.0,496.85,2023-12-19T00:00:00
7606,3042,9641,2,2390.72,30.0,3347.01,2025-11-11T00:00:00
7607,109,1286,9,2732.98,11.0,21891.17,2025-08-13T00:00:00
7608,13524,6681,3,1077.36,12.0,2844.23,2025-12-02T00:00:00
7609,11259,8625,6,34.29,14.0,176.94,2023-09-10T00:00:00
7610,13452,7483,3,2306.69,20.0,5536.06,2023-06-02T00:00:00
7611,5461,6425,2,1037.16,2.0,2032.83,2025-01-17T00:00:00
7612,5236,1532,2,88.14,2.0,172.75,2026-05-13T00:00:00
7613,4899,3256,6,228.92,6.0,1291.11,2024-05-05T00:00:00
7614,7050,156,9,155.16,11.0,1242.83,2026-02-23T00:00:00
7615,14677,4954,7,2924.68,21.0,16173.48,2024-01-09T00:00:00
7616,14973,2508,2,272.18,21.0,430.04,2026-04-12T00:00:00
7617,13589,5229,1,645.11,15.0,548.34,2023-09-16T00:00:00
7618,9410,13093,2,2329.24,18.0,3819.95,2026-04-20T00:00:00
7619,752,11138,9,606.12,28.0,3927.66,2023-07-24T00:00:00
7620,14692,10344,5,1769.88,3.0,8583.92,2024-10-17T00:00:00
7621,5314,10768,10,2116.66,10.0,19049.94,2025-12-27T00:00:00
7622,12235,6028,6,2755.66,14.0,14219.21,2024-08-22T00:00:00
7623,6534,435,9,700.04,23.0,4851.28,2024-01-19T00:00:00
7624,11797,11595,7,2262.53,8.0,14570.69,2024-06-18T00:00:00
7625,2634,2542,5,1283.92,26.0,4750.5,2025-08-12T00:00:00
7626,9496,2283,9,1681.78,2.0,14833.3,2023-04-05T00:00:00
7627,6498,12716,9,2902.91,20.0,20900.95,2023-04-02T00:00:00
7628,12385,5808,3,810.77,15.0,2067.46,2025-11-20T00:00:00
7629,13310,8015,6,2137.74,28.0,9235.04,2023-10-05T00:00:00
7630,11904,11564,3,1334.77,20.0,3203.45,2023-01-25T00:00:00
7631,5648,447,6,2180.84,12.0,11514.84,2023-09-06T00:00:00
7632,9283,2201,1,2298.38,3.0,2229.43,2024-05-02T00:00:00
7633,12195,3213,7,2657.37,19.0,15067.29,2023-12-20T00:00:00
7634,3621,13104,10,1064.79,2.0,10434.94,2023-06-30T00:00:00
7635,10677,1336,2,2357.26,6.0,4431.65,2025-05-21T00:00:00
7636,12962,2226,5,2562.55,11.0,11403.35,2023-05-07T00:00:00
7637,5920,6806,1,375.55,4.0,360.53,2025-09-20T00:00:00
7638,3030,3130,4,1637.69,12.0,5764.67,2024-09-05T00:00:00
7639,359,11381,9,388.96,26.0,2590.47,2023-06-18T00:00:00
7640,13035,10240,6,1738.17,11.0,9281.83,2025-06-10T00:00:00
7641,6363,375,7,114.18,4.0,767.29,2023-12-25T00:00:00
7642,4121,13779,10,2818.89,21.0,22269.23,2025-03-04T00:00:00
7643,13807,12304,6,1768.05,29.0,7531.89,2026-05-08T00:00:00
7644,13070,6974,9,640.42,0.0,5763.78,2024-07-08T00:00:00
7645,7226,4423,1,13.09,2.0,12.83,2026-04-30T00:00:00
7646,12238,8576,1,978.45,10.0,880.61,2023-12-04T00:00:00
7647,7836,12,8,230.11,13.0,1601.57,2025-02-22T00:00:00
7648,6158,12185,5,675.76,3.0,3277.44,2025-03-22T00:00:00
7649,7370,7534,2,2750.09,19.0,4455.15,2023-08-02T00:00:00
7650,378,13234,1,581.2,17.0,482.4,2025-07-18T00:00:00
7651,1819,3636,4,210.24,19.0,681.18,2024-08-22T00:00:00
7652,799,4513,8,564.41,29.0,3205.85,2023-12-11T00:00:00
7653,6799,10155,9,191.5,26.0,1275.39,2025-12-10T00:00:00
7654,7868,7519,9,2083.98,5.0,17818.03,2025-05-17T00:00:00
7655,12949,11834,8,2200.13,13.0,15312.9,2025-01-18T00:00:00
7656,11314,3612,3,820.66,21.0,1944.96,2025-01-04T00:00:00
7657,12329,12730,3,1368.09,11.0,3652.8,2024-10-23T00:00:00
7658,3679,9723,1,2225.71,8.0,2047.65,2025-03-22T00:00:00
7659,343,12820,1,1470.4,16.0,1235.14,2023-08-08T00:00:00
7660,2213,1202,10,2982.42,29.0,21175.18,2023-07-26T00:00:00
7661,8412,1634,8,651.29,4.0,5001.91,2023-01-26T00:00:00
7662,14976,8781,2,2708.38,14.0,4658.41,2025-08-22T00:00:00
7663,2844,11351,1,1560.39,5.0,1482.37,2023-09-06T00:00:00
7664,9402,11285,9,539.63,14.0,4176.74,2026-04-06T00:00:00
7665,10062,1040,3,1726.57,25.0,3884.78,2025-04-11T00:00:00
7666,8743,9048,8,1907.22,29.0,10833.01,2024-01-09T00:00:00
7667,8775,595,3,1347.96,16.0,3396.86,2023-05-11T00:00:00
7668,14949,8143,1,2220.21,20.0,1776.17,2023-08-31T00:00:00
7669,12749,2210,1,739.78,15.0,628.81,2024-06-17T00:00:00
7670,12266,1657,9,2214.64,21.0,15746.09,2026-04-19T00:00:00
7671,13554,5718,1,1222.92,8.0,1125.09,2024-06-26T00:00:00
7672,4896,5968,6,2125.05,20.0,10200.24,2023-02-11T00:00:00
7673,6582,14770,10,790.83,25.0,5931.23,2023-05-04T00:00:00
7674,12873,4893,2,1090.6,9.0,1984.89,2023-11-09T00:00:00
7675,11090,12687,9,137.81,13.0,1079.05,2023-05-04T00:00:00
7676,10262,5263,6,552.04,16.0,2782.28,2026-04-28T00:00:00
7677,9204,5144,2,1438.59,28.0,2071.57,2024-03-04T00:00:00
7678,805,4658,7,1154.3,23.0,6221.68,2023-07-13T00:00:00
7679,11970,9477,1,2423.64,13.0,2108.57,2024-03-11T00:00:00
7680,14094,522,4,1740.9,26.0,5153.06,2023-02-16T00:00:00
7681,12286,12578,6,2276.83,29.0,9699.3,2026-01-31T00:00:00
7682,8702,3912,4,820.72,29.0,2330.84,2025-06-02T00:00:00
7683,12075,11906,6,189.07,3.0,1100.39,2023-08-01T00:00:00
7684,642,7091,8,1358.31,27.0,7932.53,2025-08-27T00:00:00
7685,5672,8125,2,1865.39,8.0,3432.32,2023-11-22T00:00:00
7686,6173,5062,10,1452.46,5.0,13798.37,2025-11-17T00:00:00
7687,912,12647,6,290.3,4.0,1672.13,2025-01-01T00:00:00
7688,87,8592,5,2042.8,26.0,7558.36,2023-03-10T00:00:00
7689,11050,8115,7,2279.34,1.0,15795.83,2024-05-17T00:00:00
7690,630,14482,2,425.9,28.0,613.3,2025-05-29T00:00:00
7691,690,14847,10,213.96,27.0,1561.91,2024-04-14T00:00:00
7692,7180,6341,5,2203.58,26.0,8153.25,2024-04-10T00:00:00
7693,9210,7447,3,2466.45,21.0,5845.49,2025-06-19T00:00:00
7694,4283,9283,2,1281.09,17.0,2126.61,2025-03-06T00:00:00
7695,12664,7120,7,1286.47,3.0,8735.13,2025-05-28T00:00:00
7696,2961,10955,8,2125.64,28.0,12243.69,2025-01-04T00:00:00
7697,4307,12592,6,2743.65,5.0,15638.81,2026-03-20T00:00:00
7698,298,5758,2,2525.43,18.0,4141.71,2025-01-07T00:00:00
7699,14118,12168,5,1496.31,24.0,5685.98,2023-02-14T00:00:00
7700,7633,13190,10,2423.34,11.0,21567.73,2023-11-11T00:00:00
7701,1059,13250,5,1489.92,19.0,6034.18,2025-05-30T00:00:00
7702,4152,4694,10,2313.19,9.0,21050.03,2025-07-20T00:00:00
7703,6547,6124,8,2190.86,15.0,14897.85,2025-04-01T00:00:00
7704,1322,9743,10,808.5,2.0,7923.3,2025-08-06T00:00:00
7705,8551,11782,3,1762.97,25.0,3966.68,2025-09-20T00:00:00
7706,13919,10957,6,1665.44,25.0,7494.48,2026-02-11T00:00:00
7707,7426,145,7,2446.04,10.0,15410.05,2023-12-17T00:00:00
7708,132,9002,3,2680.63,29.0,5709.74,2026-02-22T00:00:00
7709,10934,3720,3,2808.41,14.0,7245.7,2023-10-21T00:00:00
7710,1638,7133,2,39.63,4.0,76.09,2023-12-31T00:00:00
7711,13324,12885,8,1134.47,28.0,6534.55,2024-12-29T00:00:00
7712,1316,13038,2,2548.92,21.0,4027.29,2025-09-24T00:00:00
7713,12463,14622,5,2037.5,24.0,7742.5,2026-01-31T00:00:00
7714,13516,246,1,1956.2,8.0,1799.7,2024-07-17T00:00:00
7715,7124,2557,10,2468.18,28.0,17770.9,2025-01-19T00:00:00
7716,11808,5252,5,592.18,7.0,2753.64,2023-07-19T00:00:00
7717,9561,5231,8,1188.82,14.0,8179.08,2025-08-22T00:00:00
7718,6384,4927,8,1768.67,20.0,11319.49,2026-01-23T00:00:00
7719,14552,1278,6,955.99,15.0,4875.55,2025-01-05T00:00:00
7720,3044,3154,10,443.73,4.0,4259.81,2024-08-06T00:00:00
7721,5891,3905,8,2469.66,18.0,16200.97,2024-12-13T00:00:00
7722,14271,14156,6,566.78,30.0,2380.48,2025-08-22T00:00:00
7723,11233,6653,5,2022.58,15.0,8595.97,2025-11-18T00:00:00
7724,3417,12534,6,907.22,2.0,5334.45,2024-06-16T00:00:00
7725,7797,9894,6,1444.91,22.0,6762.18,2023-11-19T00:00:00
7726,6534,5212,1,1188.46,6.0,1117.15,2025-10-02T00:00:00
7727,10092,18,10,150.02,19.0,1215.16,2024-08-26T00:00:00
7728,14287,1341,10,2494.22,6.0,23445.67,2026-02-03T00:00:00
7729,8542,5353,5,723.36,9.0,3291.29,2023-01-16T00:00:00
7730,9232,7386,2,178.25,0.0,356.5,2025-08-25T00:00:00
7731,13397,3495,10,1290.84,8.0,11875.73,2025-09-01T00:00:00
7732,12623,13681,2,444.66,23.0,684.78,2023-02-21T00:00:00
7733,4352,14147,4,2941.99,3.0,11414.92,2025-01-10T00:00:00
7734,9525,8084,3,390.42,28.0,843.31,2024-08-21T00:00:00
7735,14143,9272,2,1007.08,9.0,1832.89,2025-02-11T00:00:00
7736,8594,2134,8,65.19,21.0,412.0,2025-09-16T00:00:00
7737,12156,5150,3,2113.83,2.0,6214.66,2023-03-21T00:00:00
7738,5429,5980,1,1735.47,15.0,1475.15,2024-12-31T00:00:00
7739,6925,6046,4,2836.0,27.0,8281.12,2025-07-25T00:00:00
7740,1441,14374,1,1785.18,21.0,1410.29,2024-01-08T00:00:00
7741,9174,13144,1,1528.22,5.0,1451.81,2023-03-24T00:00:00
7742,1911,10799,4,916.85,15.0,3117.29,2026-05-04T00:00:00
7743,1987,10782,9,2405.55,3.0,21000.45,2023-08-19T00:00:00
7744,13963,6608,7,559.11,8.0,3600.67,2024-10-04T00:00:00
7745,11904,1120,4,161.08,12.0,567.0,2023-07-27T00:00:00
7746,13406,2089,8,2670.73,25.0,16024.38,2023-09-04T00:00:00
7747,2379,10890,1,2477.41,9.0,2254.44,2024-10-30T00:00:00
7748,13358,12201,1,1539.95,23.0,1185.76,2024-07-17T00:00:00
7749,2798,5923,3,1517.49,15.0,3869.6,2024-01-21T00:00:00
7750,6260,6320,9,782.42,25.0,5281.34,2025-08-20T00:00:00
7751,9916,8735,7,1876.04,30.0,9192.6,2025-04-10T00:00:00
7752,11627,7267,8,700.52,20.0,4483.33,2023-02-10T00:00:00
7753,4393,525,2,341.34,29.0,484.7,2023-11-30T00:00:00
7754,1380,681,1,2862.83,19.0,2318.89,2024-04-28T00:00:00
7755,6029,3122,10,774.4,20.0,6195.2,2025-02-07T00:00:00
7756,5008,13751,1,260.42,16.0,218.75,2025-02-17T00:00:00
7757,13726,2811,7,2334.68,5.0,15525.62,2024-03-23T00:00:00
7758,5778,1625,7,977.93,28.0,4928.77,2024-10-28T00:00:00
7759,6193,13299,6,2915.65,26.0,12945.49,2024-03-18T00:00:00
7760,5265,11840,8,2286.87,9.0,16648.41,2023-04-21T00:00:00
7761,14450,6555,3,2165.63,15.0,5522.36,2025-12-09T00:00:00
7762,14422,4861,3,1384.6,3.0,4029.19,2023-05-23T00:00:00
7763,3865,5629,8,808.25,1.0,6401.34,2024-04-23T00:00:00
7764,13057,5071,6,2058.12,7.0,11484.31,2024-03-23T00:00:00
7765,690,6556,5,509.24,11.0,2266.12,2023-01-13T00:00:00
7766,4370,3560,5,1165.91,24.0,4430.46,2025-11-26T00:00:00
7767,589,5339,5,136.52,5.0,648.47,2024-02-09T00:00:00
7768,6086,168,6,1396.4,7.0,7791.91,2025-09-18T00:00:00
7769,12101,5614,6,585.78,26.0,2600.86,2025-09-02T00:00:00
7770,923,4142,8,2830.48,22.0,17662.2,2026-01-08T00:00:00
7771,2831,54,9,1754.58,15.0,13422.54,2023-05-22T00:00:00
7772,10819,5284,8,938.5,21.0,5931.32,2024-09-05T00:00:00
7773,691,6562,7,1768.19,27.0,9035.45,2024-06-28T00:00:00
7774,8402,10048,4,337.18,12.0,1186.87,2024-07-15T00:00:00
7775,12480,1917,10,2159.47,7.0,20083.07,2023-02-12T00:00:00
7776,14059,7810,2,2503.62,0.0,5007.24,2023-03-15T00:00:00
7777,13424,14909,2,2242.64,27.0,3274.25,2025-11-26T00:00:00
7778,9793,12859,7,2418.55,6.0,15914.06,2025-02-07T00:00:00
7779,13769,3742,3,161.82,17.0,402.93,2024-03-10T00:00:00
7780,1174,5289,6,402.97,4.0,2321.11,2024-02-16T00:00:00
7781,6282,1177,2,2517.07,3.0,4883.12,2023-11-15T00:00:00
7782,9567,10854,3,487.22,10.0,1315.49,2025-03-03T00:00:00
7783,13860,2763,2,2661.57,17.0,4418.21,2025-01-24T00:00:00
7784,8621,9400,4,1601.94,4.0,6151.45,2023-12-27T00:00:00
7785,5200,1202,5,52.03,2.0,254.95,2024-06-30T00:00:00
7786,782,10452,5,1951.66,6.0,9172.8,2023-05-31T00:00:00
7787,12481,9264,6,1138.15,16.0,5736.28,2023-09-20T00:00:00
7788,9918,6454,7,1183.84,28.0,5966.55,2025-02-14T00:00:00
7789,12729,1623,5,1629.95,4.0,7823.76,2023-08-10T00:00:00
7790,5381,1674,10,2652.36,26.0,19627.46,2025-12-02T00:00:00
7791,3385,7523,2,2769.43,10.0,4984.97,2025-11-13T00:00:00
7792,8204,8380,7,1259.72,18.0,7230.79,2024-04-05T00:00:00
7793,14747,12174,8,1116.62,22.0,6967.71,2024-12-06T00:00:00
7794,8241,6802,2,1870.33,25.0,2805.49,2023-08-25T00:00:00
7795,885,5507,2,775.65,13.0,1349.63,2024-03-18T00:00:00
7796,5422,7021,4,382.21,2.0,1498.26,2023-12-09T00:00:00
7797,13044,9187,6,2120.99,8.0,11707.86,2024-11-23T00:00:00
7798,5229,1412,8,2332.79,20.0,14929.86,2025-08-24T00:00:00
7799,2593,6278,5,1871.14,3.0,9075.03,2023-07-19T00:00:00
7800,6618,1810,10,2478.59,3.0,24042.32,2024-04-30T00:00:00
7801,14665,6345,8,736.75,5.0,5599.3,2024-09-22T00:00:00
7802,4053,7081,1,2355.95,15.0,2002.56,2023-02-14T00:00:00
7803,6827,7815,1,615.8,28.0,443.38,2025-10-20T00:00:00
7804,7290,4138,6,1179.26,15.0,6014.23,2023-12-01T00:00:00
7805,7297,735,9,940.02,23.0,6514.34,2024-11-27T00:00:00
7806,5650,6482,4,2911.18,9.0,10596.7,2025-04-13T00:00:00
7807,9324,6509,4,1537.07,6.0,5779.38,2023-07-21T00:00:00
7808,7682,12751,8,2290.26,26.0,13558.34,2024-08-29T00:00:00
7809,156,14347,7,1127.38,17.0,6550.08,2024-02-03T00:00:00
7810,14047,7189,3,2898.15,21.0,6868.62,2024-04-02T00:00:00
7811,13145,9453,2,2689.44,11.0,4787.2,2023-03-22T00:00:00
7812,13910,7750,6,2887.06,23.0,13338.22,2023-01-14T00:00:00
7813,7923,7510,5,1208.48,5.0,5740.28,2024-07-22T00:00:00
7814,5897,13497,8,732.86,21.0,4631.68,2025-07-28T00:00:00
7815,5509,3322,2,2161.96,9.0,3934.77,2025-07-21T00:00:00
7816,10386,11860,7,2259.54,9.0,14393.27,2024-02-04T00:00:00
7817,30,4532,2,1049.69,6.0,1973.42,2023-11-20T00:00:00
7818,75,5436,10,2098.96,27.0,15322.41,2025-10-26T00:00:00
7819,10609,13891,5,1449.38,3.0,7029.49,2024-07-24T00:00:00
7820,9858,1495,3,404.7,14.0,1044.13,2024-08-31T00:00:00
7821,5390,857,10,1550.32,21.0,12247.53,2023-05-20T00:00:00
7822,13887,2230,7,2841.23,13.0,17303.09,2023-11-28T00:00:00
7823,11716,10605,8,1170.7,9.0,8522.7,2025-11-11T00:00:00
7824,539,2464,9,1982.2,15.0,15163.83,2024-11-01T00:00:00
7825,1474,28,10,2439.98,21.0,19275.84,2023-11-18T00:00:00
7826,3524,13048,4,1765.35,30.0,4942.98,2026-04-16T00:00:00
7827,6695,6480,10,486.16,15.0,4132.36,2026-03-27T00:00:00
7828,13189,14595,1,2564.52,4.0,2461.94,2023-09-05T00:00:00
7829,8278,11260,1,392.16,23.0,301.96,2025-09-27T00:00:00
7830,381,13926,9,2220.2,8.0,18383.26,2025-07-14T00:00:00
7831,3600,3525,7,2114.76,19.0,11990.69,2025-05-19T00:00:00
7832,1074,4853,8,2222.87,18.0,14582.03,2023-08-30T00:00:00
7833,5359,8083,10,2141.11,16.0,17985.32,2024-06-25T00:00:00
7834,13975,875,7,1109.5,10.0,6989.85,2025-07-12T00:00:00
7835,2544,9910,10,1109.89,10.0,9989.01,2023-03-13T00:00:00
7836,821,6456,1,1031.81,27.0,753.22,2025-03-28T00:00:00
7837,11470,4461,5,1102.57,2.0,5402.59,2024-06-15T00:00:00
7838,6458,12440,4,1798.39,21.0,5682.91,2025-10-05T00:00:00
7839,3349,1110,3,2952.65,1.0,8769.37,2023-11-22T00:00:00
7840,8302,496,7,1242.9,8.0,8004.28,2024-01-26T00:00:00
7841,6618,11652,5,1860.88,28.0,6699.17,2023-01-07T00:00:00
7842,3004,11456,6,2279.05,19.0,11076.18,2025-10-09T00:00:00
7843,1660,7417,10,434.1,18.0,3559.62,2023-11-12T00:00:00
7844,891,14725,9,1822.86,2.0,16077.63,2023-04-15T00:00:00
7845,13634,8773,1,2342.73,1.0,2319.3,2024-12-09T00:00:00
7846,10373,11585,2,346.98,2.0,680.08,2023-05-20T00:00:00
7847,733,14563,3,1178.1,26.0,2615.38,2026-06-05T00:00:00
7848,14301,7906,7,2090.23,12.0,12875.82,2024-11-30T00:00:00
7849,6224,1978,4,501.39,21.0,1584.39,2025-06-21T00:00:00
7850,11455,14582,2,2084.28,18.0,3418.22,2026-03-07T00:00:00
7851,1118,796,10,84.66,15.0,719.61,2025-09-19T00:00:00
7852,469,10544,2,686.77,6.0,1291.13,2024-07-30T00:00:00
7853,9761,6658,1,328.07,8.0,301.82,2025-11-27T00:00:00
7854,4184,11700,3,2331.08,22.0,5454.73,2025-09-19T00:00:00
7855,10076,5793,4,310.02,18.0,1016.87,2024-04-07T00:00:00
7856,11066,13534,9,2089.97,21.0,14859.69,2025-06-15T00:00:00
7857,9502,8944,10,1604.27,5.0,15240.57,2024-04-09T00:00:00
7858,9334,11090,10,678.75,16.0,5701.5,2023-10-10T00:00:00
7859,810,5230,5,2609.05,16.0,10958.01,2023-04-04T00:00:00
7860,8189,1784,4,101.29,28.0,291.72,2024-10-21T00:00:00
7861,3224,7296,10,368.6,7.0,3427.98,2024-03-31T00:00:00
7862,10472,4860,6,541.83,10.0,2925.88,2025-03-30T00:00:00
7863,3604,6129,9,267.33,19.0,1948.84,2024-11-26T00:00:00
7864,12752,4311,7,1512.09,7.0,9843.71,2025-12-30T00:00:00
7865,2364,8571,2,1087.25,12.0,1913.56,2025-05-10T00:00:00
7866,10581,6269,1,51.0,16.0,42.84,2025-04-09T00:00:00
7867,14180,1335,6,731.3,5.0,4168.41,2026-01-27T00:00:00
7868,2453,9770,9,820.64,18.0,6056.32,2026-01-24T00:00:00
7869,7980,14436,3,2066.58,8.0,5703.76,2025-04-22T00:00:00
7870,11648,11594,3,669.35,23.0,1546.2,2024-09-19T00:00:00
7871,11332,12421,6,1561.55,7.0,8713.45,2023-08-26T00:00:00
7872,12137,7426,5,1682.2,18.0,6897.02,2025-04-20T00:00:00
7873,1703,9035,10,1068.36,5.0,10149.42,2024-08-16T00:00:00
7874,14586,250,3,304.94,30.0,640.37,2025-01-29T00:00:00
7875,2756,2966,3,2853.63,20.0,6848.71,2023-10-13T00:00:00
7876,9536,12394,7,926.39,16.0,5447.17,2023-06-27T00:00:00
7877,292,3116,10,186.37,15.0,1584.14,2024-01-28T00:00:00
7878,5326,12393,7,2939.62,1.0,20371.57,2025-08-23T00:00:00
7879,5102,14802,3,1613.84,5.0,4599.44,2023-04-25T00:00:00
7880,3376,4483,3,290.35,21.0,688.13,2023-12-29T00:00:00
7881,1954,9529,10,1984.28,20.0,15874.24,2025-02-21T00:00:00
7882,4816,13754,10,2846.29,16.0,23908.84,2024-07-17T00:00:00
7883,4420,6932,8,2213.47,19.0,14343.29,2025-06-03T00:00:00
7884,11765,2964,4,508.65,21.0,1607.33,2025-05-20T00:00:00
7885,4841,10721,4,2645.65,17.0,8783.56,2024-09-15T00:00:00
7886,2051,5350,2,372.43,7.0,692.72,2026-04-23T00:00:00
7887,1181,4054,8,2633.37,24.0,16010.89,2024-02-18T00:00:00
7888,9774,14132,2,614.92,10.0,1106.86,2024-01-14T00:00:00
7889,8542,5640,9,141.27,13.0,1106.14,2025-11-28T00:00:00
7890,11589,7232,4,2880.08,19.0,9331.46,2023-03-06T00:00:00
7891,13870,2120,1,2180.2,15.0,1853.17,2023-06-06T00:00:00
7892,14047,8440,10,2889.56,8.0,26583.95,2023-03-01T00:00:00
7893,9777,5680,5,201.61,30.0,705.63,2024-10-31T00:00:00
7894,3681,6941,6,144.38,11.0,770.99,2024-08-10T00:00:00
7895,11754,3643,3,1045.07,17.0,2602.22,2023-04-16T00:00:00
7896,8279,6766,10,2271.37,22.0,17716.69,2024-10-10T00:00:00
7897,12644,6768,2,1849.81,11.0,3292.66,2023-07-19T00:00:00
7898,558,1235,6,2736.76,13.0,14285.89,2023-08-28T00:00:00
7899,7211,9045,5,761.65,28.0,2741.94,2024-07-09T00:00:00
7900,4708,3328,3,2980.85,28.0,6438.64,2024-12-21T00:00:00
7901,5814,922,6,1008.78,10.0,5447.41,2023-02-27T00:00:00
7902,10929,9808,3,389.81,17.0,970.63,2023-07-14T00:00:00
7903,1132,5952,7,1520.37,11.0,9471.91,2024-10-16T00:00:00
7904,11596,12361,8,378.51,19.0,2452.74,2024-10-20T00:00:00
7905,9745,10610,1,874.6,23.0,673.44,2023-01-29T00:00:00
7906,14137,3842,2,2060.12,18.0,3378.6,2023-08-26T00:00:00
7907,1307,2990,10,2904.39,1.0,28753.46,2023-07-15T00:00:00
7908,13104,4791,10,163.76,18.0,1342.83,2024-12-19T00:00:00
7909,9382,4329,9,2005.43,23.0,13897.63,2023-09-14T00:00:00
7910,10236,2357,1,2883.67,6.0,2710.65,2024-04-27T00:00:00
7911,1826,7301,8,1962.2,18.0,12872.03,2024-07-11T00:00:00
7912,5293,2490,6,128.27,9.0,700.35,2025-03-31T00:00:00
7913,668,14199,6,705.44,8.0,3894.03,2025-02-20T00:00:00
7914,5667,11914,7,243.31,6.0,1600.98,2025-02-01T00:00:00
7915,5383,3346,6,391.04,16.0,1970.84,2025-06-04T00:00:00
7916,10667,7425,8,537.62,14.0,3698.83,2023-11-11T00:00:00
7917,10640,1843,4,987.93,1.0,3912.2,2024-09-19T00:00:00
7918,4673,1255,4,43.63,29.0,123.91,2026-03-16T00:00:00
7919,3041,13912,10,149.26,29.0,1059.75,2025-06-30T00:00:00
7920,11981,4455,3,1906.03,14.0,4917.56,2023-07-29T00:00:00
7921,7448,985,10,301.12,11.0,2679.97,2025-05-18T00:00:00
7922,5202,4528,4,288.21,28.0,830.04,2024-03-31T00:00:00
7923,12144,12676,8,2632.28,5.0,20005.33,2023-12-19T00:00:00
7924,8740,10996,5,1694.17,15.0,7200.22,2023-10-01T00:00:00
7925,5282,8473,10,260.1,21.0,2054.79,2025-08-26T00:00:00
7926,7959,12749,2,1360.24,3.0,2638.87,2024-11-19T00:00:00
7927,9678,11313,8,1664.71,18.0,10920.5,2024-12-24T00:00:00
7928,5991,12858,4,2611.59,21.0,8252.62,2023-09-04T00:00:00
7929,12530,11039,9,1856.56,23.0,12865.96,2023-03-07T00:00:00
7930,816,4126,7,2838.25,11.0,17682.3,2025-05-10T00:00:00
7931,7430,1478,4,952.15,29.0,2704.11,2024-06-13T00:00:00
7932,8133,1925,8,1854.87,10.0,13355.06,2024-09-29T00:00:00
7933,9090,9488,9,1283.33,14.0,9932.97,2026-01-10T00:00:00
7934,2757,6118,6,1401.55,25.0,6306.97,2025-11-15T00:00:00
7935,6157,14467,2,1441.6,12.0,2537.22,2023-10-26T00:00:00
7936,14635,2259,1,2693.55,7.0,2505.0,2024-03-17T00:00:00
7937,10003,271,2,2772.01,4.0,5322.26,2025-03-26T00:00:00
7938,11556,9529,4,2101.2,5.0,7984.56,2023-02-15T00:00:00
7939,5452,1140,4,383.23,4.0,1471.6,2025-01-16T00:00:00
7940,9490,6653,6,1718.41,1.0,10207.36,2023-01-25T00:00:00
7941,9164,13965,8,2066.86,25.0,12401.16,2026-02-03T00:00:00
7942,7429,12810,10,1121.46,17.0,9308.12,2023-10-26T00:00:00
7943,2896,2430,2,13.69,18.0,22.45,2026-05-26T00:00:00
7944,14686,6149,6,44.53,18.0,219.09,2024-09-30T00:00:00
7945,10587,14607,2,1732.41,11.0,3083.69,2025-01-12T00:00:00
7946,8179,2897,4,1671.07,25.0,5013.21,2025-03-06T00:00:00
7947,11006,13361,7,1490.0,9.0,9491.3,2023-09-30T00:00:00
7948,9393,4016,2,2485.9,7.0,4623.77,2023-10-17T00:00:00
7949,11700,9114,3,430.99,29.0,918.01,2025-10-20T00:00:00
7950,10982,7010,2,160.11,24.0,243.37,2025-09-02T00:00:00
7951,85,7741,5,1514.77,23.0,5831.86,2023-05-07T00:00:00
7952,12920,13804,9,1290.79,6.0,10920.08,2025-12-23T00:00:00
7953,12987,8080,10,2481.41,22.0,19355.0,2026-02-03T00:00:00
7954,4560,4910,2,1458.39,22.0,2275.09,2026-03-21T00:00:00
7955,7385,8017,5,562.84,12.0,2476.5,2025-03-12T00:00:00
7956,12290,9266,5,2885.74,24.0,10965.81,2024-07-08T00:00:00
7957,10376,11049,2,1437.39,14.0,2472.31,2024-10-08T00:00:00
7958,5294,13571,4,2418.69,15.0,8223.55,2024-04-11T00:00:00
7959,1750,1887,5,1068.61,30.0,3740.13,2025-08-31T00:00:00
7960,12735,7052,10,1494.22,19.0,12103.18,2025-05-28T00:00:00
7961,7091,3602,7,2290.67,6.0,15072.61,2024-03-30T00:00:00
7962,10764,12293,1,2211.72,15.0,1879.96,2023-01-01T00:00:00
7963,7837,8847,4,503.92,27.0,1471.45,2026-03-22T00:00:00
7964,815,9149,5,287.77,28.0,1035.97,2025-07-29T00:00:00
7965,7158,8734,6,1398.72,12.0,7385.24,2024-06-21T00:00:00
7966,93,9870,1,832.99,0.0,832.99,2025-07-15T00:00:00
7967,10218,6511,5,764.4,21.0,3019.38,2026-01-23T00:00:00
7968,1312,7366,1,1715.52,9.0,1561.12,2023-02-26T00:00:00
7969,7767,2903,6,1285.9,8.0,7098.17,2024-04-11T00:00:00
7970,1126,10303,6,1312.24,21.0,6220.02,2023-01-23T00:00:00
7971,6975,6650,9,1524.1,27.0,10013.34,2024-09-10T00:00:00
7972,9638,2522,1,2679.68,28.0,1929.37,2026-03-29T00:00:00
7973,4751,200,10,2896.61,7.0,26938.47,2025-05-12T00:00:00
7974,3391,4340,5,34.58,12.0,152.15,2024-05-06T00:00:00
7975,9878,10812,10,2656.98,26.0,19661.65,2026-02-09T00:00:00
7976,1062,10216,8,1359.84,1.0,10769.93,2023-12-06T00:00:00
7977,10369,9213,1,1027.86,28.0,740.06,2025-06-06T00:00:00
7978,14508,5662,10,2572.5,22.0,20065.5,2026-02-10T00:00:00
7979,9687,12802,3,699.41,8.0,1930.37,2024-09-06T00:00:00
7980,307,8033,3,63.75,14.0,164.47,2023-02-23T00:00:00
7981,4856,11529,9,1323.16,12.0,10479.43,2024-09-06T00:00:00
7982,14643,7357,9,234.92,25.0,1585.71,2023-03-10T00:00:00
7983,10727,8342,9,1151.93,12.0,9123.29,2023-11-19T00:00:00
7984,5444,2745,3,1085.2,7.0,3027.71,2024-12-08T00:00:00
7985,2808,8090,2,693.45,22.0,1081.78,2024-05-17T00:00:00
7986,9566,6457,5,309.08,24.0,1174.5,2025-08-05T00:00:00
7987,5390,11074,9,820.24,6.0,6939.23,2023-01-18T00:00:00
7988,5678,2925,2,2953.33,24.0,4489.06,2024-02-12T00:00:00
7989,8348,3783,10,2358.23,26.0,17450.9,2023-05-06T00:00:00
7990,526,5390,9,230.31,9.0,1886.24,2024-10-21T00:00:00
7991,10313,922,1,190.53,26.0,140.99,2023-08-28T00:00:00
7992,13415,14237,1,1657.93,20.0,1326.34,2026-05-10T00:00:00
7993,3894,9466,3,2853.29,18.0,7019.09,2025-07-06T00:00:00
7994,5629,11948,9,2648.17,30.0,16683.47,2025-11-02T00:00:00
7995,9145,7891,10,1935.93,8.0,17810.56,2024-10-22T00:00:00
7996,8324,12199,1,1043.51,28.0,751.33,2024-01-06T00:00:00
7997,112,13860,9,164.35,6.0,1390.4,2026-06-03T00:00:00
7998,2753,6601,2,415.04,27.0,605.96,2024-10-01T00:00:00
7999,8077,11496,2,2759.7,10.0,4967.46,2024-08-15T00:00:00
8000,5213,1951,4,527.4,25.0,1582.2,2025-11-05T00:00:00
8001,5342,10889,8,2063.24,18.0,13534.85,2025-07-15T00:00:00
8002,208,11474,9,1133.52,23.0,7855.29,2025-10-05T00:00:00
8003,301,4329,8,2201.79,17.0,14619.89,2024-09-16T00:00:00
8004,9469,9913,8,2395.18,13.0,16670.45,2025-11-19T00:00:00
8005,14860,5882,9,644.91,22.0,4527.27,2025-01-04T00:00:00
8006,12015,11057,2,2635.44,2.0,5165.46,2023-05-03T00:00:00
8007,48,2174,7,1360.8,21.0,7525.22,2025-07-26T00:00:00
8008,11115,160,9,2997.42,5.0,25627.94,2025-03-27T00:00:00
8009,13284,2027,7,300.79,27.0,1537.04,2024-01-02T00:00:00
8010,12746,6711,1,880.6,22.0,686.87,2023-02-10T00:00:00
8011,10260,13858,4,181.82,19.0,589.1,2023-06-18T00:00:00
8012,11992,3274,7,2639.28,16.0,15518.97,2025-08-20T00:00:00
8013,11098,12034,10,241.68,19.0,1957.61,2024-11-20T00:00:00
8014,9655,5874,4,1910.54,22.0,5960.88,2024-04-26T00:00:00
8015,2110,7527,2,1625.59,3.0,3153.64,2023-01-28T00:00:00
8016,1163,9063,4,955.17,14.0,3285.78,2024-04-21T00:00:00
8017,8823,10723,10,2185.56,13.0,19014.37,2025-09-26T00:00:00
8018,10247,10287,8,1997.09,3.0,15497.42,2025-03-15T00:00:00
8019,5745,8387,6,2052.01,17.0,10219.01,2024-10-05T00:00:00
8020,1976,12813,9,808.79,22.0,5677.71,2025-06-19T00:00:00
8021,5098,5449,3,2430.58,2.0,7145.91,2024-10-16T00:00:00
8022,11718,12206,5,1787.97,13.0,7777.67,2026-05-02T00:00:00
8023,6775,5320,2,1589.48,25.0,2384.22,2024-12-27T00:00:00
8024,9657,10810,2,2542.15,1.0,5033.46,2025-08-30T00:00:00
8025,12597,14038,8,2991.55,5.0,22735.78,2024-11-04T00:00:00
8026,13027,12349,8,215.29,13.0,1498.42,2024-04-17T00:00:00
8027,3312,62,9,906.08,7.0,7583.89,2024-08-25T00:00:00
8028,13651,9590,5,2320.57,3.0,11254.76,2026-05-25T00:00:00
8029,7760,9634,5,1694.6,11.0,7540.97,2023-11-27T00:00:00
8030,11309,366,9,1793.38,22.0,12589.53,2025-08-27T00:00:00
8031,997,12475,9,2172.83,0.0,19555.47,2024-07-06T00:00:00
8032,2399,10461,5,1981.04,12.0,8716.58,2026-01-02T00:00:00
8033,14450,8759,6,2508.11,21.0,11888.44,2024-11-09T00:00:00
8034,8332,2158,4,974.61,19.0,3157.74,2023-11-14T00:00:00
8035,14124,1848,9,2873.24,15.0,21980.29,2024-09-08T00:00:00
8036,10044,3738,3,2997.67,6.0,8453.43,2023-11-04T00:00:00
8037,3096,10170,8,94.18,4.0,723.3,2023-04-08T00:00:00
8038,5715,247,5,200.84,24.0,763.19,2025-08-19T00:00:00
8039,4454,10964,4,2895.71,16.0,9729.59,2024-09-16T00:00:00
8040,5274,2803,3,300.17,16.0,756.43,2023-02-22T00:00:00
8041,491,2879,3,1844.59,26.0,4094.99,2023-07-11T00:00:00
8042,3886,6117,5,714.39,14.0,3071.88,2023-03-18T00:00:00
8043,2520,6857,4,2705.56,19.0,8766.01,2023-02-20T00:00:00
8044,4901,8074,7,596.73,1.0,4135.34,2024-01-24T00:00:00
8045,13115,8157,10,190.07,27.0,1387.51,2024-12-26T00:00:00
8046,5618,5738,2,2442.16,10.0,4395.89,2025-10-15T00:00:00
8047,13358,8121,4,596.62,23.0,1837.59,2025-06-27T00:00:00
8048,12226,10034,10,1186.09,10.0,10674.81,2026-05-05T00:00:00
8049,2821,13062,3,2629.89,27.0,5759.46,2024-11-27T00:00:00
8050,2419,12984,1,2329.59,25.0,1747.19,2025-10-18T00:00:00
8051,14091,7025,10,1933.27,6.0,18172.74,2024-07-11T00:00:00
8052,7394,13856,4,1755.13,14.0,6037.65,2025-12-04T00:00:00
8053,6952,10134,9,550.18,24.0,3763.23,2024-11-21T00:00:00
8054,13633,9950,10,980.33,4.0,9411.17,2023-09-21T00:00:00
8055,1669,5823,1,201.79,6.0,189.68,2025-09-14T00:00:00
8056,5303,10351,8,2149.66,5.0,16337.42,2025-03-06T00:00:00
8057,12248,12361,10,498.12,24.0,3785.71,2024-02-15T00:00:00
8058,4839,7543,9,2153.2,8.0,17828.5,2023-11-08T00:00:00
8059,12609,167,1,227.83,3.0,221.0,2025-05-28T00:00:00
8060,3169,14386,8,1236.84,30.0,6926.3,2025-06-28T00:00:00
8061,1019,12866,7,2041.81,21.0,11291.21,2025-09-27T00:00:00
8062,11623,12668,3,2553.16,28.0,5514.83,2023-10-20T00:00:00
8063,10179,3077,4,826.55,24.0,2512.71,2025-12-17T00:00:00
8064,10507,3383,6,1244.25,6.0,7017.57,2024-11-12T00:00:00
8065,14408,6900,9,1170.98,7.0,9801.1,2026-02-11T00:00:00
8066,13918,3877,6,476.18,18.0,2342.81,2026-04-23T00:00:00
8067,8423,5930,7,417.91,13.0,2545.07,2024-10-28T00:00:00
8068,11849,1276,5,1148.18,18.0,4707.54,2025-03-17T00:00:00
8069,13760,13698,5,1183.69,4.0,5681.71,2025-10-24T00:00:00
8070,3207,6516,3,605.92,6.0,1708.69,2024-05-16T00:00:00
8071,14418,12098,1,2952.61,18.0,2421.14,2023-05-18T00:00:00
8072,11924,10810,8,1500.55,1.0,11884.36,2025-02-13T00:00:00
8073,7969,14676,6,1414.46,10.0,7638.08,2025-10-04T00:00:00
8074,2285,10172,9,1846.01,27.0,12128.29,2025-02-11T00:00:00
8075,13494,2539,5,829.93,24.0,3153.73,2023-01-06T00:00:00
8076,2173,1001,9,105.52,5.0,902.2,2024-09-22T00:00:00
8077,4022,10858,7,169.21,3.0,1148.94,2024-06-17T00:00:00
8078,7655,11801,5,906.12,30.0,3171.42,2026-01-22T00:00:00
8079,2973,13729,2,2751.01,15.0,4676.72,2024-12-31T00:00:00
8080,10885,3012,7,1321.82,6.0,8697.58,2024-08-28T00:00:00
8081,4003,12995,5,1387.77,3.0,6730.68,2023-10-04T00:00:00
8082,21,12046,9,1837.26,22.0,12897.57,2023-01-02T00:00:00
8083,12626,11491,4,362.86,26.0,1074.07,2026-03-15T00:00:00
8084,358,4509,4,1699.98,24.0,5167.94,2024-06-25T00:00:00
8085,461,5455,9,2063.21,4.0,17826.13,2024-10-23T00:00:00
8086,6589,12730,7,1034.72,26.0,5359.85,2023-04-15T00:00:00
8087,8088,12952,6,2829.42,25.0,12732.39,2023-05-23T00:00:00
8088,8682,13839,7,1173.8,27.0,5998.12,2023-03-14T00:00:00
8089,14826,2091,3,1916.04,19.0,4655.98,2025-12-25T00:00:00
8090,9792,1445,7,1509.09,0.0,10563.63,2023-10-01T00:00:00
8091,3052,52,5,253.97,27.0,926.99,2026-03-06T00:00:00
8092,11386,1000,8,438.17,22.0,2734.18,2025-04-23T00:00:00
8093,2052,816,4,1359.21,16.0,4566.95,2026-04-25T00:00:00
8094,11201,11209,4,980.1,8.0,3606.77,2023-01-26T00:00:00
8095,11900,6767,5,1985.73,22.0,7744.35,2025-07-16T00:00:00
8096,2577,6445,9,2780.81,4.0,24026.2,2025-01-28T00:00:00
8097,5334,14816,6,1515.74,22.0,7093.66,2025-03-18T00:00:00
8098,6826,8480,3,320.41,10.0,865.11,2023-05-19T00:00:00
8099,5360,8294,5,1541.74,15.0,6552.39,2025-09-12T00:00:00
8100,5128,914,9,645.13,10.0,5225.55,2025-03-16T00:00:00
8101,4073,4718,10,2309.11,24.0,17549.24,2023-10-05T00:00:00
8102,12238,2724,8,195.05,26.0,1154.7,2024-11-10T00:00:00
8103,6072,4767,6,671.81,4.0,3869.63,2024-10-15T00:00:00
8104,8848,6437,4,1595.47,20.0,5105.5,2023-07-19T00:00:00
8105,12305,3125,7,2161.01,28.0,10891.49,2026-04-13T00:00:00
8106,8269,3778,9,1300.58,19.0,9481.23,2023-04-22T00:00:00
8107,6347,6214,3,1790.59,23.0,4136.26,2024-03-02T00:00:00
8108,8276,11933,6,219.79,25.0,989.06,2023-07-27T00:00:00
8109,219,1698,1,365.63,3.0,354.66,2023-07-10T00:00:00
8110,5203,14242,9,1666.2,24.0,11396.81,2026-04-18T00:00:00
8111,3902,50,7,2084.0,0.0,14588.0,2025-03-06T00:00:00
8112,11284,938,7,2171.89,25.0,11402.42,2023-07-22T00:00:00
8113,14168,2381,1,1369.38,4.0,1314.6,2026-04-27T00:00:00
8114,97,13167,7,1569.42,17.0,9118.33,2023-01-26T00:00:00
8115,11444,3411,2,1113.43,5.0,2115.52,2023-07-11T00:00:00
8116,5711,4003,1,808.87,23.0,622.83,2023-06-27T00:00:00
8117,13790,5492,5,1812.6,26.0,6706.62,2023-11-10T00:00:00
8118,8516,3429,9,2034.48,17.0,15197.57,2023-06-12T00:00:00
8119,1917,12243,9,245.26,24.0,1677.58,2023-08-01T00:00:00
8120,5656,10167,4,1997.77,28.0,5753.58,2023-02-03T00:00:00
8121,10450,1620,6,682.7,5.0,3891.39,2025-04-02T00:00:00
8122,12803,14423,10,2821.25,2.0,27648.25,2023-04-02T00:00:00
8123,13583,703,2,81.26,26.0,120.26,2025-12-21T00:00:00
8124,10112,4743,4,955.72,3.0,3708.19,2025-01-18T00:00:00
8125,1133,8334,4,2894.73,30.0,8105.24,2024-07-27T00:00:00
8126,11720,12032,2,2674.23,13.0,4653.16,2023-09-21T00:00:00
8127,3478,4428,8,1166.94,22.0,7281.71,2023-06-26T00:00:00
8128,5774,3802,8,349.3,23.0,2151.69,2023-08-19T00:00:00
8129,5462,7156,10,1736.04,26.0,12846.7,2023-04-23T00:00:00
8130,7225,12077,1,268.32,19.0,217.34,2024-07-01T00:00:00
8131,11235,3317,1,611.89,11.0,544.58,2025-01-13T00:00:00
8132,1618,14966,4,1094.19,16.0,3676.48,2025-03-08T00:00:00
8133,14367,8415,8,618.29,19.0,4006.52,2023-03-23T00:00:00
8134,13001,10101,8,1301.37,23.0,8016.44,2024-03-08T00:00:00
8135,2570,13251,9,272.17,1.0,2425.03,2024-05-26T00:00:00
8136,13424,8660,7,2829.06,18.0,16238.8,2023-07-22T00:00:00
8137,10118,11968,3,195.19,29.0,415.75,2026-01-21T00:00:00
8138,8155,5854,2,573.33,17.0,951.73,2023-07-26T00:00:00
8139,2056,1984,4,2444.1,21.0,7723.36,2025-12-21T00:00:00
8140,8191,5148,9,2364.35,16.0,17874.49,2025-08-30T00:00:00
8141,8612,2803,6,1843.18,10.0,9953.17,2024-10-08T00:00:00
8142,12720,1823,3,2904.16,10.0,7841.23,2023-03-27T00:00:00
8143,3609,4098,5,1683.13,21.0,6648.36,2024-07-23T00:00:00
8144,809,2660,10,1591.32,6.0,14958.41,2024-03-24T00:00:00
8145,12060,1167,6,1242.44,12.0,6560.08,2024-09-07T00:00:00
8146,1560,9109,1,513.75,17.0,426.41,2024-05-22T00:00:00
8147,4086,10367,7,2577.73,8.0,16600.58,2024-03-11T00:00:00
8148,13049,13086,2,2497.15,25.0,3745.73,2024-04-09T00:00:00
8149,7685,12018,9,2058.34,20.0,14820.05,2023-09-23T00:00:00
8150,698,8199,10,516.56,24.0,3925.86,2026-03-07T00:00:00
8151,6686,14925,4,687.89,12.0,2421.37,2024-09-14T00:00:00
8152,5771,5402,6,1922.15,16.0,9687.64,2023-09-14T00:00:00
8153,11407,7042,9,1979.68,10.0,16035.41,2024-11-15T00:00:00
8154,11372,4093,7,1791.7,26.0,9281.01,2023-08-01T00:00:00
8155,2632,1871,6,877.53,27.0,3843.58,2025-10-01T00:00:00
8156,12689,5048,9,834.31,18.0,6157.21,2023-09-23T00:00:00
8157,8035,1862,5,1047.25,3.0,5079.16,2024-06-23T00:00:00
8158,4800,14746,7,690.14,9.0,4396.19,2023-02-01T00:00:00
8159,11814,3473,7,731.59,3.0,4967.5,2023-01-11T00:00:00
8160,11960,5625,1,1848.99,14.0,1590.13,2023-02-19T00:00:00
8161,763,9402,10,2306.61,14.0,19836.85,2023-03-11T00:00:00
8162,25,2965,9,1075.57,1.0,9583.33,2025-05-09T00:00:00
8163,4159,6800,2,2806.52,12.0,4939.48,2026-03-04T00:00:00
8164,10953,9363,2,2496.78,24.0,3795.11,2024-06-16T00:00:00
8165,3726,11608,6,539.92,11.0,2883.17,2025-07-26T00:00:00
8166,8227,13075,2,2720.86,8.0,5006.38,2023-04-28T00:00:00
8167,5603,6944,6,1776.82,7.0,9914.66,2024-06-25T00:00:00
8168,9562,2094,8,1690.28,10.0,12170.02,2025-04-07T00:00:00
8169,10459,11445,1,2026.58,24.0,1540.2,2024-04-03T00:00:00
8170,14748,6391,4,822.86,23.0,2534.41,2023-07-17T00:00:00
8171,2995,4744,7,1572.06,24.0,8363.36,2023-03-02T00:00:00
8172,1737,12170,10,2998.6,16.0,25188.24,2023-08-06T00:00:00
8173,6622,8410,5,1985.57,23.0,7644.44,2025-10-03T00:00:00
8174,3238,7850,1,723.22,15.0,614.74,2026-01-02T00:00:00
8175,4894,14673,8,1329.38,16.0,8933.43,2023-02-18T00:00:00
8176,10667,5729,3,2117.07,27.0,4636.38,2023-05-24T00:00:00
8177,292,3715,3,322.51,26.0,715.97,2023-04-13T00:00:00
8178,13892,20,4,1925.25,18.0,6314.82,2025-06-23T00:00:00
8179,11930,3532,7,2126.79,23.0,11463.4,2025-12-01T00:00:00
8180,13002,14965,1,470.29,2.0,460.88,2026-04-03T00:00:00
8181,2020,14915,10,1520.45,27.0,11099.28,2024-08-23T00:00:00
8182,14145,10700,9,243.35,18.0,1795.92,2023-04-27T00:00:00
8183,8828,2933,6,1348.96,19.0,6555.95,2024-11-21T00:00:00
8184,12915,13780,2,2025.31,27.0,2956.95,2025-04-04T00:00:00
8185,5193,6096,10,1373.3,17.0,11398.39,2024-04-27T00:00:00
8186,7775,853,2,353.85,13.0,615.7,2026-05-28T00:00:00
8187,7106,5817,6,1829.16,15.0,9328.72,2024-06-17T00:00:00
8188,2517,14134,2,101.2,29.0,143.7,2026-05-30T00:00:00
8189,8115,11249,7,2535.8,14.0,15265.52,2026-03-20T00:00:00
8190,13325,3639,2,2025.76,23.0,3119.67,2026-01-24T00:00:00
8191,7169,13386,4,2953.22,21.0,9332.18,2026-02-05T00:00:00
8192,8345,9476,7,2095.85,30.0,10269.66,2023-01-14T00:00:00
8193,4220,13739,2,135.06,21.0,213.39,2025-10-15T00:00:00
8194,12829,11681,3,225.88,16.0,569.22,2023-12-20T00:00:00
8195,2119,10315,3,862.14,17.0,2146.73,2024-12-01T00:00:00
8196,12006,9543,2,1782.91,16.0,2995.29,2026-06-07T00:00:00
8197,2746,8011,2,2109.29,22.0,3290.49,2023-04-02T00:00:00
8198,7210,1211,8,784.79,1.0,6215.54,2023-09-09T00:00:00
8199,4456,11868,3,2179.17,6.0,6145.26,2025-01-11T00:00:00
8200,9237,4360,10,1862.92,10.0,16766.28,2023-06-05T00:00:00
8201,8400,1740,4,1284.49,12.0,4521.4,2024-08-22T00:00:00
8202,12857,2146,6,1813.75,22.0,8488.35,2025-05-09T00:00:00
8203,5015,9554,4,655.48,2.0,2569.48,2024-09-15T00:00:00
8204,9413,7642,4,803.59,23.0,2475.06,2026-03-29T00:00:00
8205,2726,7577,9,374.75,18.0,2765.66,2025-05-14T00:00:00
8206,10359,3883,3,2540.72,13.0,6631.28,2026-06-01T00:00:00
8207,10536,7533,6,172.91,5.0,985.59,2023-07-29T00:00:00
8208,7186,2629,6,2537.86,27.0,11115.83,2023-05-20T00:00:00
8209,12315,8886,8,2357.98,15.0,16034.26,2023-09-23T00:00:00
8210,10636,10874,9,640.93,24.0,4383.96,2025-11-10T00:00:00
8211,9131,1004,2,744.54,9.0,1355.06,2026-04-07T00:00:00
8212,14432,7680,2,1795.24,27.0,2621.05,2024-12-21T00:00:00
8213,5140,1006,2,452.76,26.0,670.08,2025-04-28T00:00:00
8214,270,7003,10,2927.62,18.0,24006.48,2023-10-03T00:00:00
8215,5660,5057,9,324.57,17.0,2424.54,2025-12-21T00:00:00
8216,4177,11563,4,1776.62,9.0,6466.9,2025-08-22T00:00:00
8217,1492,7465,8,1825.72,17.0,12122.78,2026-05-06T00:00:00
8218,9945,2355,10,719.97,15.0,6119.75,2025-04-09T00:00:00
8219,1795,935,5,1952.3,19.0,7906.82,2025-04-13T00:00:00
8220,11344,4327,7,1068.15,2.0,7327.51,2023-07-03T00:00:00
8221,14280,13308,6,1141.32,27.0,4998.98,2023-02-13T00:00:00
8222,7047,325,9,285.34,27.0,1874.68,2023-11-19T00:00:00
8223,2805,7898,9,2186.52,16.0,16530.09,2024-11-22T00:00:00
8224,6928,8556,4,549.3,27.0,1603.96,2025-02-17T00:00:00
8225,6293,13760,10,1704.09,6.0,16018.45,2023-09-20T00:00:00
8226,2451,8614,1,1859.59,17.0,1543.46,2025-08-29T00:00:00
8227,7222,4494,4,2201.44,23.0,6780.44,2025-06-30T00:00:00
8228,11460,5718,2,584.49,21.0,923.49,2024-03-05T00:00:00
8229,918,7411,1,475.16,16.0,399.13,2024-10-22T00:00:00
8230,12461,5408,3,177.92,21.0,421.67,2023-03-16T00:00:00
8231,14794,7789,5,1739.92,26.0,6437.7,2023-07-07T00:00:00
8232,2908,3138,2,280.14,13.0,487.44,2025-11-06T00:00:00
8233,905,12276,5,2225.48,17.0,9235.74,2023-07-06T00:00:00
8234,3089,5252,9,327.96,24.0,2243.25,2025-09-29T00:00:00
8235,14011,9072,8,2802.13,15.0,19054.48,2024-10-14T00:00:00
8236,14849,9260,3,1110.97,12.0,2932.96,2025-02-09T00:00:00
8237,2729,1847,5,148.3,2.0,726.67,2024-08-16T00:00:00
8238,2979,8118,6,1189.45,22.0,5566.63,2024-06-17T00:00:00
8239,14784,14064,4,556.47,29.0,1580.37,2026-01-14T00:00:00
8240,5122,14609,3,2598.77,18.0,6392.97,2024-06-27T00:00:00
8241,12477,11533,8,635.37,14.0,4371.35,2023-11-30T00:00:00
8242,3965,13779,5,2296.17,27.0,8381.02,2024-09-17T00:00:00
8243,11186,8003,6,1609.75,6.0,9078.99,2024-07-08T00:00:00
8244,3534,3062,1,507.84,9.0,462.13,2026-01-01T00:00:00
8245,6564,5725,6,2727.4,3.0,15873.47,2023-02-18T00:00:00
8246,6596,8663,8,52.62,16.0,353.61,2023-03-13T00:00:00
8247,14320,13798,3,1323.18,22.0,3096.24,2026-02-25T00:00:00
8248,2814,9154,8,1085.17,9.0,7900.04,2023-01-27T00:00:00
8249,2627,1107,3,2876.08,24.0,6557.46,2025-08-23T00:00:00
8250,2319,4393,1,1319.87,21.0,1042.7,2024-06-04T00:00:00
8251,3438,4116,5,1481.19,20.0,5924.76,2026-03-12T00:00:00
8252,4520,2237,7,909.49,16.0,5347.8,2024-10-23T00:00:00
8253,3278,1734,5,1457.54,30.0,5101.39,2023-10-28T00:00:00
8254,5719,12911,6,944.83,22.0,4421.8,2025-04-27T00:00:00
8255,12560,11163,8,1612.09,14.0,11091.18,2025-01-06T00:00:00
8256,2053,12432,6,1959.88,16.0,9877.8,2025-04-18T00:00:00
8257,14351,7340,7,1170.45,6.0,7701.56,2023-07-29T00:00:00
8258,2193,9183,4,1726.46,6.0,6491.49,2024-07-12T00:00:00
8259,10534,4013,2,1983.17,7.0,3688.7,2025-03-22T00:00:00
8260,11260,7785,10,2942.17,11.0,26185.31,2026-04-16T00:00:00
8261,3905,12797,4,2625.46,29.0,7456.31,2023-03-20T00:00:00
8262,14130,1606,6,791.64,22.0,3704.88,2024-05-23T00:00:00
8263,9084,7273,10,293.94,11.0,2616.07,2026-01-03T00:00:00
8264,4436,3426,4,382.51,21.0,1208.73,2023-01-31T00:00:00
8265,5083,5314,7,144.26,10.0,908.84,2024-10-29T00:00:00
8266,9550,6539,5,1880.4,27.0,6863.46,2024-02-01T00:00:00
8267,1192,2366,7,335.8,9.0,2139.05,2025-01-27T00:00:00
8268,11938,202,2,2884.25,1.0,5710.81,2025-11-01T00:00:00
8269,4069,2474,7,336.48,11.0,2096.27,2024-03-26T00:00:00
8270,13649,2827,10,1616.15,30.0,11313.05,2024-10-11T00:00:00
8271,10054,8000,8,1834.88,26.0,10862.49,2023-06-21T00:00:00
8272,5687,125,9,2502.26,9.0,20493.51,2026-02-20T00:00:00
8273,397,3198,6,1555.71,15.0,7934.12,2023-02-05T00:00:00
8274,9616,3920,9,232.17,20.0,1671.62,2023-08-06T00:00:00
8275,3654,14812,10,152.82,8.0,1405.94,2025-02-22T00:00:00
8276,12657,531,8,1037.71,10.0,7471.51,2023-09-10T00:00:00
8277,10748,4934,5,352.5,14.0,1515.75,2026-01-30T00:00:00
8278,4984,1002,6,177.32,23.0,819.22,2023-03-03T00:00:00
8279,324,8193,4,1172.56,15.0,3986.7,2025-04-24T00:00:00
8280,7957,2856,7,326.51,18.0,1874.17,2025-04-15T00:00:00
8281,10328,13236,9,2053.58,2.0,18112.58,2024-02-12T00:00:00
8282,1012,4347,3,1324.47,13.0,3456.87,2024-09-10T00:00:00
8283,18,779,1,2563.87,10.0,2307.48,2025-09-10T00:00:00
8284,4159,3648,5,2434.22,10.0,10953.99,2024-11-21T00:00:00
8285,12317,970,4,1625.12,5.0,6175.46,2023-10-25T00:00:00
8286,13736,2406,5,420.66,25.0,1577.48,2023-08-01T00:00:00
8287,8705,12655,2,1257.23,13.0,2187.58,2025-07-17T00:00:00
8288,8299,4508,1,2990.01,2.0,2930.21,2023-08-21T00:00:00
8289,2842,6105,1,1307.48,2.0,1281.33,2023-08-18T00:00:00
8290,3595,3833,5,2882.71,15.0,12251.52,2025-07-31T00:00:00
8291,11821,11255,6,723.37,24.0,3298.57,2024-09-06T00:00:00
8292,5038,7309,4,1455.2,2.0,5704.38,2023-05-28T00:00:00
8293,4498,10915,6,2821.58,20.0,13543.58,2024-02-14T00:00:00
8294,11515,1624,3,1890.89,10.0,5105.4,2024-12-02T00:00:00
8295,2026,754,9,733.63,20.0,5282.14,2023-07-17T00:00:00
8296,11042,8632,6,760.49,8.0,4197.9,2023-12-29T00:00:00
8297,2726,4548,4,1214.65,20.0,3886.88,2024-05-15T00:00:00
8298,2542,6579,5,2548.57,16.0,10703.99,2025-04-04T00:00:00
8299,8265,5930,1,1446.99,10.0,1302.29,2025-07-14T00:00:00
8300,12206,11618,4,2772.99,3.0,10759.2,2023-10-25T00:00:00
8301,8717,3475,8,2299.98,4.0,17663.85,2024-06-23T00:00:00
8302,11489,14483,3,2848.05,6.0,8031.5,2024-04-26T00:00:00
8303,14864,9653,5,26.56,14.0,114.21,2023-11-23T00:00:00
8304,14294,10451,1,2638.32,2.0,2585.55,2023-02-20T00:00:00
8305,14947,11465,4,372.02,19.0,1205.34,2024-11-07T00:00:00
8306,6221,5249,4,1923.12,18.0,6307.83,2023-05-03T00:00:00
8307,859,7121,9,2137.68,28.0,13852.17,2023-04-17T00:00:00
8308,13983,4098,6,663.98,17.0,3306.62,2026-01-20T00:00:00
8309,4401,3730,4,1697.61,17.0,5636.07,2023-06-10T00:00:00
8310,12764,8737,1,1359.89,25.0,1019.92,2024-05-03T00:00:00
8311,2272,12055,7,20.19,11.0,125.78,2024-06-14T00:00:00
8312,7392,14818,8,1921.4,9.0,13987.79,2024-10-03T00:00:00
8313,10229,11673,9,1262.93,21.0,8979.43,2026-04-04T00:00:00
8314,5749,14270,6,1914.91,5.0,10914.99,2024-09-02T00:00:00
8315,10608,4124,2,1021.63,1.0,2022.83,2025-02-25T00:00:00
8316,7634,6760,3,1802.2,29.0,3838.69,2025-02-07T00:00:00
8317,10660,13698,10,2340.93,11.0,20834.28,2025-04-25T00:00:00
8318,2099,7867,9,819.44,21.0,5826.22,2024-05-10T00:00:00
8319,14919,7314,7,24.9,23.0,134.21,2026-01-13T00:00:00
8320,14312,4597,3,1480.24,10.0,3996.65,2026-05-03T00:00:00
8321,13206,1362,10,1618.68,21.0,12787.57,2024-09-03T00:00:00
8322,4028,358,1,1959.61,23.0,1508.9,2024-08-13T00:00:00
8323,14980,7129,9,388.54,5.0,3322.02,2024-12-16T00:00:00
8324,23,11849,7,2951.8,10.0,18596.34,2024-12-25T00:00:00
8325,13660,8516,3,2723.04,1.0,8087.43,2024-07-08T00:00:00
8326,1084,1500,7,734.68,27.0,3754.21,2023-06-27T00:00:00
8327,11120,12012,5,2985.44,26.0,11046.13,2023-06-03T00:00:00
8328,12654,9139,10,678.24,1.0,6714.58,2023-09-30T00:00:00
8329,8569,3316,10,2998.79,22.0,23390.56,2025-07-05T00:00:00
8330,1676,7693,3,1626.76,2.0,4782.67,2025-05-20T00:00:00
8331,7956,4170,2,2965.86,13.0,5160.6,2026-02-18T00:00:00
8332,4708,3143,5,2439.14,18.0,10000.47,2025-11-25T00:00:00
8333,10698,11147,5,2873.73,19.0,11638.61,2024-04-22T00:00:00
8334,3510,13092,7,649.74,16.0,3820.47,2023-04-01T00:00:00
8335,9442,5565,2,225.09,13.0,391.66,2025-10-24T00:00:00
8336,6279,3852,3,859.77,15.0,2192.41,2023-02-17T00:00:00
8337,5558,11321,7,1070.75,24.0,5696.39,2026-01-01T00:00:00
8338,13705,7372,8,1514.18,14.0,10417.56,2024-09-13T00:00:00
8339,248,1567,7,2153.34,6.0,14168.98,2023-09-23T00:00:00
8340,1127,8550,6,2560.81,8.0,14135.67,2024-06-26T00:00:00
8341,8374,708,10,850.36,20.0,6802.88,2024-03-29T00:00:00
8342,11198,12760,10,555.1,15.0,4718.35,2024-05-22T00:00:00
8343,2435,5544,8,2594.85,18.0,17022.22,2026-02-26T00:00:00
8344,11834,7003,4,2256.54,1.0,8935.9,2025-11-01T00:00:00
8345,9749,5403,2,1510.16,16.0,2537.07,2024-10-20T00:00:00
8346,9697,14174,1,1308.61,2.0,1282.44,2023-09-08T00:00:00
8347,10945,10049,1,1316.59,8.0,1211.26,2024-02-03T00:00:00
8348,8755,1347,6,1048.98,6.0,5916.25,2023-01-07T00:00:00
8349,7657,1236,4,1846.26,0.0,7385.04,2025-09-20T00:00:00
8350,7097,7174,6,1345.65,3.0,7831.68,2025-06-25T00:00:00
8351,14610,5554,6,2686.01,9.0,14665.61,2023-09-15T00:00:00
8352,7953,10135,2,2419.18,3.0,4693.21,2024-06-22T00:00:00
8353,5407,1385,3,1286.19,22.0,3009.68,2023-07-18T00:00:00
8354,3147,5430,7,278.23,1.0,1928.13,2023-12-28T00:00:00
8355,7378,11903,8,192.96,11.0,1373.88,2024-06-07T00:00:00
8356,4183,8587,9,1288.39,1.0,11479.55,2025-06-10T00:00:00
8357,5214,3102,5,890.34,7.0,4140.08,2023-03-21T00:00:00
8358,3892,13671,3,1310.36,10.0,3537.97,2025-12-08T00:00:00
8359,4978,1174,8,2148.8,6.0,16158.98,2025-07-21T00:00:00
8360,392,13655,8,238.68,12.0,1680.31,2024-06-06T00:00:00
8361,13117,3968,4,408.54,17.0,1356.35,2023-05-14T00:00:00
8362,3905,8307,8,1066.62,1.0,8447.63,2026-03-28T00:00:00
8363,5629,10956,1,498.0,12.0,438.24,2024-06-26T00:00:00
8364,5278,1022,10,364.51,11.0,3244.14,2024-09-23T00:00:00
8365,4853,5349,1,2217.67,2.0,2173.32,2023-10-19T00:00:00
8366,4212,9896,7,2215.41,3.0,15042.63,2024-07-18T00:00:00
8367,2058,5362,8,1767.63,25.0,10605.78,2024-02-29T00:00:00
8368,11007,12977,5,233.1,29.0,827.5,2023-10-15T00:00:00
8369,10496,12005,5,592.77,16.0,2489.63,2023-10-25T00:00:00
8370,9705,4303,1,1853.94,27.0,1353.38,2025-06-05T00:00:00
8371,7874,35,5,1782.67,4.0,8556.82,2024-04-23T00:00:00
8372,580,2411,8,2492.21,18.0,16348.9,2024-06-26T00:00:00
8373,7309,8899,7,2092.08,7.0,13619.44,2026-04-06T00:00:00
8374,13498,13556,3,1245.07,24.0,2838.76,2025-10-29T00:00:00
8375,7875,760,1,2363.6,29.0,1678.16,2023-08-09T00:00:00
8376,2472,8353,6,1846.68,29.0,7866.86,2023-05-28T00:00:00
8377,14534,6549,8,2110.63,11.0,15027.69,2025-01-01T00:00:00
8378,6733,9365,5,36.8,11.0,163.76,2025-08-26T00:00:00
8379,10218,4887,10,1272.77,3.0,12345.87,2023-11-12T00:00:00
8380,1358,8831,7,2817.4,18.0,16171.88,2026-02-07T00:00:00
8381,7402,14735,1,89.85,5.0,85.36,2023-12-06T00:00:00
8382,751,8494,7,2243.51,10.0,14134.11,2024-09-02T00:00:00
8383,12623,5203,6,130.04,11.0,694.41,2023-01-12T00:00:00
8384,10927,8951,8,1197.07,4.0,9193.5,2025-03-12T00:00:00
8385,2739,2814,3,2936.06,13.0,7663.12,2023-12-05T00:00:00
8386,3392,6953,10,1379.72,0.0,13797.2,2024-05-13T00:00:00
8387,3313,12994,7,2930.37,28.0,14769.06,2023-01-28T00:00:00
8388,8393,5406,7,1354.2,6.0,8910.64,2023-06-29T00:00:00
8389,12623,4783,6,1040.33,26.0,4619.07,2024-04-07T00:00:00
8390,7811,5115,7,715.17,27.0,3654.52,2023-03-13T00:00:00
8391,11847,12305,1,167.21,12.0,147.14,2025-04-27T00:00:00
8392,4630,7830,3,1982.43,30.0,4163.1,2025-10-27T00:00:00
8393,2838,13418,2,364.86,13.0,634.86,2023-11-21T00:00:00
8394,8457,4514,6,636.95,19.0,3095.58,2023-02-24T00:00:00
8395,118,13694,3,2509.06,25.0,5645.39,2024-07-02T00:00:00
8396,13382,11541,1,1330.21,8.0,1223.79,2026-03-25T00:00:00
8397,5434,13276,10,1360.02,17.0,11288.17,2024-08-07T00:00:00
8398,10191,184,8,2996.82,18.0,19659.14,2024-07-19T00:00:00
8399,10386,13496,6,2951.1,27.0,12925.82,2025-04-29T00:00:00
8400,8436,2024,7,1483.16,8.0,9551.55,2024-10-06T00:00:00
8401,3480,666,2,899.92,13.0,1565.86,2023-11-20T00:00:00
8402,14027,13585,3,2606.76,7.0,7272.86,2023-10-24T00:00:00
8403,6184,7730,1,268.56,9.0,244.39,2023-12-27T00:00:00
8404,7013,1367,9,1775.95,28.0,11508.16,2024-01-20T00:00:00
8405,11913,14508,2,15.56,26.0,23.03,2026-01-04T00:00:00
8406,9690,1612,6,328.15,23.0,1516.05,2024-09-14T00:00:00
8407,3438,11163,3,2620.14,21.0,6209.73,2025-03-11T00:00:00
8408,3450,12319,3,1762.49,9.0,4811.6,2024-05-02T00:00:00
8409,6724,11943,2,1359.16,17.0,2256.21,2023-06-08T00:00:00
8410,14080,8891,7,1448.26,12.0,8921.28,2023-06-20T00:00:00
8411,5168,4428,10,1198.69,14.0,10308.73,2023-01-07T00:00:00
8412,11976,12212,1,1266.24,28.0,911.69,2024-09-29T00:00:00
8413,12047,14573,5,953.03,17.0,3955.07,2023-05-11T00:00:00
8414,6500,10139,5,1244.21,26.0,4603.58,2026-01-18T00:00:00
8415,10259,32,2,1083.45,21.0,1711.85,2023-01-17T00:00:00
8416,12263,4807,1,1359.1,17.0,1128.05,2026-03-01T00:00:00
8417,14203,14285,3,1037.46,1.0,3081.26,2024-01-18T00:00:00
8418,12549,3538,8,2221.19,20.0,14215.62,2026-02-13T00:00:00
8419,4740,4670,7,2423.42,5.0,16115.74,2026-06-06T00:00:00
8420,5120,13407,10,1488.9,7.0,13846.77,2024-08-19T00:00:00
8421,8021,14336,8,639.57,3.0,4963.06,2025-03-31T00:00:00
8422,14280,6354,9,1925.69,1.0,17157.9,2023-12-18T00:00:00
8423,10269,6152,3,1119.36,21.0,2652.88,2023-05-07T00:00:00
8424,4527,12055,2,1651.41,1.0,3269.79,2025-08-22T00:00:00
8425,297,7236,1,1511.17,20.0,1208.94,2023-12-20T00:00:00
8426,12128,12124,4,2249.11,21.0,7107.19,2026-01-27T00:00:00
8427,12525,6951,9,2998.92,4.0,25910.67,2023-11-22T00:00:00
8428,10656,364,2,257.18,13.0,447.49,2024-07-16T00:00:00
8429,2451,2971,9,2319.67,5.0,19833.18,2024-04-28T00:00:00
8430,2797,11778,2,70.34,3.0,136.46,2025-05-25T00:00:00
8431,8603,3820,2,2598.06,16.0,4364.74,2023-08-07T00:00:00
8432,5211,8901,8,94.34,6.0,709.44,2024-04-08T00:00:00
8433,7033,11836,6,2537.89,1.0,15075.07,2025-04-28T00:00:00
8434,6397,2959,1,2700.18,6.0,2538.17,2024-09-02T00:00:00
8435,11682,4657,7,1867.26,10.0,11763.74,2023-10-10T00:00:00
8436,9887,13461,8,2497.39,12.0,17581.63,2025-01-19T00:00:00
8437,828,13643,10,1655.94,28.0,11922.77,2024-09-09T00:00:00
8438,4004,1229,6,2763.56,26.0,12270.21,2023-04-21T00:00:00
8439,10409,3542,8,244.08,11.0,1737.85,2025-02-07T00:00:00
8440,3713,12144,2,2097.12,29.0,2977.91,2025-10-08T00:00:00
8441,13070,2960,8,249.7,12.0,1757.89,2023-12-07T00:00:00
8442,7621,6290,9,934.73,1.0,8328.44,2024-04-17T00:00:00
8443,7781,5410,10,196.39,9.0,1787.15,2025-05-14T00:00:00
8444,11026,2086,10,2012.04,25.0,15090.3,2024-01-08T00:00:00
8445,8057,1821,9,1812.2,9.0,14841.92,2024-09-22T00:00:00
8446,13466,8609,4,1571.23,10.0,5656.43,2024-07-19T00:00:00
8447,11997,5177,3,1651.1,1.0,4903.77,2026-01-22T00:00:00
8448,5272,5783,6,536.05,22.0,2508.71,2024-10-15T00:00:00
8449,6421,5539,5,2963.81,18.0,12151.62,2024-06-07T00:00:00
8450,1337,12894,8,2118.17,19.0,13725.74,2024-01-20T00:00:00
8451,14390,7060,1,1627.19,15.0,1383.11,2025-06-14T00:00:00
8452,3544,13005,6,104.19,19.0,506.36,2024-06-18T00:00:00
8453,2436,347,2,445.17,10.0,801.31,2026-04-26T00:00:00
8454,9002,13919,7,1834.53,26.0,9502.87,2024-03-18T00:00:00
8455,4408,4562,7,1728.25,26.0,8952.33,2025-12-10T00:00:00
8456,3859,12750,5,1497.29,19.0,6064.02,2025-02-23T00:00:00
8457,5163,9406,6,2242.01,28.0,9685.48,2024-01-12T00:00:00
8458,9668,14545,1,1999.25,13.0,1739.35,2026-04-03T00:00:00
8459,11457,13442,5,1318.5,4.0,6328.8,2023-11-03T00:00:00
8460,9715,80,6,2390.49,25.0,10757.2,2025-11-15T00:00:00
8461,10625,3686,2,1296.88,3.0,2515.95,2025-11-29T00:00:00
8462,6823,13309,6,1726.74,29.0,7355.91,2024-01-21T00:00:00
8463,2555,951,2,1820.69,3.0,3532.14,2024-10-17T00:00:00
8464,5133,6665,10,2914.18,22.0,22730.6,2026-05-13T00:00:00
8465,6825,4923,10,88.11,7.0,819.42,2023-01-29T00:00:00
8466,7770,12659,4,429.83,16.0,1444.23,2024-11-29T00:00:00
8467,6002,6349,2,1345.22,0.0,2690.44,2025-10-25T00:00:00
8468,2187,14277,7,2895.24,21.0,16010.68,2023-10-24T00:00:00
8469,8952,4670,3,1282.58,12.0,3386.01,2023-11-17T00:00:00
8470,6247,4533,5,1081.01,18.0,4432.14,2026-02-16T00:00:00
8471,3585,11272,8,1391.64,16.0,9351.82,2023-09-09T00:00:00
8472,6292,8344,6,428.14,6.0,2414.71,2025-04-09T00:00:00
8473,13660,10053,6,2357.54,29.0,10043.12,2023-02-16T00:00:00
8474,8047,13474,4,1151.6,7.0,4283.95,2024-07-16T00:00:00
8475,2142,5465,1,234.86,17.0,194.93,2025-06-27T00:00:00
8476,2203,4209,2,1233.21,13.0,2145.79,2025-07-14T00:00:00
8477,4439,8770,7,1011.39,25.0,5309.8,2024-06-08T00:00:00
8478,6968,8777,7,989.61,16.0,5818.91,2024-04-16T00:00:00
8479,14055,12704,5,1794.08,6.0,8432.18,2025-03-26T00:00:00
8480,1391,5908,4,2080.86,7.0,7740.8,2025-09-05T00:00:00
8481,5160,7359,5,289.98,26.0,1072.93,2024-06-10T00:00:00
8482,14164,5094,10,2984.72,20.0,23877.76,2023-03-22T00:00:00
8483,14425,6488,1,63.24,8.0,58.18,2023-05-27T00:00:00
8484,1753,1076,7,925.76,27.0,4730.63,2024-11-18T00:00:00
8485,1551,3788,8,1683.42,6.0,12659.32,2025-01-29T00:00:00
8486,436,12531,4,1366.86,4.0,5248.74,2023-10-21T00:00:00
8487,10122,8347,6,2753.23,29.0,11728.76,2023-02-09T00:00:00
8488,40,3336,7,1921.57,9.0,12240.4,2023-07-23T00:00:00
8489,4068,5173,9,411.02,28.0,2663.41,2023-03-19T00:00:00
8490,2265,13501,3,2841.76,19.0,6905.48,2023-12-16T00:00:00
8491,10354,666,8,684.88,23.0,4218.86,2023-07-19T00:00:00
8492,10376,13259,4,1648.11,2.0,6460.59,2024-06-06T00:00:00
8493,5113,4745,1,756.05,25.0,567.04,2024-01-26T00:00:00
8494,2521,8075,2,2998.08,27.0,4377.2,2024-10-30T00:00:00
8495,3311,6743,1,218.42,18.0,179.1,2024-09-08T00:00:00
8496,5392,7332,8,112.14,5.0,852.26,2024-09-01T00:00:00
8497,5919,5174,3,1281.44,15.0,3267.67,2023-11-14T00:00:00
8498,8700,5271,5,1370.94,26.0,5072.48,2026-01-28T00:00:00
8499,9538,4080,6,2078.21,16.0,10474.18,2023-07-28T00:00:00
8500,6264,2084,7,547.63,2.0,3756.74,2024-03-10T00:00:00
8501,7521,5168,2,1267.4,4.0,2433.41,2023-10-18T00:00:00
8502,4004,6195,6,392.06,3.0,2281.79,2025-10-31T00:00:00
8503,232,11128,10,1690.12,20.0,13520.96,2026-02-21T00:00:00
8504,14395,7281,7,245.06,21.0,1355.18,2025-01-01T00:00:00
8505,9482,8380,6,396.72,20.0,1904.26,2023-02-12T00:00:00
8506,7296,2289,6,242.51,17.0,1207.7,2023-05-31T00:00:00
8507,533,2694,6,2980.78,6.0,16811.6,2025-03-18T00:00:00
8508,14960,10924,7,2743.21,7.0,17858.3,2023-07-03T00:00:00
8509,11720,11974,6,634.07,8.0,3500.07,2023-07-04T00:00:00
8510,5949,14515,1,2857.79,5.0,2714.9,2024-09-04T00:00:00
8511,5285,2810,7,449.2,26.0,2326.86,2024-05-28T00:00:00
8512,1841,10544,3,2969.99,18.0,7306.18,2025-01-01T00:00:00
8513,9212,4998,3,1497.4,23.0,3458.99,2023-11-19T00:00:00
8514,14835,10113,1,721.03,16.0,605.67,2025-09-30T00:00:00
8515,12124,3516,5,759.37,20.0,3037.48,2025-12-15T00:00:00
8516,1447,2282,7,764.0,21.0,4224.92,2024-07-19T00:00:00
8517,11305,4859,10,2614.2,8.0,24050.64,2024-09-08T00:00:00
8518,7275,6765,6,1953.46,13.0,10197.06,2023-12-11T00:00:00
8519,697,955,1,2886.98,28.0,2078.63,2024-02-20T00:00:00
8520,11601,6368,10,1795.9,26.0,13289.66,2024-11-03T00:00:00
8521,1466,13349,8,2210.14,9.0,16089.82,2025-05-02T00:00:00
8522,1024,9774,9,44.46,23.0,308.11,2024-02-17T00:00:00
8523,1513,7365,8,347.38,21.0,2195.44,2025-05-20T00:00:00
8524,11693,13682,10,2716.32,27.0,19829.14,2023-09-15T00:00:00
8525,9476,2108,7,406.56,18.0,2333.65,2023-10-25T00:00:00
8526,636,12180,2,823.97,30.0,1153.56,2025-07-17T00:00:00
8527,2645,3388,6,713.58,4.0,4110.22,2025-12-03T00:00:00
8528,13476,13512,3,2048.08,8.0,5652.7,2024-10-23T00:00:00
8529,11844,12829,4,1754.84,3.0,6808.78,2025-01-13T00:00:00
8530,1218,8335,9,786.32,6.0,6652.27,2023-02-16T00:00:00
8531,2515,996,9,74.5,3.0,650.38,2025-12-14T00:00:00
8532,7816,8665,7,1928.37,14.0,11608.79,2025-09-25T00:00:00
8533,3989,8570,10,1596.66,4.0,15327.94,2024-07-16T00:00:00
8534,1968,11226,10,2867.66,28.0,20647.15,2023-06-30T00:00:00
8535,13470,12358,7,2056.05,22.0,11226.03,2023-09-11T00:00:00
8536,12607,4030,5,90.42,20.0,361.68,2025-08-09T00:00:00
8537,5,12842,2,2194.59,21.0,3467.45,2024-03-30T00:00:00
8538,13936,9380,10,244.07,11.0,2172.22,2023-09-05T00:00:00
8539,8618,12990,1,608.37,23.0,468.44,2025-03-03T00:00:00
8540,10233,3356,1,2244.18,8.0,2064.65,2025-01-19T00:00:00
8541,7598,3490,3,2561.72,10.0,6916.64,2026-05-20T00:00:00
8542,2430,10843,2,361.78,4.0,694.62,2024-06-07T00:00:00
8543,2237,9300,10,2965.7,27.0,21649.61,2026-04-30T00:00:00
8544,10978,13537,10,1328.78,14.0,11427.51,2023-08-28T00:00:00
8545,2886,12734,3,1867.61,29.0,3978.01,2025-07-31T00:00:00
8546,12147,2247,9,807.47,5.0,6903.87,2023-08-21T00:00:00
8547,12103,3474,10,1127.49,13.0,9809.16,2025-12-17T00:00:00
8548,11079,2066,9,750.0,22.0,5265.0,2025-04-26T00:00:00
8549,5881,2555,10,406.28,28.0,2925.22,2023-01-05T00:00:00
8550,3365,11090,1,2045.76,21.0,1616.15,2023-09-27T00:00:00
8551,622,10212,8,1306.19,22.0,8150.63,2025-07-19T00:00:00
8552,9673,14891,10,1522.18,24.0,11568.57,2023-01-17T00:00:00
8553,5443,10832,4,210.33,20.0,673.06,2024-07-11T00:00:00
8554,10128,5103,4,636.57,7.0,2368.04,2023-02-26T00:00:00
8555,4075,5627,7,930.64,30.0,4560.14,2026-05-12T00:00:00
8556,9099,6048,6,2208.54,19.0,10733.5,2024-09-13T00:00:00
8557,12950,10516,1,607.05,14.0,522.06,2023-08-09T00:00:00
8558,1613,8117,9,2355.1,26.0,15684.97,2026-01-24T00:00:00
8559,5933,1962,1,998.37,14.0,858.6,2026-03-30T00:00:00
8560,8336,7233,4,2759.04,1.0,10925.8,2023-12-23T00:00:00
8561,14831,7306,10,277.91,21.0,2195.49,2025-07-31T00:00:00
8562,4664,12368,3,2038.82,8.0,5627.14,2025-08-01T00:00:00
8563,13565,3474,6,1146.53,13.0,5984.89,2023-05-29T00:00:00
8564,6690,14736,7,1127.28,9.0,7180.77,2025-08-22T00:00:00
8565,3214,4599,4,168.78,12.0,594.11,2024-04-07T00:00:00
8566,12035,14173,2,1163.79,11.0,2071.55,2023-10-15T00:00:00
8567,11248,4161,9,339.58,12.0,2689.47,2026-01-29T00:00:00
8568,557,6964,7,1180.44,28.0,5949.42,2026-01-17T00:00:00
8569,4494,1583,3,1702.42,16.0,4290.1,2024-02-22T00:00:00
8570,11583,1801,6,2761.92,7.0,15411.51,2023-12-01T00:00:00
8571,8516,12195,5,1229.82,9.0,5595.68,2025-07-23T00:00:00
8572,6057,13473,7,834.78,11.0,5200.68,2025-09-25T00:00:00
8573,9125,12199,2,1846.13,12.0,3249.19,2026-03-25T00:00:00
8574,14347,13681,1,880.79,21.0,695.82,2024-01-15T00:00:00
8575,1818,13699,1,1900.84,26.0,1406.62,2026-05-18T00:00:00
8576,12278,12883,8,2106.59,1.0,16684.19,2026-06-09T00:00:00
8577,12873,5315,6,382.16,17.0,1903.16,2023-02-22T00:00:00
8578,7345,7466,7,967.91,4.0,6504.36,2024-10-13T00:00:00
8579,54,460,2,1550.07,0.0,3100.14,2023-10-23T00:00:00
8580,9746,6635,7,2397.12,4.0,16108.65,2024-11-23T00:00:00
8581,4355,7417,7,645.48,6.0,4247.26,2023-10-06T00:00:00
8582,14960,5633,5,2399.76,16.0,10078.99,2025-03-12T00:00:00
8583,9631,11240,10,2021.62,21.0,15970.8,2025-08-19T00:00:00
8584,8660,1533,10,1730.57,22.0,13498.45,2025-03-16T00:00:00
8585,10078,5911,9,199.31,12.0,1578.54,2023-04-08T00:00:00
8586,7573,9546,6,1470.37,3.0,8557.55,2023-11-02T00:00:00
8587,13914,1750,8,1462.44,26.0,8657.64,2023-07-20T00:00:00
8588,13271,4310,6,444.37,30.0,1866.35,2023-11-12T00:00:00
8589,6253,11064,2,116.11,5.0,220.61,2024-06-12T00:00:00
8590,12637,1192,8,2061.2,4.0,15830.02,2023-12-30T00:00:00
8591,251,7492,7,249.74,24.0,1328.62,2025-05-29T00:00:00
8592,6873,11604,8,1715.0,5.0,13034.0,2024-12-08T00:00:00
8593,11758,13830,6,1653.85,20.0,7938.48,2025-07-06T00:00:00
8594,14696,331,3,1145.05,28.0,2473.31,2026-05-18T00:00:00
8595,3893,12499,4,2364.93,6.0,8892.14,2023-03-29T00:00:00
8596,14806,3535,10,2150.21,0.0,21502.1,2023-11-30T00:00:00
8597,14108,14695,8,1320.48,6.0,9930.01,2025-11-07T00:00:00
8598,2304,14169,4,1024.82,4.0,3935.31,2023-03-02T00:00:00
8599,2884,3321,2,2607.1,9.0,4744.92,2025-02-18T00:00:00
8600,9070,451,1,1923.82,11.0,1712.2,2025-07-19T00:00:00
8601,7752,1334,10,1544.02,23.0,11888.95,2026-05-06T00:00:00
8602,11644,11122,7,995.16,8.0,6408.83,2024-06-13T00:00:00
8603,12048,4647,3,1953.43,19.0,4746.83,2024-09-11T00:00:00
8604,12839,9989,9,1123.46,14.0,8695.58,2026-01-19T00:00:00
8605,8428,4514,7,1231.95,28.0,6209.03,2023-10-26T00:00:00
8606,7730,1608,6,1435.75,22.0,6719.31,2025-02-20T00:00:00
8607,13525,14690,9,2650.3,20.0,19082.16,2026-02-19T00:00:00
8608,3991,14207,5,2076.56,6.0,9759.83,2023-10-23T00:00:00
8609,14182,10187,4,2522.02,1.0,9987.2,2025-01-09T00:00:00
8610,13861,10261,8,1114.68,4.0,8560.74,2024-11-13T00:00:00
8611,1280,3118,10,2471.1,27.0,18039.03,2025-10-04T00:00:00
8612,8428,7371,9,795.15,20.0,5725.08,2023-10-25T00:00:00
8613,9459,3546,7,2146.91,16.0,12623.83,2025-02-25T00:00:00
8614,14712,1402,6,1737.67,14.0,8966.38,2025-07-04T00:00:00
8615,5117,11650,10,1566.5,10.0,14098.5,2025-08-29T00:00:00
8616,9231,7159,10,846.22,4.0,8123.71,2026-03-27T00:00:00
8617,6660,6596,4,366.44,1.0,1451.1,2025-11-14T00:00:00
8618,7641,3973,10,2886.32,28.0,20781.5,2025-03-20T00:00:00
8619,8840,6608,2,505.4,4.0,970.37,2025-04-23T00:00:00
8620,9352,12726,7,2084.3,13.0,12693.39,2023-06-20T00:00:00
8621,11209,10367,9,882.24,15.0,6749.14,2025-05-18T00:00:00
8622,12688,4833,5,2677.21,7.0,12449.03,2023-11-23T00:00:00
8623,4977,10995,9,2461.64,10.0,19939.28,2024-11-12T00:00:00
8624,6758,1011,7,683.36,7.0,4448.67,2023-05-12T00:00:00
8625,2117,7149,9,2529.21,18.0,18665.57,2023-07-08T00:00:00
8626,4617,561,2,2936.55,25.0,4404.83,2025-02-09T00:00:00
8627,1414,388,6,2626.66,8.0,14499.16,2025-09-29T00:00:00
8628,6611,5953,9,2080.19,8.0,17223.97,2025-06-13T00:00:00
8629,12902,458,7,950.53,7.0,6187.95,2024-05-24T00:00:00
8630,9126,2055,3,2028.29,26.0,4502.8,2024-05-30T00:00:00
8631,12549,2474,9,1601.24,17.0,11961.26,2025-03-23T00:00:00
8632,10032,4950,10,175.05,21.0,1382.89,2023-09-13T00:00:00
8633,7262,10471,8,877.01,17.0,5823.35,2024-01-25T00:00:00
8634,14945,11200,8,2018.79,10.0,14535.29,2025-08-09T00:00:00
8635,14888,13764,7,1995.02,18.0,11451.41,2023-01-02T00:00:00
8636,9012,4311,8,794.86,16.0,5341.46,2025-02-18T00:00:00
8637,7670,10866,8,2977.84,27.0,17390.59,2024-10-03T00:00:00
8638,10213,12556,4,2149.06,23.0,6619.1,2025-12-05T00:00:00
8639,12313,6821,9,426.38,24.0,2916.44,2026-03-12T00:00:00
8640,12683,5249,1,2592.08,21.0,2047.74,2025-06-22T00:00:00
8641,9363,10599,10,315.0,2.0,3087.0,2026-05-29T00:00:00
8642,5389,11005,6,876.85,14.0,4524.55,2023-11-22T00:00:00
8643,2703,14493,10,2156.01,18.0,17679.28,2023-10-27T00:00:00
8644,13695,5373,2,170.75,16.0,286.86,2023-06-17T00:00:00
8645,4408,6520,7,2186.78,18.0,12552.12,2025-06-17T00:00:00
8646,5510,10856,4,1464.74,4.0,5624.6,2024-05-16T00:00:00
8647,8823,12889,4,898.46,22.0,2803.2,2024-10-25T00:00:00
8648,11310,9299,5,1802.67,5.0,8562.68,2026-03-12T00:00:00
8649,8873,11278,7,2410.23,6.0,15859.31,2025-01-28T00:00:00
8650,12153,8611,10,2466.82,17.0,20474.61,2023-03-28T00:00:00
8651,6417,3678,1,2150.12,8.0,1978.11,2023-06-23T00:00:00
8652,4246,13267,1,2165.55,28.0,1559.2,2024-03-25T00:00:00
8653,10080,12355,8,448.01,11.0,3189.83,2024-03-24T00:00:00
8654,9557,6200,10,2530.29,3.0,24543.81,2023-01-06T00:00:00
8655,9562,5274,3,787.82,26.0,1748.96,2023-09-25T00:00:00
8656,14523,9017,6,1613.52,7.0,9003.44,2023-06-12T00:00:00
8657,3225,9991,7,74.68,19.0,423.44,2025-03-10T00:00:00
8658,24,2295,7,2145.09,12.0,13213.75,2024-04-02T00:00:00
8659,1567,7044,1,1190.32,13.0,1035.58,2025-12-27T00:00:00
8660,2295,910,2,1421.66,7.0,2644.29,2024-08-12T00:00:00
8661,10048,3896,1,503.95,30.0,352.76,2024-11-17T00:00:00
8662,10279,1001,4,2209.07,18.0,7245.75,2023-09-29T00:00:00
8663,6714,3043,8,1958.7,2.0,15356.21,2026-05-11T00:00:00
8664,10701,9661,1,2750.84,26.0,2035.62,2024-07-25T00:00:00
8665,4588,3642,3,2866.49,15.0,7309.55,2023-06-17T00:00:00
8666,3635,4653,9,1205.55,1.0,10741.45,2025-12-21T00:00:00
8667,8916,5350,10,2639.86,23.0,20326.92,2023-08-07T00:00:00
8668,7408,10390,9,2582.9,11.0,20689.03,2023-04-20T00:00:00
8669,1094,13907,9,2535.37,5.0,21677.41,2023-01-24T00:00:00
8670,1967,7310,4,504.19,12.0,1774.75,2023-09-07T00:00:00
8671,8605,14566,8,1057.15,12.0,7442.34,2024-10-18T00:00:00
8672,14652,13175,1,2602.85,26.0,1926.11,2024-05-04T00:00:00
8673,2293,8164,1,2708.91,20.0,2167.13,2023-09-01T00:00:00
8674,12947,10824,6,535.86,11.0,2861.49,2023-05-16T00:00:00
8675,9211,3333,3,2880.45,12.0,7604.39,2026-02-18T00:00:00
8676,11547,11474,1,1291.58,9.0,1175.34,2024-03-26T00:00:00
8677,10085,9025,3,2507.36,8.0,6920.31,2023-12-11T00:00:00
8678,8402,1647,3,2470.78,7.0,6893.48,2024-08-30T00:00:00
8679,11788,6623,3,726.86,13.0,1897.1,2023-03-16T00:00:00
8680,6443,4106,4,2550.17,10.0,9180.61,2025-02-27T00:00:00
8681,190,4545,8,1662.69,26.0,9843.12,2026-02-22T00:00:00
8682,7752,3217,6,2732.02,14.0,14097.22,2024-02-19T00:00:00
8683,10648,13230,2,53.39,16.0,89.7,2025-10-15T00:00:00
8684,2098,2014,10,863.43,9.0,7857.21,2025-07-23T00:00:00
8685,343,4124,1,669.96,5.0,636.46,2025-07-01T00:00:00
8686,6905,3897,2,2107.31,13.0,3666.72,2023-10-09T00:00:00
8687,10235,13829,4,935.12,16.0,3142.0,2024-10-17T00:00:00
8688,9920,3131,7,1543.99,18.0,8862.5,2023-07-05T00:00:00
8689,10359,13462,5,1739.42,7.0,8088.3,2025-02-08T00:00:00
8690,9675,794,7,1777.46,10.0,11198.0,2025-02-21T00:00:00
8691,4647,12260,4,1463.84,23.0,4508.63,2023-06-07T00:00:00
8692,12370,11795,2,1872.96,20.0,2996.74,2023-10-17T00:00:00
8693,5758,10709,4,47.98,28.0,138.18,2024-08-09T00:00:00
8694,6264,263,5,1742.32,26.0,6446.58,2024-06-28T00:00:00
8695,6816,12698,7,239.04,28.0,1204.76,2024-08-25T00:00:00
8696,5062,13594,1,2081.68,0.0,2081.68,2023-01-30T00:00:00
8697,4102,7707,9,1583.13,1.0,14105.69,2023-08-03T00:00:00
8698,9314,1925,9,323.47,28.0,2096.09,2024-07-20T00:00:00
8699,195,3165,3,1770.77,3.0,5152.94,2023-11-07T00:00:00
8700,9951,5423,10,467.95,11.0,4164.76,2023-11-22T00:00:00
8701,7716,6350,4,1460.32,11.0,5198.74,2023-07-27T00:00:00
8702,985,14924,8,2364.11,9.0,17210.72,2024-05-02T00:00:00
8703,12932,12256,6,2773.5,19.0,13479.21,2026-03-17T00:00:00
8704,13943,8402,10,1867.72,28.0,13447.58,2023-02-21T00:00:00
8705,1940,14673,1,2707.34,21.0,2138.8,2024-10-17T00:00:00
8706,3322,2623,9,2905.13,7.0,24315.94,2026-05-08T00:00:00
8707,7402,3556,9,244.73,25.0,1651.93,2026-01-16T00:00:00
8708,2004,2122,7,1164.7,8.0,7500.67,2025-08-29T00:00:00
8709,5065,770,8,1103.84,6.0,8300.88,2024-02-15T00:00:00
8710,8564,5718,6,702.68,7.0,3920.95,2024-07-31T00:00:00
8711,4682,10502,6,194.72,18.0,958.02,2023-11-28T00:00:00
8712,4946,4823,3,295.03,30.0,619.56,2024-01-01T00:00:00
8713,8296,11365,5,1390.3,10.0,6256.35,2024-07-30T00:00:00
8714,3301,63,3,1398.72,6.0,3944.39,2025-09-02T00:00:00
8715,3759,953,9,1364.57,6.0,11544.26,2023-05-10T00:00:00
8716,11422,1129,9,2632.19,15.0,20136.25,2025-10-24T00:00:00
8717,9065,5212,9,1389.86,10.0,11257.87,2024-04-19T00:00:00
8718,6945,2927,2,791.3,3.0,1535.12,2023-04-03T00:00:00
8719,10106,7852,6,367.67,1.0,2183.96,2023-12-04T00:00:00
8720,11802,14237,7,384.28,25.0,2017.47,2025-04-09T00:00:00
8721,4089,9222,7,2227.56,3.0,15125.13,2025-04-12T00:00:00
8722,9641,6887,5,1372.12,18.0,5625.69,2025-02-21T00:00:00
8723,9663,8180,7,2469.45,12.0,15211.81,2023-12-21T00:00:00
8724,6739,8175,5,1111.54,2.0,5446.55,2024-05-09T00:00:00
8725,13495,10086,2,1361.37,27.0,1987.6,2025-11-11T00:00:00
8726,14557,13965,2,1974.47,29.0,2803.75,2025-12-13T00:00:00
8727,14954,1131,4,2769.83,28.0,7977.11,2023-04-23T00:00:00
8728,12843,11735,4,2872.2,26.0,8501.71,2023-11-23T00:00:00
8729,13466,3934,3,40.35,12.0,106.52,2025-12-24T00:00:00
8730,2954,10520,8,2884.82,3.0,22386.2,2026-03-28T00:00:00
8731,151,9390,4,1511.0,21.0,4774.76,2024-06-03T00:00:00
8732,4436,10001,10,307.84,3.0,2986.05,2025-01-02T00:00:00
8733,10809,4971,6,2041.88,15.0,10413.59,2023-02-13T00:00:00
8734,11628,13737,2,1213.96,23.0,1869.5,2024-02-25T00:00:00
8735,12606,5375,5,942.8,3.0,4572.58,2024-10-18T00:00:00
8736,432,4424,9,1238.13,2.0,10920.31,2025-08-28T00:00:00
8737,7988,8329,4,864.88,26.0,2560.04,2023-03-11T00:00:00
8738,1522,6145,7,2458.78,27.0,12564.37,2025-01-12T00:00:00
8739,10244,1186,5,2716.38,0.0,13581.9,2024-11-06T00:00:00
8740,7876,1839,6,73.33,25.0,329.99,2024-02-07T00:00:00
8741,2466,14098,7,1361.22,10.0,8575.69,2025-08-25T00:00:00
8742,10301,6058,4,531.91,8.0,1957.43,2023-11-30T00:00:00
8743,12581,2384,2,2636.49,7.0,4903.87,2024-03-16T00:00:00
8744,14234,8070,7,1158.47,15.0,6892.9,2025-11-12T00:00:00
8745,9287,4200,6,1005.4,15.0,5127.54,2025-04-18T00:00:00
8746,11665,14515,4,853.64,24.0,2595.07,2023-09-10T00:00:00
8747,2768,3947,8,2711.94,14.0,18658.15,2024-11-07T00:00:00
8748,2491,12375,1,510.96,23.0,393.44,2025-10-10T00:00:00
8749,10966,7606,7,1100.65,1.0,7627.5,2025-05-29T00:00:00
8750,6529,5249,1,72.9,20.0,58.32,2025-09-05T00:00:00
8751,5824,2716,3,2305.59,18.0,5671.75,2026-04-03T00:00:00
8752,13850,6599,8,829.47,5.0,6303.97,2025-04-02T00:00:00
8753,11631,14560,5,1120.81,4.0,5379.89,2024-01-13T00:00:00
8754,6706,11742,4,1110.68,13.0,3865.17,2025-11-09T00:00:00
8755,4280,4788,8,709.94,7.0,5281.95,2023-05-14T00:00:00
8756,109,567,6,2835.09,16.0,14288.85,2025-04-11T00:00:00
8757,11729,852,8,2956.65,4.0,22707.07,2026-01-28T00:00:00
8758,3273,14605,3,884.67,28.0,1910.89,2025-05-06T00:00:00
8759,2307,10466,8,1172.43,1.0,9285.65,2023-08-08T00:00:00
8760,11780,4656,3,2320.15,17.0,5777.17,2026-03-25T00:00:00
8761,11138,12318,3,613.12,25.0,1379.52,2023-12-15T00:00:00
8762,932,752,6,308.25,18.0,1516.59,2023-11-13T00:00:00
8763,62,11359,1,2171.15,18.0,1780.34,2023-08-12T00:00:00
8764,5449,14277,9,96.7,9.0,791.97,2024-09-19T00:00:00
8765,2107,3933,7,1635.04,11.0,10186.3,2025-10-29T00:00:00
8766,6409,2023,7,1454.13,3.0,9873.54,2024-04-11T00:00:00
8767,11597,3587,7,1406.6,8.0,9058.5,2023-01-06T00:00:00
8768,4574,12340,7,1261.69,10.0,7948.65,2025-08-24T00:00:00
8769,8900,9290,5,1889.22,11.0,8407.03,2026-01-30T00:00:00
8770,11046,5208,9,1751.88,11.0,14032.56,2025-04-24T00:00:00
8771,656,3573,2,1358.25,20.0,2173.2,2023-09-30T00:00:00
8772,2405,7059,4,2806.87,29.0,7971.51,2023-08-23T00:00:00
8773,4264,10615,5,2770.72,25.0,10390.2,2024-10-22T00:00:00
8774,14541,593,7,1317.03,15.0,7836.33,2023-07-28T00:00:00
8775,2939,7767,3,2058.38,0.0,6175.14,2025-12-19T00:00:00
8776,10007,14786,8,2161.56,27.0,12623.51,2025-04-24T00:00:00
8777,12408,12317,2,2688.37,26.0,3978.79,2024-05-09T00:00:00
8778,11678,14913,5,1147.58,0.0,5737.9,2024-05-23T00:00:00
8779,7735,9736,8,1702.86,12.0,11988.13,2025-11-03T00:00:00
8780,8876,11703,5,2207.31,1.0,10926.18,2025-09-28T00:00:00
8781,14782,7187,1,653.69,8.0,601.39,2024-01-26T00:00:00
8782,6810,13478,8,680.25,16.0,4571.28,2023-09-06T00:00:00
8783,2670,4812,2,136.02,27.0,198.59,2024-01-05T00:00:00
8784,14986,11564,10,2302.33,27.0,16807.01,2025-09-22T00:00:00
8785,2974,14866,7,2960.25,12.0,18235.14,2024-10-17T00:00:00
8786,1669,1905,1,75.74,21.0,59.83,2026-04-10T00:00:00
8787,14694,8815,4,497.29,17.0,1651.0,2026-04-16T00:00:00
8788,13847,2565,3,2140.6,18.0,5265.88,2024-03-01T00:00:00
8789,1196,14419,4,848.1,24.0,2578.22,2024-06-16T00:00:00
8790,14096,11595,6,77.06,5.0,439.24,2026-05-26T00:00:00
8791,373,12460,6,2651.89,29.0,11297.05,2024-05-06T00:00:00
8792,12734,10843,1,704.68,2.0,690.59,2023-01-14T00:00:00
8793,5364,9308,3,634.06,13.0,1654.9,2023-12-25T00:00:00
8794,14335,1951,7,1622.38,2.0,11129.53,2023-01-08T00:00:00
8795,9460,7556,1,1279.05,9.0,1163.94,2026-04-27T00:00:00
8796,8284,5209,1,1294.23,21.0,1022.44,2024-05-28T00:00:00
8797,12236,13682,9,935.83,4.0,8085.57,2025-05-18T00:00:00
8798,11865,12658,10,1563.16,9.0,14224.76,2025-05-25T00:00:00
8799,1263,1554,3,971.33,5.0,2768.29,2023-05-05T00:00:00
8800,231,7590,8,927.92,17.0,6161.39,2024-11-09T00:00:00
8801,3122,5754,5,2593.37,20.0,10373.48,2024-03-26T00:00:00
8802,76,5078,6,838.12,14.0,4324.7,2025-07-13T00:00:00
8803,3550,9372,8,1834.92,6.0,13798.6,2025-07-03T00:00:00
8804,14214,2769,5,883.2,19.0,3576.96,2026-05-10T00:00:00
8805,10703,7258,10,793.88,7.0,7383.08,2024-03-16T00:00:00
8806,8985,5853,7,2394.19,26.0,12401.9,2025-11-30T00:00:00
8807,4461,9022,1,864.92,29.0,614.09,2026-04-17T00:00:00
8808,13200,10679,2,1652.9,8.0,3041.34,2023-07-27T00:00:00
8809,6370,2898,7,2450.27,20.0,13721.51,2023-04-29T00:00:00
8810,1068,11072,7,840.98,27.0,4297.41,2023-06-05T00:00:00
8811,3180,11499,5,846.04,9.0,3849.48,2024-07-12T00:00:00
8812,4832,13197,8,569.3,2.0,4463.31,2025-03-06T00:00:00
8813,9941,12106,5,1528.22,6.0,7182.63,2025-07-04T00:00:00
8814,10177,10063,8,1709.85,29.0,9711.95,2025-08-29T00:00:00
8815,9735,5990,1,2074.6,1.0,2053.85,2025-05-19T00:00:00
8816,6293,11084,1,161.17,7.0,149.89,2024-10-30T00:00:00
8817,8286,3075,6,100.65,10.0,543.51,2024-05-31T00:00:00
8818,12198,12444,10,1669.73,20.0,13357.84,2025-07-09T00:00:00
8819,14230,3374,3,1903.13,18.0,4681.7,2024-06-28T00:00:00
8820,13768,3762,2,1424.18,16.0,2392.62,2026-02-24T00:00:00
8821,1061,12290,6,365.45,17.0,1819.94,2024-03-22T00:00:00
8822,9598,5487,9,142.79,29.0,912.43,2024-11-23T00:00:00
8823,332,12111,1,1514.57,5.0,1438.84,2023-02-26T00:00:00
8824,13170,10592,7,581.11,4.0,3905.06,2023-08-08T00:00:00
8825,9491,3160,3,1989.68,17.0,4954.3,2025-09-18T00:00:00
8826,8794,11969,3,522.81,12.0,1380.22,2025-09-03T00:00:00
8827,11178,14271,10,89.97,0.0,899.7,2023-08-14T00:00:00
8828,325,4088,10,210.94,22.0,1645.33,2023-07-16T00:00:00
8829,1812,7875,6,2486.57,6.0,14024.25,2025-12-27T00:00:00
8830,14730,3619,10,2890.64,7.0,26882.95,2026-02-19T00:00:00
8831,10052,10136,4,1059.82,7.0,3942.53,2024-11-01T00:00:00
8832,3024,14694,1,2883.95,12.0,2537.88,2026-04-04T00:00:00
8833,7388,7942,5,2020.05,11.0,8989.22,2023-09-11T00:00:00
8834,11034,14581,6,2126.58,3.0,12376.7,2024-08-17T00:00:00
8835,10828,14719,4,1153.89,18.0,3784.76,2023-09-29T00:00:00
8836,13945,2607,2,2197.13,22.0,3427.52,2025-12-25T00:00:00
8837,3525,4269,10,2562.89,10.0,23066.01,2024-06-07T00:00:00
8838,7096,15000,8,540.71,18.0,3547.06,2025-03-14T00:00:00
8839,5942,2968,3,748.71,19.0,1819.37,2023-04-04T00:00:00
8840,1201,2057,7,1680.58,5.0,11175.86,2023-01-23T00:00:00
8841,1106,3318,4,2404.39,10.0,8655.8,2024-05-26T00:00:00
8842,5639,10522,3,984.17,27.0,2155.33,2025-03-23T00:00:00
8843,8802,4558,7,725.64,11.0,4520.74,2023-05-18T00:00:00
8844,5164,13258,8,1055.42,26.0,6248.09,2023-04-01T00:00:00
8845,2458,6191,10,134.22,8.0,1234.82,2024-08-10T00:00:00
8846,6564,14937,2,2259.12,10.0,4066.42,2023-01-23T00:00:00
8847,7845,12308,5,965.3,0.0,4826.5,2024-09-23T00:00:00
8848,10688,4847,4,15.32,15.0,52.09,2024-07-01T00:00:00
8849,117,10440,3,1135.52,6.0,3202.17,2025-02-10T00:00:00
8850,1317,6244,1,1853.34,17.0,1538.27,2023-01-09T00:00:00
8851,13039,12589,6,1673.55,21.0,7932.63,2024-03-22T00:00:00
8852,10069,7972,1,1572.92,25.0,1179.69,2026-06-04T00:00:00
8853,6410,10127,6,243.11,15.0,1239.86,2026-05-13T00:00:00
8854,8149,2996,3,1658.29,17.0,4129.14,2025-10-14T00:00:00
8855,11375,6754,7,1063.96,28.0,5362.36,2024-06-02T00:00:00
8856,7583,11965,7,1853.36,19.0,10508.55,2024-08-15T00:00:00
8857,8941,3367,9,369.53,30.0,2328.04,2024-05-10T00:00:00
8858,3381,14016,1,1941.2,23.0,1494.72,2024-02-05T00:00:00
8859,12136,10887,4,2057.97,27.0,6009.27,2023-07-18T00:00:00
8860,9203,11854,9,263.14,20.0,1894.61,2024-03-28T00:00:00
8861,9020,1556,1,2247.02,19.0,1820.09,2024-04-23T00:00:00
8862,6290,10554,8,597.44,2.0,4683.93,2023-04-26T00:00:00
8863,11837,7377,3,992.0,17.0,2470.08,2025-12-29T00:00:00
8864,14088,10721,1,2662.77,14.0,2289.98,2024-11-16T00:00:00
8865,6595,11309,1,1231.22,21.0,972.66,2025-08-08T00:00:00
8866,1059,10260,10,2186.64,4.0,20991.74,2025-04-29T00:00:00
8867,4374,5974,4,696.98,21.0,2202.46,2024-01-08T00:00:00
8868,6349,10629,5,1057.78,18.0,4336.9,2023-07-25T00:00:00
8869,13080,7389,10,2376.3,7.0,22099.59,2025-06-20T00:00:00
8870,2889,5354,7,2735.8,4.0,18384.58,2024-08-04T00:00:00
8871,14770,10672,4,1241.19,22.0,3872.51,2025-01-27T00:00:00
8872,8614,13310,2,1411.81,15.0,2400.08,2025-12-18T00:00:00
8873,13562,9276,1,364.7,4.0,350.11,2024-11-17T00:00:00
8874,2661,10173,3,2709.43,17.0,6746.48,2025-10-21T00:00:00
8875,8222,2835,4,678.54,0.0,2714.16,2025-09-29T00:00:00
8876,9725,4913,1,986.25,12.0,867.9,2023-09-01T00:00:00
8877,7909,9518,9,340.1,12.0,2693.59,2025-11-06T00:00:00
8878,5677,6344,5,2581.45,6.0,12132.81,2023-07-03T00:00:00
8879,6615,11062,8,1800.7,3.0,13973.43,2026-04-19T00:00:00
8880,2336,1129,7,981.19,13.0,5975.45,2024-01-18T00:00:00
8881,7256,13073,8,2171.11,23.0,13374.04,2025-04-08T00:00:00
8882,9842,9591,5,1447.99,27.0,5285.16,2023-11-30T00:00:00
8883,8203,4609,1,2054.75,1.0,2034.2,2024-02-06T00:00:00
8884,223,8761,5,818.82,6.0,3848.45,2023-11-07T00:00:00
8885,12875,2684,1,2907.21,2.0,2849.07,2023-04-05T00:00:00
8886,8005,10730,10,2500.6,22.0,19504.68,2026-04-03T00:00:00
8887,7770,10556,3,454.19,16.0,1144.56,2025-02-04T00:00:00
8888,4177,13113,3,2112.48,19.0,5133.33,2025-12-30T00:00:00
8889,13786,5603,7,2281.3,9.0,14531.88,2026-01-27T00:00:00
8890,290,11040,2,28.9,26.0,42.77,2024-03-10T00:00:00
8891,2540,9342,4,587.64,23.0,1809.93,2025-12-24T00:00:00
8892,2896,6652,6,1884.85,13.0,9838.92,2025-12-04T00:00:00
8893,6518,6064,10,1148.07,3.0,11136.28,2024-07-15T00:00:00
8894,5148,2178,9,929.4,6.0,7862.72,2025-10-27T00:00:00
8895,6580,9656,10,1584.77,22.0,12361.21,2024-10-22T00:00:00
8896,4854,6187,1,518.76,20.0,415.01,2023-09-29T00:00:00
8897,8145,12216,6,212.15,4.0,1221.98,2024-01-31T00:00:00
8898,4791,8790,4,1675.53,6.0,6299.99,2023-10-18T00:00:00
8899,8352,7359,7,1929.78,19.0,10941.85,2023-09-03T00:00:00
8900,5468,10485,4,403.46,18.0,1323.35,2023-03-25T00:00:00
8901,5086,12411,10,668.83,4.0,6420.77,2024-07-15T00:00:00
8902,8025,1013,9,1091.28,7.0,9134.01,2025-11-22T00:00:00
8903,13444,4157,5,905.27,19.0,3666.34,2025-11-28T00:00:00
8904,13673,9650,9,1155.11,1.0,10292.03,2026-03-19T00:00:00
8905,5211,6744,5,1299.9,22.0,5069.61,2026-03-25T00:00:00
8906,10665,13075,7,1341.82,13.0,8171.68,2025-08-07T00:00:00
8907,12389,6025,5,1188.27,26.0,4396.6,2026-02-16T00:00:00
8908,636,8199,2,2259.88,29.0,3209.03,2023-04-05T00:00:00
8909,4934,9149,9,1612.8,28.0,10450.94,2024-10-27T00:00:00
8910,13853,51,4,617.02,11.0,2196.59,2026-02-01T00:00:00
8911,14837,1723,4,1431.46,28.0,4122.6,2023-10-13T00:00:00
8912,1012,3605,2,2039.14,17.0,3384.97,2024-11-12T00:00:00
8913,11325,7296,2,2820.64,16.0,4738.68,2025-03-28T00:00:00
8914,1421,10409,7,1775.42,8.0,11433.7,2026-04-06T00:00:00
8915,13506,12464,8,2811.98,26.0,16646.92,2023-10-20T00:00:00
8916,6420,7715,3,2439.76,5.0,6953.32,2024-02-17T00:00:00
8917,6955,11987,5,2546.75,20.0,10187.0,2024-09-06T00:00:00
8918,4641,1621,2,1870.95,17.0,3105.78,2023-02-17T00:00:00
8919,9421,8586,5,2122.1,11.0,9443.34,2024-01-28T00:00:00
8920,1446,14551,6,2837.15,11.0,15150.38,2026-01-26T00:00:00
8921,14786,8649,3,1563.68,20.0,3752.83,2023-04-27T00:00:00
8922,13984,2564,8,627.55,21.0,3966.12,2025-01-27T00:00:00
8923,13374,5125,9,2301.55,17.0,17192.58,2024-03-09T00:00:00
8924,4731,4635,9,843.23,23.0,5843.58,2024-01-15T00:00:00
8925,12072,3227,8,1755.33,1.0,13902.21,2024-12-19T00:00:00
8926,10636,5172,2,191.68,25.0,287.52,2024-02-25T00:00:00
8927,8479,9421,10,1528.39,10.0,13755.51,2024-05-04T00:00:00
8928,4041,14759,8,1888.6,23.0,11633.78,2023-10-25T00:00:00
8929,14016,6982,9,161.38,28.0,1045.74,2024-08-24T00:00:00
8930,1995,8010,2,2014.59,4.0,3868.01,2024-10-08T00:00:00
8931,2643,3163,4,2758.88,29.0,7835.22,2024-04-25T00:00:00
8932,10175,4786,6,2331.69,27.0,10212.8,2024-06-01T00:00:00
8933,572,13657,10,2060.86,14.0,17723.4,2024-06-27T00:00:00
8934,14875,2019,1,2097.89,21.0,1657.33,2024-05-09T00:00:00
8935,5716,7538,5,2121.18,20.0,8484.72,2026-04-01T00:00:00
8936,9296,8966,7,2869.51,29.0,14261.46,2025-08-30T00:00:00
8937,11913,5854,5,1919.9,30.0,6719.65,2023-07-05T00:00:00
8938,170,11783,10,1072.03,9.0,9755.47,2025-06-15T00:00:00
8939,12784,3995,2,236.34,13.0,411.23,2024-09-30T00:00:00
8940,2097,2028,8,1969.33,11.0,14021.63,2025-08-16T00:00:00
8941,128,13687,6,1514.16,16.0,7631.37,2023-04-03T00:00:00
8942,12543,8782,3,581.4,15.0,1482.57,2023-03-07T00:00:00
8943,12198,9757,1,2651.68,30.0,1856.18,2023-07-23T00:00:00
8944,14501,4281,2,37.92,11.0,67.5,2023-03-10T00:00:00
8945,14155,8140,9,501.82,9.0,4109.91,2024-11-30T00:00:00
8946,2758,4035,9,1985.31,20.0,14294.23,2023-12-05T00:00:00
8947,1254,9548,10,1959.06,16.0,16456.1,2023-07-18T00:00:00
8948,2872,13209,6,2799.97,11.0,14951.84,2025-12-24T00:00:00
8949,1301,2255,2,2985.57,13.0,5194.89,2024-03-28T00:00:00
8950,12183,10287,6,45.02,28.0,194.49,2025-01-15T00:00:00
8951,7522,5891,1,2723.59,21.0,2151.64,2024-03-27T00:00:00
8952,12390,5228,3,1659.17,1.0,4927.73,2026-04-23T00:00:00
8953,14602,803,3,1835.96,4.0,5287.56,2023-08-02T00:00:00
8954,147,13910,10,189.63,18.0,1554.97,2026-02-02T00:00:00
8955,603,10594,2,1758.55,7.0,3270.9,2025-07-24T00:00:00
8956,8377,14002,2,2799.22,17.0,4646.71,2024-01-26T00:00:00
8957,7646,866,7,1483.01,14.0,8927.72,2024-10-28T00:00:00
8958,2667,2152,4,860.08,7.0,3199.5,2023-06-11T00:00:00
8959,302,2443,9,635.7,20.0,4577.04,2025-10-28T00:00:00
8960,1237,8779,10,2613.08,3.0,25346.88,2025-06-06T00:00:00
8961,5174,12553,8,1026.34,16.0,6897.0,2024-04-23T00:00:00
8962,9332,4115,4,839.73,1.0,3325.33,2024-04-08T00:00:00
8963,9833,14526,7,1415.05,11.0,8815.76,2024-02-16T00:00:00
8964,3003,8382,7,1643.1,0.0,11501.7,2026-05-15T00:00:00
8965,3353,2973,9,2611.99,22.0,18336.17,2024-07-09T00:00:00
8966,8320,4514,1,2457.64,20.0,1966.11,2023-04-16T00:00:00
8967,2576,786,1,1214.93,8.0,1117.74,2025-06-10T00:00:00
8968,4110,10278,7,760.24,27.0,3884.83,2025-01-04T00:00:00
8969,9847,6583,4,2723.66,23.0,8388.87,2025-03-18T00:00:00
8970,13770,11593,8,1420.02,18.0,9315.33,2025-08-16T00:00:00
8971,8011,9557,5,1065.43,23.0,4101.91,2023-04-02T00:00:00
8972,13780,9892,10,2855.67,14.0,24558.76,2025-12-29T00:00:00
8973,7921,6021,5,2043.88,30.0,7153.58,2025-02-11T00:00:00
8974,13636,5910,9,723.37,11.0,5794.19,2024-12-18T00:00:00
8975,3889,14868,4,529.19,22.0,1651.07,2025-03-02T00:00:00
8976,14681,14922,4,2265.24,29.0,6433.28,2025-12-13T00:00:00
8977,12735,9055,7,738.61,23.0,3981.11,2026-03-11T00:00:00
8978,1436,12179,1,1193.45,22.0,930.89,2024-06-22T00:00:00
8979,14473,2277,4,2117.05,14.0,7282.65,2024-04-15T00:00:00
8980,11490,7499,9,1100.74,29.0,7033.73,2026-04-19T00:00:00
8981,10360,3949,10,2202.43,7.0,20482.6,2025-12-02T00:00:00
8982,6253,1449,4,1414.5,12.0,4979.04,2024-03-15T00:00:00
8983,12527,2770,4,1225.77,9.0,4461.8,2024-12-20T00:00:00
8984,151,843,3,925.36,21.0,2193.1,2026-03-17T00:00:00
8985,6591,8891,3,83.38,6.0,235.13,2025-07-14T00:00:00
8986,14262,9822,1,1868.47,6.0,1756.36,2023-09-13T00:00:00
8987,2526,10297,5,1698.27,21.0,6708.17,2023-02-01T00:00:00
8988,14579,12608,8,2534.49,17.0,16829.01,2023-09-09T00:00:00
8989,10271,13400,8,1844.54,8.0,13575.81,2023-11-11T00:00:00
8990,4739,5803,9,1805.15,13.0,14134.32,2024-11-20T00:00:00
8991,8479,10297,6,672.88,6.0,3795.04,2024-07-24T00:00:00
8992,14175,1796,2,2712.48,8.0,4990.96,2026-03-04T00:00:00
8993,7263,1475,5,1707.32,15.0,7256.11,2024-06-11T00:00:00
8994,2674,13212,1,2513.33,4.0,2412.8,2025-05-12T00:00:00
8995,8932,6526,7,791.59,26.0,4100.44,2023-07-07T00:00:00
8996,5179,12225,1,333.54,12.0,293.52,2025-02-23T00:00:00
8997,9256,9079,3,2405.43,4.0,6927.64,2025-01-06T00:00:00
8998,7602,7834,9,1744.58,17.0,13032.01,2026-03-20T00:00:00
8999,10339,2614,5,2423.5,10.0,10905.75,2023-10-07T00:00:00
9000,1544,12078,8,946.53,26.0,5603.46,2025-10-27T00:00:00
9001,14965,4553,9,1812.15,17.0,13536.76,2025-04-08T00:00:00
9002,4033,6792,5,2491.02,20.0,9964.08,2023-01-31T00:00:00
9003,4422,4442,2,1367.56,7.0,2543.66,2025-02-26T00:00:00
9004,2125,5538,5,2954.14,4.0,14179.87,2025-04-20T00:00:00
9005,2862,12169,7,2405.48,29.0,11955.24,2026-05-03T00:00:00
9006,12402,11373,8,2749.09,1.0,21772.79,2025-05-08T00:00:00
9007,9577,6974,3,1885.77,16.0,4752.14,2024-02-24T00:00:00
9008,9876,3009,8,1121.82,19.0,7269.39,2024-06-06T00:00:00
9009,13853,12703,4,348.04,19.0,1127.65,2023-03-31T00:00:00
9010,11233,10977,1,985.68,10.0,887.11,2023-11-28T00:00:00
9011,4686,9333,8,1630.65,26.0,9653.45,2024-04-10T00:00:00
9012,11613,10410,7,465.96,6.0,3066.02,2025-12-18T00:00:00
9013,1375,2201,7,1961.39,28.0,9885.41,2024-06-25T00:00:00
9014,14829,6079,2,1478.75,28.0,2129.4,2024-07-27T00:00:00
9015,6241,13558,2,948.78,21.0,1499.07,2026-04-16T00:00:00
9016,5832,3293,3,2992.13,15.0,7629.93,2023-06-03T00:00:00
9017,2312,9502,4,2087.04,28.0,6010.68,2023-08-13T00:00:00
9018,636,546,9,2539.57,20.0,18284.9,2023-02-12T00:00:00
9019,6649,2607,10,1920.21,23.0,14785.62,2023-06-06T00:00:00
9020,4193,12093,7,250.82,15.0,1492.38,2025-08-02T00:00:00
9021,13456,12639,8,443.75,25.0,2662.5,2024-12-11T00:00:00
9022,5833,13206,3,509.18,7.0,1420.61,2025-12-15T00:00:00
9023,9159,1354,5,578.28,1.0,2862.49,2025-06-28T00:00:00
9024,6164,14360,7,27.91,18.0,160.2,2024-01-29T00:00:00
9025,1169,10628,4,2272.56,13.0,7908.51,2024-01-30T00:00:00
9026,3714,11538,8,1096.47,6.0,8245.45,2024-08-07T00:00:00
9027,4366,9776,6,681.38,20.0,3270.62,2023-09-12T00:00:00
9028,13045,2749,6,1716.2,29.0,7311.01,2026-05-21T00:00:00
9029,2222,4045,1,364.05,1.0,360.41,2024-08-07T00:00:00
9030,5791,13064,8,839.36,29.0,4767.56,2025-01-14T00:00:00
9031,10149,5766,9,2293.3,12.0,18162.94,2025-10-04T00:00:00
9032,2883,13885,6,2202.23,22.0,10306.44,2025-08-06T00:00:00
9033,14803,63,3,660.38,3.0,1921.71,2023-10-23T00:00:00
9034,887,11445,7,646.25,7.0,4207.09,2026-05-09T00:00:00
9035,3916,4969,3,1099.3,25.0,2473.42,2024-05-01T00:00:00
9036,2,9213,7,2667.25,19.0,15123.31,2026-02-16T00:00:00
9037,9350,11474,4,2014.82,21.0,6366.83,2024-05-06T00:00:00
9038,688,14455,2,2266.96,17.0,3763.15,2023-08-03T00:00:00
9039,1239,1744,9,1728.07,27.0,11353.42,2025-08-22T00:00:00
9040,11487,14585,1,2486.63,4.0,2387.16,2026-02-18T00:00:00
9041,2856,5252,10,1299.77,26.0,9618.3,2024-10-22T00:00:00
9042,10581,5600,3,2359.84,25.0,5309.64,2025-09-20T00:00:00
9043,4301,3570,9,1472.86,8.0,12195.28,2025-05-28T00:00:00
9044,6844,4787,5,2099.13,3.0,10180.78,2025-02-27T00:00:00
9045,8375,5041,6,171.15,13.0,893.4,2025-09-19T00:00:00
9046,1749,7125,6,2687.87,13.0,14030.68,2024-11-29T00:00:00
9047,14928,6546,10,2089.72,21.0,16508.79,2025-02-06T00:00:00
9048,6127,7579,6,2423.0,5.0,13811.1,2026-02-12T00:00:00
9049,11788,2414,9,2827.81,1.0,25195.79,2024-05-03T00:00:00
9050,423,9552,5,2656.67,24.0,10095.35,2023-11-03T00:00:00
9051,2135,12174,5,1300.56,3.0,6307.72,2024-03-13T00:00:00
9052,7119,154,5,2939.07,19.0,11903.23,2024-08-25T00:00:00
9053,2851,1795,5,24.16,26.0,89.39,2023-03-21T00:00:00
9054,10701,11346,10,2809.0,26.0,20786.6,2023-10-02T00:00:00
9055,8569,12248,10,1108.12,24.0,8421.71,2023-09-14T00:00:00
9056,9587,14744,7,724.52,28.0,3651.58,2024-12-11T00:00:00
9057,2032,11075,2,2019.42,12.0,3554.18,2026-04-29T00:00:00
9058,176,11015,5,2563.63,18.0,10510.88,2023-02-21T00:00:00
9059,12060,8232,4,894.31,23.0,2754.47,2024-07-19T00:00:00
9060,5922,12417,4,2632.08,16.0,8843.79,2025-04-28T00:00:00
9061,8640,12212,6,2561.69,10.0,13833.13,2024-01-10T00:00:00
9062,2694,12676,5,2555.11,15.0,10859.22,2023-02-28T00:00:00
9063,3092,9018,6,2002.63,23.0,9252.15,2023-01-03T00:00:00
9064,5248,6936,2,351.3,23.0,541.0,2025-12-04T00:00:00
9065,13309,2890,4,366.94,29.0,1042.11,2023-11-07T00:00:00
9066,2712,13387,9,1591.38,14.0,12317.28,2024-06-26T00:00:00
9067,9461,3438,5,1325.08,18.0,5432.83,2026-06-07T00:00:00
9068,3709,2404,6,837.07,24.0,3817.04,2023-08-31T00:00:00
9069,211,14585,7,2155.82,5.0,14336.2,2023-02-14T00:00:00
9070,10898,7518,4,989.72,23.0,3048.34,2026-04-22T00:00:00
9071,5845,1487,8,898.77,17.0,5967.83,2025-12-17T00:00:00
9072,13100,1414,7,2601.63,13.0,15843.93,2023-07-08T00:00:00
9073,6472,2223,1,2215.84,21.0,1750.51,2023-12-06T00:00:00
9074,1945,2387,9,1455.68,8.0,12053.03,2024-02-21T00:00:00
9075,1742,8583,3,791.36,10.0,2136.67,2026-05-16T00:00:00
9076,2184,2013,2,2341.84,28.0,3372.25,2024-01-15T00:00:00
9077,14022,10028,1,2156.95,0.0,2156.95,2025-07-31T00:00:00
9078,4914,4506,2,1462.39,21.0,2310.58,2025-10-17T00:00:00
9079,7819,8546,3,931.2,20.0,2234.88,2024-10-29T00:00:00
9080,14138,8525,4,414.65,1.0,1642.01,2024-10-10T00:00:00
9081,8467,14321,1,2903.92,11.0,2584.49,2026-03-11T00:00:00
9082,491,13389,6,559.28,27.0,2449.65,2025-05-13T00:00:00
9083,133,9902,3,214.03,16.0,539.36,2025-03-12T00:00:00
9084,8501,3951,5,2360.0,18.0,9676.0,2025-01-28T00:00:00
9085,10609,13814,8,2283.87,27.0,13337.8,2023-06-18T00:00:00
9086,10093,9603,9,297.9,9.0,2439.8,2025-12-16T00:00:00
9087,10905,8684,6,126.14,3.0,734.13,2026-03-19T00:00:00
9088,2593,10917,8,1474.39,18.0,9672.0,2026-04-03T00:00:00
9089,1288,7699,6,2576.09,13.0,13447.19,2025-11-04T00:00:00
9090,10718,10865,6,1797.41,19.0,8735.41,2026-03-13T00:00:00
9091,11840,1180,9,269.25,11.0,2156.69,2025-10-05T00:00:00
9092,3172,4923,10,492.05,21.0,3887.2,2024-06-01T00:00:00
9093,14206,14379,9,2559.67,3.0,22345.92,2024-07-19T00:00:00
9094,9398,9811,5,845.28,2.0,4141.87,2026-01-14T00:00:00
9095,2115,13409,8,2810.76,3.0,21811.5,2024-09-22T00:00:00
9096,5505,5609,3,1567.99,5.0,4468.77,2023-09-14T00:00:00
9097,9379,7688,2,1424.49,10.0,2564.08,2023-11-10T00:00:00
9098,5003,3959,9,2825.42,14.0,21868.75,2025-04-21T00:00:00
9099,12790,3843,2,2272.27,0.0,4544.54,2023-11-10T00:00:00
9100,2347,3023,9,1624.1,5.0,13886.05,2023-06-19T00:00:00
9101,13400,5495,10,1854.29,5.0,17615.76,2024-07-15T00:00:00
9102,2121,9964,9,1500.97,28.0,9726.29,2025-01-10T00:00:00
9103,7420,10391,5,2149.38,25.0,8060.18,2025-02-17T00:00:00
9104,7805,13136,10,2220.32,23.0,17096.46,2025-03-30T00:00:00
9105,2721,9285,9,1438.87,29.0,9194.38,2025-12-01T00:00:00
9106,5596,7064,10,2918.57,27.0,21305.56,2023-11-08T00:00:00
9107,3454,14253,4,1287.56,29.0,3656.67,2024-03-30T00:00:00
9108,12799,14992,9,2342.14,2.0,20657.67,2026-03-09T00:00:00
9109,14121,13523,9,1596.66,11.0,12789.25,2024-10-09T00:00:00
9110,4646,12984,9,639.85,3.0,5585.89,2025-12-06T00:00:00
9111,8362,10859,6,517.17,16.0,2606.54,2023-11-11T00:00:00
9112,6557,9034,7,881.29,9.0,5613.82,2024-05-08T00:00:00
9113,9733,9000,3,2125.16,1.0,6311.73,2026-02-05T00:00:00
9114,5299,3564,5,792.69,1.0,3923.82,2023-08-02T00:00:00
9115,6433,8147,3,2185.97,23.0,5049.59,2025-12-29T00:00:00
9116,6866,9305,3,858.44,25.0,1931.49,2023-06-09T00:00:00
9117,2289,1394,8,1820.67,25.0,10924.02,2024-07-24T00:00:00
9118,13591,10111,10,1411.56,3.0,13692.13,2026-03-03T00:00:00
9119,10656,182,9,2654.34,3.0,23172.39,2024-05-18T00:00:00
9120,3363,11348,10,2692.32,29.0,19115.47,2026-03-31T00:00:00
9121,13344,8631,6,2639.04,1.0,15675.9,2023-09-09T00:00:00
9122,12603,11847,3,396.26,5.0,1129.34,2023-05-26T00:00:00
9123,4568,5442,10,1539.24,13.0,13391.39,2024-02-17T00:00:00
9124,13387,12542,7,1882.98,2.0,12917.24,2025-02-10T00:00:00
9125,553,5120,4,674.18,17.0,2238.28,2025-10-27T00:00:00
9126,11763,7546,4,1296.48,9.0,4719.19,2025-10-11T00:00:00
9127,13967,9232,9,2132.94,22.0,14973.24,2025-10-09T00:00:00
9128,10242,13238,6,330.72,22.0,1547.77,2025-06-23T00:00:00
9129,12035,6596,5,763.4,27.0,2786.41,2023-03-02T00:00:00
9130,12880,13064,3,1281.2,14.0,3305.5,2026-05-16T00:00:00
9131,6865,13226,4,774.22,9.0,2818.16,2023-02-09T00:00:00
9132,11870,12176,4,1863.56,28.0,5367.05,2023-12-09T00:00:00
9133,4707,4622,10,2135.36,4.0,20499.46,2025-12-13T00:00:00
9134,3821,6496,5,1513.01,9.0,6884.2,2025-09-12T00:00:00
9135,8708,76,4,1277.65,14.0,4395.12,2026-01-21T00:00:00
9136,11737,4595,6,2560.27,11.0,13671.84,2026-02-17T00:00:00
9137,12327,89,4,2436.01,7.0,9061.96,2023-12-31T00:00:00
9138,1531,11846,4,1020.64,20.0,3266.05,2023-01-03T00:00:00
9139,1608,9096,2,1292.55,9.0,2352.44,2025-09-08T00:00:00
9140,2571,1219,2,2752.43,12.0,4844.28,2023-11-27T00:00:00
9141,7339,4205,2,2154.16,5.0,4092.9,2023-06-10T00:00:00
9142,1538,13272,1,331.11,9.0,301.31,2023-11-01T00:00:00
9143,769,14796,6,433.15,23.0,2001.15,2025-01-02T00:00:00
9144,2585,9513,9,1290.26,17.0,9638.24,2025-10-25T00:00:00
9145,12433,4763,7,373.84,29.0,1857.98,2026-03-10T00:00:00
9146,4427,7136,2,1803.39,18.0,2957.56,2024-12-27T00:00:00
9147,11075,9618,10,1766.4,4.0,16957.44,2025-02-02T00:00:00
9148,3495,8461,6,2741.87,26.0,12173.9,2025-05-10T00:00:00
9149,12370,7202,2,2897.83,14.0,4984.27,2025-12-25T00:00:00
9150,6301,3100,2,2345.05,22.0,3658.28,2025-03-29T00:00:00
9151,4384,3212,9,2317.93,5.0,19818.3,2026-06-01T00:00:00
9152,4131,10173,3,444.85,3.0,1294.51,2026-01-19T00:00:00
9153,11791,4134,4,1207.98,12.0,4252.09,2025-03-03T00:00:00
9154,14357,14610,8,77.64,27.0,453.42,2023-06-19T00:00:00
9155,2408,6328,3,2371.38,14.0,6118.16,2024-11-02T00:00:00
9156,8198,4280,6,2444.3,1.0,14519.14,2026-01-08T00:00:00
9157,1123,621,10,96.0,0.0,960.0,2026-05-02T00:00:00
9158,1284,4118,3,284.87,29.0,606.77,2025-01-11T00:00:00
9159,9862,13277,2,2510.03,27.0,3664.64,2023-10-06T00:00:00
9160,13999,7490,3,1622.95,13.0,4235.9,2026-04-11T00:00:00
9161,1890,4969,9,2895.05,0.0,26055.45,2025-10-08T00:00:00
9162,12470,8006,6,267.51,10.0,1444.55,2026-01-20T00:00:00
9163,13638,370,10,1781.47,14.0,15320.64,2026-03-07T00:00:00
9164,9508,8619,4,59.49,4.0,228.44,2025-09-19T00:00:00
9165,6377,10149,8,2760.83,26.0,16344.11,2025-02-02T00:00:00
9166,6147,10366,3,341.5,7.0,952.78,2023-09-24T00:00:00
9167,3119,13523,10,1043.97,20.0,8351.76,2026-05-23T00:00:00
9168,2279,9446,2,887.76,7.0,1651.23,2024-10-29T00:00:00
9169,4428,13835,4,755.34,19.0,2447.3,2023-11-06T00:00:00
9170,8625,2601,8,1684.42,10.0,12127.82,2024-05-06T00:00:00
9171,10407,5989,9,2825.16,17.0,21103.95,2025-10-21T00:00:00
9172,14925,7004,4,1216.16,6.0,4572.76,2023-07-25T00:00:00
9173,7225,10083,8,2616.95,5.0,19888.82,2024-03-17T00:00:00
9174,7927,5377,6,2284.59,8.0,12610.94,2023-06-07T00:00:00
9175,13304,11067,5,2562.99,13.0,11149.01,2026-06-02T00:00:00
9176,9208,7190,2,566.43,24.0,860.97,2025-04-19T00:00:00
9177,11841,9854,1,1843.19,19.0,1492.98,2023-06-25T00:00:00
9178,7166,10568,8,1584.21,6.0,11913.26,2023-07-27T00:00:00
9179,8680,12624,2,2176.4,9.0,3961.05,2024-02-08T00:00:00
9180,14790,4531,8,2912.55,19.0,18873.32,2026-04-30T00:00:00
9181,8569,9601,7,2210.71,14.0,13308.47,2025-11-09T00:00:00
9182,3556,6074,5,1524.82,20.0,6099.28,2025-07-21T00:00:00
9183,14707,5766,9,2334.96,11.0,18703.03,2025-12-15T00:00:00
9184,2512,10306,2,231.24,2.0,453.23,2024-01-08T00:00:00
9185,5529,2844,5,770.42,23.0,2966.12,2023-08-14T00:00:00
9186,11470,5479,3,557.3,8.0,1538.15,2024-01-21T00:00:00
9187,1827,10784,8,134.37,2.0,1053.46,2023-02-26T00:00:00
9188,14337,14891,2,2518.99,6.0,4735.7,2024-04-08T00:00:00
9189,11236,7796,8,207.81,2.0,1629.23,2024-05-03T00:00:00
9190,13170,8840,9,1026.41,8.0,8498.67,2023-06-06T00:00:00
9191,7219,8690,4,705.35,16.0,2369.98,2025-11-13T00:00:00
9192,6108,11501,5,785.33,3.0,3808.85,2023-06-10T00:00:00
9193,3067,1925,3,2525.41,1.0,7500.47,2024-08-20T00:00:00
9194,11662,902,4,2502.37,4.0,9609.1,2024-01-21T00:00:00
9195,13290,2019,7,923.41,21.0,5106.46,2025-02-06T00:00:00
9196,1118,11522,10,34.51,23.0,265.73,2023-05-16T00:00:00
9197,7988,3747,10,1129.64,29.0,8020.44,2024-02-19T00:00:00
9198,13089,2964,4,743.81,2.0,2915.74,2023-06-03T00:00:00
9199,1656,6455,3,373.81,21.0,885.93,2023-02-19T00:00:00
9200,11197,14937,1,1153.45,29.0,818.95,2023-12-06T00:00:00
9201,9300,10324,5,400.86,15.0,1703.66,2024-06-05T00:00:00
9202,4062,7688,9,1261.39,5.0,10784.88,2024-03-13T00:00:00
9203,3531,4592,4,1012.23,11.0,3603.54,2026-04-29T00:00:00
9204,7675,8421,8,23.63,25.0,141.78,2024-07-03T00:00:00
9205,8555,12672,9,79.54,20.0,572.69,2023-04-20T00:00:00
9206,11244,10712,6,1760.22,19.0,8554.67,2023-01-03T00:00:00
9207,388,5969,2,1409.78,3.0,2734.97,2025-02-18T00:00:00
9208,11172,11055,4,1707.37,28.0,4917.23,2023-05-06T00:00:00
9209,6401,13226,1,528.18,26.0,390.85,2025-10-13T00:00:00
9210,3794,9833,6,2948.89,19.0,14331.61,2023-01-24T00:00:00
9211,3874,7330,1,2373.59,12.0,2088.76,2024-03-15T00:00:00
9212,11586,115,7,740.73,25.0,3888.83,2024-09-15T00:00:00
9213,9068,4570,9,494.27,0.0,4448.43,2024-11-01T00:00:00
9214,12393,12252,3,1518.35,10.0,4099.54,2025-01-11T00:00:00
9215,11314,11987,3,624.7,3.0,1817.88,2026-04-13T00:00:00
9216,9331,11962,3,2730.3,24.0,6225.08,2025-06-11T00:00:00
9217,8165,159,10,2871.29,12.0,25267.35,2023-07-23T00:00:00
9218,13250,11469,2,2635.91,17.0,4375.61,2024-11-21T00:00:00
9219,13072,1632,1,2713.57,18.0,2225.13,2025-01-19T00:00:00
9220,11621,975,5,585.74,27.0,2137.95,2025-03-26T00:00:00
9221,846,1099,9,1231.19,0.0,11080.71,2024-01-20T00:00:00
9222,9879,6029,7,1103.07,7.0,7180.99,2023-11-21T00:00:00
9223,2620,8836,8,333.95,19.0,2164.0,2023-07-21T00:00:00
9224,11168,9181,7,867.98,11.0,5407.52,2024-10-15T00:00:00
9225,1074,13261,5,2342.53,26.0,8667.36,2024-06-28T00:00:00
9226,1697,8191,10,1745.88,1.0,17284.21,2024-06-09T00:00:00
9227,11354,8473,1,496.02,1.0,491.06,2024-10-14T00:00:00
9228,12918,3451,10,80.03,20.0,640.24,2025-01-20T00:00:00
9229,2243,14911,7,1675.01,23.0,9028.3,2023-07-13T00:00:00
9230,5438,3025,8,214.35,10.0,1543.32,2023-09-09T00:00:00
9231,6229,11385,4,1207.94,5.0,4590.17,2025-07-13T00:00:00
9232,13203,1644,8,2801.28,30.0,15687.17,2025-05-14T00:00:00
9233,3390,1958,10,900.29,2.0,8822.84,2024-02-13T00:00:00
9234,7791,10628,3,1752.44,3.0,5099.6,2024-03-27T00:00:00
9235,4230,12780,5,2549.15,3.0,12363.38,2025-01-14T00:00:00
9236,10763,9125,10,2374.3,18.0,19469.26,2024-01-20T00:00:00
9237,7808,12667,7,234.24,14.0,1410.12,2023-12-20T00:00:00
9238,1051,14177,10,445.39,18.0,3652.2,2024-01-26T00:00:00
9239,14645,1114,3,1264.39,28.0,2731.08,2026-02-03T00:00:00
9240,12255,2822,7,1426.99,6.0,9389.59,2025-07-09T00:00:00
9241,4557,9872,6,1771.48,18.0,8715.68,2025-12-28T00:00:00
9242,11566,4368,10,990.95,7.0,9215.83,2024-01-15T00:00:00
9243,12819,14157,5,1549.64,25.0,5811.15,2024-12-01T00:00:00
9244,9555,5152,4,2386.23,4.0,9163.12,2026-02-21T00:00:00
9245,10021,11456,4,1880.46,1.0,7446.62,2025-06-20T00:00:00
9246,5879,3630,5,1736.68,23.0,6686.22,2025-10-18T00:00:00
9247,7588,813,10,340.4,19.0,2757.24,2025-12-05T00:00:00
9248,10592,7908,7,1381.33,2.0,9475.92,2024-05-12T00:00:00
9249,9913,3974,5,2905.97,22.0,11333.28,2025-08-25T00:00:00
9250,2422,2366,1,1754.71,23.0,1351.13,2026-04-14T00:00:00
9251,13038,12654,9,1746.57,16.0,13204.07,2023-02-07T00:00:00
9252,7609,1191,6,1284.11,21.0,6086.68,2025-03-30T00:00:00
9253,9387,5021,1,1733.45,0.0,1733.45,2024-04-13T00:00:00
9254,1821,11416,9,2168.08,4.0,18732.21,2024-06-24T00:00:00
9255,2051,3984,5,10.56,8.0,48.58,2025-04-01T00:00:00
9256,10623,4488,9,2400.86,23.0,16637.96,2025-07-19T00:00:00
9257,10254,11604,3,1642.48,21.0,3892.68,2023-10-15T00:00:00
9258,10418,14256,5,2336.58,18.0,9579.98,2023-04-20T00:00:00
9259,9306,3269,1,2260.37,1.0,2237.77,2026-01-27T00:00:00
9260,2380,10083,6,2259.03,13.0,11792.14,2023-09-16T00:00:00
9261,14260,445,5,1013.18,29.0,3596.79,2023-03-15T00:00:00
9262,5922,8505,4,1612.91,0.0,6451.64,2026-02-01T00:00:00
9263,3788,13826,2,1541.11,3.0,2989.75,2023-01-28T00:00:00
9264,1238,4514,7,468.04,28.0,2358.92,2024-02-18T00:00:00
9265,10640,14982,4,1600.39,18.0,5249.28,2025-11-14T00:00:00
9266,3683,13408,9,1061.45,10.0,8597.75,2024-11-29T00:00:00
9267,5945,4037,3,800.27,29.0,1704.58,2025-08-06T00:00:00
9268,6623,2028,1,2480.05,23.0,1909.64,2024-08-31T00:00:00
9269,10596,7175,3,1476.06,24.0,3365.42,2026-03-24T00:00:00
9270,11896,12988,8,2331.74,16.0,15669.29,2023-12-02T00:00:00
9271,1927,2230,1,925.43,15.0,786.62,2025-08-18T00:00:00
9272,5486,10338,9,2729.45,17.0,20388.99,2026-01-22T00:00:00
9273,1960,3887,9,1480.6,23.0,10260.56,2023-03-18T00:00:00
9274,13293,679,9,843.94,25.0,5696.6,2023-04-30T00:00:00
9275,4846,3793,9,1868.65,9.0,15304.24,2026-01-12T00:00:00
9276,8783,315,5,1997.06,8.0,9186.48,2025-08-29T00:00:00
9277,3530,10453,8,2838.3,30.0,15894.48,2024-12-16T00:00:00
9278,8095,726,2,2315.35,17.0,3843.48,2024-11-04T00:00:00
9279,3144,2963,6,701.65,17.0,3494.22,2025-09-25T00:00:00
9280,9203,8054,4,624.48,13.0,2173.19,2023-01-02T00:00:00
9281,12902,12743,4,537.53,20.0,1720.1,2023-11-10T00:00:00
9282,3328,10361,3,527.03,19.0,1280.68,2024-01-31T00:00:00
9283,12149,10056,5,2069.17,3.0,10035.47,2025-12-28T00:00:00
9284,11383,7853,8,126.18,11.0,898.4,2024-04-15T00:00:00
9285,5628,7113,2,2950.01,11.0,5251.02,2025-11-22T00:00:00
9286,8447,6362,1,2410.55,2.0,2362.34,2024-06-15T00:00:00
9287,4021,11644,9,706.91,2.0,6234.95,2025-03-01T00:00:00
9288,1012,9960,1,1085.99,27.0,792.77,2023-08-31T00:00:00
9289,8315,4214,3,675.1,29.0,1437.96,2024-07-19T00:00:00
9290,1240,7901,1,106.78,27.0,77.95,2023-08-25T00:00:00
9291,5781,8178,1,614.36,26.0,454.63,2025-11-14T00:00:00
9292,10990,8597,10,2051.72,5.0,19491.34,2025-09-11T00:00:00
9293,1515,8139,1,665.45,22.0,519.05,2023-05-07T00:00:00
9294,11031,13565,1,1480.94,13.0,1288.42,2024-03-03T00:00:00
9295,13971,13796,8,2358.79,11.0,16794.58,2026-04-11T00:00:00
9296,11179,6109,6,1926.5,23.0,8900.43,2024-09-03T00:00:00
9297,11755,13096,8,2262.1,19.0,14658.41,2023-10-29T00:00:00
9298,2223,6030,9,2326.49,8.0,19263.34,2023-12-08T00:00:00
9299,12919,2852,7,2067.01,21.0,11430.57,2023-06-14T00:00:00
9300,12038,14374,9,151.97,28.0,984.77,2025-06-22T00:00:00
9301,14515,12749,5,1305.95,3.0,6333.86,2023-08-27T00:00:00
9302,4812,9901,2,55.75,16.0,93.66,2024-02-09T00:00:00
9303,7203,14497,7,1846.78,10.0,11634.71,2023-02-07T00:00:00
9304,6412,4785,4,2667.63,1.0,10563.81,2023-11-18T00:00:00
9305,5909,9549,10,1652.98,14.0,14215.63,2023-02-21T00:00:00
9306,4600,1592,6,972.61,23.0,4493.46,2023-10-26T00:00:00
9307,4679,4208,3,1693.59,27.0,3708.96,2023-03-18T00:00:00
9308,9115,1105,5,1827.21,10.0,8222.44,2023-09-20T00:00:00
9309,14986,2684,8,1648.35,15.0,11208.78,2026-03-15T00:00:00
9310,8512,8407,2,1940.43,25.0,2910.64,2025-04-24T00:00:00
9311,1666,4721,7,2466.32,1.0,17091.6,2024-04-08T00:00:00
9312,2345,152,3,2683.23,26.0,5956.77,2023-03-02T00:00:00
9313,12226,11957,4,1563.64,14.0,5378.92,2024-12-18T00:00:00
9314,4719,13076,7,1047.99,12.0,6455.62,2025-04-01T00:00:00
9315,9685,3156,8,2920.32,8.0,21493.56,2024-03-15T00:00:00
9316,305,1619,6,102.0,6.0,575.28,2025-03-09T00:00:00
9317,6860,10652,4,102.74,4.0,394.52,2025-03-12T00:00:00
9318,5974,14751,9,2686.83,14.0,20796.06,2025-10-01T00:00:00
9319,11040,6350,7,1048.41,21.0,5797.71,2024-09-10T00:00:00
9320,11949,6592,10,2478.24,1.0,24534.58,2026-06-08T00:00:00
9321,14405,6736,5,708.5,26.0,2621.45,2023-10-23T00:00:00
9322,11513,11685,9,1542.95,20.0,11109.24,2024-07-22T00:00:00
9323,9993,8649,2,2975.82,14.0,5118.41,2026-05-29T00:00:00
9324,11216,9592,4,419.45,7.0,1560.35,2024-12-05T00:00:00
9325,14816,8678,7,906.39,28.0,4568.21,2026-05-12T00:00:00
9326,4202,5174,8,1963.06,21.0,12406.54,2026-02-16T00:00:00
9327,10336,12121,4,1057.11,8.0,3890.16,2024-02-27T00:00:00
9328,767,67,10,1799.47,16.0,15115.55,2023-04-17T00:00:00
9329,11647,6010,1,969.46,23.0,746.48,2023-01-21T00:00:00
9330,8441,12138,8,1688.19,27.0,9859.03,2023-12-15T00:00:00
9331,11856,4582,1,2339.39,18.0,1918.3,2023-09-18T00:00:00
9332,12991,3239,1,1880.15,4.0,1804.94,2024-08-18T00:00:00
9333,6618,10303,1,2190.05,8.0,2014.85,2023-12-20T00:00:00
9334,6131,8088,1,1316.66,2.0,1290.33,2025-12-14T00:00:00
9335,8102,1713,3,2951.08,10.0,7967.92,2023-09-15T00:00:00
9336,119,3536,8,378.13,27.0,2208.28,2023-09-26T00:00:00
9337,13339,11798,5,980.6,8.0,4510.76,2023-03-12T00:00:00
9338,14151,10634,3,2677.93,7.0,7471.42,2024-02-05T00:00:00
9339,10100,13459,7,250.32,3.0,1699.67,2026-02-02T00:00:00
9340,12247,7380,8,1881.56,15.0,12794.61,2023-03-12T00:00:00
9341,680,14873,6,1038.59,16.0,5234.49,2024-12-08T00:00:00
9342,2517,9795,3,2994.34,10.0,8084.72,2023-07-05T00:00:00
9343,3124,2459,5,2233.01,18.0,9155.34,2024-02-22T00:00:00
9344,6149,14943,10,1807.31,1.0,17892.37,2025-05-17T00:00:00
9345,12421,10914,6,2131.19,22.0,9973.97,2025-12-14T00:00:00
9346,12793,3549,1,2958.88,24.0,2248.75,2023-11-08T00:00:00
9347,9684,5812,6,1933.22,11.0,10323.39,2025-07-13T00:00:00
9348,12461,12656,8,1060.86,5.0,8062.54,2023-02-05T00:00:00
9349,12295,8528,4,471.95,21.0,1491.36,2023-02-13T00:00:00
9350,2989,10941,4,2153.3,7.0,8010.28,2023-01-25T00:00:00
9351,5821,13560,9,836.16,0.0,7525.44,2023-04-17T00:00:00
9352,7149,14969,4,387.13,10.0,1393.67,2023-01-06T00:00:00
9353,5866,4007,3,217.02,19.0,527.36,2025-11-29T00:00:00
9354,5658,9909,8,370.79,1.0,2936.66,2024-08-24T00:00:00
9355,8900,12682,9,1370.05,0.0,12330.45,2026-05-16T00:00:00
9356,4717,11438,8,1048.59,14.0,7214.3,2024-07-10T00:00:00
9357,4298,14614,8,2437.92,30.0,13652.35,2026-06-01T00:00:00
9358,10477,5177,1,1167.08,17.0,968.68,2023-01-01T00:00:00
9359,10536,5992,8,2513.38,17.0,16688.84,2023-12-03T00:00:00
9360,14332,9087,10,1609.14,7.0,14965.0,2025-09-11T00:00:00
9361,13685,6222,7,2030.39,15.0,12080.82,2023-01-04T00:00:00
9362,2091,7282,6,162.79,27.0,713.02,2025-10-28T00:00:00
9363,3050,10768,4,2391.92,19.0,7749.82,2023-06-26T00:00:00
9364,14426,8849,10,2791.44,26.0,20656.66,2023-02-06T00:00:00
9365,10822,1013,1,1581.73,9.0,1439.37,2025-12-23T00:00:00
9366,6966,6561,4,1719.88,4.0,6604.34,2025-02-21T00:00:00
9367,5711,10915,6,2115.68,23.0,9774.44,2025-04-19T00:00:00
9368,8802,1954,10,715.91,28.0,5154.55,2025-01-25T00:00:00
9369,11355,11305,7,2747.26,21.0,15192.35,2025-12-11T00:00:00
9370,10775,10675,8,1319.55,21.0,8339.56,2024-12-10T00:00:00
9371,12854,3823,8,1437.12,14.0,9887.39,2024-06-21T00:00:00
9372,10031,1715,5,2702.59,7.0,12567.04,2023-11-06T00:00:00
9373,7561,4725,2,2877.67,3.0,5582.68,2023-04-29T00:00:00
9374,4131,10491,4,1331.83,11.0,4741.31,2025-05-20T00:00:00
9375,13978,13303,10,2395.31,3.0,23234.51,2023-07-19T00:00:00
9376,11551,12769,4,799.99,8.0,2943.96,2025-08-08T00:00:00
9377,10402,3364,4,1722.41,18.0,5649.5,2023-10-01T00:00:00
9378,9025,2611,8,2681.68,7.0,19951.7,2026-06-09T00:00:00
9379,9229,3373,1,595.57,14.0,512.19,2025-11-16T00:00:00
9380,6111,2205,3,922.61,3.0,2684.8,2025-05-22T00:00:00
9381,6759,9316,2,958.38,1.0,1897.59,2025-04-11T00:00:00
9382,2450,13509,2,1097.12,18.0,1799.28,2024-12-10T00:00:00
9383,14840,13630,9,454.13,3.0,3964.55,2023-04-01T00:00:00
9384,4676,13145,5,2435.62,6.0,11447.41,2025-06-18T00:00:00
9385,9852,7206,8,2129.68,26.0,12607.71,2023-08-26T00:00:00
9386,7126,3590,7,917.75,8.0,5910.31,2023-12-18T00:00:00
9387,1265,14645,9,337.09,4.0,2912.46,2024-11-04T00:00:00
9388,3867,1397,10,1104.31,26.0,8171.89,2026-04-25T00:00:00
9389,4516,980,9,661.89,17.0,4944.32,2023-04-27T00:00:00
9390,10634,14685,10,1047.38,12.0,9216.94,2023-10-30T00:00:00
9391,4901,6908,8,564.26,15.0,3836.97,2025-09-26T00:00:00
9392,4627,13001,5,2480.19,8.0,11408.87,2023-11-16T00:00:00
9393,11226,606,6,2722.39,21.0,12904.13,2024-10-06T00:00:00
9394,8518,1343,9,81.99,25.0,553.43,2023-11-12T00:00:00
9395,5483,10116,3,1916.54,7.0,5347.15,2025-02-04T00:00:00
9396,8171,8301,9,860.64,21.0,6119.15,2023-08-08T00:00:00
9397,3235,9870,2,1213.76,13.0,2111.94,2023-02-21T00:00:00
9398,4778,12332,6,2861.87,5.0,16312.66,2025-03-12T00:00:00
9399,12128,9922,5,1120.28,25.0,4201.05,2024-08-21T00:00:00
9400,4222,12590,3,382.02,29.0,813.7,2023-06-19T00:00:00
9401,1736,1645,5,902.08,9.0,4104.46,2025-11-24T00:00:00
9402,7671,12473,10,1870.47,26.0,13841.48,2024-01-20T00:00:00
9403,4784,6073,4,648.8,12.0,2283.78,2025-12-04T00:00:00
9404,5487,10026,4,1097.27,9.0,3994.06,2026-04-27T00:00:00
9405,301,6545,6,1420.25,18.0,6987.63,2023-09-03T00:00:00
9406,12975,245,8,923.04,3.0,7162.79,2026-01-06T00:00:00
9407,2144,12957,5,2578.05,12.0,11343.42,2026-03-13T00:00:00
9408,12201,14876,2,2922.65,0.0,5845.3,2023-04-26T00:00:00
9409,9914,13457,5,719.31,9.0,3272.86,2026-04-13T00:00:00
9410,8503,12807,5,2042.95,1.0,10112.6,2024-08-26T00:00:00
9411,2008,6874,2,1927.83,7.0,3585.76,2025-06-06T00:00:00
9412,8456,12091,9,1564.14,29.0,9994.85,2025-01-16T00:00:00
9413,10150,7944,5,908.47,23.0,3497.61,2025-03-12T00:00:00
9414,3866,4328,4,1854.91,7.0,6900.27,2025-01-21T00:00:00
9415,6545,7536,2,306.47,3.0,594.55,2025-03-02T00:00:00
9416,5068,7834,10,1869.07,1.0,18503.79,2023-03-06T00:00:00
9417,7487,1922,8,2641.75,0.0,21134.0,2023-04-18T00:00:00
9418,14553,2107,5,2761.58,4.0,13255.58,2023-06-05T00:00:00
9419,14959,10275,1,626.86,19.0,507.76,2024-09-05T00:00:00
9420,657,7517,3,829.32,30.0,1741.57,2024-04-02T00:00:00
9421,14963,12509,1,2923.18,12.0,2572.4,2023-04-02T00:00:00
9422,2203,3566,9,2144.26,23.0,14859.72,2025-08-21T00:00:00
9423,2483,1363,9,452.19,25.0,3052.28,2023-11-22T00:00:00
9424,6073,5098,6,28.48,28.0,123.03,2025-12-28T00:00:00
9425,12934,9996,4,873.64,22.0,2725.76,2025-01-10T00:00:00
9426,8322,1888,2,1659.06,16.0,2787.22,2026-06-04T00:00:00
9427,9782,393,4,717.5,14.0,2468.2,2025-03-15T00:00:00
9428,398,2041,1,706.82,25.0,530.12,2025-01-27T00:00:00
9429,244,2837,5,2707.05,29.0,9610.03,2025-03-05T00:00:00
9430,14722,14117,7,1277.28,10.0,8046.86,2023-01-25T00:00:00
9431,6126,8714,9,547.38,26.0,3645.55,2024-06-26T00:00:00
9432,7617,3557,8,1178.49,21.0,7448.06,2023-05-13T00:00:00
9433,3024,5837,6,1376.09,16.0,6935.49,2023-11-16T00:00:00
9434,13747,1371,9,1112.07,1.0,9908.54,2023-12-29T00:00:00
9435,5496,14074,9,1382.43,22.0,9704.66,2023-03-30T00:00:00
9436,3522,12306,6,136.66,14.0,705.17,2024-02-11T00:00:00
9437,6135,2957,8,849.29,19.0,5503.4,2025-09-05T00:00:00
9438,4607,8386,4,2341.58,17.0,7774.05,2023-05-05T00:00:00
9439,7988,5081,10,1020.8,21.0,8064.32,2025-08-27T00:00:00
9440,4868,10404,3,1214.9,4.0,3498.91,2025-11-20T00:00:00
9441,3675,10432,3,428.37,4.0,1233.71,2023-11-04T00:00:00
9442,7583,12966,6,1538.95,8.0,8495.0,2023-11-18T00:00:00
9443,8298,13674,10,481.48,19.0,3899.99,2024-10-30T00:00:00
9444,3575,10876,7,213.63,20.0,1196.33,2023-05-17T00:00:00
9445,7755,10891,6,389.81,11.0,2081.59,2026-04-12T00:00:00
9446,10305,3890,6,528.38,11.0,2821.55,2025-04-21T00:00:00
9447,9152,3846,4,152.02,2.0,595.92,2025-09-12T00:00:00
9448,14803,13280,8,972.87,3.0,7549.47,2024-03-03T00:00:00
9449,491,3698,3,1817.76,14.0,4689.82,2023-07-16T00:00:00
9450,5089,10652,9,147.04,7.0,1230.72,2023-01-14T00:00:00
9451,5661,12340,4,1913.0,10.0,6886.8,2024-05-28T00:00:00
9452,11899,2060,4,508.16,13.0,1768.4,2025-04-24T00:00:00
9453,1936,11620,7,335.08,28.0,1688.8,2025-12-26T00:00:00
9454,6568,14634,1,891.07,13.0,775.23,2023-07-20T00:00:00
9455,6209,9066,3,2745.08,18.0,6752.9,2024-07-01T00:00:00
9456,2513,6134,3,1970.85,18.0,4848.29,2024-11-02T00:00:00
9457,7135,1838,9,1939.0,17.0,14484.33,2025-11-20T00:00:00
9458,11499,13922,3,1679.4,17.0,4181.71,2024-08-23T00:00:00
9459,14936,4863,10,2190.79,6.0,20593.43,2023-01-23T00:00:00
9460,10866,8825,4,2624.84,9.0,9554.42,2023-08-11T00:00:00
9461,1882,9557,6,625.49,8.0,3452.7,2025-02-04T00:00:00
9462,13520,12299,7,2128.47,25.0,11174.47,2025-05-30T00:00:00
9463,14887,8802,7,2544.6,15.0,15140.37,2024-10-20T00:00:00
9464,14751,13736,5,2934.01,3.0,14229.95,2024-01-10T00:00:00
9465,2679,2130,4,1953.4,2.0,7657.33,2023-06-06T00:00:00
9466,8304,13376,10,2055.29,23.0,15825.73,2025-02-15T00:00:00
9467,6763,4086,6,553.9,12.0,2924.59,2025-09-14T00:00:00
9468,8483,415,5,2578.55,16.0,10829.91,2023-05-28T00:00:00
9469,12409,6838,10,314.17,1.0,3110.28,2025-05-05T00:00:00
9470,1174,11014,9,701.77,2.0,6189.61,2026-01-07T00:00:00
9471,8611,2274,4,1288.44,2.0,5050.68,2024-05-09T00:00:00
9472,73,314,10,809.58,24.0,6152.81,2024-08-02T00:00:00
9473,11449,7806,2,2104.91,25.0,3157.36,2023-04-17T00:00:00
9474,3039,5015,1,232.34,4.0,223.05,2024-12-26T00:00:00
9475,1124,6785,10,2514.32,18.0,20617.42,2025-02-21T00:00:00
9476,11258,12424,3,1156.3,30.0,2428.23,2024-04-04T00:00:00
9477,14926,14943,2,2025.11,9.0,3685.7,2024-08-16T00:00:00
9478,9996,4729,3,1666.55,2.0,4899.66,2025-05-15T00:00:00
9479,5437,5767,5,262.93,22.0,1025.43,2024-05-03T00:00:00
9480,9906,10743,2,337.33,28.0,485.76,2024-01-30T00:00:00
9481,1722,6424,3,920.8,24.0,2099.42,2023-12-11T00:00:00
9482,3370,7225,10,2491.05,13.0,21672.13,2023-11-18T00:00:00
9483,2042,13400,8,1351.97,2.0,10599.44,2025-06-17T00:00:00
9484,4739,10236,5,2751.81,0.0,13759.05,2025-07-16T00:00:00
9485,14835,13712,5,434.14,2.0,2127.29,2024-03-11T00:00:00
9486,5036,9752,7,1878.2,28.0,9466.13,2023-05-15T00:00:00
9487,4848,14852,5,207.79,4.0,997.39,2024-12-25T00:00:00
9488,2688,12502,8,1195.31,0.0,9562.48,2025-06-11T00:00:00
9489,11936,435,7,2125.52,24.0,11307.77,2024-11-07T00:00:00
9490,1907,9857,5,2178.59,2.0,10675.09,2023-05-17T00:00:00
9491,8805,13637,2,2908.17,1.0,5758.18,2025-03-07T00:00:00
9492,14073,2067,2,444.96,10.0,800.93,2025-10-21T00:00:00
9493,8956,12822,10,1166.14,21.0,9212.51,2025-12-17T00:00:00
9494,12258,5985,1,1364.53,3.0,1323.59,2025-10-04T00:00:00
9495,2988,3468,2,2077.69,30.0,2908.77,2025-01-14T00:00:00
9496,5966,13958,6,828.96,1.0,4924.02,2025-05-22T00:00:00
9497,5882,12742,2,600.79,8.0,1105.45,2023-05-17T00:00:00
9498,3863,583,1,2236.9,11.0,1990.84,2025-09-30T00:00:00
9499,2641,2386,10,166.07,25.0,1245.52,2024-05-17T00:00:00
9500,11998,5209,9,1950.03,20.0,14040.22,2025-01-03T00:00:00
9501,7173,6282,2,2311.74,22.0,3606.31,2024-01-15T00:00:00
9502,12034,6916,1,2506.81,19.0,2030.52,2026-01-27T00:00:00
9503,2657,6255,8,1833.07,10.0,13198.1,2025-02-07T00:00:00
9504,13154,10265,2,1112.7,14.0,1913.84,2025-05-09T00:00:00
9505,3124,2939,3,2776.36,28.0,5996.94,2025-01-16T00:00:00
9506,6655,4704,1,1695.95,1.0,1678.99,2026-03-19T00:00:00
9507,1548,2284,6,2737.37,4.0,15767.25,2023-10-06T00:00:00
9508,5394,11236,7,1396.62,26.0,7234.49,2025-08-10T00:00:00
9509,6636,8633,7,2592.23,1.0,17964.15,2025-12-22T00:00:00
9510,12759,7783,4,2646.69,6.0,9951.55,2023-02-17T00:00:00
9511,1848,7696,7,2725.1,28.0,13734.5,2026-03-16T00:00:00
9512,14770,14033,7,302.64,20.0,1694.78,2023-04-01T00:00:00
9513,12475,13841,8,379.06,29.0,2153.06,2026-01-05T00:00:00
9514,4635,14793,2,1860.53,8.0,3423.38,2024-09-17T00:00:00
9515,13896,13201,6,1947.86,2.0,11453.42,2026-05-11T00:00:00
9516,6210,11621,9,13.37,0.0,120.33,2024-09-10T00:00:00
9517,11168,9807,10,191.76,23.0,1476.55,2026-01-12T00:00:00
9518,6802,10115,2,967.96,18.0,1587.45,2025-06-21T00:00:00
9519,6941,4022,7,2813.0,17.0,16343.53,2023-12-22T00:00:00
9520,3988,9750,3,1949.34,2.0,5731.06,2025-04-12T00:00:00
9521,14050,8626,2,964.33,27.0,1407.92,2024-02-29T00:00:00
9522,2669,8470,3,399.84,22.0,935.63,2023-05-09T00:00:00
9523,6230,6764,4,635.39,5.0,2414.48,2023-12-07T00:00:00
9524,727,14390,2,1835.99,28.0,2643.83,2026-05-14T00:00:00
9525,1534,107,8,1884.39,16.0,12663.1,2024-02-05T00:00:00
9526,6873,10360,6,298.55,2.0,1755.47,2024-07-13T00:00:00
9527,9203,5257,9,1223.55,11.0,9800.64,2023-10-05T00:00:00
9528,14694,11229,5,2969.78,14.0,12770.05,2026-05-29T00:00:00
9529,4239,14436,10,374.8,28.0,2698.56,2024-03-25T00:00:00
9530,8362,14019,4,2701.3,22.0,8428.06,2025-11-01T00:00:00
9531,11942,7632,10,2251.28,4.0,21612.29,2025-11-09T00:00:00
9532,3007,12826,3,2851.79,1.0,8469.82,2025-04-25T00:00:00
9533,8551,6285,9,2090.11,3.0,18246.66,2023-08-18T00:00:00
9534,14363,6182,2,1215.51,18.0,1993.44,2025-04-05T00:00:00
9535,13325,3316,10,482.26,13.0,4195.66,2023-02-26T00:00:00
9536,13875,3811,8,660.74,12.0,4651.61,2023-02-26T00:00:00
9537,14866,289,7,1611.74,3.0,10943.71,2023-02-03T00:00:00
9538,1051,4828,3,2792.24,0.0,8376.72,2023-02-24T00:00:00
9539,5965,13235,6,765.9,9.0,4181.81,2025-04-12T00:00:00
9540,2676,1336,4,2734.02,0.0,10936.08,2024-07-05T00:00:00
9541,14657,4506,4,2377.63,20.0,7608.42,2025-08-05T00:00:00
9542,10588,5664,2,416.48,23.0,641.38,2025-02-03T00:00:00
9543,9187,6072,6,1536.1,1.0,9124.43,2025-04-01T00:00:00
9544,5846,13082,7,2454.26,21.0,13572.06,2025-08-11T00:00:00
9545,11012,306,7,2413.71,4.0,16220.13,2025-11-20T00:00:00
9546,11351,10577,7,2674.02,17.0,15536.06,2023-05-16T00:00:00
9547,10322,3135,3,1454.17,16.0,3664.51,2024-03-22T00:00:00
9548,13961,9698,8,894.52,22.0,5581.8,2025-09-02T00:00:00
9549,4331,6784,9,2487.02,9.0,20368.69,2026-01-07T00:00:00
9550,66,7315,2,1482.5,4.0,2846.4,2026-01-07T00:00:00
9551,3385,3650,5,2480.02,12.0,10912.09,2024-11-05T00:00:00
9552,13808,4257,7,1242.46,14.0,7479.61,2025-04-16T00:00:00
9553,13047,7191,6,1908.59,26.0,8474.14,2023-03-12T00:00:00
9554,3881,7864,6,1519.8,13.0,7933.36,2023-07-18T00:00:00
9555,6866,2929,2,511.38,10.0,920.48,2024-01-24T00:00:00
9556,4139,8645,7,2088.79,22.0,11404.79,2026-05-06T00:00:00
9557,1553,8890,6,1984.9,30.0,8336.58,2025-08-07T00:00:00
9558,2247,8166,8,1291.31,23.0,7954.47,2024-10-04T00:00:00
9559,4670,10185,10,2008.08,13.0,17470.3,2024-02-24T00:00:00
9560,13634,10001,2,2328.23,8.0,4283.94,2023-09-15T00:00:00
9561,31,2547,6,42.14,6.0,237.67,2024-11-12T00:00:00
9562,1120,9299,6,2971.82,15.0,15156.28,2025-07-25T00:00:00
9563,5731,1040,3,565.43,0.0,1696.29,2024-12-12T00:00:00
9564,12569,2542,4,2845.06,21.0,8990.39,2023-10-12T00:00:00
9565,7219,10813,5,1979.56,5.0,9402.91,2025-04-14T00:00:00
9566,11264,12728,4,1114.6,25.0,3343.8,2024-04-04T00:00:00
9567,4555,1901,9,1026.75,5.0,8778.71,2023-03-27T00:00:00
9568,7470,6677,1,2317.51,6.0,2178.46,2024-07-14T00:00:00
9569,9882,4927,6,1744.49,10.0,9420.25,2024-01-17T00:00:00
9570,6261,5818,9,722.99,10.0,5856.22,2024-05-02T00:00:00
9571,11699,11501,6,82.77,16.0,417.16,2023-04-21T00:00:00
9572,5952,13269,1,2249.88,3.0,2182.38,2024-09-22T00:00:00
9573,9048,10865,6,2835.48,28.0,12249.27,2024-09-13T00:00:00
9574,6444,14078,10,2768.19,25.0,20761.43,2023-12-16T00:00:00
9575,14282,937,7,2248.75,1.0,15583.84,2024-02-16T00:00:00
9576,14095,11248,3,1118.82,22.0,2618.04,2026-02-17T00:00:00
9577,1718,11953,9,620.66,24.0,4245.31,2023-01-13T00:00:00
9578,9464,12041,5,1255.24,22.0,4895.44,2024-11-30T00:00:00
9579,5148,993,6,2297.62,5.0,13096.43,2025-03-07T00:00:00
9580,8742,8395,5,2224.43,26.0,8230.39,2023-02-16T00:00:00
9581,2166,7339,7,1034.96,6.0,6810.04,2024-09-15T00:00:00
9582,14319,5255,4,998.66,17.0,3315.55,2023-07-06T00:00:00
9583,3144,6160,8,947.93,12.0,6673.43,2023-06-08T00:00:00
9584,1872,1163,9,275.59,13.0,2157.87,2024-08-18T00:00:00
9585,7722,1871,10,1014.33,1.0,10041.87,2025-05-21T00:00:00
9586,1457,12234,5,523.86,28.0,1885.9,2025-12-04T00:00:00
9587,11615,14983,10,2116.15,5.0,20103.42,2025-09-15T00:00:00
9588,7247,4955,7,2550.16,30.0,12495.78,2025-05-14T00:00:00
9589,1036,14505,5,956.9,19.0,3875.45,2026-04-01T00:00:00
9590,4874,8747,3,449.03,13.0,1171.97,2023-04-14T00:00:00
9591,12458,14163,4,2671.54,24.0,8121.48,2025-12-17T00:00:00
9592,1259,5613,1,2817.09,18.0,2310.01,2024-03-10T00:00:00
9593,14833,6377,10,2333.85,8.0,21471.42,2025-03-14T00:00:00
9594,6004,9699,6,1650.01,2.0,9702.06,2025-11-04T00:00:00
9595,1089,5775,6,1691.91,18.0,8324.2,2025-01-28T00:00:00
9596,8982,13421,10,808.71,12.0,7116.65,2023-07-20T00:00:00
9597,5765,10368,1,874.29,10.0,786.86,2023-01-22T00:00:00
9598,5486,142,8,2262.85,26.0,13396.07,2024-09-15T00:00:00
9599,4291,8607,7,46.22,26.0,239.42,2024-09-27T00:00:00
9600,4276,538,6,91.67,27.0,401.51,2023-10-04T00:00:00
9601,12622,10859,6,2097.54,12.0,11075.01,2025-03-28T00:00:00
9602,8553,58,6,2936.56,6.0,16562.2,2025-04-20T00:00:00
9603,6326,2883,6,2548.71,8.0,14068.88,2025-10-03T00:00:00
9604,135,13534,8,2771.09,9.0,20173.54,2026-05-14T00:00:00
9605,8389,1213,7,1407.21,6.0,9259.44,2026-05-31T00:00:00
9606,5473,1707,3,1527.91,19.0,3712.82,2025-12-09T00:00:00
9607,14726,11583,8,1235.65,7.0,9193.24,2026-04-21T00:00:00
9608,13874,8501,8,1022.1,13.0,7113.82,2024-11-27T00:00:00
9609,7038,1328,4,2805.16,28.0,8078.86,2023-08-27T00:00:00
9610,11134,11924,1,1625.61,19.0,1316.74,2025-07-29T00:00:00
9611,363,12269,1,2771.87,20.0,2217.5,2026-05-18T00:00:00
9612,14817,2336,5,1722.93,11.0,7667.04,2026-01-19T00:00:00
9613,3993,10519,2,1117.18,12.0,1966.24,2024-12-27T00:00:00
9614,10948,4781,1,772.34,17.0,641.04,2025-12-25T00:00:00
9615,6790,7007,3,547.15,12.0,1444.48,2024-10-20T00:00:00
9616,394,9379,6,416.12,3.0,2421.82,2025-08-18T00:00:00
9617,3604,3266,9,310.39,21.0,2206.87,2026-06-10T00:00:00
9618,2896,2053,2,2802.01,21.0,4427.18,2023-05-27T00:00:00
9619,8930,14033,4,2638.51,7.0,9815.26,2025-08-07T00:00:00
9620,8134,4158,1,1945.77,20.0,1556.62,2023-05-19T00:00:00
9621,14030,1042,5,1411.79,20.0,5647.16,2024-07-12T00:00:00
9622,2661,5645,8,783.79,28.0,4514.63,2023-03-20T00:00:00
9623,6281,7932,5,1195.93,5.0,5680.67,2025-03-11T00:00:00
9624,12778,10257,1,2056.63,17.0,1707.0,2024-08-01T00:00:00
9625,2686,4703,9,77.2,16.0,583.63,2025-03-14T00:00:00
9626,13991,7833,10,2906.3,3.0,28191.11,2026-03-29T00:00:00
9627,2475,7331,2,771.16,12.0,1357.24,2024-02-09T00:00:00
9628,14557,13103,4,2960.49,24.0,8999.89,2025-07-24T00:00:00
9629,4600,3398,7,1212.19,16.0,7127.68,2025-09-24T00:00:00
9630,12965,13182,8,463.59,15.0,3152.41,2024-03-12T00:00:00
9631,8912,12541,4,409.29,17.0,1358.84,2024-07-16T00:00:00
9632,7307,5831,2,1076.88,25.0,1615.32,2025-01-25T00:00:00
9633,4544,5944,3,483.89,5.0,1379.09,2023-10-20T00:00:00
9634,3717,1481,2,2149.66,10.0,3869.39,2026-03-17T00:00:00
9635,14594,7520,9,1064.76,14.0,8241.24,2026-01-30T00:00:00
9636,12991,9764,1,279.05,28.0,200.92,2024-11-26T00:00:00
9637,12346,13174,7,1552.32,4.0,10431.59,2023-09-12T00:00:00
9638,7948,6820,2,185.77,7.0,345.53,2023-07-17T00:00:00
9639,3812,8162,10,128.87,7.0,1198.49,2024-07-05T00:00:00
9640,10875,11508,7,803.54,14.0,4837.31,2025-04-20T00:00:00
9641,10052,5566,5,1001.37,28.0,3604.93,2025-11-07T00:00:00
9642,12244,6295,3,1114.17,21.0,2640.58,2024-08-09T00:00:00
9643,4945,1293,5,1992.21,13.0,8666.11,2025-01-10T00:00:00
9644,4779,1411,4,195.39,17.0,648.69,2026-02-03T00:00:00
9645,6144,11226,9,1874.59,11.0,15015.47,2025-04-08T00:00:00
9646,10030,524,1,1759.91,11.0,1566.32,2024-07-15T00:00:00
9647,3906,7723,10,2301.45,17.0,19102.03,2024-10-03T00:00:00
9648,11987,4164,3,350.34,2.0,1030.0,2024-03-16T00:00:00
9649,6244,9838,5,380.38,24.0,1445.44,2023-10-23T00:00:00
9650,13760,10521,9,134.86,21.0,958.85,2023-01-31T00:00:00
9651,2229,4582,6,2712.02,8.0,14970.35,2026-04-15T00:00:00
9652,9341,11185,10,2190.96,29.0,15555.82,2025-04-14T00:00:00
9653,13767,12628,4,281.24,19.0,911.22,2025-07-28T00:00:00
9654,5596,14979,2,2105.55,14.0,3621.55,2024-07-14T00:00:00
9655,1883,6917,3,1015.81,16.0,2559.84,2024-07-25T00:00:00
9656,7830,14672,8,87.85,22.0,548.18,2026-05-13T00:00:00
9657,2014,7464,5,2651.9,7.0,12331.33,2023-05-26T00:00:00
9658,1981,6109,4,1684.61,29.0,4784.29,2026-06-02T00:00:00
9659,4875,8723,5,1628.74,5.0,7736.51,2023-12-25T00:00:00
9660,14259,14149,3,2160.73,26.0,4796.82,2024-12-21T00:00:00
9661,12351,14351,5,2988.41,16.0,12551.32,2024-08-11T00:00:00
9662,14873,7384,9,281.27,5.0,2404.86,2025-02-21T00:00:00
9663,482,8404,10,1832.33,22.0,14292.17,2024-02-16T00:00:00
9664,5948,9246,4,1369.51,9.0,4985.02,2023-05-06T00:00:00
9665,8029,10336,6,2970.44,13.0,15505.7,2024-12-10T00:00:00
9666,1143,13221,1,462.5,4.0,444.0,2025-01-18T00:00:00
9667,4903,13707,1,635.78,1.0,629.42,2023-04-13T00:00:00
9668,3634,13640,1,2395.76,5.0,2275.97,2023-09-12T00:00:00
9669,14769,2760,9,968.75,18.0,7149.38,2023-02-22T00:00:00
9670,13105,6674,9,1865.2,21.0,13261.57,2023-05-15T00:00:00
9671,7843,7338,3,270.25,27.0,591.85,2023-09-30T00:00:00
9672,5718,2924,1,2374.14,12.0,2089.24,2025-05-04T00:00:00
9673,14243,11791,5,1525.62,1.0,7551.82,2023-07-29T00:00:00
9674,10252,11987,3,1877.44,25.0,4224.24,2024-08-28T00:00:00
9675,10643,5723,6,2265.38,0.0,13592.28,2024-07-16T00:00:00
9676,8209,7588,1,1260.33,16.0,1058.68,2025-06-30T00:00:00
9677,3913,9421,7,2383.49,25.0,12513.32,2025-08-19T00:00:00
9678,2757,13586,10,1728.72,1.0,17114.33,2023-12-29T00:00:00
9679,10609,13331,10,421.83,17.0,3501.19,2026-04-24T00:00:00
9680,8520,9411,9,2299.91,25.0,15524.39,2025-01-24T00:00:00
9681,14954,2826,3,2557.62,26.0,5677.92,2023-09-14T00:00:00
9682,3165,2831,10,2371.51,4.0,22766.5,2025-02-16T00:00:00
9683,7939,4090,4,819.09,13.0,2850.43,2025-10-30T00:00:00
9684,9277,7720,10,2279.7,3.0,22113.09,2025-04-01T00:00:00
9685,6792,6104,1,2678.4,9.0,2437.34,2023-08-03T00:00:00
9686,7535,56,3,2545.68,24.0,5804.15,2024-11-11T00:00:00
9687,14581,12574,4,85.68,11.0,305.02,2025-09-01T00:00:00
9688,7502,4676,1,1072.56,14.0,922.4,2023-12-16T00:00:00
9689,14537,12618,5,261.91,29.0,929.78,2024-04-10T00:00:00
9690,12280,2006,1,1336.62,16.0,1122.76,2025-09-06T00:00:00
9691,4242,3867,5,1421.31,10.0,6395.89,2026-02-10T00:00:00
9692,3923,12980,6,1997.16,21.0,9466.54,2023-04-29T00:00:00
9693,1995,8419,4,1492.5,14.0,5134.2,2024-02-21T00:00:00
9694,12493,4155,5,567.02,18.0,2324.78,2025-10-13T00:00:00
9695,12811,9731,5,1256.68,20.0,5026.72,2025-04-15T00:00:00
9696,9036,1938,10,725.25,9.0,6599.78,2025-06-25T00:00:00
9697,3736,7665,8,2700.22,4.0,20737.69,2025-09-21T00:00:00
9698,13289,13630,8,189.05,21.0,1194.8,2026-03-04T00:00:00
9699,1645,9444,5,770.2,6.0,3619.94,2024-07-31T00:00:00
9700,219,4028,9,671.94,22.0,4717.02,2024-12-08T00:00:00
9701,9877,7805,2,2848.82,16.0,4786.02,2026-01-09T00:00:00
9702,1983,8623,3,279.76,27.0,612.67,2026-05-09T00:00:00
9703,10122,1352,5,2504.41,26.0,9266.32,2024-09-05T00:00:00
9704,11310,4407,7,799.31,26.0,4140.43,2026-02-16T00:00:00
9705,12354,2197,6,2821.91,29.0,12021.34,2024-10-11T00:00:00
9706,9052,11531,7,793.62,8.0,5110.91,2024-08-07T00:00:00
9707,4659,10400,10,2932.67,2.0,28740.17,2023-09-22T00:00:00
9708,7636,9806,4,2606.06,13.0,9069.09,2026-01-22T00:00:00
9709,7700,8802,9,2993.43,15.0,22899.74,2025-07-07T00:00:00
9710,9227,14569,7,829.82,7.0,5402.13,2025-05-25T00:00:00
9711,11366,12373,6,2300.64,1.0,13665.8,2024-10-07T00:00:00
9712,6201,12049,4,1665.87,6.0,6263.67,2023-02-19T00:00:00
9713,1061,10565,8,118.21,22.0,737.63,2024-02-28T00:00:00
9714,2113,1135,1,2888.66,13.0,2513.13,2023-06-11T00:00:00
9715,13964,7035,9,2210.26,6.0,18698.8,2024-09-10T00:00:00
9716,9889,6557,7,1693.05,14.0,10192.16,2024-03-20T00:00:00
9717,5585,14924,9,1713.87,19.0,12494.11,2026-02-19T00:00:00
9718,13436,5861,4,583.35,24.0,1773.38,2025-11-06T00:00:00
9719,5527,10775,8,263.69,1.0,2088.42,2024-01-20T00:00:00
9720,13324,14384,3,2452.81,22.0,5739.58,2026-05-16T00:00:00
9721,8041,11783,8,800.45,19.0,5186.92,2025-10-06T00:00:00
9722,14846,6172,8,2840.93,19.0,18409.23,2024-06-13T00:00:00
9723,242,5738,9,1690.13,25.0,11408.38,2023-07-31T00:00:00
9724,792,4264,2,485.67,13.0,845.07,2024-06-10T00:00:00
9725,8827,2190,4,1412.67,19.0,4577.05,2025-10-26T00:00:00
9726,7104,10347,7,2533.48,3.0,17202.33,2023-12-27T00:00:00
9727,5552,12844,1,330.8,11.0,294.41,2024-12-16T00:00:00
9728,5447,5278,8,1293.43,26.0,7657.11,2023-09-14T00:00:00
9729,10009,552,6,1839.6,23.0,8498.95,2026-03-29T00:00:00
9730,10300,9083,2,2325.75,11.0,4139.84,2024-05-01T00:00:00
9731,5582,5041,8,1246.86,13.0,8678.15,2024-05-12T00:00:00
9732,11800,10432,9,270.08,8.0,2236.26,2025-07-14T00:00:00
9733,3840,6763,2,1632.03,12.0,2872.37,2024-09-09T00:00:00
9734,6327,14053,3,2427.87,30.0,5098.53,2025-05-14T00:00:00
9735,6909,4,8,1530.35,18.0,10039.1,2025-09-04T00:00:00
9736,6248,14466,2,1732.44,22.0,2702.61,2024-05-15T00:00:00
9737,6643,13111,9,2129.27,13.0,16672.18,2026-02-10T00:00:00
9738,3127,5472,8,2451.7,6.0,18436.78,2023-06-03T00:00:00
9739,5727,14476,10,2847.43,28.0,20501.5,2025-08-14T00:00:00
9740,12243,4259,5,379.8,27.0,1386.27,2026-02-02T00:00:00
9741,2916,11779,2,1477.31,16.0,2481.88,2025-05-26T00:00:00
9742,196,13175,4,2939.5,21.0,9288.82,2024-08-20T00:00:00
9743,1822,8461,4,850.59,18.0,2789.94,2025-08-03T00:00:00
9744,2667,14671,4,69.64,11.0,247.92,2024-02-03T00:00:00
9745,3664,13694,7,1329.24,12.0,8188.12,2024-08-05T00:00:00
9746,2351,845,2,1338.33,18.0,2194.86,2026-05-24T00:00:00
9747,4412,7464,5,302.42,19.0,1224.8,2024-07-11T00:00:00
9748,11573,363,4,1708.66,22.0,5331.02,2024-03-03T00:00:00
9749,2848,11335,9,1179.25,19.0,8596.73,2025-02-27T00:00:00
9750,1076,3850,3,2191.32,28.0,4733.25,2023-03-31T00:00:00
9751,13999,5411,5,906.11,2.0,4439.94,2023-05-16T00:00:00
9752,14110,13920,8,1573.19,30.0,8809.86,2024-07-04T00:00:00
9753,8522,14722,6,1577.0,17.0,7853.46,2025-01-18T00:00:00
9754,3120,2540,3,1430.33,4.0,4119.35,2026-05-13T00:00:00
9755,14349,5894,2,2580.05,23.0,3973.28,2023-08-27T00:00:00
9756,6717,1449,5,2127.8,29.0,7553.69,2025-09-27T00:00:00
9757,12531,7139,2,606.85,2.0,1189.43,2023-05-05T00:00:00
9758,556,11582,7,1135.69,2.0,7790.83,2023-04-06T00:00:00
9759,1513,12595,3,837.98,23.0,1935.73,2023-12-12T00:00:00
9760,2129,9855,10,2796.3,30.0,19574.1,2024-02-09T00:00:00
9761,5775,8972,4,2148.29,20.0,6874.53,2024-08-09T00:00:00
9762,6922,7205,3,2117.64,3.0,6162.33,2023-09-01T00:00:00
9763,12982,5488,1,1568.96,6.0,1474.82,2025-05-28T00:00:00
9764,2219,11202,4,2733.72,12.0,9622.69,2023-04-11T00:00:00
9765,8418,10133,9,827.11,9.0,6774.03,2025-02-11T00:00:00
9766,2158,11769,6,1473.7,11.0,7869.56,2024-08-05T00:00:00
9767,6665,7067,5,2928.42,5.0,13909.99,2025-07-08T00:00:00
9768,10707,6912,3,573.65,24.0,1307.92,2023-03-12T00:00:00
9769,13543,7381,3,2415.24,11.0,6448.69,2023-07-19T00:00:00
9770,1111,5899,10,2760.49,10.0,24844.41,2025-12-25T00:00:00
9771,12405,3419,9,2433.41,12.0,19272.61,2025-08-23T00:00:00
9772,981,14595,5,612.27,27.0,2234.79,2025-02-25T00:00:00
9773,5276,2094,6,2494.36,25.0,11224.62,2025-10-27T00:00:00
9774,8260,2588,4,1464.02,7.0,5446.15,2023-10-04T00:00:00
9775,14915,495,6,1233.26,20.0,5919.65,2025-04-21T00:00:00
9776,12523,10851,1,1977.31,17.0,1641.17,2024-08-14T00:00:00
9777,8933,11704,8,188.54,18.0,1236.82,2025-07-30T00:00:00
9778,6689,12854,10,2813.52,24.0,21382.75,2024-07-17T00:00:00
9779,8731,5423,5,2218.51,14.0,9539.59,2026-04-07T00:00:00
9780,9535,9227,5,62.55,3.0,303.37,2024-06-20T00:00:00
9781,11107,10173,4,1402.81,1.0,5555.13,2024-12-22T00:00:00
9782,6387,9222,9,2182.03,10.0,17674.44,2024-12-16T00:00:00
9783,5851,8826,5,2523.45,23.0,9715.28,2025-10-02T00:00:00
9784,2927,14223,5,2285.55,23.0,8799.37,2025-08-12T00:00:00
9785,3560,11658,8,854.28,15.0,5809.1,2025-06-16T00:00:00
9786,1710,9183,2,1846.01,7.0,3433.58,2023-12-16T00:00:00
9787,6539,10805,5,1780.35,3.0,8634.7,2024-05-27T00:00:00
9788,3659,3732,8,1356.08,28.0,7811.02,2023-07-21T00:00:00
9789,11497,4870,5,105.47,3.0,511.53,2025-09-18T00:00:00
9790,9972,13980,10,191.73,13.0,1668.05,2024-12-26T00:00:00
9791,13733,9486,5,1698.28,12.0,7472.43,2023-02-19T00:00:00
9792,11166,13109,8,2751.38,24.0,16728.39,2023-12-23T00:00:00
9793,7106,12576,9,1393.8,13.0,10913.45,2024-06-22T00:00:00
9794,510,11290,3,1852.2,1.0,5501.03,2026-04-18T00:00:00
9795,3876,14846,6,876.15,4.0,5046.62,2025-05-25T00:00:00
9796,7390,8848,10,1013.76,22.0,7907.33,2023-03-20T00:00:00
9797,13912,8686,7,2329.41,15.0,13859.99,2025-03-19T00:00:00
9798,10764,8078,8,2818.05,18.0,18486.41,2023-05-14T00:00:00
9799,5678,10361,1,1789.64,17.0,1485.4,2026-04-15T00:00:00
9800,11887,12187,2,1563.9,10.0,2815.02,2023-07-23T00:00:00
9801,14827,6166,2,2417.42,13.0,4206.31,2023-08-11T00:00:00
9802,6447,2502,9,1822.78,10.0,14764.52,2023-10-17T00:00:00
9803,14452,8233,5,371.65,9.0,1691.01,2025-12-07T00:00:00
9804,2718,13942,5,2545.82,10.0,11456.19,2025-02-10T00:00:00
9805,14642,9434,8,2365.82,13.0,16466.11,2024-11-30T00:00:00
9806,13530,13691,7,1589.76,26.0,8234.96,2025-03-05T00:00:00
9807,14252,11228,10,528.25,8.0,4859.9,2023-07-06T00:00:00
9808,4310,4323,6,1764.74,5.0,10059.02,2025-02-10T00:00:00
9809,5145,12756,8,415.21,4.0,3188.81,2023-07-24T00:00:00
9810,6734,10806,4,1280.01,3.0,4966.44,2026-03-08T00:00:00
9811,13462,12216,6,975.26,24.0,4447.19,2023-12-31T00:00:00
9812,1838,5192,1,1337.3,6.0,1257.06,2025-04-03T00:00:00
9813,12409,5134,3,2236.47,3.0,6508.13,2024-03-02T00:00:00
9814,4053,9149,7,1149.25,1.0,7964.3,2026-03-30T00:00:00
9815,9196,10799,7,58.5,14.0,352.17,2024-09-14T00:00:00
9816,7422,5685,2,2442.84,1.0,4836.82,2026-05-18T00:00:00
9817,3112,11060,3,2479.98,21.0,5877.55,2025-05-04T00:00:00
9818,6620,14994,5,2378.84,4.0,11418.43,2025-03-23T00:00:00
9819,6242,6783,4,1847.14,5.0,7019.13,2024-06-20T00:00:00
9820,14889,12488,5,2777.11,9.0,12635.85,2023-08-25T00:00:00
9821,10007,5117,8,2826.86,2.0,22162.58,2024-01-26T00:00:00
9822,11525,7444,8,2988.14,28.0,17211.69,2023-05-07T00:00:00
9823,816,8025,1,2570.62,17.0,2133.61,2024-08-20T00:00:00
9824,3227,12709,6,792.78,3.0,4613.98,2025-11-10T00:00:00
9825,13293,12609,6,993.17,12.0,5243.94,2025-07-30T00:00:00
9826,10055,9550,10,2693.63,17.0,22357.13,2025-12-31T00:00:00
9827,5242,8985,10,1358.9,12.0,11958.32,2024-09-30T00:00:00
9828,449,4072,5,1744.91,14.0,7503.11,2026-05-24T00:00:00
9829,2428,4380,1,1813.95,19.0,1469.3,2026-01-22T00:00:00
9830,13764,12469,7,2738.85,16.0,16104.44,2023-09-13T00:00:00
9831,4304,13458,7,677.57,1.0,4695.56,2024-10-06T00:00:00
9832,14963,7279,6,180.73,27.0,791.6,2023-03-27T00:00:00
9833,8214,3338,6,259.22,27.0,1135.38,2023-06-24T00:00:00
9834,7417,2837,1,1755.83,0.0,1755.83,2025-06-10T00:00:00
9835,12367,13017,4,1203.52,14.0,4140.11,2026-01-09T00:00:00
9836,10901,7075,10,487.01,13.0,4236.99,2025-11-12T00:00:00
9837,3899,10488,5,1457.04,25.0,5463.9,2025-08-11T00:00:00
9838,4763,10596,4,2048.2,12.0,7209.66,2024-11-10T00:00:00
9839,9239,2845,10,2200.51,26.0,16283.77,2024-12-31T00:00:00
9840,13406,13097,3,501.45,18.0,1233.57,2024-05-07T00:00:00
9841,4409,7231,7,2480.53,3.0,16842.8,2025-02-05T00:00:00
9842,9545,12229,4,2840.02,26.0,8406.46,2024-01-10T00:00:00
9843,12559,13021,8,2828.5,10.0,20365.2,2025-03-28T00:00:00
9844,7380,8112,3,481.09,24.0,1096.89,2025-04-23T00:00:00
9845,3145,10298,3,2007.8,14.0,5180.12,2025-01-31T00:00:00
9846,13288,1875,4,259.35,21.0,819.55,2024-01-03T00:00:00
9847,1036,2009,8,119.92,22.0,748.3,2025-04-26T00:00:00
9848,10816,10302,7,2336.93,5.0,15540.58,2025-01-22T00:00:00
9849,9998,11042,2,1931.92,24.0,2936.52,2024-09-03T00:00:00
9850,5098,5222,6,175.64,27.0,769.3,2024-11-14T00:00:00
9851,3803,7604,10,2456.15,24.0,18666.74,2024-06-21T00:00:00
9852,12144,3364,10,1202.05,17.0,9977.01,2024-12-21T00:00:00
9853,7137,9391,3,1238.21,7.0,3454.61,2023-07-17T00:00:00
9854,1150,7742,2,1283.73,16.0,2156.67,2023-10-15T00:00:00
9855,5376,3302,10,1431.6,19.0,11595.96,2025-10-13T00:00:00
9856,8240,9609,3,1939.89,22.0,4539.34,2024-11-13T00:00:00
9857,13560,4498,5,2901.44,29.0,10300.11,2023-02-16T00:00:00
9858,14153,6486,1,1803.6,26.0,1334.66,2026-02-24T00:00:00
9859,6222,7780,6,1610.38,0.0,9662.28,2025-04-01T00:00:00
9860,703,12168,3,1973.82,6.0,5566.17,2024-01-26T00:00:00
9861,1639,8099,9,939.55,13.0,7356.68,2024-11-05T00:00:00
9862,13591,13790,2,1203.34,26.0,1780.94,2026-03-02T00:00:00
9863,13329,14591,6,354.65,25.0,1595.92,2024-12-25T00:00:00
9864,7886,13499,5,2267.66,22.0,8843.87,2024-04-14T00:00:00
9865,4228,3829,2,2115.35,13.0,3680.71,2024-09-07T00:00:00
9866,5844,14456,8,437.78,14.0,3011.93,2025-10-28T00:00:00
9867,7137,9235,6,520.03,6.0,2932.97,2025-06-24T00:00:00
9868,7194,9178,4,1727.25,7.0,6425.37,2023-03-23T00:00:00
9869,9928,14624,9,2852.99,29.0,18230.61,2025-03-23T00:00:00
9870,9954,948,2,2193.25,8.0,4035.58,2025-10-27T00:00:00
9871,10141,10675,7,2363.03,15.0,14060.03,2025-02-09T00:00:00
9872,8243,13134,6,2715.79,22.0,12709.9,2023-09-12T00:00:00
9873,12394,2211,4,2344.31,1.0,9283.47,2023-05-21T00:00:00
9874,3823,4072,7,905.79,28.0,4565.18,2026-03-09T00:00:00
9875,2196,13867,10,577.54,23.0,4447.06,2023-01-05T00:00:00
9876,11578,13319,6,2656.3,16.0,13387.75,2026-01-30T00:00:00
9877,3429,5268,5,2656.63,26.0,9829.53,2026-05-14T00:00:00
9878,1687,8263,3,1325.29,29.0,2822.87,2025-01-12T00:00:00
9879,11612,11100,5,515.52,16.0,2165.18,2025-10-10T00:00:00
9880,8589,1291,1,2173.41,5.0,2064.74,2023-09-12T00:00:00
9881,4902,11433,7,2072.01,20.0,11603.26,2026-05-14T00:00:00
9882,13037,4811,7,2514.81,8.0,16195.38,2026-01-20T00:00:00
9883,8028,8161,5,421.05,26.0,1557.88,2025-09-01T00:00:00
9884,10204,4549,6,330.74,16.0,1666.93,2023-05-30T00:00:00
9885,3350,14295,3,1522.04,17.0,3789.88,2025-08-18T00:00:00
9886,12344,12069,7,1890.43,19.0,10718.74,2024-10-14T00:00:00
9887,4800,55,4,970.22,1.0,3842.07,2026-04-13T00:00:00
9888,2729,556,8,316.62,19.0,2051.7,2023-06-20T00:00:00
9889,7042,1415,2,1652.91,16.0,2776.89,2024-02-12T00:00:00
9890,13647,1442,5,2482.13,26.0,9183.88,2024-06-04T00:00:00
9891,1733,2091,6,2441.71,18.0,12013.21,2026-02-02T00:00:00
9892,13676,4219,8,2849.28,2.0,22338.36,2025-03-19T00:00:00
9893,4921,11171,8,1762.94,1.0,13962.48,2025-06-12T00:00:00
9894,9795,3193,8,218.21,26.0,1291.8,2023-11-04T00:00:00
9895,5161,11871,2,2881.04,18.0,4724.91,2025-01-05T00:00:00
9896,9886,6940,6,2128.52,6.0,12004.85,2024-10-24T00:00:00
9897,6015,13449,8,1997.29,30.0,11184.82,2025-05-22T00:00:00
9898,8093,549,10,2033.21,13.0,17688.93,2024-10-18T00:00:00
9899,1289,863,5,2113.98,13.0,9195.81,2024-08-27T00:00:00
9900,13003,6707,9,2348.25,22.0,16484.72,2023-05-02T00:00:00
9901,11400,9738,9,1871.53,23.0,12969.7,2024-08-08T00:00:00
9902,139,5110,5,2734.56,28.0,9844.42,2025-06-28T00:00:00
9903,7045,4002,8,2918.72,15.0,19847.3,2024-11-26T00:00:00
9904,8127,3367,2,1618.29,8.0,2977.65,2024-11-25T00:00:00
9905,12310,9198,6,196.64,5.0,1120.85,2025-01-04T00:00:00
9906,1029,6724,1,2050.65,26.0,1517.48,2024-10-10T00:00:00
9907,5430,8101,9,662.12,27.0,4350.13,2023-09-10T00:00:00
9908,14249,12965,5,2778.57,12.0,12225.71,2024-07-20T00:00:00
9909,9807,3950,9,330.81,24.0,2262.74,2025-12-04T00:00:00
9910,10897,12805,2,2751.55,14.0,4732.67,2023-05-21T00:00:00
9911,3680,2102,3,212.6,17.0,529.37,2024-03-08T00:00:00
9912,3977,4672,7,764.77,25.0,4015.04,2025-06-03T00:00:00
9913,1299,4618,1,1215.97,18.0,997.1,2023-07-19T00:00:00
9914,2684,4225,4,2422.59,7.0,9012.03,2025-10-02T00:00:00
9915,5622,14367,10,2714.81,25.0,20361.07,2024-08-13T00:00:00
9916,8595,12180,9,1336.68,15.0,10225.6,2025-11-19T00:00:00
9917,1182,10912,5,1066.16,14.0,4584.49,2023-08-16T00:00:00
9918,4725,4875,9,2183.32,30.0,13754.92,2024-04-15T00:00:00
9919,7983,8351,4,146.89,21.0,464.17,2023-02-24T00:00:00
9920,5043,269,7,2380.38,24.0,12663.62,2024-02-18T00:00:00
9921,1761,4980,1,2431.81,15.0,2067.04,2023-02-24T00:00:00
9922,11537,12828,9,1239.32,29.0,7919.25,2024-11-20T00:00:00
9923,3498,7610,1,2675.14,16.0,2247.12,2023-07-25T00:00:00
9924,3391,4901,3,2349.2,17.0,5849.51,2023-08-30T00:00:00
9925,2890,11266,2,2895.33,25.0,4342.99,2024-05-15T00:00:00
9926,4380,12451,10,2386.97,12.0,21005.34,2024-09-27T00:00:00
9927,545,12299,7,2865.09,15.0,17047.29,2025-06-29T00:00:00
9928,3838,8011,5,994.64,18.0,4078.02,2023-06-24T00:00:00
9929,3095,3919,7,196.76,17.0,1143.18,2023-06-18T00:00:00
9930,998,4272,3,854.1,23.0,1972.97,2024-06-25T00:00:00
9931,1535,5905,5,411.83,7.0,1915.01,2025-01-14T00:00:00
9932,3827,5669,9,2191.18,14.0,16959.73,2024-08-11T00:00:00
9933,2028,7859,8,664.43,8.0,4890.2,2023-07-01T00:00:00
9934,10560,5350,2,2274.58,7.0,4230.72,2023-06-15T00:00:00
9935,10020,14856,9,331.51,3.0,2894.08,2023-11-14T00:00:00
9936,7426,8652,1,2830.48,1.0,2802.18,2025-03-16T00:00:00
9937,10002,1675,10,1258.36,11.0,11199.4,2025-03-07T00:00:00
9938,11350,10246,10,2120.91,7.0,19724.46,2023-09-21T00:00:00
9939,6257,5814,9,1168.89,24.0,7995.21,2024-02-29T00:00:00
9940,3250,10084,7,680.45,17.0,3953.41,2023-02-16T00:00:00
9941,2495,1830,7,2644.92,23.0,14256.12,2023-09-02T00:00:00
9942,7874,2654,9,292.93,14.0,2267.28,2025-06-25T00:00:00
9943,8971,405,7,1623.01,6.0,10679.41,2023-04-25T00:00:00
9944,2725,5875,2,2563.96,26.0,3794.66,2025-08-12T00:00:00
9945,4301,12330,1,1793.27,17.0,1488.41,2025-08-14T00:00:00
9946,11647,7882,5,1892.65,7.0,8800.82,2025-09-04T00:00:00
9947,603,3999,8,2453.43,21.0,15505.68,2023-01-31T00:00:00
9948,9625,13632,3,2675.99,7.0,7466.01,2023-12-27T00:00:00
9949,7904,8050,7,2889.73,1.0,20025.83,2026-01-01T00:00:00
9950,7237,7842,9,1571.61,16.0,11881.37,2025-02-25T00:00:00
9951,10464,2420,4,26.17,18.0,85.84,2024-07-20T00:00:00
9952,9660,12171,8,139.36,20.0,891.9,2024-12-05T00:00:00
9953,12665,12997,2,878.04,21.0,1387.3,2025-09-03T00:00:00
9954,10887,11202,10,1324.75,7.0,12320.17,2023-12-30T00:00:00
9955,11103,9723,5,661.25,18.0,2711.12,2024-04-17T00:00:00
9956,9664,251,1,2539.23,25.0,1904.42,2023-07-15T00:00:00
9957,9312,10660,4,652.51,10.0,2349.04,2026-01-06T00:00:00
9958,4616,13503,5,2441.67,24.0,9278.35,2023-10-07T00:00:00
9959,2976,2505,9,2623.86,25.0,17711.06,2024-10-02T00:00:00
9960,11256,3779,6,2654.49,1.0,15767.67,2024-05-22T00:00:00
9961,8294,13952,8,1597.02,30.0,8943.31,2024-07-26T00:00:00
9962,10272,14790,10,78.71,21.0,621.81,2023-02-20T00:00:00
9963,13184,9536,1,2498.89,3.0,2423.92,2023-04-18T00:00:00
9964,5488,393,3,269.22,16.0,678.43,2024-11-15T00:00:00
9965,652,5394,3,1737.36,3.0,5055.72,2024-04-02T00:00:00
9966,3257,8184,2,859.54,18.0,1409.65,2025-11-26T00:00:00
9967,13273,3668,1,1809.32,9.0,1646.48,2024-05-13T00:00:00
9968,4876,13193,4,2962.57,9.0,10783.75,2023-04-02T00:00:00
9969,3619,6932,6,400.89,23.0,1852.11,2024-04-05T00:00:00
9970,2669,5435,1,171.48,18.0,140.61,2024-12-04T00:00:00
9971,3793,4689,4,2237.31,17.0,7427.87,2026-03-05T00:00:00
9972,10804,7329,9,2385.18,3.0,20822.62,2026-05-07T00:00:00
9973,11695,11470,3,127.83,18.0,314.46,2023-06-05T00:00:00
9974,10219,1766,2,2985.45,19.0,4836.43,2025-06-29T00:00:00
9975,684,13233,8,583.17,14.0,4012.21,2023-12-21T00:00:00
9976,11070,6792,4,1388.61,25.0,4165.83,2023-11-10T00:00:00
9977,12059,3939,7,670.78,22.0,3662.46,2023-09-14T00:00:00
9978,11790,2572,10,1568.3,10.0,14114.7,2024-03-19T00:00:00
9979,14526,4058,2,408.32,21.0,645.15,2026-03-12T00:00:00
9980,13494,13476,5,2173.62,20.0,8694.48,2023-11-22T00:00:00
9981,11564,4752,2,974.92,7.0,1813.35,2023-02-02T00:00:00
9982,10308,6999,7,1274.71,19.0,7227.61,2026-02-18T00:00:00
9983,1344,5159,6,871.53,7.0,4863.14,2023-12-14T00:00:00
9984,3225,4797,2,1974.56,16.0,3317.26,2024-09-06T00:00:00
9985,5645,319,1,368.55,6.0,346.44,2025-08-07T00:00:00
9986,7612,2765,9,2361.51,15.0,18065.55,2024-05-13T00:00:00
9987,13736,8165,7,1234.62,24.0,6568.18,2025-07-25T00:00:00
9988,12113,12112,2,1208.41,17.0,2005.96,2026-06-07T00:00:00
9989,3349,14991,1,241.03,4.0,231.39,2024-05-12T00:00:00
9990,2536,6054,3,2743.02,28.0,5924.92,2023-01-19T00:00:00
9991,5551,9924,10,402.42,23.0,3098.63,2025-08-06T00:00:00
9992,1607,6366,10,2667.37,0.0,26673.7,2025-10-14T00:00:00
9993,3664,4800,9,926.77,16.0,7006.38,2024-05-16T00:00:00
9994,14531,7969,3,2991.92,23.0,6911.34,2025-02-11T00:00:00
9995,9721,7965,2,985.4,29.0,1399.27,2023-06-01T00:00:00
9996,6260,7294,1,2624.49,2.0,2572.0,2023-12-25T00:00:00
9997,2669,288,4,1070.96,29.0,3041.53,2025-01-12T00:00:00
9998,8852,1429,7,2695.54,30.0,13208.15,2025-12-17T00:00:00
9999,1291,9046,6,622.9,30.0,2616.18,2025-11-14T00:00:00
10000,874,9028,4,1966.18,27.0,5741.25,2024-03-22T00:00:00
10001,5366,11241,10,677.56,7.0,6301.31,2026-01-01T00:00:00
10002,13429,13739,8,2941.95,15.0,20005.26,2026-03-26T00:00:00
10003,6726,7749,4,2848.77,20.0,9116.06,2025-01-06T00:00:00
10004,11624,13931,8,760.68,1.0,6024.59,2026-01-11T00:00:00
10005,3418,5093,2,1314.4,14.0,2260.77,2024-05-26T00:00:00
10006,9389,1541,9,1116.28,6.0,9443.73,2026-05-08T00:00:00
10007,3516,11431,3,2411.59,16.0,6077.21,2025-09-10T00:00:00
10008,179,11015,2,98.94,29.0,140.49,2023-01-06T00:00:00
10009,8352,14203,8,379.13,9.0,2760.07,2023-02-03T00:00:00
10010,4423,10311,5,2244.62,14.0,9651.87,2026-02-13T00:00:00
10011,12861,14841,9,1698.19,24.0,11615.62,2025-12-21T00:00:00
10012,163,8881,3,271.09,20.0,650.62,2023-11-23T00:00:00
10013,5540,6374,1,1478.0,19.0,1197.18,2026-02-28T00:00:00
10014,7902,10082,8,439.13,7.0,3267.13,2025-01-10T00:00:00
10015,7003,1318,7,1293.31,28.0,6518.28,2025-12-15T00:00:00
10016,1761,5146,9,2586.21,19.0,18853.47,2025-06-15T00:00:00
10017,8763,9102,7,1549.52,7.0,10087.38,2024-03-08T00:00:00
10018,6277,8873,9,505.11,21.0,3591.33,2024-08-13T00:00:00
10019,3857,5587,8,2087.8,28.0,12025.73,2023-07-18T00:00:00
10020,2080,5051,2,758.29,18.0,1243.6,2026-04-20T00:00:00
10021,7708,14335,2,1767.02,6.0,3322.0,2025-05-03T00:00:00
10022,5136,7362,10,640.69,26.0,4741.11,2026-01-22T00:00:00
10023,10759,8907,9,2213.15,4.0,19121.62,2026-02-01T00:00:00
10024,2006,6746,1,514.72,24.0,391.19,2023-07-24T00:00:00
10025,11242,3401,8,71.62,8.0,527.12,2025-10-18T00:00:00
10026,794,12869,9,2475.12,3.0,21607.8,2024-03-10T00:00:00
10027,8809,2859,1,1741.63,11.0,1550.05,2026-01-08T00:00:00
10028,9817,827,2,1602.58,5.0,3044.9,2026-02-02T00:00:00
10029,4239,578,10,1028.89,1.0,10186.01,2025-04-04T00:00:00
10030,12944,6132,4,2133.74,17.0,7084.02,2024-07-22T00:00:00
10031,4491,9959,3,1919.89,27.0,4204.56,2025-02-05T00:00:00
10032,9423,2968,5,411.03,10.0,1849.63,2025-12-10T00:00:00
10033,8314,9366,2,1041.02,18.0,1707.27,2024-10-07T00:00:00
10034,4350,8612,9,1237.55,13.0,9690.02,2024-12-11T00:00:00
10035,14445,7197,1,2991.52,17.0,2482.96,2026-05-06T00:00:00
10036,4937,7996,10,1084.52,14.0,9326.87,2025-11-13T00:00:00
10037,12583,12203,4,1766.71,1.0,6996.17,2023-02-04T00:00:00
10038,5900,3302,5,1429.68,30.0,5003.88,2025-03-11T00:00:00
10039,9923,4690,5,1327.18,4.0,6370.46,2026-03-15T00:00:00
10040,3409,14781,4,2520.86,28.0,7260.08,2024-06-30T00:00:00
10041,11080,1258,5,568.02,12.0,2499.29,2025-01-01T00:00:00
10042,10767,8950,6,481.91,28.0,2081.85,2024-11-19T00:00:00
10043,8413,1419,5,197.58,7.0,918.75,2025-07-21T00:00:00
10044,9773,6907,1,37.77,5.0,35.88,2024-10-15T00:00:00
10045,14077,3801,1,1528.98,28.0,1100.87,2023-05-25T00:00:00
10046,2829,12237,10,1325.35,25.0,9940.12,2025-03-03T00:00:00
10047,14144,4109,1,1624.75,10.0,1462.28,2023-03-05T00:00:00
10048,12266,10300,6,2184.07,2.0,12842.33,2026-01-06T00:00:00
10049,11438,85,6,1420.17,18.0,6987.24,2024-09-09T00:00:00
10050,10265,10334,7,2022.39,7.0,13165.76,2025-01-28T00:00:00
10051,13960,11743,6,1524.4,4.0,8780.54,2026-05-30T00:00:00
10052,14520,12849,3,992.88,0.0,2978.64,2024-10-08T00:00:00
10053,12149,11073,5,19.66,23.0,75.69,2024-12-03T00:00:00
10054,12921,8468,9,1694.85,21.0,12050.38,2026-04-02T00:00:00
10055,14890,11050,2,1964.96,6.0,3694.12,2025-12-11T00:00:00
10056,7701,7913,4,2154.69,28.0,6205.51,2023-10-18T00:00:00
10057,9408,2326,9,367.41,7.0,3075.22,2024-01-22T00:00:00
10058,8913,2124,4,1748.12,10.0,6293.23,2024-12-28T00:00:00
10059,5099,13554,3,2015.65,22.0,4716.62,2023-08-07T00:00:00
10060,5687,1109,8,2021.68,3.0,15688.24,2023-11-21T00:00:00
10061,10633,663,6,1866.44,27.0,8175.01,2025-06-28T00:00:00
10062,13588,5586,6,523.05,5.0,2981.38,2024-12-13T00:00:00
10063,12816,6618,2,1067.28,13.0,1857.07,2025-01-15T00:00:00
10064,11884,11216,5,1504.45,4.0,7221.36,2026-02-16T00:00:00
10065,9934,7931,3,2342.32,18.0,5762.11,2024-08-19T00:00:00
10066,46,14517,5,2114.79,17.0,8776.38,2023-10-18T00:00:00
10067,7270,313,6,2837.04,13.0,14809.35,2025-09-02T00:00:00
10068,6893,12615,10,121.16,24.0,920.82,2023-04-04T00:00:00
10069,11690,5321,5,1176.81,19.0,4766.08,2023-09-22T00:00:00
10070,1101,9608,1,2308.63,1.0,2285.54,2025-08-23T00:00:00
10071,4492,3228,5,1042.34,10.0,4690.53,2024-11-16T00:00:00
10072,1053,5463,2,2295.63,27.0,3351.62,2023-07-29T00:00:00
10073,1992,9910,10,1685.16,19.0,13649.8,2024-09-09T00:00:00
10074,11634,5268,3,1962.54,30.0,4121.33,2024-10-09T00:00:00
10075,10227,10653,1,1267.86,11.0,1128.4,2024-09-10T00:00:00
10076,14624,9759,9,602.7,0.0,5424.3,2025-11-01T00:00:00
10077,6351,6272,7,2658.33,18.0,15258.81,2025-05-22T00:00:00
10078,8603,11779,5,2680.54,3.0,13000.62,2024-06-19T00:00:00
10079,5651,11857,8,2496.45,25.0,14978.7,2025-10-07T00:00:00
10080,14760,3999,8,245.97,29.0,1397.11,2026-04-20T00:00:00
10081,5786,11275,8,367.58,25.0,2205.48,2025-09-01T00:00:00
10082,13863,6118,3,2221.3,1.0,6597.26,2026-05-02T00:00:00
10083,11755,12238,3,2706.0,9.0,7387.38,2025-05-22T00:00:00
10084,4621,11664,3,2942.62,20.0,7062.29,2025-06-21T00:00:00
10085,9975,3600,9,1681.17,22.0,11801.81,2024-12-17T00:00:00
10086,1257,10299,3,2653.0,7.0,7401.87,2023-01-01T00:00:00
10087,9695,7002,1,1402.41,16.0,1178.02,2023-11-06T00:00:00
10088,14795,5961,2,1147.3,26.0,1698.0,2025-02-23T00:00:00
10089,2098,8238,6,831.35,25.0,3741.08,2026-03-08T00:00:00
10090,9674,8048,10,1202.75,18.0,9862.55,2025-06-20T00:00:00
10091,7975,14747,10,1668.39,1.0,16517.06,2024-03-11T00:00:00
10092,847,9187,1,603.84,3.0,585.72,2023-06-19T00:00:00
10093,670,6229,4,2106.31,14.0,7245.71,2024-05-27T00:00:00
10094,3850,7764,3,2751.11,23.0,6355.06,2026-01-19T00:00:00
10095,2241,3341,6,2689.35,15.0,13715.68,2024-08-12T00:00:00
10096,11122,4655,1,1343.6,27.0,980.83,2025-09-29T00:00:00
10097,5609,2016,6,992.75,10.0,5360.85,2026-05-16T00:00:00
10098,864,14718,1,215.88,26.0,159.75,2026-03-14T00:00:00
10099,2202,11221,6,2678.18,29.0,11409.05,2023-02-23T00:00:00
10100,8078,7829,4,1213.72,13.0,4223.75,2023-04-30T00:00:00
10101,5695,8424,2,869.23,22.0,1356.0,2025-03-01T00:00:00
10102,11948,10309,10,1729.86,8.0,15914.71,2023-07-15T00:00:00
10103,11210,4190,8,644.06,29.0,3658.26,2024-03-09T00:00:00
10104,8544,8259,8,2055.16,10.0,14797.15,2023-05-11T00:00:00
10105,11477,8826,2,130.68,30.0,182.95,2023-03-13T00:00:00
10106,11095,6436,7,1562.57,14.0,9406.67,2024-05-23T00:00:00
10107,13688,10093,10,1134.3,16.0,9528.12,2023-01-17T00:00:00
10108,580,5435,9,683.09,2.0,6024.85,2023-12-24T00:00:00
10109,7872,9248,6,2746.1,19.0,13346.05,2024-08-24T00:00:00
10110,13121,4417,5,2775.61,29.0,9853.42,2023-04-29T00:00:00
10111,6994,12586,6,2949.27,14.0,15218.23,2024-12-31T00:00:00
10112,6160,12737,5,1727.74,8.0,7947.6,2026-01-17T00:00:00
10113,14714,5268,8,2914.26,2.0,22847.8,2023-05-28T00:00:00
10114,2041,4014,4,447.4,16.0,1503.26,2024-02-02T00:00:00
10115,7701,3629,2,1919.6,23.0,2956.18,2025-06-04T00:00:00
10116,6482,8281,3,1901.99,11.0,5078.31,2024-10-27T00:00:00
10117,2424,9860,4,1450.96,0.0,5803.84,2024-10-30T00:00:00
10118,5804,8660,2,855.95,25.0,1283.93,2025-03-15T00:00:00
10119,704,8583,8,2898.08,18.0,19011.4,2026-05-09T00:00:00
10120,1433,6367,9,1562.13,9.0,12793.84,2025-12-23T00:00:00
10121,13024,8835,8,2481.73,28.0,14294.76,2024-06-07T00:00:00
10122,1737,10448,4,1291.55,25.0,3874.65,2024-12-06T00:00:00
10123,1743,1624,10,1256.48,21.0,9926.19,2023-05-07T00:00:00
10124,3870,4537,5,1613.33,5.0,7663.32,2025-03-07T00:00:00
10125,12290,12290,10,116.34,6.0,1093.6,2026-03-08T00:00:00
10126,2666,13224,8,1152.84,21.0,7285.95,2024-12-15T00:00:00
10127,14880,7408,1,2732.66,23.0,2104.15,2025-02-09T00:00:00
10128,4632,5673,10,2637.94,25.0,19784.55,2024-05-26T00:00:00
10129,1461,13743,4,2401.39,19.0,7780.5,2023-04-14T00:00:00
10130,5889,5965,7,2106.16,8.0,13563.67,2023-12-31T00:00:00
10131,2259,8541,4,2991.26,21.0,9452.38,2023-09-03T00:00:00
10132,4390,7058,3,2582.79,2.0,7593.4,2025-02-22T00:00:00
10133,12779,11304,5,2175.48,22.0,8484.37,2026-05-01T00:00:00
10134,308,3263,4,587.45,14.0,2020.83,2024-06-02T00:00:00
10135,3960,5072,3,2153.73,11.0,5750.46,2024-10-07T00:00:00
10136,8167,1562,8,908.08,13.0,6320.24,2024-03-18T00:00:00
10137,7649,4806,1,193.36,2.0,189.49,2023-03-10T00:00:00
10138,5260,10093,2,365.84,16.0,614.61,2023-01-23T00:00:00
10139,11046,14106,3,2738.29,21.0,6489.75,2024-12-06T00:00:00
10140,10511,2020,8,751.59,11.0,5351.32,2026-04-10T00:00:00
10141,14446,4742,7,2088.3,11.0,13010.11,2026-03-29T00:00:00
10142,9986,1818,3,1852.05,1.0,5500.59,2024-07-17T00:00:00
10143,8126,12409,3,2626.62,25.0,5909.89,2023-08-02T00:00:00
10144,38,6004,1,2483.76,4.0,2384.41,2025-07-12T00:00:00
10145,10934,4322,5,776.76,9.0,3534.26,2024-05-09T00:00:00
10146,3220,8684,6,460.69,24.0,2100.75,2023-06-12T00:00:00
10147,6128,13179,6,2312.6,24.0,10545.46,2023-08-05T00:00:00
10148,124,9271,7,1786.68,2.0,12256.62,2025-10-05T00:00:00
10149,3734,1888,2,217.71,10.0,391.88,2026-02-21T00:00:00
10150,12748,2622,6,723.77,22.0,3387.24,2023-02-21T00:00:00
10151,13666,14909,7,1873.96,13.0,11412.42,2024-06-02T00:00:00
10152,4157,10942,4,1337.69,18.0,4387.62,2023-12-15T00:00:00
10153,5151,14324,3,2224.07,26.0,4937.44,2024-09-15T00:00:00
10154,5641,14683,10,2389.67,26.0,17683.56,2024-11-07T00:00:00
10155,7611,13708,1,2200.25,12.0,1936.22,2024-12-06T00:00:00
10156,10736,3007,2,2077.97,20.0,3324.75,2023-03-24T00:00:00
10157,12358,32,8,260.88,10.0,1878.34,2024-05-03T00:00:00
10158,8248,14941,4,1332.92,3.0,5171.73,2023-06-03T00:00:00
10159,7870,1184,6,2089.57,7.0,11659.8,2024-04-29T00:00:00
10160,5537,12521,7,210.68,10.0,1327.28,2025-02-04T00:00:00
10161,3834,8094,2,2348.93,3.0,4556.92,2023-11-04T00:00:00
10162,3571,6124,4,1074.67,0.0,4298.68,2025-08-07T00:00:00
10163,4108,5058,6,87.32,27.0,382.46,2026-03-23T00:00:00
10164,7769,5567,8,39.5,22.0,246.48,2024-08-29T00:00:00
10165,14712,5844,9,1394.31,20.0,10039.03,2024-07-10T00:00:00
10166,3679,11019,9,776.33,4.0,6707.49,2024-07-04T00:00:00
10167,10671,1211,10,1730.66,14.0,14883.68,2026-03-12T00:00:00
10168,8314,7610,10,945.08,9.0,8600.23,2024-03-19T00:00:00
10169,597,14299,6,2055.05,18.0,10110.85,2025-09-24T00:00:00
10170,14011,7715,9,312.89,1.0,2787.85,2023-12-01T00:00:00
10171,8635,13818,6,619.35,10.0,3344.49,2025-03-06T00:00:00
10172,3633,14244,1,1083.61,25.0,812.71,2026-01-11T00:00:00
10173,13450,10050,8,2412.77,19.0,15634.75,2024-05-30T00:00:00
10174,2724,13026,1,588.83,23.0,453.4,2024-05-31T00:00:00
10175,14525,12886,5,2248.57,16.0,9443.99,2023-05-17T00:00:00
10176,5271,13996,7,573.9,5.0,3816.43,2023-11-18T00:00:00
10177,2841,6297,10,2360.24,13.0,20534.09,2024-09-15T00:00:00
10178,8571,2029,10,1917.07,20.0,15336.56,2026-05-02T00:00:00
10179,2295,6637,7,1453.11,5.0,9663.18,2025-10-15T00:00:00
10180,2926,8433,3,2730.48,19.0,6635.07,2025-07-06T00:00:00
10181,14125,13482,5,439.45,10.0,1977.53,2026-01-14T00:00:00
10182,5809,14275,3,125.43,15.0,319.85,2026-01-13T00:00:00
10183,1322,1768,6,969.93,23.0,4481.08,2023-02-06T00:00:00
10184,2899,10505,8,2124.2,3.0,16483.79,2025-01-02T00:00:00
10185,3323,6646,10,2420.37,12.0,21299.26,2025-03-11T00:00:00
10186,7498,238,2,231.06,24.0,351.21,2024-05-22T00:00:00
10187,5092,2966,3,1169.96,9.0,3193.99,2024-05-01T00:00:00
10188,9044,7300,10,626.52,16.0,5262.77,2026-02-07T00:00:00
10189,11319,2480,7,2010.4,16.0,11821.15,2025-01-23T00:00:00
10190,9151,6603,5,43.99,20.0,175.96,2025-08-11T00:00:00
10191,12495,2768,3,790.19,7.0,2204.63,2025-06-04T00:00:00
10192,5722,9395,2,2680.57,12.0,4717.8,2023-06-05T00:00:00
10193,10403,9948,10,1372.28,11.0,12213.29,2025-05-28T00:00:00
10194,11119,5453,6,1850.68,29.0,7883.9,2023-10-31T00:00:00
10195,741,1315,8,1510.7,25.0,9064.2,2023-09-13T00:00:00
10196,14953,2503,10,1597.55,15.0,13579.17,2025-11-09T00:00:00
10197,397,9373,3,146.22,2.0,429.89,2025-11-28T00:00:00
10198,7550,14934,10,2627.02,15.0,22329.67,2026-02-12T00:00:00
10199,5557,9108,7,1547.16,29.0,7689.39,2023-08-19T00:00:00
10200,1070,5014,6,1624.94,7.0,9067.17,2026-05-26T00:00:00
10201,9999,6449,6,2733.45,9.0,14924.64,2024-03-28T00:00:00
10202,5303,10591,5,1373.9,6.0,6457.33,2023-11-26T00:00:00
10203,13003,10197,1,1616.69,6.0,1519.69,2024-09-25T00:00:00
10204,8712,14902,3,2396.96,1.0,7118.97,2023-09-17T00:00:00
10205,3489,406,7,113.42,21.0,627.21,2026-06-02T00:00:00
10206,3198,1169,2,2486.04,8.0,4574.31,2025-12-20T00:00:00
10207,14784,6474,10,1403.85,1.0,13898.11,2023-07-05T00:00:00
10208,10000,3582,7,2391.17,18.0,13725.32,2025-11-22T00:00:00
10209,13759,9883,9,973.79,4.0,8413.55,2023-04-18T00:00:00
10210,4023,37,2,325.99,11.0,580.26,2024-10-18T00:00:00
10211,10104,12573,4,2874.79,8.0,10579.23,2025-11-12T00:00:00
10212,11506,1074,8,36.75,2.0,288.12,2025-01-11T00:00:00
10213,5238,12660,7,1742.03,15.0,10365.08,2023-01-25T00:00:00
10214,11852,10929,2,1889.95,29.0,2683.73,2024-06-05T00:00:00
10215,7158,13739,8,1519.12,3.0,11788.37,2024-08-27T00:00:00
10216,4562,4615,9,695.4,19.0,5069.47,2023-04-22T00:00:00
10217,3003,426,1,533.4,10.0,480.06,2023-03-14T00:00:00
10218,9916,12588,2,1178.58,20.0,1885.73,2026-04-21T00:00:00
10219,2119,5763,8,252.49,23.0,1555.34,2024-04-23T00:00:00
10220,5578,2604,4,1028.28,26.0,3043.71,2023-03-31T00:00:00
10221,14506,7317,9,1624.43,3.0,14181.27,2025-08-19T00:00:00
10222,8226,11874,3,1417.19,21.0,3358.74,2026-03-08T00:00:00
10223,5462,4562,6,137.75,1.0,818.24,2023-10-30T00:00:00
10224,7791,6792,7,650.77,21.0,3598.76,2026-02-10T00:00:00
10225,1847,11686,8,953.37,4.0,7321.88,2025-11-30T00:00:00
10226,567,12342,7,2563.77,30.0,12562.47,2025-04-19T00:00:00
10227,8223,5542,7,315.59,18.0,1811.49,2024-10-25T00:00:00
10228,5581,3375,1,1534.35,1.0,1519.01,2026-02-17T00:00:00
10229,414,9724,2,2464.53,19.0,3992.54,2023-08-01T00:00:00
10230,4176,4339,5,685.59,6.0,3222.27,2023-10-07T00:00:00
10231,13582,10756,7,759.76,5.0,5052.4,2024-02-13T00:00:00
10232,11504,1687,6,30.34,6.0,171.12,2024-07-31T00:00:00
10233,5183,10256,6,925.62,16.0,4665.12,2026-02-26T00:00:00
10234,2622,1564,3,336.31,22.0,786.97,2023-09-04T00:00:00
10235,4942,8899,8,926.11,13.0,6445.73,2025-01-17T00:00:00
10236,8020,4291,3,974.97,0.0,2924.91,2025-07-10T00:00:00
10237,5551,12199,7,586.35,30.0,2873.11,2026-02-18T00:00:00
10238,6096,5950,4,1740.53,3.0,6753.26,2023-02-27T00:00:00
10239,625,6421,4,2846.53,20.0,9108.9,2024-05-01T00:00:00
10240,6546,8213,1,777.24,23.0,598.47,2025-06-22T00:00:00
10241,5732,11517,2,2810.86,13.0,4890.9,2023-11-01T00:00:00
10242,251,12076,6,1443.93,29.0,6151.14,2023-08-25T00:00:00
10243,13217,14209,8,1790.79,12.0,12607.16,2024-05-26T00:00:00
10244,336,101,9,2160.65,13.0,16917.89,2023-01-23T00:00:00
10245,192,4334,7,2381.64,27.0,12170.18,2025-03-18T00:00:00
10246,1008,14629,5,1651.44,3.0,8009.48,2024-02-29T00:00:00
10247,8790,9983,5,589.03,22.0,2297.22,2024-02-11T00:00:00
10248,2439,2012,9,2511.14,8.0,20792.24,2024-01-19T00:00:00
10249,1051,1024,4,1731.83,10.0,6234.59,2026-06-04T00:00:00
10250,10797,1427,1,2794.52,29.0,1984.11,2023-01-22T00:00:00
10251,2427,13996,3,930.79,18.0,2289.74,2024-09-24T00:00:00
10252,8065,9261,7,1540.39,15.0,9165.32,2025-08-07T00:00:00
10253,5405,1622,5,2904.05,15.0,12342.21,2024-08-23T00:00:00
10254,5874,8653,7,224.7,6.0,1478.53,2025-08-28T00:00:00
10255,4903,12137,2,297.47,29.0,422.41,2023-06-10T00:00:00
10256,3444,8892,8,2669.05,2.0,20925.35,2024-03-15T00:00:00
10257,10484,14420,5,261.12,12.0,1148.93,2024-04-10T00:00:00
10258,11237,4971,1,2161.01,9.0,1966.52,2024-08-10T00:00:00
10259,13658,12743,10,2780.63,3.0,26972.11,2025-05-20T00:00:00
10260,2643,11865,1,180.21,7.0,167.6,2024-12-23T00:00:00
10261,5921,1831,7,2187.71,4.0,14701.41,2023-01-18T00:00:00
10262,5343,13175,9,725.49,25.0,4897.06,2026-01-31T00:00:00
10263,3865,6210,3,1873.3,8.0,5170.31,2025-06-28T00:00:00
10264,3483,10761,9,2986.85,11.0,23924.67,2025-03-13T00:00:00
10265,6550,5704,5,1270.93,8.0,5846.28,2025-12-06T00:00:00
10266,2483,14098,6,2139.7,25.0,9628.65,2025-10-28T00:00:00
10267,10691,9513,9,2290.9,17.0,17113.02,2023-09-24T00:00:00
10268,6470,7180,7,422.67,4.0,2840.34,2026-04-01T00:00:00
10269,4327,5128,2,2745.51,22.0,4283.0,2023-05-09T00:00:00
10270,13890,14175,3,2364.93,18.0,5817.73,2026-04-30T00:00:00
10271,10574,5249,6,2438.88,2.0,14340.61,2025-11-27T00:00:00
10272,1523,13640,9,1089.85,20.0,7846.92,2023-05-31T00:00:00
10273,1407,11847,10,2905.92,11.0,25862.69,2024-04-10T00:00:00
10274,800,208,4,1993.76,1.0,7895.29,2024-09-21T00:00:00
10275,371,3318,4,157.27,12.0,553.59,2026-03-26T00:00:00
10276,14738,14431,5,778.24,9.0,3540.99,2024-12-17T00:00:00
10277,8011,3765,8,1572.37,26.0,9308.43,2026-03-12T00:00:00
10278,1983,12724,6,2621.32,3.0,15256.08,2025-12-26T00:00:00
10279,7909,790,5,761.1,25.0,2854.12,2024-05-21T00:00:00
10280,10230,6257,3,1966.73,17.0,4897.16,2026-02-24T00:00:00
10281,9069,2960,10,2387.29,13.0,20769.42,2023-02-01T00:00:00
10282,10023,9215,2,607.13,13.0,1056.41,2026-04-23T00:00:00
10283,12015,14330,2,1697.85,2.0,3327.79,2024-12-03T00:00:00
10284,3222,10239,2,2262.79,6.0,4254.05,2025-01-23T00:00:00
10285,7450,4097,1,894.5,6.0,840.83,2023-03-25T00:00:00
10286,227,118,7,1015.53,20.0,5686.97,2024-01-01T00:00:00
10287,12580,10832,9,2009.7,1.0,17906.43,2025-12-29T00:00:00
10288,1514,11469,3,392.86,10.0,1060.72,2024-10-10T00:00:00
10289,4151,5377,10,509.79,12.0,4486.15,2024-08-16T00:00:00
10290,13953,7929,9,1823.09,2.0,16079.65,2025-08-19T00:00:00
10291,8389,8757,4,211.46,7.0,786.63,2024-10-01T00:00:00
10292,7166,639,4,2453.46,15.0,8341.76,2023-02-24T00:00:00
10293,12813,1030,7,126.99,29.0,631.14,2023-08-23T00:00:00
10294,4392,9832,2,747.42,15.0,1270.61,2024-07-01T00:00:00
10295,12644,786,10,677.4,5.0,6435.3,2024-03-21T00:00:00
10296,1000,4706,10,1526.12,10.0,13735.08,2023-11-26T00:00:00
10297,14939,4190,3,1524.63,3.0,4436.67,2024-12-03T00:00:00
10298,13870,9513,5,428.74,2.0,2100.83,2025-11-02T00:00:00
10299,6037,3010,8,1191.9,14.0,8200.27,2024-09-27T00:00:00
10300,8475,12718,5,2968.91,27.0,10836.52,2023-06-16T00:00:00
10301,6601,11307,10,1651.5,21.0,13046.85,2025-05-27T00:00:00
10302,8982,4565,7,2108.6,21.0,11660.56,2024-03-27T00:00:00
10303,12385,9553,9,1017.15,3.0,8879.72,2026-05-28T00:00:00
10304,5230,13337,10,2728.55,13.0,23738.38,2024-09-01T00:00:00
10305,1556,5139,9,641.2,12.0,5078.3,2025-09-09T00:00:00
10306,6782,4509,7,2745.6,13.0,16720.7,2023-03-16T00:00:00
10307,3907,12251,8,263.87,29.0,1498.78,2024-06-07T00:00:00
10308,7660,6846,5,2742.31,3.0,13300.2,2023-01-07T00:00:00
10309,7105,6810,5,1011.04,21.0,3993.61,2023-04-05T00:00:00
10310,8286,8558,10,1622.24,23.0,12491.25,2023-09-12T00:00:00
10311,14452,14246,9,2872.64,13.0,22492.77,2025-07-26T00:00:00
10312,12957,12907,4,1026.62,29.0,2915.6,2023-03-20T00:00:00
10313,8957,8652,3,1851.35,0.0,5554.05,2025-11-23T00:00:00
10314,3562,10003,7,133.42,28.0,672.44,2025-07-26T00:00:00
10315,7767,3268,7,2574.47,20.0,14417.03,2026-05-08T00:00:00
10316,5363,7487,4,2135.43,0.0,8541.72,2023-11-06T00:00:00
10317,5107,3984,3,519.31,16.0,1308.66,2024-01-25T00:00:00
10318,10553,8066,9,1135.13,27.0,7457.8,2026-01-05T00:00:00
10319,7588,14997,6,1792.45,6.0,10109.42,2026-03-18T00:00:00
10320,1311,7356,5,1260.49,15.0,5357.08,2024-09-28T00:00:00
10321,10845,12571,7,1852.96,9.0,11803.36,2026-02-28T00:00:00
10322,5809,10414,10,1562.44,25.0,11718.3,2023-02-18T00:00:00
10323,1600,5878,9,2271.84,29.0,14517.06,2026-04-02T00:00:00
10324,2464,6729,8,798.05,1.0,6320.56,2024-02-14T00:00:00
10325,1179,4214,3,1137.43,26.0,2525.09,2025-12-28T00:00:00
10326,358,11723,9,26.23,5.0,224.27,2024-11-17T00:00:00
10327,2838,1291,7,860.33,3.0,5841.64,2023-10-20T00:00:00
10328,2607,778,4,1258.49,6.0,4731.92,2026-01-15T00:00:00
10329,548,12291,1,2414.18,5.0,2293.47,2025-01-24T00:00:00
10330,14026,2545,5,509.43,17.0,2114.13,2025-11-08T00:00:00
10331,14957,8236,4,2675.98,8.0,9847.61,2024-01-03T00:00:00
10332,603,3510,1,484.64,7.0,450.72,2025-10-26T00:00:00
10333,6562,11402,8,584.69,12.0,4116.22,2025-11-11T00:00:00
10334,487,6762,8,1643.29,22.0,10254.13,2024-06-07T00:00:00
10335,10506,6629,3,805.02,28.0,1738.84,2023-12-30T00:00:00
10336,705,1708,2,1182.97,18.0,1940.07,2024-01-24T00:00:00
10337,2,1284,3,2728.98,12.0,7204.51,2024-01-23T00:00:00
10338,7426,9192,10,708.37,28.0,5100.26,2023-07-25T00:00:00
10339,3992,488,7,612.61,30.0,3001.79,2023-02-26T00:00:00
10340,3095,9329,5,239.8,3.0,1163.03,2024-10-26T00:00:00
10341,5347,10063,10,2333.01,3.0,22630.2,2025-10-08T00:00:00
10342,5049,2804,10,289.13,5.0,2746.74,2025-05-31T00:00:00
10343,1039,11449,7,2389.18,12.0,14717.35,2025-06-13T00:00:00
10344,11835,3284,9,1123.72,9.0,9203.27,2024-01-11T00:00:00
10345,3423,10763,4,1715.55,11.0,6107.36,2023-11-17T00:00:00
10346,7009,12112,3,1767.15,12.0,4665.28,2025-08-01T00:00:00
10347,3315,12959,4,140.4,11.0,499.82,2024-07-24T00:00:00
10348,10711,622,7,1017.82,11.0,6341.02,2024-04-30T00:00:00
10349,4943,3147,5,1568.5,16.0,6587.7,2023-05-08T00:00:00
10350,4887,3396,2,304.75,17.0,505.88,2023-08-04T00:00:00
10351,5547,6402,1,803.21,24.0,610.44,2023-04-15T00:00:00
10352,1213,13652,3,2832.01,4.0,8156.19,2024-03-29T00:00:00
10353,7979,8481,8,2723.73,17.0,18085.57,2023-03-27T00:00:00
10354,2115,1482,1,2818.17,29.0,2000.9,2025-12-25T00:00:00
10355,5269,10102,5,2791.2,7.0,12979.08,2025-10-16T00:00:00
10356,8485,8859,5,443.1,19.0,1794.56,2024-03-15T00:00:00
10357,250,3706,1,2977.41,24.0,2262.83,2026-04-28T00:00:00
10358,10563,8054,2,270.85,26.0,400.86,2025-02-06T00:00:00
10359,682,6201,6,652.62,25.0,2936.79,2025-10-17T00:00:00
10360,2695,3263,1,1284.02,5.0,1219.82,2025-12-14T00:00:00
10361,8276,13305,3,1402.04,5.0,3995.81,2023-12-06T00:00:00
10362,760,14416,7,151.11,27.0,772.17,2026-01-01T00:00:00
10363,9798,11834,4,2733.76,29.0,7763.88,2025-10-19T00:00:00
10364,3468,6056,2,782.94,9.0,1424.95,2025-10-04T00:00:00
10365,8559,5627,2,1178.29,2.0,2309.45,2024-05-13T00:00:00
10366,7842,5411,6,1750.62,10.0,9453.35,2024-05-02T00:00:00
10367,13041,7221,4,2209.4,18.0,7246.83,2025-04-15T00:00:00
10368,13637,12529,10,1913.35,25.0,14350.12,2025-03-21T00:00:00
10369,8442,2809,8,2571.91,12.0,18106.25,2025-03-06T00:00:00
10370,13949,4563,2,2349.11,3.0,4557.27,2025-06-16T00:00:00
10371,4380,616,4,116.08,1.0,459.68,2025-07-16T00:00:00
10372,4378,5899,9,262.41,11.0,2101.9,2026-02-25T00:00:00
10373,6625,5146,8,588.83,13.0,4098.26,2025-04-20T00:00:00
10374,13478,6604,2,977.21,23.0,1504.9,2023-12-04T00:00:00
10375,1025,10809,4,2376.76,28.0,6845.07,2025-09-29T00:00:00
10376,4363,10874,2,632.95,10.0,1139.31,2023-07-25T00:00:00
10377,7304,14090,7,518.91,5.0,3450.75,2026-02-23T00:00:00
10378,7356,2747,10,1760.39,14.0,15139.35,2024-11-10T00:00:00
10379,12372,6877,2,2041.71,20.0,3266.74,2025-12-06T00:00:00
10380,1683,9319,2,862.85,21.0,1363.3,2024-05-18T00:00:00
10381,11872,11843,4,2691.29,20.0,8612.13,2025-05-31T00:00:00
10382,4788,7243,10,397.21,18.0,3257.12,2023-03-04T00:00:00
10383,876,116,8,1240.3,13.0,8632.49,2026-05-28T00:00:00
10384,2515,65,2,15.46,7.0,28.76,2023-07-26T00:00:00
10385,2574,7570,3,1433.98,3.0,4172.88,2024-12-09T00:00:00
10386,4060,6882,2,675.56,1.0,1337.61,2023-03-22T00:00:00
10387,13978,6630,9,365.41,26.0,2433.63,2025-11-04T00:00:00
10388,7713,5676,10,2792.62,7.0,25971.37,2023-03-04T00:00:00
10389,618,12017,3,2984.49,24.0,6804.64,2024-07-13T00:00:00
10390,6793,1654,4,1357.42,19.0,4398.04,2024-03-18T00:00:00
10391,11420,2499,8,557.32,26.0,3299.33,2023-03-13T00:00:00
10392,3938,9577,3,1200.74,5.0,3422.11,2024-09-30T00:00:00
10393,3470,6040,9,540.35,22.0,3793.26,2023-01-11T00:00:00
10394,14960,4898,5,877.92,13.0,3818.95,2026-03-26T00:00:00
10395,12579,9877,7,2350.19,0.0,16451.33,2025-04-03T00:00:00
10396,3980,938,9,1187.72,16.0,8979.16,2023-01-03T00:00:00
10397,6223,14481,5,70.34,1.0,348.18,2024-08-27T00:00:00
10398,6704,14622,5,158.77,20.0,635.08,2024-09-25T00:00:00
10399,3007,5562,3,2919.52,26.0,6481.33,2023-12-15T00:00:00
10400,12659,8764,3,1205.17,5.0,3434.73,2024-01-09T00:00:00
10401,9225,8182,2,1226.35,21.0,1937.63,2023-04-30T00:00:00
10402,5900,5352,3,1389.29,26.0,3084.22,2026-02-14T00:00:00
10403,11093,3535,8,1718.16,6.0,12920.56,2026-05-03T00:00:00
10404,13260,2522,6,212.08,3.0,1234.31,2025-10-02T00:00:00
10405,2828,5648,6,2453.91,30.0,10306.42,2025-09-30T00:00:00
10406,3757,10125,2,120.08,10.0,216.14,2025-03-28T00:00:00
10407,12684,3878,4,1707.16,8.0,6282.35,2023-05-30T00:00:00
10408,14252,14763,2,2015.44,17.0,3345.63,2024-05-13T00:00:00
10409,2978,12335,2,11.88,2.0,23.28,2025-05-13T00:00:00
10410,12275,1583,5,2456.41,17.0,10194.1,2026-04-24T00:00:00
10411,10560,4602,10,374.95,7.0,3487.03,2025-12-25T00:00:00
10412,156,10274,7,2567.84,11.0,15997.64,2025-07-01T00:00:00
10413,11804,3879,3,2475.99,15.0,6313.77,2023-06-14T00:00:00
10414,4518,6829,10,698.31,28.0,5027.83,2024-06-30T00:00:00
10415,10361,5191,8,742.53,6.0,5583.83,2023-05-21T00:00:00
10416,9244,203,3,1495.97,6.0,4218.64,2025-07-14T00:00:00
10417,11675,5021,6,1226.08,4.0,7062.22,2023-07-13T00:00:00
10418,2778,8069,10,2071.96,18.0,16990.07,2025-04-19T00:00:00
10419,1842,1478,10,2824.72,11.0,25140.01,2024-05-19T00:00:00
10420,2237,13055,6,72.97,14.0,376.53,2023-02-10T00:00:00
10421,1900,6959,3,1927.28,17.0,4798.93,2026-05-26T00:00:00
10422,14453,828,10,1645.05,11.0,14640.94,2026-06-03T00:00:00
10423,11032,12133,6,1743.16,26.0,7739.63,2024-07-03T00:00:00
10424,9320,12423,8,964.53,12.0,6790.29,2025-02-23T00:00:00
10425,11658,12962,9,2302.68,22.0,16164.81,2024-08-24T00:00:00
10426,5151,2151,10,569.84,13.0,4957.61,2025-11-15T00:00:00
10427,8210,9064,10,764.32,14.0,6573.15,2025-09-11T00:00:00
10428,13592,12410,10,989.5,20.0,7916.0,2025-03-09T00:00:00
10429,6715,11621,7,2187.77,19.0,12404.66,2025-07-23T00:00:00
10430,7563,1460,4,1771.0,1.0,7013.16,2024-06-16T00:00:00
10431,10308,2570,5,333.61,0.0,1668.05,2025-04-10T00:00:00
10432,12853,4540,8,646.08,12.0,4548.4,2024-03-23T00:00:00
10433,7465,8105,1,269.94,5.0,256.44,2024-11-23T00:00:00
10434,674,7960,5,2186.86,5.0,10387.59,2023-08-31T00:00:00
10435,12505,183,5,945.01,22.0,3685.54,2023-03-14T00:00:00
10436,22,13304,6,2031.78,0.0,12190.68,2024-10-02T00:00:00
10437,2439,12072,10,372.22,13.0,3238.31,2025-08-04T00:00:00
10438,6536,2591,8,1958.6,1.0,15512.11,2023-12-29T00:00:00
10439,2951,1252,8,1388.31,29.0,7885.6,2023-01-31T00:00:00
10440,7163,11219,4,1486.16,7.0,5528.52,2025-10-25T00:00:00
10441,1338,6271,7,542.67,4.0,3646.74,2025-08-29T00:00:00
10442,2650,6274,8,2956.87,16.0,19870.17,2023-01-11T00:00:00
10443,6959,13244,3,1075.12,4.0,3096.35,2023-03-13T00:00:00
10444,11503,7997,10,2575.25,10.0,23177.25,2026-04-30T00:00:00
10445,14538,12842,3,2661.0,3.0,7743.51,2024-07-17T00:00:00
10446,9858,832,6,1287.45,12.0,6797.74,2024-11-12T00:00:00
10447,401,1009,1,348.95,2.0,341.97,2023-02-15T00:00:00
10448,5985,13116,3,36.86,28.0,79.62,2024-07-05T00:00:00
10449,4208,12359,6,1804.14,13.0,9417.61,2024-11-13T00:00:00
10450,3375,3399,10,911.99,20.0,7295.92,2023-09-07T00:00:00
10451,11824,266,2,668.53,6.0,1256.84,2023-11-05T00:00:00
10452,202,9053,2,2547.85,4.0,4891.87,2023-04-07T00:00:00
10453,13072,8777,10,2443.32,26.0,18080.57,2024-09-30T00:00:00
10454,10474,7718,9,1553.32,7.0,13001.29,2024-12-05T00:00:00
10455,3195,12404,9,466.62,26.0,3107.69,2026-04-09T00:00:00
10456,11677,14688,9,1343.38,25.0,9067.82,2024-01-18T00:00:00
10457,9310,298,3,936.5,30.0,1966.65,2025-11-26T00:00:00
10458,8173,5874,3,2343.33,6.0,6608.19,2025-03-18T00:00:00
10459,805,1718,5,2369.39,13.0,10306.85,2023-09-26T00:00:00
10460,8292,14177,8,2831.83,5.0,21521.91,2024-05-30T00:00:00
10461,13938,1534,10,2026.71,19.0,16416.35,2023-06-07T00:00:00
10462,4475,14223,1,1532.4,8.0,1409.81,2025-09-25T00:00:00
10463,13646,4400,5,1204.88,5.0,5723.18,2026-02-04T00:00:00
10464,7275,4935,5,563.81,10.0,2537.14,2024-09-17T00:00:00
10465,1534,4768,8,1741.73,18.0,11425.75,2024-07-23T00:00:00
10466,12476,6249,7,1387.14,4.0,9321.58,2025-06-23T00:00:00
10467,6816,538,6,1819.83,13.0,9499.51,2024-07-21T00:00:00
10468,8895,12043,10,2903.65,11.0,25842.49,2023-07-01T00:00:00
10469,734,9747,4,2649.98,11.0,9433.93,2024-10-19T00:00:00
10470,9380,9923,6,721.42,3.0,4198.66,2025-10-15T00:00:00
10471,8245,12063,4,1354.69,10.0,4876.88,2023-03-29T00:00:00
10472,11467,8938,1,2463.42,20.0,1970.74,2024-10-30T00:00:00
10473,12719,11307,8,202.91,20.0,1298.62,2023-01-30T00:00:00
10474,10840,9023,10,2062.96,14.0,17741.46,2024-07-15T00:00:00
10475,2443,11010,6,352.23,7.0,1965.44,2025-02-23T00:00:00
10476,5918,8850,2,2746.45,7.0,5108.4,2024-07-21T00:00:00
10477,7927,5071,10,1200.17,5.0,11401.61,2026-02-07T00:00:00
10478,11228,14577,10,405.5,4.0,3892.8,2024-06-12T00:00:00
10479,10975,12983,4,1522.43,18.0,4993.57,2024-07-12T00:00:00
10480,12636,13594,2,583.23,3.0,1131.47,2023-06-14T00:00:00
10481,8690,14370,5,2724.81,29.0,9673.08,2024-10-12T00:00:00
10482,7329,3259,4,454.28,24.0,1381.01,2025-11-02T00:00:00
10483,8798,8014,2,2716.18,15.0,4617.51,2024-12-31T00:00:00
10484,10742,7903,8,1852.53,13.0,12893.61,2024-11-13T00:00:00
10485,13670,8830,2,657.51,14.0,1130.92,2024-09-17T00:00:00
10486,13040,5502,7,267.02,6.0,1756.99,2024-07-05T00:00:00
10487,9744,6293,6,1954.81,13.0,10204.11,2023-09-25T00:00:00
10488,14029,12269,2,903.53,19.0,1463.72,2024-10-11T00:00:00
10489,11165,12301,4,1044.35,5.0,3968.53,2024-07-07T00:00:00
10490,12691,12304,10,2393.02,4.0,22972.99,2023-02-18T00:00:00
10491,13141,11324,2,774.88,2.0,1518.76,2026-01-16T00:00:00
10492,14192,3054,10,395.71,14.0,3403.11,2024-08-02T00:00:00
10493,8156,8531,7,2985.48,10.0,18808.52,2024-04-12T00:00:00
10494,1759,5662,7,597.09,28.0,3009.33,2024-02-17T00:00:00
10495,1225,3041,8,2813.31,1.0,22281.42,2026-01-03T00:00:00
10496,12598,947,5,1864.73,14.0,8018.34,2023-04-05T00:00:00
10497,2925,5407,3,1537.7,5.0,4382.44,2026-05-07T00:00:00
10498,8973,12742,5,48.85,3.0,236.92,2024-10-27T00:00:00
10499,8156,4398,6,1054.57,15.0,5378.31,2026-04-14T00:00:00
10500,11902,13092,4,1832.48,12.0,6450.33,2025-11-24T00:00:00
10501,7350,8122,8,2364.58,1.0,18727.47,2026-06-01T00:00:00
10502,11803,4153,4,1831.46,7.0,6813.03,2025-09-08T00:00:00
10503,12518,14726,5,2548.29,20.0,10193.16,2023-08-12T00:00:00
10504,330,14417,10,644.37,17.0,5348.27,2023-03-10T00:00:00
10505,3784,13651,7,971.07,12.0,5981.79,2023-06-16T00:00:00
10506,4381,11406,4,1949.08,7.0,7250.58,2026-06-01T00:00:00
10507,11051,11152,3,1063.21,15.0,2711.19,2025-04-11T00:00:00
10508,10964,926,2,914.58,23.0,1408.45,2025-10-17T00:00:00
10509,6019,13994,3,2332.08,26.0,5177.22,2023-09-28T00:00:00
10510,1456,8164,6,1985.04,21.0,9409.09,2023-01-21T00:00:00
10511,6897,731,2,1598.47,10.0,2877.25,2023-10-07T00:00:00
10512,13265,12566,10,2771.79,5.0,26332.01,2023-08-18T00:00:00
10513,14410,9803,10,855.1,10.0,7695.9,2025-12-07T00:00:00
10514,14194,10184,5,2999.42,27.0,10947.88,2025-02-24T00:00:00
10515,13374,3677,2,2157.76,3.0,4186.05,2023-10-25T00:00:00
10516,10000,3762,6,489.16,6.0,2758.86,2024-03-17T00:00:00
10517,13314,8693,7,2569.91,3.0,17449.69,2025-10-24T00:00:00
10518,916,786,1,1369.94,25.0,1027.45,2024-11-10T00:00:00
10519,8505,14977,8,1867.07,13.0,12994.81,2023-10-26T00:00:00
10520,8954,14351,6,2798.98,5.0,15954.19,2023-06-07T00:00:00
10521,10076,4277,3,451.4,28.0,975.02,2023-12-28T00:00:00
10522,9861,9469,4,1246.96,26.0,3691.0,2023-08-08T00:00:00
10523,7720,5724,8,2527.06,20.0,16173.18,2025-03-21T00:00:00
10524,8579,13059,6,781.05,6.0,4405.12,2025-08-08T00:00:00
10525,4598,6145,4,1080.51,23.0,3327.97,2026-02-15T00:00:00
10526,13362,11222,5,1686.41,9.0,7673.17,2026-03-12T00:00:00
10527,2380,3980,4,2652.92,16.0,8913.81,2023-01-26T00:00:00
10528,8536,4922,9,1374.27,24.0,9400.01,2024-11-05T00:00:00
10529,878,3137,6,1467.88,6.0,8278.84,2023-02-01T00:00:00
10530,11894,328,2,574.11,12.0,1010.43,2026-01-09T00:00:00
10531,4343,533,9,13.61,4.0,117.59,2024-02-09T00:00:00
10532,948,7601,9,1263.67,19.0,9212.15,2023-07-03T00:00:00
10533,713,14747,5,1751.3,26.0,6479.81,2024-06-13T00:00:00
10534,13618,5220,8,1920.02,1.0,15206.56,2024-06-14T00:00:00
10535,7421,10439,3,1621.04,11.0,4328.18,2023-02-19T00:00:00
10536,12250,6637,9,2668.79,12.0,21136.82,2023-10-23T00:00:00
10537,30,10362,4,1310.84,9.0,4771.46,2026-03-29T00:00:00
10538,7739,8219,9,2382.5,23.0,16510.73,2023-09-11T00:00:00
10539,14470,5713,5,393.68,4.0,1889.66,2023-07-27T00:00:00
10540,2650,8685,7,605.96,21.0,3350.96,2025-03-10T00:00:00
10541,11991,676,7,1223.89,17.0,7110.8,2024-08-03T00:00:00
10542,9657,3533,2,2685.65,11.0,4780.46,2026-04-20T00:00:00
10543,8775,11249,8,1119.05,13.0,7788.59,2026-03-21T00:00:00
10544,12165,14142,4,201.71,18.0,661.61,2026-05-17T00:00:00
10545,5546,3540,8,1277.67,29.0,7257.17,2024-01-31T00:00:00
10546,6657,11323,1,1500.81,25.0,1125.61,2024-04-04T00:00:00
10547,6788,14844,10,1669.2,10.0,15022.8,2025-05-05T00:00:00
10548,3327,11538,9,2931.35,21.0,20841.9,2026-03-09T00:00:00
10549,8231,822,9,2695.54,12.0,21348.68,2025-06-06T00:00:00
10550,8471,6437,4,2844.97,14.0,9786.7,2025-04-05T00:00:00
10551,6369,7389,8,15.38,26.0,91.05,2023-01-08T00:00:00
10552,8602,3538,7,81.85,20.0,458.36,2023-05-09T00:00:00
10553,12504,14644,5,1308.39,5.0,6214.85,2025-12-16T00:00:00
10554,13499,2842,7,249.28,13.0,1518.12,2025-06-22T00:00:00
10555,8133,3993,4,2518.94,1.0,9975.0,2023-06-22T00:00:00
10556,4772,7697,10,1932.57,8.0,17779.64,2024-09-09T00:00:00
10557,8193,6768,7,2565.99,21.0,14189.92,2025-02-11T00:00:00
10558,8123,12837,7,1006.55,8.0,6482.18,2024-06-01T00:00:00
10559,754,3676,4,1386.25,26.0,4103.3,2024-01-15T00:00:00
10560,6132,3126,8,1686.41,9.0,12277.06,2024-03-11T00:00:00
10561,13071,10170,7,1756.79,13.0,10698.85,2025-07-20T00:00:00
10562,1147,4006,5,1270.77,28.0,4574.77,2024-09-21T00:00:00
10563,10579,2353,4,1433.0,18.0,4700.24,2024-07-12T00:00:00
10564,7527,14835,8,1744.03,24.0,10603.7,2024-05-09T00:00:00
10565,4113,917,7,1733.69,11.0,10800.89,2024-04-07T00:00:00
10566,123,8741,3,2876.15,22.0,6730.19,2023-09-23T00:00:00
10567,5256,8537,3,1121.25,30.0,2354.62,2025-05-11T00:00:00
10568,11714,13562,6,1729.24,12.0,9130.39,2024-09-05T00:00:00
10569,14280,11846,9,1723.08,22.0,12096.02,2024-09-05T00:00:00
10570,14115,13771,8,346.07,23.0,2131.79,2023-09-13T00:00:00
10571,1379,7806,10,2960.83,16.0,24870.97,2023-06-28T00:00:00
10572,8291,3081,7,616.13,16.0,3622.84,2025-12-18T00:00:00
10573,7956,6023,1,2314.03,10.0,2082.63,2024-06-15T00:00:00
10574,13529,7889,9,2309.36,29.0,14756.81,2024-05-19T00:00:00
10575,2994,1686,10,1706.37,30.0,11944.59,2024-09-25T00:00:00
10576,12354,6607,9,66.97,10.0,542.46,2025-10-28T00:00:00
10577,4986,9099,6,689.62,8.0,3806.7,2024-09-19T00:00:00
10578,872,2110,8,686.57,28.0,3954.64,2024-08-31T00:00:00
10579,8340,13705,10,666.19,8.0,6128.95,2023-10-26T00:00:00
10580,3026,14403,8,1411.2,2.0,11063.81,2025-05-06T00:00:00
10581,9885,2195,8,1491.26,26.0,8828.26,2026-02-04T00:00:00
10582,3788,10323,3,2042.53,5.0,5821.21,2023-11-30T00:00:00
10583,12308,8711,5,1560.2,3.0,7566.97,2026-02-25T00:00:00
10584,5934,8746,7,2775.11,7.0,18065.97,2025-06-30T00:00:00
10585,13751,12642,6,1901.92,23.0,8786.87,2025-01-03T00:00:00
10586,14123,5578,9,2242.54,3.0,19577.37,2023-08-27T00:00:00
10587,12811,9223,3,302.76,3.0,881.03,2025-10-13T00:00:00
10588,4959,6596,4,2765.98,17.0,9183.05,2025-08-22T00:00:00
10589,554,9351,8,1862.47,3.0,14452.77,2024-10-26T00:00:00
10590,6876,6737,6,1274.96,4.0,7343.77,2023-09-05T00:00:00
10591,8110,4522,10,732.88,19.0,5936.33,2023-08-19T00:00:00
10592,6980,11199,10,742.03,2.0,7271.89,2024-05-26T00:00:00
10593,11560,5956,1,2665.99,0.0,2665.99,2023-04-28T00:00:00
10594,13738,14371,6,2122.23,28.0,9168.03,2026-03-23T00:00:00
10595,5224,5873,6,2063.29,19.0,10027.59,2024-09-18T00:00:00
10596,9442,2918,10,2236.41,24.0,16996.72,2024-09-23T00:00:00
10597,6562,3673,9,2963.94,18.0,21873.88,2026-02-13T00:00:00
10598,6236,2206,2,303.24,13.0,527.64,2024-12-21T00:00:00
10599,8884,10160,2,2902.87,13.0,5050.99,2023-04-25T00:00:00
10600,11594,7395,6,1979.03,30.0,8311.93,2024-12-10T00:00:00
10601,5299,13905,7,2104.75,12.0,12965.26,2025-07-06T00:00:00
10602,7249,9280,10,999.47,11.0,8895.28,2025-10-06T00:00:00
10603,5449,8244,1,1674.04,6.0,1573.6,2025-10-28T00:00:00
10604,66,4565,8,2614.38,12.0,18405.24,2026-05-13T00:00:00
10605,8740,3810,3,2059.25,8.0,5683.53,2023-06-27T00:00:00
10606,10359,5275,8,1400.85,0.0,11206.8,2025-06-26T00:00:00
10607,5647,747,4,2610.88,16.0,8772.56,2024-04-19T00:00:00
10608,13949,3213,7,1066.6,25.0,5599.65,2024-09-14T00:00:00
10609,13171,1285,6,1013.79,10.0,5474.47,2024-08-17T00:00:00
10610,8216,254,8,2978.21,25.0,17869.26,2026-06-06T00:00:00
10611,8915,2529,3,1911.75,8.0,5276.43,2023-01-13T00:00:00
10612,1453,5538,5,187.09,7.0,869.97,2026-01-03T00:00:00
10613,4142,4517,2,754.47,8.0,1388.22,2025-10-23T00:00:00
10614,8451,3602,6,1536.74,7.0,8575.01,2023-10-15T00:00:00
10615,6945,12281,7,1283.83,20.0,7189.45,2024-04-28T00:00:00
10616,8487,14845,10,934.75,6.0,8786.65,2025-10-05T00:00:00
10617,4120,4603,2,2916.33,2.0,5716.01,2023-03-05T00:00:00
10618,13460,5712,3,1345.19,25.0,3026.68,2023-08-25T00:00:00
10619,6046,4260,5,2088.35,0.0,10441.75,2025-10-17T00:00:00
10620,3744,3485,3,1075.45,25.0,2419.76,2025-01-18T00:00:00
10621,9002,4705,4,292.32,7.0,1087.43,2025-12-03T00:00:00
10622,11755,937,1,2488.56,5.0,2364.13,2023-10-30T00:00:00
10623,1914,1471,3,149.27,6.0,420.94,2025-01-18T00:00:00
10624,12074,2116,7,1562.43,16.0,9187.09,2026-04-13T00:00:00
10625,176,7945,4,2875.59,2.0,11272.31,2024-11-23T00:00:00
10626,12801,13152,8,461.43,10.0,3322.3,2025-11-26T00:00:00
10627,8489,11300,2,1775.0,14.0,3053.0,2025-02-13T00:00:00
10628,1064,14014,7,88.11,12.0,542.76,2026-05-02T00:00:00
10629,11216,14151,7,2577.11,7.0,16776.99,2023-08-12T00:00:00
10630,9689,11657,9,952.35,18.0,7028.34,2026-01-28T00:00:00
10631,3200,12529,5,912.24,16.0,3831.41,2024-11-13T00:00:00
10632,13255,9737,5,1975.26,19.0,7999.8,2023-06-02T00:00:00
10633,3726,11608,7,549.35,27.0,2807.18,2024-05-14T00:00:00
10634,8155,8922,7,195.38,6.0,1285.6,2025-11-10T00:00:00
10635,62,7172,8,2900.2,11.0,20649.42,2026-02-20T00:00:00
10636,6924,11122,3,2670.37,5.0,7610.55,2023-07-15T00:00:00
10637,3324,469,4,522.11,5.0,1984.02,2023-09-20T00:00:00
10638,13676,1952,3,2093.54,14.0,5401.33,2024-01-30T00:00:00
10639,2220,1877,7,2757.71,17.0,16022.3,2023-10-20T00:00:00
10640,11075,10857,8,796.44,24.0,4842.36,2023-08-10T00:00:00
10641,3042,12428,1,1245.21,10.0,1120.69,2025-02-05T00:00:00
10642,14323,2854,8,1346.87,28.0,7757.97,2023-01-30T00:00:00
10643,7345,7472,9,1495.84,9.0,12250.93,2024-12-28T00:00:00
10644,11923,6742,10,1355.24,2.0,13281.35,2024-01-22T00:00:00
10645,4317,2530,6,1794.15,14.0,9257.81,2023-11-28T00:00:00
10646,711,5340,10,52.88,15.0,449.48,2024-03-26T00:00:00
10647,786,3426,5,81.25,21.0,320.94,2023-09-10T00:00:00
10648,7906,1466,2,1248.58,12.0,2197.5,2023-08-17T00:00:00
10649,13887,9272,2,866.96,18.0,1421.81,2023-04-26T00:00:00
10650,4577,1680,9,663.57,4.0,5733.24,2025-09-08T00:00:00
10651,13107,3992,1,510.77,12.0,449.48,2026-01-10T00:00:00
10652,9414,11895,2,2178.8,27.0,3181.05,2025-07-07T00:00:00
10653,3227,14407,5,701.83,16.0,2947.69,2025-03-06T00:00:00
10654,2050,12007,7,1766.25,10.0,11127.38,2025-09-06T00:00:00
10655,6109,5192,10,1449.4,14.0,12464.84,2026-03-17T00:00:00
10656,12489,13331,3,2439.65,20.0,5855.16,2023-10-25T00:00:00
10657,9924,1682,3,540.53,12.0,1427.0,2026-01-11T00:00:00
10658,3689,9033,9,1084.5,5.0,9272.48,2025-07-21T00:00:00
10659,11034,10670,3,2591.37,22.0,6063.81,2024-09-27T00:00:00
10660,1341,4783,10,258.66,18.0,2121.01,2024-11-06T00:00:00
10661,2529,7789,3,558.97,14.0,1442.14,2026-03-11T00:00:00
10662,7113,13443,1,1589.82,1.0,1573.92,2025-03-19T00:00:00
10663,11258,4403,1,157.75,15.0,134.09,2026-01-04T00:00:00
10664,10394,6442,7,1764.79,9.0,11241.71,2025-09-18T00:00:00
10665,12484,10807,8,2296.29,7.0,17084.4,2025-09-26T00:00:00
10666,718,10556,6,2617.69,21.0,12407.85,2023-07-24T00:00:00
10667,8225,12065,9,1062.34,26.0,7075.18,2026-03-26T00:00:00
10668,1825,1714,3,1248.12,23.0,2883.16,2023-04-05T00:00:00
10669,3689,14277,10,2137.55,2.0,20947.99,2026-06-01T00:00:00
10670,999,3768,5,2881.76,18.0,11815.22,2023-07-29T00:00:00
10671,14459,363,4,489.17,14.0,1682.74,2023-12-12T00:00:00
10672,5349,12588,4,783.41,0.0,3133.64,2023-10-07T00:00:00
10673,8266,4850,6,2266.47,13.0,11830.97,2024-09-13T00:00:00
10674,9653,13090,10,450.58,13.0,3920.05,2025-10-25T00:00:00
10675,2992,6158,1,575.98,4.0,552.94,2024-08-02T00:00:00
10676,11430,9549,9,2806.77,2.0,24755.71,2026-01-13T00:00:00
10677,12813,7317,6,2643.24,13.0,13797.71,2023-05-24T00:00:00
10678,11710,8715,8,1286.9,24.0,7824.35,2026-05-09T00:00:00
10679,2444,6349,2,407.31,27.0,594.67,2025-02-10T00:00:00
10680,10650,11817,8,350.08,2.0,2744.63,2025-03-17T00:00:00
10681,2570,14477,4,2720.46,4.0,10446.57,2024-07-06T00:00:00
10682,651,8597,6,2111.68,7.0,11783.17,2023-10-08T00:00:00
10683,13148,13321,3,1208.25,28.0,2609.82,2025-10-24T00:00:00
10684,11035,840,2,1795.19,4.0,3446.76,2023-11-04T00:00:00
10685,6114,7626,1,2897.05,27.0,2114.85,2026-02-22T00:00:00
10686,13202,7298,2,1365.22,12.0,2402.79,2023-09-25T00:00:00
10687,3476,7349,4,378.89,20.0,1212.45,2025-02-04T00:00:00
10688,2760,11742,3,1205.04,24.0,2747.49,2023-05-11T00:00:00
10689,1537,14897,2,1809.39,7.0,3365.47,2026-05-25T00:00:00
10690,4772,2494,9,2326.55,14.0,18007.5,2025-07-03T00:00:00
10691,7682,2642,10,2247.95,8.0,20681.14,2024-04-07T00:00:00
10692,4467,9140,6,1044.6,19.0,5076.76,2025-08-18T00:00:00
10693,6383,6400,7,2606.33,24.0,13865.68,2025-11-26T00:00:00
10694,10679,13306,5,926.82,30.0,3243.87,2023-03-18T00:00:00
10695,9965,6691,5,1417.36,7.0,6590.72,2025-07-27T00:00:00
10696,6212,4235,5,288.87,12.0,1271.03,2024-01-11T00:00:00
10697,192,8365,8,1206.8,10.0,8688.96,2026-04-15T00:00:00
10698,12509,14580,5,910.21,3.0,4414.52,2024-08-09T00:00:00
10699,8361,299,1,1243.22,2.0,1218.36,2024-03-31T00:00:00
10700,11359,1143,5,1776.47,25.0,6661.76,2026-05-17T00:00:00
10701,6595,1787,7,393.94,7.0,2564.55,2023-10-26T00:00:00
10702,13541,2762,5,2383.46,19.0,9653.01,2024-03-24T00:00:00
10703,5222,14676,10,882.5,6.0,8295.5,2024-01-12T00:00:00
10704,6888,4370,3,2029.5,11.0,5418.77,2024-05-19T00:00:00
10705,7419,4273,7,1050.23,30.0,5146.13,2025-12-26T00:00:00
10706,13246,1461,8,2853.55,15.0,19404.14,2024-10-24T00:00:00
10707,666,9952,9,319.1,8.0,2642.15,2024-06-02T00:00:00
10708,2098,12345,10,2997.53,28.0,21582.22,2025-07-31T00:00:00
10709,14916,10381,5,1460.93,15.0,6208.95,2025-07-31T00:00:00
10710,9309,10195,3,2408.64,16.0,6069.77,2024-07-19T00:00:00
10711,3394,4959,7,2020.14,26.0,10464.33,2023-04-12T00:00:00
10712,5227,11276,6,2892.57,8.0,15966.99,2025-10-21T00:00:00
10713,10980,11549,3,2393.01,15.0,6102.18,2025-02-07T00:00:00
10714,878,7339,4,2560.66,7.0,9525.66,2024-12-19T00:00:00
10715,6973,14835,3,1618.76,5.0,4613.47,2023-04-07T00:00:00
10716,13696,912,1,2564.99,15.0,2180.24,2025-11-20T00:00:00
10717,4860,7241,2,320.34,7.0,595.83,2024-10-22T00:00:00
10718,6376,1582,7,1923.81,21.0,10638.67,2025-01-13T00:00:00
10719,4098,930,6,2860.94,17.0,14247.48,2026-04-26T00:00:00
10720,14316,6410,10,2268.25,3.0,22002.02,2023-07-15T00:00:00
10721,5869,4187,2,1514.26,13.0,2634.81,2025-11-25T00:00:00
10722,7409,12371,4,2033.62,17.0,6751.62,2024-09-21T00:00:00
10723,7434,1655,1,2552.26,23.0,1965.24,2024-04-19T00:00:00
10724,4726,622,1,2748.41,16.0,2308.66,2025-09-30T00:00:00
10725,12550,14882,5,666.87,28.0,2400.73,2026-04-30T00:00:00
10726,2216,1593,10,2683.78,9.0,24422.4,2023-09-15T00:00:00
10727,13371,687,8,2769.73,4.0,21271.53,2025-08-27T00:00:00
10728,10020,3135,6,2007.04,7.0,11199.28,2026-03-10T00:00:00
10729,10902,12614,8,2883.28,21.0,18222.33,2023-05-13T00:00:00
10730,4142,5486,2,1936.18,15.0,3291.51,2025-11-27T00:00:00
10731,8572,11410,1,239.78,9.0,218.2,2026-03-06T00:00:00
10732,9961,3767,10,2980.39,17.0,24737.24,2023-07-29T00:00:00
10733,13518,9416,8,787.32,3.0,6109.6,2024-06-10T00:00:00
10734,10450,2918,1,1328.44,23.0,1022.9,2023-01-24T00:00:00
10735,12769,14137,8,1791.51,8.0,13185.51,2023-01-14T00:00:00
10736,1590,613,5,2230.16,13.0,9701.2,2023-08-21T00:00:00
10737,11395,7773,9,1703.82,20.0,12267.5,2024-10-20T00:00:00
10738,10682,13060,4,555.31,1.0,2199.03,2024-05-11T00:00:00
10739,14525,2793,10,935.45,25.0,7015.88,2023-11-01T00:00:00
10740,4683,11040,9,1521.94,6.0,12875.61,2025-11-11T00:00:00
10741,1723,11107,5,2158.19,26.0,7985.3,2023-04-23T00:00:00
10742,7617,8734,7,2430.58,22.0,13270.97,2024-05-27T00:00:00
10743,635,1668,1,693.87,22.0,541.22,2023-02-27T00:00:00
10744,14303,9219,3,811.52,3.0,2361.52,2023-02-04T00:00:00
10745,11205,14100,10,111.07,23.0,855.24,2025-04-12T00:00:00
10746,3514,2962,5,1577.58,9.0,7177.99,2023-08-19T00:00:00
10747,13920,3735,6,1286.49,26.0,5712.02,2024-05-23T00:00:00
10748,9892,13741,9,2537.42,27.0,16670.85,2025-10-29T00:00:00
10749,5152,10838,8,1900.34,26.0,11250.01,2024-03-09T00:00:00
10750,8172,10896,8,1661.06,24.0,10099.24,2025-12-15T00:00:00
10751,13852,14591,7,1178.72,5.0,7838.49,2023-04-20T00:00:00
10752,3322,8050,1,1570.84,28.0,1131.0,2024-11-05T00:00:00
10753,9631,7048,5,261.28,24.0,992.86,2024-04-11T00:00:00
10754,7450,12376,3,297.86,25.0,670.19,2023-04-27T00:00:00
10755,8923,9231,4,2338.35,1.0,9259.87,2025-12-29T00:00:00
10756,9281,3277,7,1667.73,11.0,10389.96,2025-11-11T00:00:00
10757,11735,14212,2,139.1,19.0,225.34,2024-08-12T00:00:00
10758,8486,9068,6,79.65,25.0,358.43,2024-06-17T00:00:00
10759,8642,6837,5,1663.63,13.0,7236.79,2024-06-24T00:00:00
10760,14409,13363,7,2264.46,28.0,11412.88,2024-01-21T00:00:00
10761,14031,13155,1,1692.91,8.0,1557.48,2025-09-14T00:00:00
10762,12595,689,8,214.3,4.0,1645.82,2024-01-22T00:00:00
10763,12660,12597,1,661.51,25.0,496.13,2024-07-20T00:00:00
10764,7554,10705,4,2432.86,1.0,9634.13,2024-11-03T00:00:00
10765,6760,2814,3,1396.66,30.0,2932.99,2023-10-25T00:00:00
10766,13237,7759,6,155.75,2.0,915.81,2024-10-12T00:00:00
10767,8167,6975,3,813.25,15.0,2073.79,2025-12-31T00:00:00
10768,10823,1415,9,917.56,13.0,7184.49,2024-10-03T00:00:00
10769,11949,11429,3,1784.2,9.0,4870.87,2024-06-04T00:00:00
10770,7598,4391,2,442.59,27.0,646.18,2024-09-18T00:00:00
10771,8053,4095,7,2206.62,29.0,10966.9,2024-10-17T00:00:00
10772,5807,8914,6,930.51,21.0,4410.62,2025-05-31T00:00:00
10773,7576,2701,3,916.28,29.0,1951.68,2025-09-07T00:00:00
10774,12875,9428,7,2387.25,10.0,15039.68,2026-01-17T00:00:00
10775,13584,629,2,524.76,21.0,829.12,2023-04-21T00:00:00
10776,11218,4046,2,650.87,27.0,950.27,2025-12-04T00:00:00
10777,12660,14904,7,1770.51,10.0,11154.21,2023-04-10T00:00:00
10778,13707,13108,9,328.26,24.0,2245.3,2023-07-16T00:00:00
10779,9931,9535,5,2818.88,10.0,12684.96,2024-08-11T00:00:00
10780,10516,7104,9,1646.07,26.0,10962.83,2024-02-20T00:00:00
10781,1946,13239,2,2800.97,21.0,4425.53,2025-01-18T00:00:00
10782,7350,5445,2,2872.12,13.0,4997.49,2024-12-27T00:00:00
10783,5697,2819,8,2858.59,16.0,19209.72,2023-10-27T00:00:00
10784,5493,1896,9,1722.19,2.0,15189.72,2023-10-19T00:00:00
10785,13408,7559,9,2780.55,4.0,24023.95,2024-12-12T00:00:00
10786,2533,1831,2,255.89,12.0,450.37,2024-07-31T00:00:00
10787,12498,10225,3,362.33,18.0,891.33,2025-12-30T00:00:00
10788,3047,9045,8,783.05,14.0,5387.38,2025-03-24T00:00:00
10789,1301,13220,3,1739.2,12.0,4591.49,2025-08-20T00:00:00
10790,9002,6582,1,131.91,6.0,124.0,2024-09-11T00:00:00
10791,2455,4283,8,2330.7,27.0,13611.29,2024-05-25T00:00:00
10792,10642,7579,3,1019.43,24.0,2324.3,2025-11-18T00:00:00
10793,4421,6167,8,2103.93,16.0,14138.41,2023-10-28T00:00:00
10794,1668,12394,8,1266.87,9.0,9222.81,2025-05-19T00:00:00
10795,11379,3711,3,2547.25,4.0,7336.08,2023-03-18T00:00:00
10796,14015,877,2,967.33,20.0,1547.73,2024-07-14T00:00:00
10797,5476,2206,4,2957.03,21.0,9344.21,2023-03-09T00:00:00
10798,3410,6454,6,2553.87,17.0,12718.27,2026-05-29T00:00:00
10799,903,14292,2,318.19,6.0,598.2,2025-11-04T00:00:00
10800,14263,10079,5,1571.22,29.0,5577.83,2024-05-19T00:00:00
10801,3801,1994,10,121.76,22.0,949.73,2025-10-07T00:00:00
10802,7427,4960,8,284.84,22.0,1777.4,2023-08-04T00:00:00
10803,8383,5511,1,1772.25,9.0,1612.75,2024-08-12T00:00:00
10804,5003,3127,3,1696.74,20.0,4072.18,2023-10-21T00:00:00
10805,1400,8156,7,2351.18,21.0,13002.03,2024-12-28T00:00:00
10806,8641,11539,6,295.72,2.0,1738.83,2024-11-22T00:00:00
10807,9014,3217,4,1890.03,10.0,6804.11,2025-10-09T00:00:00
10808,4500,3515,9,1616.03,25.0,10908.2,2024-03-07T00:00:00
10809,4777,8329,9,52.59,24.0,359.72,2026-05-10T00:00:00
10810,13,9249,2,48.9,27.0,71.39,2024-01-31T00:00:00
10811,6404,12022,6,1113.76,12.0,5880.65,2023-01-01T00:00:00
10812,4518,10445,1,464.67,22.0,362.44,2026-05-18T00:00:00
10813,5539,6401,10,2270.06,26.0,16798.44,2023-11-13T00:00:00
10814,6769,9839,3,2680.67,1.0,7961.59,2023-11-01T00:00:00
10815,7817,5215,2,1229.2,25.0,1843.8,2025-02-05T00:00:00
10816,5924,1470,8,1642.52,5.0,12483.15,2025-02-18T00:00:00
10817,6656,12401,4,363.81,19.0,1178.74,2024-11-29T00:00:00
10818,9705,2576,3,1636.38,4.0,4712.77,2025-08-26T00:00:00
10819,11967,13960,9,1717.21,27.0,11282.07,2025-08-13T00:00:00
10820,1030,12995,6,371.59,17.0,1850.52,2025-05-04T00:00:00
10821,630,7715,1,1899.89,24.0,1443.92,2023-12-28T00:00:00
10822,5623,3389,9,2557.3,19.0,18642.72,2024-01-05T00:00:00
10823,14355,14942,2,2227.81,21.0,3519.94,2023-10-23T00:00:00
10824,12035,5354,4,1154.53,25.0,3463.59,2025-07-17T00:00:00
10825,13974,7321,1,2974.42,23.0,2290.3,2025-03-30T00:00:00
10826,250,6388,9,2679.39,9.0,21944.2,2023-08-24T00:00:00
10827,6919,924,2,457.47,12.0,805.15,2023-06-27T00:00:00
10828,7935,5222,3,184.46,19.0,448.24,2023-08-29T00:00:00
10829,14501,3424,8,684.85,28.0,3944.74,2025-05-13T00:00:00
10830,5223,14734,1,785.63,16.0,659.93,2024-12-15T00:00:00
10831,4676,6307,4,1008.17,30.0,2822.88,2023-06-05T00:00:00
10832,9019,5356,10,1038.34,10.0,9345.06,2023-11-13T00:00:00
10833,5717,4042,2,2186.9,19.0,3542.78,2025-06-06T00:00:00
10834,3807,6269,9,410.83,21.0,2921.0,2026-04-10T00:00:00
10835,694,13507,5,602.21,10.0,2709.95,2024-02-29T00:00:00
10836,13956,10664,7,684.82,12.0,4218.49,2025-04-27T00:00:00
10837,14853,6948,9,223.58,1.0,1992.1,2025-05-23T00:00:00
10838,530,124,5,2354.35,11.0,10476.86,2024-07-29T00:00:00
10839,9722,12348,3,2039.24,14.0,5261.24,2023-01-27T00:00:00
10840,13015,353,5,2276.13,7.0,10584.0,2024-07-17T00:00:00
10841,11901,14389,2,2751.24,25.0,4126.86,2024-03-11T00:00:00
10842,7390,14423,3,1235.25,11.0,3298.12,2025-07-21T00:00:00
10843,13350,12406,1,2242.22,11.0,1995.58,2023-03-17T00:00:00
10844,10598,7237,9,2152.66,4.0,18598.98,2024-07-13T00:00:00
10845,408,5370,2,1239.48,4.0,2379.8,2023-02-22T00:00:00
10846,3100,6519,8,2256.18,6.0,16966.47,2026-03-06T00:00:00
10847,11587,7233,1,1856.42,6.0,1745.03,2024-04-26T00:00:00
10848,2440,827,5,2511.55,9.0,11427.55,2026-06-03T00:00:00
10849,6806,7635,7,2682.53,26.0,13895.51,2025-01-14T00:00:00
10850,5708,2779,5,163.73,16.0,687.67,2024-03-11T00:00:00
10851,9606,446,4,1303.2,28.0,3753.22,2025-09-01T00:00:00
10852,8089,4137,1,1901.11,3.0,1844.08,2025-06-06T00:00:00
10853,12032,8488,7,2492.17,8.0,16049.57,2023-04-28T00:00:00
10854,12862,11406,4,533.21,6.0,2004.87,2025-10-08T00:00:00
10855,10441,9046,4,43.88,7.0,163.23,2024-08-12T00:00:00
10856,2539,2640,4,556.61,2.0,2181.91,2023-07-23T00:00:00
10857,13422,14199,9,2160.52,3.0,18861.34,2023-04-03T00:00:00
10858,6946,14589,10,539.42,28.0,3883.82,2025-10-25T00:00:00
10859,10404,13596,3,208.35,26.0,462.54,2025-04-12T00:00:00
10860,10412,114,2,998.21,29.0,1417.46,2024-07-11T00:00:00
10861,5799,11582,4,2472.84,9.0,9001.14,2025-03-01T00:00:00
10862,11058,2504,6,875.95,15.0,4467.35,2025-08-23T00:00:00
10863,11536,8133,9,334.69,12.0,2650.74,2023-12-16T00:00:00
10864,9355,10348,9,2024.6,17.0,15123.76,2025-09-18T00:00:00
10865,7738,13084,5,1032.33,0.0,5161.65,2025-06-30T00:00:00
10866,102,9103,2,2075.92,16.0,3487.55,2026-01-30T00:00:00
10867,4994,10211,4,2767.36,9.0,10073.19,2024-03-17T00:00:00
10868,4204,7249,10,2618.19,11.0,23301.89,2025-11-27T00:00:00
10869,712,11314,8,2127.77,24.0,12936.84,2023-02-06T00:00:00
10870,3474,3701,6,745.66,29.0,3176.51,2024-11-08T00:00:00
10871,3115,9428,10,847.41,14.0,7287.73,2024-05-06T00:00:00
10872,5971,8315,4,550.48,2.0,2157.88,2023-07-31T00:00:00
10873,3251,12513,3,362.34,15.0,923.97,2025-10-08T00:00:00
10874,1314,2434,4,1682.38,19.0,5450.91,2023-08-31T00:00:00
10875,900,1344,5,2479.24,9.0,11280.54,2024-04-01T00:00:00
10876,7909,11410,4,692.62,6.0,2604.25,2024-06-02T00:00:00
10877,6214,5843,6,78.58,0.0,471.48,2025-10-17T00:00:00
10878,12463,317,10,1334.11,4.0,12807.46,2025-02-02T00:00:00
10879,1798,6732,9,2369.03,18.0,17483.44,2024-05-22T00:00:00
10880,6475,2978,6,838.57,15.0,4276.71,2025-01-10T00:00:00
10881,13914,14853,10,431.01,16.0,3620.48,2025-06-24T00:00:00
10882,7695,11837,1,1137.72,30.0,796.4,2025-07-03T00:00:00
10883,6881,13665,7,2970.86,30.0,14557.21,2025-08-04T00:00:00
10884,2210,3433,9,2240.65,21.0,15931.02,2025-07-07T00:00:00
10885,2606,5265,2,2833.14,2.0,5552.95,2024-09-25T00:00:00
10886,5850,5654,2,1763.38,9.0,3209.35,2024-10-31T00:00:00
10887,13608,9021,4,1604.51,3.0,6225.5,2025-10-09T00:00:00
10888,2732,1446,7,2668.64,14.0,16065.21,2024-01-17T00:00:00
10889,9307,2542,8,2745.82,29.0,15596.26,2025-05-22T00:00:00
10890,9422,11666,6,2108.39,28.0,9108.24,2026-02-09T00:00:00
10891,5125,13265,2,2808.97,25.0,4213.45,2025-07-29T00:00:00
10892,4897,5345,10,388.27,20.0,3106.16,2026-01-25T00:00:00
10893,10569,7790,7,2024.87,11.0,12614.94,2026-05-09T00:00:00
10894,11859,4228,3,560.5,1.0,1664.68,2024-09-27T00:00:00
10895,5877,8727,9,846.23,22.0,5940.53,2025-12-13T00:00:00
10896,4035,8279,10,1543.57,2.0,15126.99,2023-01-12T00:00:00
10897,8255,4193,5,910.54,6.0,4279.54,2024-01-25T00:00:00
10898,14819,6385,9,1997.14,20.0,14379.41,2023-06-10T00:00:00
10899,7783,11807,7,2185.12,30.0,10707.09,2024-05-06T00:00:00
10900,7984,13840,2,2016.22,11.0,3588.87,2023-08-15T00:00:00
10901,8721,9089,3,300.47,12.0,793.24,2024-09-23T00:00:00
10902,2781,2530,1,771.31,12.0,678.75,2023-05-10T00:00:00
10903,8729,2207,10,2113.39,13.0,18386.49,2024-05-26T00:00:00
10904,986,13645,1,203.48,8.0,187.2,2023-07-04T00:00:00
10905,13839,13747,7,1442.36,12.0,8884.94,2023-09-26T00:00:00
10906,667,5140,7,1382.14,20.0,7739.98,2025-06-19T00:00:00
10907,138,4572,4,1734.56,6.0,6521.95,2023-08-07T00:00:00
10908,11672,4752,10,1597.31,29.0,11340.9,2023-03-31T00:00:00
10909,7188,1406,1,818.48,4.0,785.74,2023-03-02T00:00:00
10910,4375,1627,7,1096.72,6.0,7216.42,2025-07-20T00:00:00
10911,14096,3004,5,1366.95,21.0,5399.45,2025-10-29T00:00:00
10912,11155,2454,7,1857.31,18.0,10660.96,2025-12-24T00:00:00
10913,2208,1103,2,395.49,11.0,703.97,2025-03-06T00:00:00
10914,1587,12275,10,1650.3,28.0,11882.16,2026-04-07T00:00:00
10915,219,699,6,2755.88,1.0,16369.93,2024-01-24T00:00:00
10916,8208,4316,6,1308.18,19.0,6357.75,2023-01-31T00:00:00
10917,12709,11099,10,2864.36,7.0,26638.55,2025-11-30T00:00:00
10918,10256,10162,2,1257.81,13.0,2188.59,2024-04-23T00:00:00
10919,6148,9396,5,2212.05,16.0,9290.61,2023-06-02T00:00:00
10920,9245,14630,5,2857.1,13.0,12428.39,2026-01-30T00:00:00
10921,9025,7401,7,2690.0,11.0,16758.7,2025-11-07T00:00:00
10922,8988,4306,8,525.83,22.0,3281.18,2023-07-21T00:00:00
10923,9489,7436,10,2094.54,13.0,18222.5,2026-02-16T00:00:00
10924,1905,2031,9,2173.03,9.0,17797.12,2024-11-12T00:00:00
10925,13990,12574,1,1488.03,27.0,1086.26,2025-12-12T00:00:00
10926,2784,4680,2,1102.36,6.0,2072.44,2025-07-18T00:00:00
10927,7860,10231,6,1477.76,19.0,7181.91,2024-10-27T00:00:00
10928,12877,5454,3,2179.61,5.0,6211.89,2024-11-12T00:00:00
10929,3985,11160,5,148.8,19.0,602.64,2023-06-16T00:00:00
10930,12494,7257,9,2723.37,2.0,24020.12,2024-11-21T00:00:00
10931,10703,2086,5,832.89,29.0,2956.76,2023-01-02T00:00:00
10932,6042,5702,10,1903.66,0.0,19036.6,2023-03-28T00:00:00
10933,11679,14537,1,2549.86,4.0,2447.87,2025-12-01T00:00:00
10934,8100,8800,1,1218.24,7.0,1132.96,2026-01-14T00:00:00
10935,6489,10686,3,2454.24,21.0,5816.55,2023-02-17T00:00:00
10936,8153,8904,7,129.38,7.0,842.26,2024-09-17T00:00:00
10937,2346,8152,2,1430.96,4.0,2747.44,2025-12-10T00:00:00
10938,3284,8026,2,1675.14,0.0,3350.28,2026-01-14T00:00:00
10939,3957,12081,3,2193.93,0.0,6581.79,2023-10-05T00:00:00
10940,5003,12840,10,2303.02,6.0,21648.39,2023-01-12T00:00:00
10941,4769,2268,1,1577.42,9.0,1435.45,2025-02-10T00:00:00
10942,5718,9829,9,2470.21,27.0,16229.28,2023-02-21T00:00:00
10943,14150,9677,8,653.94,28.0,3766.69,2025-06-17T00:00:00
10944,4410,11484,4,2264.62,25.0,6793.86,2024-03-29T00:00:00
10945,9657,4021,8,1606.11,25.0,9636.66,2023-04-02T00:00:00
10946,12050,13083,8,2192.79,22.0,13683.01,2026-01-04T00:00:00
10947,1615,9987,8,529.16,26.0,3132.63,2025-02-02T00:00:00
10948,6207,11736,3,1317.29,19.0,3201.01,2024-06-28T00:00:00
10949,13564,11952,5,2309.85,2.0,11318.26,2025-02-10T00:00:00
10950,14161,10834,7,1666.42,16.0,9798.55,2023-11-25T00:00:00
10951,10010,3753,1,1258.0,21.0,993.82,2023-09-30T00:00:00
10952,5213,4988,3,594.28,15.0,1515.41,2024-12-28T00:00:00
10953,13461,1598,8,1795.01,7.0,13354.87,2025-06-05T00:00:00
10954,2634,4794,10,2326.96,6.0,21873.42,2025-10-12T00:00:00
10955,14448,4428,4,534.63,18.0,1753.59,2025-07-02T00:00:00
10956,3847,7451,9,508.19,16.0,3841.92,2025-09-06T00:00:00
10957,8844,5946,9,2994.87,27.0,19676.3,2023-06-27T00:00:00
10958,3117,12298,10,2787.32,3.0,27037.0,2024-11-24T00:00:00
10959,13865,9415,1,2984.11,6.0,2805.06,2025-12-14T00:00:00
10960,4220,13645,6,1317.56,15.0,6719.56,2025-04-09T00:00:00
10961,4274,7135,9,659.2,8.0,5458.18,2024-01-27T00:00:00
10962,2611,13961,4,840.35,20.0,2689.12,2025-10-16T00:00:00
10963,10596,7066,1,1704.66,21.0,1346.68,2025-12-01T00:00:00
10964,1534,14933,2,783.15,21.0,1237.38,2024-03-17T00:00:00
10965,6840,8830,5,578.46,25.0,2169.23,2024-03-09T00:00:00
10966,10397,1962,4,1197.15,12.0,4213.97,2024-12-05T00:00:00
10967,11957,12583,9,1046.0,22.0,7342.92,2023-02-22T00:00:00
10968,1081,13553,4,1216.86,1.0,4818.77,2023-06-11T00:00:00
10969,12768,4645,3,904.51,8.0,2496.45,2023-03-29T00:00:00
10970,10348,12324,9,1233.78,7.0,10326.74,2024-10-01T00:00:00
10971,3234,11477,4,2292.55,5.0,8711.69,2026-05-14T00:00:00
10972,9673,12254,6,1846.51,7.0,10303.53,2023-05-26T00:00:00
10973,6829,4037,2,2304.25,18.0,3778.97,2023-01-16T00:00:00
10974,6315,11762,2,1261.82,26.0,1867.49,2023-03-05T00:00:00
10975,1018,6396,7,2304.19,18.0,13226.05,2025-06-15T00:00:00
10976,11207,13176,4,2459.3,13.0,8558.36,2024-11-27T00:00:00
10977,13518,60,3,654.52,10.0,1767.2,2025-10-10T00:00:00
10978,1027,11301,2,2226.0,22.0,3472.56,2023-07-20T00:00:00
10979,9780,3501,7,2223.15,18.0,12760.88,2025-12-11T00:00:00
10980,6524,2612,2,250.68,13.0,436.18,2025-02-13T00:00:00
10981,14485,6190,5,2812.28,25.0,10546.05,2023-09-19T00:00:00
10982,6971,8193,7,2566.1,30.0,12573.89,2025-04-22T00:00:00
10983,1972,10957,4,984.57,12.0,3465.69,2025-10-23T00:00:00
10984,13533,89,2,697.39,30.0,976.35,2025-06-20T00:00:00
10985,1498,13519,2,2273.0,23.0,3500.42,2026-01-06T00:00:00
10986,7462,7024,10,557.13,24.0,4234.19,2025-01-18T00:00:00
10987,4018,10316,6,1269.15,17.0,6320.37,2025-06-16T00:00:00
10988,1151,1415,9,2874.52,23.0,19920.42,2024-09-02T00:00:00
10989,11519,14693,10,2114.74,26.0,15649.08,2025-11-07T00:00:00
10990,7818,3668,6,2988.02,22.0,13983.93,2024-05-29T00:00:00
10991,586,5010,7,330.19,5.0,2195.76,2024-07-14T00:00:00
10992,11540,8126,2,1527.35,24.0,2321.57,2026-04-27T00:00:00
10993,3937,9861,6,1651.84,24.0,7532.39,2023-02-17T00:00:00
10994,3104,8423,2,2730.29,12.0,4805.31,2025-08-24T00:00:00
10995,7206,8066,10,1864.54,1.0,18458.95,2025-12-09T00:00:00
10996,3103,9955,10,1743.05,29.0,12375.65,2025-02-17T00:00:00
10997,4879,9631,4,222.9,14.0,766.78,2026-03-06T00:00:00
10998,11932,6923,2,1159.49,24.0,1762.42,2026-02-10T00:00:00
10999,1711,9931,7,1819.33,19.0,10315.6,2025-06-01T00:00:00
11000,12852,5880,6,678.0,21.0,3213.72,2023-06-26T00:00:00
11001,2529,11600,8,152.43,8.0,1121.88,2023-06-30T00:00:00
11002,5640,3726,9,1163.66,12.0,9216.19,2024-05-19T00:00:00
11003,12745,6714,3,2795.26,8.0,7714.92,2025-11-21T00:00:00
11004,11438,8132,6,1801.32,29.0,7673.62,2023-11-02T00:00:00
11005,1993,3200,6,206.7,21.0,979.76,2023-02-12T00:00:00
11006,6442,7973,3,356.57,16.0,898.56,2023-02-02T00:00:00
11007,13103,12521,1,2101.43,3.0,2038.39,2023-09-23T00:00:00
11008,4313,2409,5,492.92,13.0,2144.2,2026-01-24T00:00:00
11009,254,7146,8,2985.65,23.0,18391.6,2024-10-06T00:00:00
11010,7537,3729,8,353.43,11.0,2516.42,2025-12-23T00:00:00
11011,3978,7676,3,2683.29,20.0,6439.9,2024-03-15T00:00:00
11012,8114,13159,7,99.9,24.0,531.47,2026-03-24T00:00:00
11013,3547,5812,9,322.61,20.0,2322.79,2025-09-25T00:00:00
11014,3509,13173,6,2995.82,3.0,17435.67,2025-04-09T00:00:00
11015,9499,6859,9,1387.98,3.0,12117.07,2025-01-27T00:00:00
11016,10061,9450,1,2764.23,5.0,2626.02,2025-09-19T00:00:00
11017,464,8938,8,870.79,21.0,5503.39,2025-11-21T00:00:00
11018,5566,273,8,1842.24,13.0,12821.99,2025-03-26T00:00:00
11019,12108,4115,2,1671.58,18.0,2741.39,2026-05-02T00:00:00
11020,3296,14036,2,1365.58,1.0,2703.85,2023-02-14T00:00:00
11021,6705,390,1,2824.74,19.0,2288.04,2024-03-29T00:00:00
11022,13394,10356,8,1303.24,18.0,8549.25,2025-11-09T00:00:00
11023,10203,8395,4,1433.46,21.0,4529.73,2023-05-27T00:00:00
11024,7512,11165,9,2801.46,27.0,18405.59,2024-04-28T00:00:00
11025,6869,4857,2,2623.2,2.0,5141.47,2025-10-09T00:00:00
11026,9124,1246,3,616.28,9.0,1682.44,2024-02-04T00:00:00
11027,9320,5089,5,1031.31,1.0,5104.98,2024-07-10T00:00:00
11028,926,10712,7,256.7,13.0,1563.3,2023-01-06T00:00:00
11029,10392,6178,5,1578.01,22.0,6154.24,2026-02-03T00:00:00
11030,10569,9307,6,1103.22,16.0,5560.23,2026-04-09T00:00:00
11031,8853,12795,10,830.04,3.0,8051.39,2026-06-06T00:00:00
11032,1573,4298,9,857.55,10.0,6946.15,2025-06-04T00:00:00
11033,14128,10251,5,1183.5,20.0,4734.0,2024-06-26T00:00:00
11034,11025,7651,5,2276.07,21.0,8990.48,2023-07-09T00:00:00
11035,4709,5153,8,802.2,29.0,4556.5,2024-07-20T00:00:00
11036,276,10139,2,565.7,2.0,1108.77,2026-04-07T00:00:00
11037,3053,3194,7,2470.96,1.0,17123.75,2025-08-04T00:00:00
11038,666,8383,9,2915.75,23.0,20206.15,2024-05-27T00:00:00
11039,2631,5078,7,2630.62,7.0,17125.34,2024-08-08T00:00:00
11040,5499,11086,9,486.84,30.0,3067.09,2025-09-10T00:00:00
11041,512,5222,5,2461.5,23.0,9476.77,2023-05-15T00:00:00
11042,6726,1155,9,2021.65,4.0,17467.06,2025-05-20T00:00:00
11043,1876,14550,2,2394.22,14.0,4118.06,2023-01-25T00:00:00
11044,11837,11977,8,2156.47,20.0,13801.41,2024-01-06T00:00:00
11045,5278,12900,9,659.3,3.0,5755.69,2025-05-05T00:00:00
11046,3673,8223,5,2320.24,11.0,10325.07,2023-07-02T00:00:00
11047,13553,14601,4,1639.2,20.0,5245.44,2023-09-29T00:00:00
11048,2832,2627,1,1596.78,20.0,1277.42,2023-10-09T00:00:00
11049,10791,11916,10,2351.48,1.0,23279.65,2026-04-25T00:00:00
11050,9471,13091,1,877.65,12.0,772.33,2023-03-28T00:00:00
11051,2482,11189,5,2903.85,2.0,14228.86,2023-01-29T00:00:00
11052,14221,6520,6,2608.0,18.0,12831.36,2023-03-13T00:00:00
11053,689,10487,10,2033.66,7.0,18913.04,2023-09-03T00:00:00
11054,12948,11766,10,2872.31,22.0,22404.02,2026-03-19T00:00:00
11055,6963,14881,3,2686.71,19.0,6528.71,2026-05-15T00:00:00
11056,1907,4788,8,943.84,6.0,7097.68,2024-01-27T00:00:00
11057,13522,3087,10,514.71,13.0,4477.98,2024-07-18T00:00:00
11058,647,7512,1,2288.84,2.0,2243.06,2023-11-16T00:00:00
11059,11290,6807,10,2122.68,30.0,14858.76,2025-08-16T00:00:00
11060,103,178,2,887.16,5.0,1685.6,2026-05-05T00:00:00
11061,14442,14094,3,2633.42,8.0,7268.24,2023-09-25T00:00:00
11062,2477,7689,7,2032.68,16.0,11952.16,2024-12-26T00:00:00
11063,3372,5989,9,1675.58,5.0,14326.21,2024-05-14T00:00:00
11064,7690,7636,1,939.9,7.0,874.11,2024-02-25T00:00:00
11065,13368,14733,2,2785.69,6.0,5237.1,2026-06-02T00:00:00
11066,14449,10807,6,874.6,17.0,4355.51,2024-03-20T00:00:00
11067,10398,6119,8,583.58,27.0,3408.11,2025-10-20T00:00:00
11068,10679,2124,8,798.74,28.0,4600.74,2023-01-07T00:00:00
11069,12133,14172,6,728.2,19.0,3539.05,2024-03-30T00:00:00
11070,8801,8593,9,2995.58,22.0,21028.97,2025-05-03T00:00:00
11071,3063,13650,10,1989.8,13.0,17311.26,2025-09-14T00:00:00
11072,180,7492,10,887.64,8.0,8166.29,2023-05-29T00:00:00
11073,12167,3175,6,442.5,21.0,2097.45,2024-05-13T00:00:00
11074,9081,11131,9,793.19,17.0,5925.13,2024-10-26T00:00:00
11075,11580,13793,3,353.14,23.0,815.75,2025-02-26T00:00:00
11076,3121,12326,2,2490.94,4.0,4782.6,2024-06-19T00:00:00
11077,3813,984,7,2737.37,22.0,14946.04,2025-08-13T00:00:00
11078,12146,10708,3,1973.51,10.0,5328.48,2025-07-17T00:00:00
11079,2462,12309,5,2422.89,28.0,8722.4,2023-09-26T00:00:00
11080,4011,8795,4,2038.74,20.0,6523.97,2024-10-26T00:00:00
11081,11687,507,8,813.92,10.0,5860.22,2026-02-05T00:00:00
11082,11783,2875,7,2726.88,12.0,16797.58,2026-03-21T00:00:00
11083,1978,10136,8,88.24,20.0,564.74,2023-06-12T00:00:00
11084,11795,13536,10,461.86,25.0,3463.95,2025-02-05T00:00:00
11085,6935,1174,4,858.3,23.0,2643.56,2024-04-11T00:00:00
11086,8345,457,6,2435.08,5.0,13879.96,2025-05-01T00:00:00
11087,6476,14695,10,1651.6,19.0,13377.96,2024-09-16T00:00:00
11088,11415,6810,2,429.77,26.0,636.06,2023-06-11T00:00:00
11089,2743,3345,5,2433.28,25.0,9124.8,2023-06-17T00:00:00
11090,4698,649,9,2128.93,4.0,18393.96,2023-07-12T00:00:00
11091,6813,12100,2,1052.58,21.0,1663.08,2023-03-03T00:00:00
11092,12079,11803,9,139.94,20.0,1007.57,2025-12-17T00:00:00
11093,9633,7071,6,1821.79,20.0,8744.59,2024-12-30T00:00:00
11094,11689,11936,1,540.71,5.0,513.67,2023-09-12T00:00:00
11095,13458,4824,5,2141.36,19.0,8672.51,2025-03-12T00:00:00
11096,3208,1372,7,947.66,16.0,5572.24,2023-07-18T00:00:00
11097,12646,12824,6,2354.71,26.0,10454.91,2025-01-20T00:00:00
11098,14877,3065,7,952.59,13.0,5801.27,2023-01-03T00:00:00
11099,13289,2857,6,862.89,25.0,3883.01,2026-05-18T00:00:00
11100,7548,2658,6,1936.58,13.0,10108.95,2023-06-14T00:00:00
11101,7777,2532,9,211.12,12.0,1672.07,2023-02-28T00:00:00
11102,14977,10834,9,2975.99,2.0,26248.23,2025-10-01T00:00:00
11103,9729,13855,4,2931.34,6.0,11021.84,2025-10-09T00:00:00
11104,4836,6527,10,1096.54,15.0,9320.59,2026-02-26T00:00:00
11105,8365,6323,1,1753.59,12.0,1543.16,2023-05-16T00:00:00
11106,14984,11900,5,1691.27,2.0,8287.22,2025-12-13T00:00:00
11107,12562,12338,4,2219.49,3.0,8611.62,2023-12-18T00:00:00
11108,7649,12670,4,2130.32,8.0,7839.58,2024-03-11T00:00:00
11109,14048,4425,4,2288.93,8.0,8423.26,2024-06-16T00:00:00
11110,7808,4014,3,633.0,7.0,1766.07,2025-01-16T00:00:00
11111,637,1925,7,2078.09,21.0,11491.84,2023-11-03T00:00:00
11112,14276,10145,10,1265.35,19.0,10249.34,2023-08-01T00:00:00
11113,6474,4908,8,915.75,1.0,7252.74,2025-12-26T00:00:00
11114,172,3766,7,2295.55,19.0,13015.77,2024-11-28T00:00:00
11115,1968,5302,7,1454.44,9.0,9264.78,2025-08-08T00:00:00
11116,1815,936,8,1637.67,24.0,9957.03,2023-02-28T00:00:00
11117,9324,10541,7,128.57,8.0,827.99,2025-06-28T00:00:00
11118,4414,8344,4,72.62,27.0,212.05,2023-05-07T00:00:00
11119,11114,10897,4,2366.39,24.0,7193.83,2023-07-25T00:00:00
11120,6558,1674,2,1143.49,14.0,1966.8,2023-05-29T00:00:00
11121,4492,4518,4,126.52,22.0,394.74,2025-06-26T00:00:00
11122,3685,1358,10,2032.21,2.0,19915.66,2024-05-16T00:00:00
11123,11735,14967,7,1863.93,20.0,10438.01,2024-09-17T00:00:00
11124,2492,14623,7,729.67,23.0,3932.92,2023-09-01T00:00:00
11125,8612,6994,1,1920.2,23.0,1478.55,2024-10-16T00:00:00
11126,2114,12362,10,1271.49,29.0,9027.58,2023-03-26T00:00:00
11127,8512,3723,10,1132.94,25.0,8497.05,2025-08-27T00:00:00
11128,2967,565,5,1805.21,15.0,7672.14,2023-08-21T00:00:00
11129,5855,8322,9,1001.93,27.0,6582.68,2024-03-15T00:00:00
11130,4362,511,5,2247.25,16.0,9438.45,2023-12-12T00:00:00
11131,5827,13160,8,1769.07,21.0,11180.52,2025-04-27T00:00:00
11132,4361,3916,8,917.32,18.0,6017.62,2023-05-30T00:00:00
11133,12697,9605,4,1057.39,8.0,3891.2,2023-03-08T00:00:00
11134,13993,10701,8,1461.89,7.0,10876.46,2023-01-30T00:00:00
11135,5545,14542,5,2943.78,16.0,12363.88,2024-03-30T00:00:00
11136,11629,5401,3,1315.74,21.0,3118.3,2023-01-10T00:00:00
11137,5910,14935,4,2692.31,18.0,8830.78,2026-03-13T00:00:00
11138,615,8024,1,2648.86,12.0,2331.0,2025-07-29T00:00:00
11139,7269,1656,2,372.35,8.0,685.12,2024-03-01T00:00:00
11140,13720,10693,2,499.12,27.0,728.72,2026-02-20T00:00:00
11141,4382,7035,9,687.22,8.0,5690.18,2026-04-20T00:00:00
11142,3577,1558,8,1303.68,0.0,10429.44,2023-11-09T00:00:00
11143,3040,7841,1,2972.89,22.0,2318.85,2024-03-26T00:00:00
11144,5519,1181,2,2708.35,11.0,4820.86,2024-08-24T00:00:00
11145,13234,12972,9,2707.06,13.0,21196.28,2023-08-18T00:00:00
11146,4042,14149,4,1008.03,1.0,3991.8,2025-04-27T00:00:00
11147,7452,12578,6,2359.8,8.0,13026.1,2023-07-22T00:00:00
11148,11302,2420,6,2344.67,7.0,13083.26,2024-01-20T00:00:00
11149,9620,10630,9,1733.46,23.0,12012.88,2025-06-25T00:00:00
11150,1969,3799,5,2544.48,26.0,9414.58,2026-04-22T00:00:00
11151,6357,11133,1,134.66,3.0,130.62,2025-07-24T00:00:00
11152,7510,6793,10,44.69,30.0,312.83,2025-01-16T00:00:00
11153,483,10304,3,48.79,23.0,112.7,2026-03-21T00:00:00
11154,8345,14348,8,2367.44,7.0,17613.75,2026-05-11T00:00:00
11155,7241,11265,3,1179.45,24.0,2689.15,2024-10-17T00:00:00
11156,7597,5706,10,2351.12,29.0,16692.95,2023-05-07T00:00:00
11157,3782,1450,10,2435.26,26.0,18020.92,2023-10-12T00:00:00
11158,14567,9558,2,226.5,5.0,430.35,2026-03-27T00:00:00
11159,3011,10307,10,748.91,4.0,7189.54,2023-09-18T00:00:00
11160,9507,8529,7,1942.22,4.0,13051.72,2025-04-25T00:00:00
11161,4963,13247,4,59.99,22.0,187.17,2024-05-06T00:00:00
11162,13514,5761,5,2741.08,6.0,12883.08,2024-01-06T00:00:00
11163,9337,7346,3,77.44,23.0,178.89,2024-08-28T00:00:00
11164,8134,1750,4,1490.77,6.0,5605.3,2026-04-16T00:00:00
11165,11400,1837,10,360.71,13.0,3138.18,2024-11-24T00:00:00
11166,3872,8421,10,2503.69,16.0,21031.0,2024-08-10T00:00:00
11167,11471,5964,10,2793.8,18.0,22909.16,2025-03-29T00:00:00
11168,3016,5363,4,1235.69,5.0,4695.62,2025-04-21T00:00:00
11169,14064,13947,7,2049.27,27.0,10471.77,2025-08-24T00:00:00
11170,7850,4281,10,679.16,0.0,6791.6,2023-07-06T00:00:00
11171,769,9259,9,1841.94,5.0,15748.59,2024-01-24T00:00:00
11172,2230,9813,10,2539.9,2.0,24891.02,2025-05-27T00:00:00
11173,4761,7920,7,1664.67,8.0,10720.47,2023-07-23T00:00:00
11174,10446,5452,5,1256.15,18.0,5150.22,2024-02-21T00:00:00
11175,4661,3083,8,318.62,23.0,1962.7,2025-07-22T00:00:00
11176,1290,1583,5,1663.27,28.0,5987.77,2023-11-15T00:00:00
11177,7268,7544,3,579.51,25.0,1303.9,2024-10-23T00:00:00
11178,13368,2467,2,724.67,25.0,1087.0,2026-03-24T00:00:00
11179,6499,12075,5,2138.02,15.0,9086.59,2024-08-21T00:00:00
11180,5181,7181,5,292.01,0.0,1460.05,2025-06-15T00:00:00
11181,221,1318,7,454.78,11.0,2833.28,2023-08-22T00:00:00
11182,2845,6181,10,1491.99,6.0,14024.71,2025-06-27T00:00:00
11183,8604,1253,8,1517.09,18.0,9952.11,2025-11-28T00:00:00
11184,14279,5326,8,1397.57,14.0,9615.28,2024-05-31T00:00:00
11185,7600,11665,2,1236.59,5.0,2349.52,2023-09-16T00:00:00
11186,4223,10496,10,438.85,10.0,3949.65,2025-05-26T00:00:00
11187,3259,12812,8,973.71,26.0,5764.36,2023-08-22T00:00:00
11188,5797,2944,4,704.94,3.0,2735.17,2024-02-23T00:00:00
11189,9832,5953,8,1360.72,6.0,10232.61,2023-08-16T00:00:00
11190,552,12440,7,1200.0,21.0,6636.0,2024-11-28T00:00:00
11191,6181,6015,1,722.31,8.0,664.53,2024-02-19T00:00:00
11192,5498,10988,5,1183.69,5.0,5622.53,2023-04-27T00:00:00
11193,12606,12330,8,1405.73,11.0,10008.8,2024-06-07T00:00:00
11194,13086,9451,4,1513.61,23.0,4661.92,2024-09-17T00:00:00
11195,3185,6231,8,2675.5,22.0,16695.12,2026-01-07T00:00:00
11196,2124,13118,8,1872.82,2.0,14682.91,2025-08-29T00:00:00
11197,1976,2172,7,1358.26,13.0,8271.8,2025-02-09T00:00:00
11198,8930,5004,7,741.63,2.0,5087.58,2024-06-29T00:00:00
11199,4930,13904,4,1917.88,14.0,6597.51,2025-07-17T00:00:00
11200,14862,6433,3,2754.47,0.0,8263.41,2025-06-24T00:00:00
11201,14309,1985,4,302.54,1.0,1198.06,2024-08-10T00:00:00
11202,204,340,4,2050.42,3.0,7955.63,2023-01-01T00:00:00
11203,9825,9979,4,2697.37,26.0,7984.22,2025-04-27T00:00:00
11204,3151,5455,9,2259.18,24.0,15452.79,2025-02-21T00:00:00
11205,1222,3766,3,1018.07,6.0,2870.96,2026-01-14T00:00:00
11206,3653,1076,8,1541.85,13.0,10731.28,2024-04-15T00:00:00
11207,14466,8341,1,537.23,8.0,494.25,2025-02-23T00:00:00
11208,13751,835,4,1090.68,26.0,3228.41,2025-12-07T00:00:00
11209,12437,12302,6,2065.35,12.0,10905.05,2024-08-25T00:00:00
11210,13440,10324,9,2461.19,26.0,16391.53,2024-10-05T00:00:00
11211,14186,8255,2,2720.71,20.0,4353.14,2023-12-14T00:00:00
11212,3372,4518,2,2012.12,26.0,2977.94,2023-06-19T00:00:00
11213,6998,968,7,660.79,26.0,3422.89,2025-12-07T00:00:00
11214,7459,774,3,433.02,14.0,1117.19,2023-11-24T00:00:00
11215,11172,12374,3,1155.06,11.0,3084.01,2023-09-01T00:00:00
11216,4203,3015,6,2369.88,18.0,11659.81,2026-06-08T00:00:00
11217,6004,14032,10,210.55,29.0,1494.9,2023-08-27T00:00:00
11218,7796,6276,1,1736.58,1.0,1719.21,2025-10-07T00:00:00
11219,14395,363,1,441.24,27.0,322.11,2025-02-21T00:00:00
11220,3804,7194,8,1091.58,19.0,7073.44,2024-08-09T00:00:00
11221,14931,4571,3,299.0,25.0,672.75,2023-03-19T00:00:00
11222,10002,5659,7,2185.7,12.0,13463.91,2025-04-28T00:00:00
11223,7024,7646,2,222.66,20.0,356.26,2024-11-22T00:00:00
11224,5441,6477,5,1946.79,20.0,7787.16,2026-02-15T00:00:00
11225,12221,6258,1,440.1,18.0,360.88,2024-10-24T00:00:00
11226,10781,14634,1,251.04,8.0,230.96,2024-11-28T00:00:00
11227,5829,3477,9,2268.43,18.0,16741.01,2024-09-03T00:00:00
11228,918,3546,6,1487.7,4.0,8569.15,2026-01-01T00:00:00
11229,8645,8532,8,2396.08,22.0,14951.54,2025-06-28T00:00:00
11230,2185,2227,7,2889.2,15.0,17190.74,2024-02-26T00:00:00
11231,7129,4221,4,2753.01,3.0,10681.68,2024-09-19T00:00:00
11232,7958,8982,4,1074.7,23.0,3310.08,2024-03-02T00:00:00
11233,3178,1209,1,1577.08,18.0,1293.21,2025-08-11T00:00:00
11234,11690,2177,2,1142.56,11.0,2033.76,2023-11-17T00:00:00
11235,12667,3875,1,2139.55,4.0,2053.97,2025-09-15T00:00:00
11236,8011,6863,3,488.94,23.0,1129.45,2023-05-23T00:00:00
11237,6757,4759,5,733.36,2.0,3593.46,2024-04-25T00:00:00
11238,6437,1401,4,2187.08,26.0,6473.76,2024-04-25T00:00:00
11239,7104,4548,6,1237.28,24.0,5642.0,2023-03-20T00:00:00
11240,14965,3649,10,2260.83,24.0,17182.31,2023-07-17T00:00:00
11241,6329,13153,10,881.46,3.0,8550.16,2023-09-12T00:00:00
11242,7942,12281,10,1665.49,6.0,15655.61,2023-11-20T00:00:00
11243,9360,5773,3,788.26,17.0,1962.77,2023-03-09T00:00:00
11244,2076,10238,3,1617.99,9.0,4417.11,2024-12-24T00:00:00
11245,4435,6738,8,2757.23,2.0,21616.68,2025-10-26T00:00:00
11246,9044,5925,7,2514.81,22.0,13730.86,2024-05-25T00:00:00
11247,12408,10646,1,2129.54,27.0,1554.56,2023-08-04T00:00:00
11248,6919,948,2,2866.71,25.0,4300.07,2025-09-19T00:00:00
11249,2231,7094,9,1362.79,19.0,9934.74,2025-08-12T00:00:00
11250,10515,13246,9,701.13,30.0,4417.12,2025-11-30T00:00:00
11251,9647,10732,5,2386.6,20.0,9546.4,2026-02-11T00:00:00
11252,12417,2426,5,42.11,17.0,174.76,2025-12-02T00:00:00
11253,13223,366,1,421.34,11.0,374.99,2023-10-25T00:00:00
11254,9249,7884,3,787.76,8.0,2174.22,2023-12-02T00:00:00
11255,4334,649,1,1461.93,27.0,1067.21,2024-05-28T00:00:00
11256,7378,12408,3,291.86,7.0,814.29,2024-04-25T00:00:00
11257,2258,10890,9,1485.81,19.0,10831.55,2023-02-28T00:00:00
11258,1890,6532,8,1029.32,19.0,6669.99,2023-09-09T00:00:00
11259,7835,8004,6,919.61,3.0,5352.13,2025-06-15T00:00:00
11260,11284,2421,6,2673.79,19.0,12994.62,2023-03-25T00:00:00
11261,4550,14636,9,1317.94,22.0,9251.94,2023-12-04T00:00:00
11262,4524,10667,7,1976.87,11.0,12315.9,2026-01-08T00:00:00
11263,14090,13560,9,2952.31,28.0,19130.97,2025-01-29T00:00:00
11264,3352,5359,2,118.02,18.0,193.55,2023-06-23T00:00:00
11265,12323,2743,3,854.43,21.0,2025.0,2025-07-03T00:00:00
11266,4153,9254,5,2374.47,15.0,10091.5,2024-02-22T00:00:00
11267,7037,3592,7,2239.93,28.0,11289.25,2023-08-04T00:00:00
11268,7511,10851,5,1519.94,22.0,5927.77,2025-11-06T00:00:00
11269,12626,9435,6,2802.53,1.0,16647.03,2025-07-03T00:00:00
11270,10193,9144,8,648.51,1.0,5136.2,2024-02-25T00:00:00
11271,838,5001,6,1896.8,26.0,8421.79,2026-06-05T00:00:00
11272,10584,8714,1,148.79,5.0,141.35,2025-05-27T00:00:00
11273,12675,10603,8,1050.12,13.0,7308.84,2025-01-18T00:00:00
11274,14008,9647,2,899.41,14.0,1546.99,2025-01-28T00:00:00
11275,1680,5259,5,1085.65,16.0,4559.73,2026-06-11T00:00:00
11276,1857,6889,8,1915.08,27.0,11184.07,2024-08-10T00:00:00
11277,5614,10799,9,2443.01,14.0,18908.9,2025-05-20T00:00:00
11278,6156,2755,4,1401.5,8.0,5157.52,2023-07-06T00:00:00
11279,12263,345,8,1982.69,11.0,14116.75,2023-06-16T00:00:00
11280,10535,6149,7,1350.8,9.0,8604.6,2026-04-26T00:00:00
11281,10131,2567,3,1165.55,24.0,2657.45,2024-04-26T00:00:00
11282,6291,7680,4,2613.83,19.0,8468.81,2025-06-26T00:00:00
11283,8875,11829,2,2142.03,17.0,3555.77,2025-08-21T00:00:00
11284,6999,13131,8,448.34,28.0,2582.44,2024-08-27T00:00:00
11285,4593,13024,10,2745.4,14.0,23610.44,2026-02-19T00:00:00
11286,8969,10338,10,431.68,11.0,3841.95,2025-01-26T00:00:00
11287,9381,9380,8,2707.06,24.0,16458.92,2025-06-19T00:00:00
11288,12098,4495,6,284.41,23.0,1313.97,2024-09-16T00:00:00
11289,1774,13584,2,2103.99,1.0,4165.9,2023-01-16T00:00:00
11290,3938,238,5,1986.29,12.0,8739.68,2026-04-24T00:00:00
11291,13005,1014,4,924.7,17.0,3070.0,2026-06-03T00:00:00
11292,2177,13940,3,1243.29,28.0,2685.51,2023-10-25T00:00:00
11293,4858,7848,9,2932.17,23.0,20319.94,2024-06-20T00:00:00
11294,1137,4676,8,1260.54,29.0,7159.87,2024-05-27T00:00:00
11295,13221,13093,9,263.88,7.0,2208.68,2023-06-02T00:00:00
11296,834,1821,1,2451.96,22.0,1912.53,2026-01-22T00:00:00
11297,13410,8466,6,2102.47,26.0,9334.97,2024-08-03T00:00:00
11298,5827,325,2,1451.9,3.0,2816.69,2024-10-29T00:00:00
11299,5074,1647,8,1688.7,10.0,12158.64,2023-10-23T00:00:00
11300,14161,8735,2,1471.81,20.0,2354.9,2025-11-06T00:00:00
11301,6705,4692,5,2556.64,23.0,9843.06,2025-12-08T00:00:00
11302,13847,361,5,2015.19,4.0,9672.91,2023-02-28T00:00:00
11303,472,13198,1,701.78,5.0,666.69,2023-07-29T00:00:00
11304,14009,8239,1,2176.79,9.0,1980.88,2025-08-05T00:00:00
11305,2492,4271,4,1370.63,20.0,4386.02,2025-03-30T00:00:00
11306,13795,7946,8,2921.86,14.0,20102.4,2023-07-20T00:00:00
11307,13139,9868,4,1371.51,13.0,4772.85,2026-01-23T00:00:00
11308,1157,11128,6,2156.24,10.0,11643.7,2026-01-08T00:00:00
11309,4483,10974,3,1979.88,10.0,5345.68,2023-05-20T00:00:00
11310,6839,14760,5,2754.24,11.0,12256.37,2023-11-27T00:00:00
11311,12201,14285,3,1211.75,24.0,2762.79,2024-04-14T00:00:00
11312,14239,9660,9,2131.35,13.0,16688.47,2024-05-26T00:00:00
11313,7193,6359,6,2722.17,19.0,13229.75,2025-09-05T00:00:00
11314,4641,10838,9,57.73,15.0,441.63,2024-09-21T00:00:00
11315,8302,13953,6,1256.83,19.0,6108.19,2023-03-22T00:00:00
11316,11128,8844,6,2062.65,9.0,11262.07,2023-05-29T00:00:00
11317,11346,13945,2,2089.18,8.0,3844.09,2024-10-31T00:00:00
11318,8589,12277,8,2680.96,21.0,16943.67,2024-09-09T00:00:00
11319,14667,120,9,1148.59,23.0,7959.73,2024-10-13T00:00:00
11320,1424,9283,4,749.16,3.0,2906.74,2023-07-08T00:00:00
11321,12675,1726,4,2742.07,5.0,10419.87,2024-10-08T00:00:00
11322,9699,5466,7,1232.6,16.0,7247.69,2024-06-03T00:00:00
11323,2370,5139,2,771.09,21.0,1218.32,2023-04-15T00:00:00
11324,8430,6473,7,2186.97,17.0,12706.3,2026-02-19T00:00:00
11325,13014,5385,3,2547.51,14.0,6572.58,2026-03-20T00:00:00
11326,7892,2320,7,2079.43,27.0,10625.89,2024-12-26T00:00:00
11327,11134,11102,3,2076.18,29.0,4422.26,2023-11-01T00:00:00
11328,14440,9186,6,948.38,18.0,4666.03,2025-04-15T00:00:00
11329,141,13661,3,886.7,20.0,2128.08,2023-03-30T00:00:00
11330,14237,4601,2,2279.38,4.0,4376.41,2023-06-24T00:00:00
11331,9945,599,9,853.37,25.0,5760.25,2024-11-17T00:00:00
11332,4920,14502,10,313.97,2.0,3076.91,2023-06-25T00:00:00
11333,4661,10655,7,1190.85,17.0,6918.84,2025-02-17T00:00:00
11334,11935,1996,4,22.98,20.0,73.54,2025-07-21T00:00:00
11335,2927,4300,4,774.2,17.0,2570.34,2024-06-27T00:00:00
11336,7513,1831,1,2001.98,23.0,1541.52,2023-01-22T00:00:00
11337,8999,496,8,787.7,3.0,6112.55,2023-05-20T00:00:00
11338,13115,4368,3,2608.71,7.0,7278.3,2023-07-02T00:00:00
11339,2701,2846,7,733.68,22.0,4005.89,2024-05-14T00:00:00
11340,9728,5931,6,506.99,20.0,2433.55,2024-08-18T00:00:00
11341,6114,6412,3,2353.85,5.0,6708.47,2024-05-21T00:00:00
11342,7210,13281,5,770.95,29.0,2736.87,2024-01-04T00:00:00
11343,7341,14377,10,968.94,12.0,8526.67,2024-12-02T00:00:00
11344,188,14737,2,830.19,14.0,1427.93,2026-05-19T00:00:00
11345,8439,7797,5,51.73,20.0,206.92,2023-09-07T00:00:00
11346,13897,5575,5,81.18,15.0,345.02,2025-05-26T00:00:00
11347,11014,1071,10,2965.01,12.0,26092.09,2026-05-26T00:00:00
11348,14823,10386,2,2450.96,11.0,4362.71,2024-09-12T00:00:00
11349,3699,1823,8,168.74,27.0,985.44,2025-09-29T00:00:00
11350,9511,4084,4,1030.72,3.0,3999.19,2026-03-23T00:00:00
11351,30,14957,6,657.66,29.0,2801.63,2025-03-30T00:00:00
11352,1516,3968,1,1785.74,2.0,1750.03,2024-09-01T00:00:00
11353,7184,1771,9,1537.85,10.0,12456.58,2024-07-01T00:00:00
11354,8183,9220,1,862.72,16.0,724.68,2023-08-19T00:00:00
11355,8158,7263,6,2754.59,14.0,14213.68,2023-05-15T00:00:00
11356,4842,1682,4,2285.48,9.0,8319.15,2024-08-01T00:00:00
11357,8729,3471,7,2841.32,23.0,15314.71,2024-05-07T00:00:00
11358,10293,1596,1,2062.03,7.0,1917.69,2024-12-15T00:00:00
11359,12989,4993,1,1178.53,30.0,824.97,2025-01-04T00:00:00
11360,11311,10953,10,1981.77,28.0,14268.74,2023-04-15T00:00:00
11361,9836,10886,6,900.02,20.0,4320.1,2023-12-24T00:00:00
11362,7070,3916,9,1994.09,3.0,17408.41,2026-04-16T00:00:00
11363,7778,3846,10,2758.99,7.0,25658.61,2025-07-14T00:00:00
11364,12604,7854,8,1070.0,5.0,8132.0,2023-07-06T00:00:00
11365,5073,1963,2,851.3,23.0,1311.0,2024-03-21T00:00:00
11366,7178,8504,5,81.94,15.0,348.25,2025-05-29T00:00:00
11367,1973,9300,8,2888.72,11.0,20567.69,2024-12-22T00:00:00
11368,2987,13220,7,1143.79,11.0,7125.81,2023-12-23T00:00:00
11369,14729,2871,3,260.98,22.0,610.69,2025-09-01T00:00:00
11370,11955,2520,4,378.26,21.0,1195.3,2026-04-01T00:00:00
11371,7449,4276,1,1466.48,14.0,1261.17,2026-02-20T00:00:00
11372,6251,2297,5,1238.79,26.0,4583.52,2023-05-15T00:00:00
11373,2562,10408,8,1738.49,4.0,13351.6,2024-05-01T00:00:00
11374,3872,9374,10,1620.12,29.0,11502.85,2025-08-13T00:00:00
11375,3131,7685,8,2411.73,26.0,14277.44,2024-09-08T00:00:00
11376,10716,13803,1,1349.69,26.0,998.77,2023-04-21T00:00:00
11377,3922,4064,9,2455.06,13.0,19223.12,2024-07-22T00:00:00
11378,6963,402,2,2357.57,10.0,4243.63,2023-03-13T00:00:00
11379,12238,12183,6,1535.23,21.0,7276.99,2023-12-19T00:00:00
11380,9144,10205,9,513.53,24.0,3512.55,2024-05-31T00:00:00
11381,2910,7116,9,1298.33,28.0,8413.18,2024-07-26T00:00:00
11382,918,482,3,919.82,3.0,2676.68,2024-08-21T00:00:00
11383,8650,7654,8,2339.98,29.0,13291.09,2023-06-14T00:00:00
11384,11268,10660,8,1389.93,8.0,10229.88,2023-11-04T00:00:00
11385,2551,12735,8,2194.26,9.0,15974.21,2023-09-23T00:00:00
11386,334,2832,7,2197.47,26.0,11382.89,2024-12-29T00:00:00
11387,7745,6355,4,912.45,13.0,3175.33,2023-03-06T00:00:00
11388,2773,318,4,131.27,7.0,488.32,2025-06-06T00:00:00
11389,1849,1319,2,2559.25,23.0,3941.24,2024-02-09T00:00:00
11390,8653,8439,7,1216.44,29.0,6045.71,2023-03-24T00:00:00
11391,12909,14688,3,1991.8,11.0,5318.11,2023-09-29T00:00:00
11392,14464,9618,9,2334.64,4.0,20171.29,2023-01-28T00:00:00
11393,6071,7325,4,2817.1,26.0,8338.62,2023-06-27T00:00:00
11394,5417,2222,2,692.04,20.0,1107.26,2023-10-02T00:00:00
11395,10348,11565,4,2100.19,2.0,8232.74,2024-08-18T00:00:00
11396,286,6565,10,2456.09,2.0,24069.68,2023-05-20T00:00:00
11397,4660,5873,3,2399.97,9.0,6551.92,2023-04-28T00:00:00
11398,8253,4844,10,1011.8,22.0,7892.04,2023-10-05T00:00:00
11399,11350,11450,3,900.32,26.0,1998.71,2025-02-01T00:00:00
11400,13697,11098,1,2317.61,27.0,1691.86,2026-03-08T00:00:00
11401,4561,2109,8,945.5,6.0,7110.16,2023-09-07T00:00:00
11402,12100,11990,3,662.79,27.0,1451.51,2026-03-17T00:00:00
11403,13646,13948,10,2838.24,7.0,26395.63,2025-02-14T00:00:00
11404,2451,8038,3,2067.2,22.0,4837.25,2024-01-19T00:00:00
11405,11379,10761,4,2930.82,10.0,10550.95,2025-05-18T00:00:00
11406,1381,5668,6,1535.34,6.0,8659.32,2024-12-16T00:00:00
11407,2393,11894,8,1881.4,19.0,12191.47,2023-04-28T00:00:00
11408,12380,5432,6,2418.96,9.0,13207.52,2024-10-06T00:00:00
11409,10887,14910,8,694.8,26.0,4113.22,2026-02-26T00:00:00
11410,10563,4763,9,2946.64,14.0,22806.99,2026-01-25T00:00:00
11411,14936,6993,6,2360.7,17.0,11756.29,2026-04-26T00:00:00
11412,7600,10250,9,2644.3,16.0,19990.91,2024-10-26T00:00:00
11413,76,7748,7,2641.22,16.0,15530.37,2025-08-17T00:00:00
11414,5692,5477,8,2002.73,11.0,14259.44,2026-01-04T00:00:00
11415,8894,580,8,928.04,22.0,5790.97,2025-07-14T00:00:00
11416,8908,8259,1,2532.98,12.0,2229.02,2025-06-05T00:00:00
11417,10258,13492,2,1991.92,8.0,3665.13,2024-05-04T00:00:00
11418,3167,14696,8,2178.0,15.0,14810.4,2024-05-01T00:00:00
11419,6704,7366,10,2328.47,22.0,18162.07,2025-08-18T00:00:00
11420,11654,5461,9,1412.46,5.0,12076.53,2025-10-07T00:00:00
11421,8175,7834,8,1183.66,30.0,6628.5,2025-12-10T00:00:00
11422,9244,10634,6,161.44,20.0,774.91,2024-04-06T00:00:00
11423,6577,4821,8,2236.6,30.0,12524.96,2023-12-04T00:00:00
11424,7469,2379,4,1905.68,12.0,6707.99,2024-07-25T00:00:00
11425,4357,9059,6,2956.52,25.0,13304.34,2024-03-08T00:00:00
11426,11959,3821,10,53.07,8.0,488.24,2025-10-12T00:00:00
11427,406,14015,1,2570.94,19.0,2082.46,2023-10-14T00:00:00
11428,13921,7136,7,193.86,20.0,1085.62,2026-05-06T00:00:00
11429,10745,1769,4,279.29,27.0,815.53,2024-04-18T00:00:00
11430,2633,9259,9,2439.97,24.0,16689.39,2025-01-17T00:00:00
11431,5684,2528,2,940.86,15.0,1599.46,2023-07-21T00:00:00
11432,1599,5438,3,1568.68,3.0,4564.86,2025-09-27T00:00:00
11433,4933,5157,1,1621.31,4.0,1556.46,2025-12-14T00:00:00
11434,11325,4058,7,992.79,28.0,5003.66,2024-10-13T00:00:00
11435,3011,12400,7,160.97,6.0,1059.18,2024-05-17T00:00:00
11436,1135,3883,5,1793.9,2.0,8790.11,2025-11-04T00:00:00
11437,12864,5029,7,1170.18,3.0,7945.52,2023-07-26T00:00:00
11438,2661,7438,4,157.15,2.0,616.03,2025-11-22T00:00:00
11439,14370,3013,2,1448.25,2.0,2838.57,2025-11-14T00:00:00
11440,13964,4325,6,2115.42,27.0,9265.54,2024-05-10T00:00:00
11441,13920,4154,7,2604.51,16.0,15314.52,2024-02-01T00:00:00
11442,3485,14587,9,1358.7,24.0,9293.51,2024-05-20T00:00:00
11443,10698,5962,8,938.52,30.0,5255.71,2025-12-09T00:00:00
11444,4826,730,3,1247.55,3.0,3630.37,2024-02-06T00:00:00
11445,7463,13345,10,1804.66,16.0,15159.14,2025-02-27T00:00:00
11446,11163,12995,1,2074.78,10.0,1867.3,2026-06-09T00:00:00
11447,8293,10469,5,1433.36,19.0,5805.11,2026-01-21T00:00:00
11448,3841,12105,8,1761.13,14.0,12116.57,2025-03-05T00:00:00
11449,9118,6444,3,2424.2,5.0,6908.97,2025-09-05T00:00:00
11450,2090,10436,5,878.17,8.0,4039.58,2023-01-02T00:00:00
11451,1212,6066,4,1592.52,5.0,6051.58,2026-05-01T00:00:00
11452,14450,10089,5,2863.75,27.0,10452.69,2025-03-13T00:00:00
11453,5755,7715,10,251.92,19.0,2040.55,2024-11-03T00:00:00
11454,893,2229,2,297.72,20.0,476.35,2025-09-15T00:00:00
11455,48,14559,2,2454.44,0.0,4908.88,2026-04-15T00:00:00
11456,14608,14497,5,1665.08,2.0,8158.89,2025-03-20T00:00:00
11457,7684,8415,5,1741.21,14.0,7487.2,2023-01-11T00:00:00
11458,9123,5998,5,2643.94,6.0,12426.52,2023-07-30T00:00:00
11459,13923,13369,8,474.44,30.0,2656.86,2023-10-04T00:00:00
11460,10443,11341,1,1878.85,29.0,1333.98,2025-02-02T00:00:00
11461,13819,442,10,1053.31,28.0,7583.83,2023-04-12T00:00:00
11462,4100,4226,9,1611.38,29.0,10296.72,2025-01-15T00:00:00
11463,10034,12380,6,1066.57,14.0,5503.5,2024-09-09T00:00:00
11464,7289,2422,1,1704.72,26.0,1261.49,2024-06-28T00:00:00
11465,7793,8538,1,2862.62,23.0,2204.22,2023-02-08T00:00:00
11466,10200,8057,4,1425.87,25.0,4277.61,2025-03-28T00:00:00
11467,11356,1317,4,2922.49,26.0,8650.57,2025-06-26T00:00:00
11468,13684,14443,5,2335.65,23.0,8992.25,2024-12-15T00:00:00
11469,9705,8673,3,1982.85,8.0,5472.67,2023-08-11T00:00:00
11470,7423,1318,8,806.2,8.0,5933.63,2023-12-20T00:00:00
11471,3750,10568,10,87.91,29.0,624.16,2023-03-01T00:00:00
11472,13095,5365,6,842.15,21.0,3991.79,2024-03-27T00:00:00
11473,10922,1418,5,2568.6,29.0,9118.53,2025-03-21T00:00:00
11474,7570,352,2,2993.71,6.0,5628.17,2026-01-14T00:00:00
11475,1793,517,4,2962.1,14.0,10189.62,2023-10-10T00:00:00
11476,7148,3895,6,1924.52,16.0,9699.58,2024-09-06T00:00:00
11477,14103,11123,1,2286.2,26.0,1691.79,2023-03-14T00:00:00
11478,4159,5703,3,143.35,9.0,391.35,2026-01-30T00:00:00
11479,7959,2102,5,1818.62,22.0,7092.62,2023-01-27T00:00:00
11480,4619,13425,5,2240.18,15.0,9520.76,2026-01-21T00:00:00
11481,10289,10944,5,2590.25,8.0,11915.15,2025-10-11T00:00:00
11482,8023,13121,4,524.72,1.0,2077.89,2024-01-04T00:00:00
11483,4096,7329,2,1060.26,17.0,1760.03,2025-05-30T00:00:00
11484,5881,1017,9,670.6,11.0,5371.51,2025-05-27T00:00:00
11485,1018,8581,1,1080.61,8.0,994.16,2024-06-10T00:00:00
11486,13293,7111,9,2831.87,26.0,18860.25,2024-07-30T00:00:00
11487,11575,5824,3,367.13,25.0,826.04,2023-04-01T00:00:00
11488,3172,6381,5,2924.75,4.0,14038.8,2024-07-13T00:00:00
11489,7460,1415,9,374.61,27.0,2461.19,2023-09-19T00:00:00
11490,13738,758,10,2730.17,12.0,24025.5,2023-06-08T00:00:00
11491,7554,477,1,412.34,13.0,358.74,2023-09-20T00:00:00
11492,13551,10759,7,2584.75,15.0,15379.26,2024-06-09T00:00:00
11493,5527,4572,9,1862.34,18.0,13744.07,2024-07-16T00:00:00
11494,6086,10256,3,1924.05,12.0,5079.49,2024-02-26T00:00:00
11495,10569,1039,3,2345.99,25.0,5278.48,2025-10-25T00:00:00
11496,12637,8592,10,1784.76,0.0,17847.6,2025-08-22T00:00:00
11497,1330,14059,6,184.56,28.0,797.3,2025-07-27T00:00:00
11498,8199,3944,2,1336.02,29.0,1897.15,2025-06-21T00:00:00
11499,7287,13503,10,2310.07,23.0,17787.54,2025-02-02T00:00:00
11500,5580,12096,9,1248.04,24.0,8536.59,2024-02-25T00:00:00
11501,3369,11766,2,269.15,25.0,403.72,2025-12-23T00:00:00
11502,4055,6773,5,2552.68,14.0,10976.52,2024-11-08T00:00:00
11503,7826,9319,9,815.88,20.0,5874.34,2023-08-18T00:00:00
11504,5542,6786,3,1084.62,17.0,2700.7,2024-06-26T00:00:00
11505,882,8179,5,2594.53,21.0,10248.39,2023-10-19T00:00:00
11506,14725,10376,7,2602.24,14.0,15665.48,2025-11-05T00:00:00
11507,2812,85,4,2102.18,29.0,5970.19,2024-01-05T00:00:00
11508,10064,1919,6,1589.94,27.0,6963.94,2024-12-04T00:00:00
11509,4559,14412,5,618.65,9.0,2814.86,2023-01-31T00:00:00
11510,4860,7257,10,1094.71,1.0,10837.63,2026-05-24T00:00:00
11511,2564,10669,8,2550.31,16.0,17138.08,2026-01-01T00:00:00
11512,3973,1228,9,2789.56,14.0,21591.19,2024-06-25T00:00:00
11513,2242,6658,10,654.82,28.0,4714.7,2023-09-04T00:00:00
11514,2092,8580,1,2438.62,26.0,1804.58,2025-04-25T00:00:00
11515,6790,390,1,2610.61,17.0,2166.81,2024-11-05T00:00:00
11516,13466,13662,6,2962.22,15.0,15107.32,2026-05-17T00:00:00
11517,6824,214,5,1671.44,5.0,7939.34,2023-10-07T00:00:00
11518,8591,2250,10,21.5,16.0,180.6,2024-11-08T00:00:00
11519,7111,1649,8,556.46,16.0,3739.41,2024-11-26T00:00:00
11520,7226,325,1,1023.64,15.0,870.09,2024-07-08T00:00:00
11521,10403,12625,4,1371.02,22.0,4277.58,2024-06-05T00:00:00
11522,6268,7385,4,1857.93,17.0,6168.33,2025-09-25T00:00:00
11523,11205,8999,3,1782.06,27.0,3902.71,2025-05-02T00:00:00
11524,11221,45,7,1475.19,23.0,7951.27,2023-01-22T00:00:00
11525,6603,8586,1,1219.16,25.0,914.37,2023-10-13T00:00:00
11526,4841,13824,3,2876.01,2.0,8455.47,2026-05-11T00:00:00
11527,5581,7712,6,82.09,17.0,408.81,2026-05-31T00:00:00
11528,3856,13247,8,1573.61,12.0,11078.21,2024-06-16T00:00:00
11529,2200,12711,9,2637.58,21.0,18753.19,2023-06-03T00:00:00
11530,8869,12229,1,70.28,9.0,63.95,2026-01-17T00:00:00
11531,12464,2296,7,115.02,5.0,764.88,2023-09-25T00:00:00
11532,6407,7738,5,2961.53,11.0,13178.81,2026-01-28T00:00:00
11533,3984,4778,5,184.71,16.0,775.78,2024-06-02T00:00:00
11534,1775,7279,9,1003.66,12.0,7948.99,2025-12-31T00:00:00
11535,4761,5811,5,1065.72,13.0,4635.88,2023-03-30T00:00:00
11536,12712,14807,7,2098.77,26.0,10871.63,2026-01-19T00:00:00
11537,9266,9807,4,1971.04,21.0,6228.49,2024-12-24T00:00:00
11538,946,9128,1,18.4,14.0,15.82,2023-12-14T00:00:00
11539,2163,3957,6,1243.03,23.0,5742.8,2023-09-02T00:00:00
11540,9342,4158,8,1018.84,4.0,7824.69,2025-12-05T00:00:00
11541,2799,13986,3,1356.75,27.0,2971.28,2023-12-31T00:00:00
11542,1352,8923,5,491.82,7.0,2286.96,2024-04-06T00:00:00
11543,1224,3192,8,699.38,15.0,4755.78,2025-06-09T00:00:00
11544,4685,14308,8,2029.33,25.0,12175.98,2023-08-08T00:00:00
11545,3290,8987,10,737.41,17.0,6120.5,2023-11-14T00:00:00
11546,12960,8666,9,538.18,7.0,4504.57,2023-08-08T00:00:00
11547,11252,3777,2,1561.4,12.0,2748.06,2025-07-07T00:00:00
11548,6430,1918,2,2102.72,24.0,3196.13,2024-04-04T00:00:00
11549,8927,10927,8,2246.2,9.0,16352.34,2023-02-02T00:00:00
11550,9264,8399,6,2026.88,3.0,11796.44,2024-08-13T00:00:00
11551,2301,13755,9,2990.82,23.0,20726.38,2025-11-08T00:00:00
11552,8155,9875,2,2607.31,1.0,5162.47,2025-07-24T00:00:00
11553,2492,8954,1,2037.05,8.0,1874.09,2023-01-21T00:00:00
11554,5967,9458,6,2341.62,24.0,10677.79,2024-10-05T00:00:00
11555,9529,7148,10,2563.79,14.0,22048.59,2025-02-22T00:00:00
11556,11362,12989,1,2870.81,27.0,2095.69,2026-02-01T00:00:00
11557,2171,10911,2,2678.87,13.0,4661.23,2026-05-10T00:00:00
11558,7562,909,7,2766.98,22.0,15107.71,2024-12-05T00:00:00
11559,10907,5027,8,569.92,15.0,3875.46,2026-01-07T00:00:00
11560,12253,6929,5,148.42,11.0,660.47,2025-08-18T00:00:00
11561,5064,1431,3,2494.06,2.0,7332.54,2025-04-07T00:00:00
11562,4722,2069,5,1046.02,5.0,4968.6,2023-09-10T00:00:00
11563,3963,9559,4,1249.37,6.0,4697.63,2026-04-27T00:00:00
11564,8160,9487,4,1590.15,30.0,4452.42,2026-05-03T00:00:00
11565,6324,13304,2,2448.01,9.0,4455.38,2024-03-15T00:00:00
11566,12306,9169,9,992.14,24.0,6786.24,2025-11-06T00:00:00
11567,4851,1477,5,1763.2,25.0,6612.0,2024-02-09T00:00:00
11568,4008,1239,2,1436.21,1.0,2843.7,2025-12-21T00:00:00
11569,6623,4644,9,2828.51,18.0,20874.4,2026-03-14T00:00:00
11570,11835,2398,7,1482.05,17.0,8610.71,2023-02-24T00:00:00
11571,8640,14924,1,304.88,5.0,289.64,2026-02-21T00:00:00
11572,4397,6087,6,2088.61,27.0,9148.11,2023-10-06T00:00:00
11573,1318,8744,6,2337.73,20.0,11221.1,2023-06-22T00:00:00
11574,7205,2196,6,1558.06,23.0,7198.24,2025-11-20T00:00:00
11575,5184,1141,7,1038.95,17.0,6036.3,2023-07-28T00:00:00
11576,10323,6862,3,576.5,17.0,1435.48,2024-03-21T00:00:00
11577,12030,8740,7,1258.76,14.0,7577.74,2025-10-13T00:00:00
11578,3273,4265,2,1439.73,14.0,2476.34,2023-04-04T00:00:00
11579,8640,1074,9,2419.16,6.0,20466.09,2026-05-04T00:00:00
11580,10782,8121,1,611.91,20.0,489.53,2023-09-19T00:00:00
11581,6980,11207,5,834.28,23.0,3211.98,2023-05-13T00:00:00
11582,4331,14824,7,700.41,18.0,4020.35,2025-09-25T00:00:00
11583,8840,13472,5,2923.94,3.0,14181.11,2023-10-01T00:00:00
11584,5217,2087,9,1323.93,11.0,10604.68,2024-02-28T00:00:00
11585,9899,5051,2,1830.43,3.0,3551.03,2025-12-21T00:00:00
11586,13216,1104,3,510.19,24.0,1163.23,2023-07-30T00:00:00
11587,12433,6099,2,1677.1,22.0,2616.28,2023-02-28T00:00:00
11588,8967,1550,5,644.86,13.0,2805.14,2026-03-21T00:00:00
11589,1568,11519,3,2005.95,10.0,5416.07,2023-09-28T00:00:00
11590,14205,3925,3,2963.13,4.0,8533.81,2023-06-16T00:00:00
11591,159,9501,6,1439.06,4.0,8288.99,2024-10-08T00:00:00
11592,10634,1156,2,2768.84,28.0,3987.13,2023-06-01T00:00:00
11593,7466,13130,7,2216.92,4.0,14897.7,2025-08-28T00:00:00
11594,11040,2839,7,88.24,4.0,592.97,2026-01-21T00:00:00
11595,1026,3469,8,498.14,15.0,3387.35,2023-12-18T00:00:00
11596,5584,14067,6,2643.55,0.0,15861.3,2023-05-24T00:00:00
11597,10437,12769,7,844.24,21.0,4668.65,2023-09-04T00:00:00
11598,1378,7194,8,1946.78,2.0,15262.76,2025-09-03T00:00:00
11599,11778,14078,4,1013.07,4.0,3890.19,2024-09-16T00:00:00
11600,12402,12063,3,2155.42,13.0,5625.65,2024-02-08T00:00:00
11601,3558,8960,3,709.67,23.0,1639.34,2025-11-16T00:00:00
11602,10906,13838,2,334.51,19.0,541.91,2023-08-21T00:00:00
11603,10188,9461,6,2350.84,21.0,11142.98,2024-07-18T00:00:00
11604,11824,5013,3,1218.05,6.0,3434.9,2024-01-11T00:00:00
11605,3010,8280,7,1005.21,10.0,6332.82,2024-09-07T00:00:00
11606,6517,5739,3,509.86,9.0,1391.92,2025-05-11T00:00:00
11607,12132,7968,2,1175.04,12.0,2068.07,2025-11-22T00:00:00
11608,7579,3903,2,1805.52,0.0,3611.04,2023-01-03T00:00:00
11609,6257,1695,2,2485.3,3.0,4821.48,2025-03-05T00:00:00
11610,12282,12864,8,2821.7,2.0,22122.13,2024-02-08T00:00:00
11611,5348,4729,8,2728.09,7.0,20296.99,2025-08-30T00:00:00
11612,8468,6774,3,226.44,4.0,652.15,2023-11-14T00:00:00
11613,11878,5290,8,301.59,27.0,1761.29,2025-11-21T00:00:00
11614,2496,6854,7,141.62,12.0,872.38,2025-10-12T00:00:00
11615,5478,8511,4,1831.54,24.0,5567.88,2025-09-02T00:00:00
11616,8955,2358,8,1855.17,11.0,13208.81,2025-02-06T00:00:00
11617,13126,12842,4,103.19,24.0,313.7,2023-09-06T00:00:00
11618,3180,13196,9,2505.17,1.0,22321.06,2024-06-18T00:00:00
11619,11499,10578,1,2575.08,27.0,1879.81,2024-10-04T00:00:00
11620,13628,3536,5,1371.14,11.0,6101.57,2024-09-21T00:00:00
11621,6726,4201,10,2592.7,0.0,25927.0,2024-06-22T00:00:00
11622,12266,14088,5,1288.37,19.0,5217.9,2025-07-28T00:00:00
11623,996,10526,6,2977.0,11.0,15897.18,2025-09-12T00:00:00
11624,11807,6248,1,215.01,3.0,208.56,2023-01-20T00:00:00
11625,13035,9192,3,885.0,16.0,2230.2,2025-02-07T00:00:00
11626,6395,14098,8,1132.91,17.0,7522.52,2024-08-11T00:00:00
11627,10896,11437,7,1608.41,15.0,9570.04,2025-12-19T00:00:00
11628,6550,1586,5,604.55,7.0,2811.16,2026-02-02T00:00:00
11629,4255,2647,1,1723.77,19.0,1396.25,2025-06-07T00:00:00
11630,10022,5649,9,1878.51,16.0,14201.54,2025-08-23T00:00:00
11631,14350,11668,7,1847.53,23.0,9958.19,2025-10-29T00:00:00
11632,1601,277,1,2384.46,25.0,1788.35,2024-08-29T00:00:00
11633,10619,13610,8,565.76,22.0,3530.34,2023-12-12T00:00:00
11634,12656,7752,8,1146.29,2.0,8986.91,2025-08-02T00:00:00
11635,7248,11019,9,2080.12,18.0,15351.29,2023-11-24T00:00:00
11636,9187,12451,8,1138.08,29.0,6464.29,2023-02-05T00:00:00
11637,4018,10756,9,1852.08,27.0,12168.17,2023-03-22T00:00:00
11638,3005,571,9,2640.4,19.0,19248.52,2024-04-14T00:00:00
11639,13587,881,6,334.09,24.0,1523.45,2026-01-18T00:00:00
11640,4293,2634,1,1830.53,13.0,1592.56,2026-05-25T00:00:00
11641,3919,10755,9,551.38,25.0,3721.82,2024-10-11T00:00:00
11642,4616,4775,9,675.24,12.0,5347.9,2023-02-12T00:00:00
11643,2991,11515,2,2025.55,23.0,3119.35,2025-02-07T00:00:00
11644,14873,10594,10,188.61,28.0,1357.99,2024-03-14T00:00:00
11645,5080,2668,3,2804.89,10.0,7573.2,2023-09-26T00:00:00
11646,1836,9840,7,272.74,22.0,1489.16,2024-03-13T00:00:00
11647,9870,820,8,2653.28,28.0,15282.89,2024-02-29T00:00:00
11648,2074,5330,2,1541.06,25.0,2311.59,2024-01-08T00:00:00
11649,4275,10159,5,2698.44,12.0,11873.14,2026-04-23T00:00:00
11650,305,7253,1,2400.26,28.0,1728.19,2023-01-29T00:00:00
11651,14569,1561,7,2795.49,6.0,18394.32,2024-02-23T00:00:00
11652,12431,13198,6,2772.88,12.0,14640.81,2024-12-05T00:00:00
11653,9606,7165,6,702.76,10.0,3794.9,2024-11-26T00:00:00
11654,7970,11557,7,498.0,29.0,2475.06,2026-03-28T00:00:00
11655,13530,2909,6,1201.57,15.0,6128.01,2026-06-02T00:00:00
11656,759,6865,10,489.56,24.0,3720.66,2025-01-19T00:00:00
11657,8744,10611,10,2604.94,23.0,20058.04,2024-11-01T00:00:00
11658,12828,7110,4,297.85,18.0,976.95,2023-03-01T00:00:00
11659,13491,9723,8,2667.74,27.0,15579.6,2026-03-20T00:00:00
11660,13712,5880,1,1790.8,9.0,1629.63,2024-11-11T00:00:00
11661,1972,3315,1,2322.89,29.0,1649.25,2025-12-08T00:00:00
11662,3009,12819,4,2229.88,16.0,7492.4,2025-02-06T00:00:00
11663,10419,1037,5,2816.08,30.0,9856.28,2024-04-13T00:00:00
11664,6833,915,7,2675.81,15.0,15921.07,2026-02-07T00:00:00
11665,1244,14851,5,1471.24,11.0,6547.02,2023-06-26T00:00:00
11666,14895,5237,7,1382.88,4.0,9292.95,2024-01-27T00:00:00
11667,13805,9153,4,538.94,4.0,2069.53,2023-03-31T00:00:00
11668,3729,4593,7,1429.28,18.0,8204.07,2024-10-28T00:00:00
11669,10781,6417,3,2657.11,27.0,5819.07,2024-06-18T00:00:00
11670,6523,14445,8,474.1,9.0,3451.45,2025-04-30T00:00:00
11671,9966,13396,7,2026.61,8.0,13051.37,2024-09-18T00:00:00
11672,3582,14378,9,2399.38,18.0,17707.42,2024-08-01T00:00:00
11673,437,1178,7,1098.41,16.0,6458.65,2023-02-14T00:00:00
11674,3475,312,4,1755.93,11.0,6251.11,2024-01-26T00:00:00
11675,4218,14222,2,1066.61,8.0,1962.56,2025-07-28T00:00:00
11676,13342,8542,3,1392.8,26.0,3092.02,2023-06-01T00:00:00
11677,10711,5263,1,287.66,9.0,261.77,2024-04-19T00:00:00
11678,2438,13949,8,707.58,7.0,5264.4,2023-02-16T00:00:00
11679,1126,8743,4,178.96,20.0,572.67,2024-05-18T00:00:00
11680,2298,2266,6,2396.63,0.0,14379.78,2025-08-09T00:00:00
11681,8471,13501,3,2952.99,25.0,6644.23,2024-09-02T00:00:00
11682,5666,3768,3,1413.01,15.0,3603.18,2023-11-13T00:00:00
11683,1413,1270,2,2141.07,14.0,3682.64,2025-02-26T00:00:00
11684,13899,6770,7,268.95,3.0,1826.17,2023-02-25T00:00:00
11685,1693,6717,8,2666.66,26.0,15786.63,2026-02-02T00:00:00
11686,9250,7113,2,1470.26,16.0,2470.04,2023-12-28T00:00:00
11687,13873,10823,6,2992.91,25.0,13468.09,2025-12-17T00:00:00
11688,8148,7165,3,1548.62,18.0,3809.61,2025-11-07T00:00:00
11689,2348,6908,9,1658.65,7.0,13882.9,2023-01-30T00:00:00
11690,8638,10588,10,2382.91,30.0,16680.37,2023-03-05T00:00:00
11691,13515,1861,10,1394.02,21.0,11012.76,2026-05-09T00:00:00
11692,14080,9781,8,2783.39,16.0,18704.38,2024-07-31T00:00:00
11693,4920,7133,3,1601.56,17.0,3987.88,2025-07-22T00:00:00
11694,14355,1002,2,2568.91,17.0,4264.39,2023-04-19T00:00:00
11695,14350,5548,1,190.18,30.0,133.13,2025-03-08T00:00:00
11696,2183,1148,3,358.61,8.0,989.76,2023-07-29T00:00:00
11697,11342,13856,7,2887.65,14.0,17383.65,2025-12-28T00:00:00
11698,12178,14733,1,2491.54,26.0,1843.74,2025-07-23T00:00:00
11699,3059,397,7,808.61,20.0,4528.22,2025-10-16T00:00:00
11700,6645,8910,2,1868.21,8.0,3437.51,2024-03-28T00:00:00
11701,556,2446,4,2796.48,0.0,11185.92,2023-05-29T00:00:00
11702,1697,4042,7,1038.92,11.0,6472.47,2025-10-04T00:00:00
11703,10702,7069,5,559.19,10.0,2516.36,2025-11-23T00:00:00
11704,4860,11525,7,221.99,20.0,1243.14,2023-04-28T00:00:00
11705,964,10090,7,648.62,29.0,3223.64,2026-02-11T00:00:00
11706,7040,1256,4,2023.11,30.0,5664.71,2023-08-08T00:00:00
11707,14803,2691,6,666.0,2.0,3916.08,2025-12-08T00:00:00
11708,13705,3362,6,44.69,2.0,262.78,2025-02-02T00:00:00
11709,1868,9248,10,1297.81,14.0,11161.17,2024-05-08T00:00:00
11710,6461,2517,4,13.89,17.0,46.11,2023-08-26T00:00:00
11711,14726,4855,7,2524.99,24.0,13432.95,2025-03-02T00:00:00
11712,9703,2720,6,1834.55,3.0,10677.08,2023-03-11T00:00:00
11713,11588,7199,6,2715.7,15.0,13850.07,2023-02-16T00:00:00
11714,8706,1966,9,1228.13,1.0,10942.64,2023-11-19T00:00:00
11715,1049,5198,1,2910.26,1.0,2881.16,2024-06-15T00:00:00
11716,12913,13080,5,1785.03,12.0,7854.13,2026-05-10T00:00:00
11717,11232,337,8,2527.63,21.0,15974.62,2025-05-12T00:00:00
11718,13271,11846,7,2031.95,23.0,10952.21,2023-11-27T00:00:00
11719,14919,5057,1,1235.26,28.0,889.39,2023-03-10T00:00:00
11720,10241,3464,3,2809.77,30.0,5900.52,2026-02-15T00:00:00
11721,3538,2100,1,2883.32,16.0,2421.99,2023-11-21T00:00:00
11722,14112,11290,10,32.75,20.0,262.0,2023-09-09T00:00:00
11723,12108,322,4,1539.58,23.0,4741.91,2026-02-07T00:00:00
11724,10278,5348,5,1351.51,28.0,4865.44,2024-09-29T00:00:00
11725,1335,5776,5,1516.47,1.0,7506.53,2025-03-18T00:00:00
11726,1873,960,9,2667.31,26.0,17764.28,2025-06-09T00:00:00
11727,1259,29,7,2603.69,4.0,17496.8,2024-03-23T00:00:00
11728,6340,6132,2,1727.18,19.0,2798.03,2024-08-11T00:00:00
11729,9435,11006,9,1092.82,9.0,8950.2,2026-06-03T00:00:00
11730,2455,5709,7,2051.61,12.0,12637.92,2023-01-09T00:00:00
11731,3753,10710,3,946.46,25.0,2129.53,2023-07-16T00:00:00
11732,1248,11418,10,2612.05,6.0,24553.27,2026-04-07T00:00:00
11733,4542,3558,3,995.47,17.0,2478.72,2025-04-18T00:00:00
11734,12591,9908,9,713.82,23.0,4946.77,2023-02-13T00:00:00
11735,6338,14299,6,2347.33,4.0,13520.62,2024-10-30T00:00:00
11736,3536,9163,6,630.78,29.0,2687.12,2023-10-04T00:00:00
11737,13475,14875,7,2383.14,20.0,13345.58,2024-11-03T00:00:00
11738,3945,5789,4,1287.45,28.0,3707.86,2023-12-28T00:00:00
11739,8673,13968,3,2368.24,27.0,5186.45,2025-10-17T00:00:00
11740,13227,1098,10,1496.46,10.0,13468.14,2023-06-10T00:00:00
11741,13322,11897,7,2028.49,6.0,13347.46,2024-07-02T00:00:00
11742,8125,2260,6,548.19,8.0,3026.01,2023-12-08T00:00:00
11743,3508,13737,7,2010.24,25.0,10553.76,2023-01-23T00:00:00
11744,9341,7906,1,779.62,4.0,748.44,2025-06-19T00:00:00
11745,2606,14539,1,1175.12,27.0,857.84,2025-10-18T00:00:00
11746,9136,810,3,2332.29,8.0,6437.12,2025-10-12T00:00:00
11747,471,8259,8,2975.82,23.0,18331.05,2024-01-13T00:00:00
11748,1439,922,9,787.44,4.0,6803.48,2023-06-17T00:00:00
11749,12770,8157,7,2133.53,26.0,11051.69,2025-02-27T00:00:00
11750,13536,1132,1,2945.33,9.0,2680.25,2026-01-01T00:00:00
11751,9003,598,10,2989.15,13.0,26005.6,2023-10-17T00:00:00
11752,1637,1469,2,263.27,20.0,421.23,2023-02-15T00:00:00
11753,13504,8087,1,668.95,28.0,481.64,2025-03-25T00:00:00
11754,8573,2517,8,2661.67,26.0,15757.09,2026-06-10T00:00:00
11755,349,12754,3,2234.31,20.0,5362.34,2025-08-03T00:00:00
11756,7931,3199,8,1225.2,3.0,9507.55,2024-06-13T00:00:00
11757,9872,1235,2,1948.8,26.0,2884.22,2023-08-25T00:00:00
11758,4372,416,10,1026.43,24.0,7800.87,2026-02-28T00:00:00
11759,3251,9955,1,1832.27,29.0,1300.91,2024-05-04T00:00:00
11760,4792,5384,10,2756.52,22.0,21500.86,2023-08-21T00:00:00
11761,693,13055,9,1322.41,7.0,11068.57,2024-08-08T00:00:00
11762,3755,7763,6,2287.19,26.0,10155.12,2023-08-30T00:00:00
11763,14264,8465,4,213.66,8.0,786.27,2025-08-18T00:00:00
11764,12404,9518,7,2758.85,8.0,17766.99,2026-02-14T00:00:00
11765,329,5633,8,36.16,2.0,283.49,2025-02-05T00:00:00
11766,8993,8527,2,642.09,16.0,1078.71,2024-02-20T00:00:00
11767,2340,12880,5,2597.57,13.0,11299.43,2025-05-17T00:00:00
11768,10748,14214,5,1870.17,20.0,7480.68,2025-01-26T00:00:00
11769,7881,967,7,1597.28,18.0,9168.39,2024-07-22T00:00:00
11770,11296,5953,4,1675.15,19.0,5427.49,2024-07-22T00:00:00
11771,9976,11169,7,1160.46,1.0,8041.99,2025-06-21T00:00:00
11772,4568,10070,3,2613.34,15.0,6664.02,2023-01-25T00:00:00
11773,3887,4277,2,1361.88,10.0,2451.38,2023-11-20T00:00:00
11774,10248,9326,7,2766.01,16.0,16264.14,2024-07-04T00:00:00
11775,14796,14194,7,282.85,6.0,1861.15,2025-11-08T00:00:00
11776,6801,4875,9,2838.63,26.0,18905.28,2024-02-06T00:00:00
11777,11414,4448,3,1538.24,22.0,3599.48,2024-04-26T00:00:00
11778,9063,3344,9,1032.79,23.0,7157.23,2023-02-19T00:00:00
11779,12488,10085,5,2994.03,20.0,11976.12,2023-03-17T00:00:00
11780,12712,9703,7,1228.88,15.0,7311.84,2024-02-20T00:00:00
11781,11492,1300,2,2887.0,28.0,4157.28,2023-09-13T00:00:00
11782,9597,13128,10,1011.53,14.0,8699.16,2023-11-30T00:00:00
11783,5873,9531,2,26.63,12.0,46.87,2024-06-17T00:00:00
11784,853,2846,6,702.49,25.0,3161.21,2023-08-21T00:00:00
11785,4572,10482,2,595.09,25.0,892.63,2025-09-02T00:00:00
11786,1765,8339,4,734.24,14.0,2525.79,2023-09-19T00:00:00
11787,7,2053,3,157.84,20.0,378.82,2026-01-19T00:00:00
11788,7865,9525,4,2392.66,24.0,7273.69,2025-03-01T00:00:00
11789,10817,12175,2,2709.54,13.0,4714.6,2025-02-20T00:00:00
11790,9087,12833,10,1691.77,27.0,12349.92,2025-10-16T00:00:00
11791,12809,14258,6,2697.07,12.0,14240.53,2025-11-16T00:00:00
11792,7548,7953,6,187.73,12.0,991.21,2025-07-24T00:00:00
11793,6165,6558,1,2071.47,18.0,1698.61,2023-10-10T00:00:00
11794,10174,8696,9,1136.18,6.0,9612.08,2026-05-26T00:00:00
11795,11775,7440,1,2728.01,25.0,2046.01,2025-05-20T00:00:00
11796,11623,12869,6,892.55,11.0,4766.22,2026-06-04T00:00:00
11797,7640,7976,8,1609.1,5.0,12229.16,2023-07-15T00:00:00
11798,12225,4989,4,1164.52,18.0,3819.63,2024-05-03T00:00:00
11799,12110,702,4,1057.5,9.0,3849.3,2024-10-07T00:00:00
11800,3010,5759,5,1650.18,7.0,7673.34,2024-10-23T00:00:00
11801,12238,5056,10,788.63,21.0,6230.18,2023-02-19T00:00:00
11802,14439,14632,8,1076.76,2.0,8441.8,2025-07-18T00:00:00
11803,13236,4845,6,2475.38,22.0,11584.78,2026-05-13T00:00:00
11804,7093,10642,9,1005.7,4.0,8689.25,2026-02-19T00:00:00
11805,5467,6548,7,2365.09,17.0,13741.17,2025-04-20T00:00:00
11806,5937,3356,4,833.06,11.0,2965.69,2024-08-23T00:00:00
11807,6656,9881,10,2305.97,15.0,19600.74,2024-04-16T00:00:00
11808,3997,7021,1,280.3,17.0,232.65,2023-01-16T00:00:00
11809,14536,11340,4,717.55,21.0,2267.46,2026-02-23T00:00:00
11810,13624,11273,10,1719.22,20.0,13753.76,2024-01-20T00:00:00
11811,7906,13311,2,1646.77,1.0,3260.6,2024-03-15T00:00:00
11812,6294,8605,7,1639.97,3.0,11135.4,2024-09-18T00:00:00
11813,2564,11377,3,1965.81,4.0,5661.53,2024-03-22T00:00:00
11814,4762,12212,1,1030.04,3.0,999.14,2024-04-21T00:00:00
11815,4171,14652,8,606.8,3.0,4708.77,2023-05-25T00:00:00
11816,13410,5212,3,1684.55,23.0,3891.31,2024-04-27T00:00:00
11817,6267,7861,5,2707.35,20.0,10829.4,2024-06-23T00:00:00
11818,6052,4225,3,2773.79,10.0,7489.23,2023-03-10T00:00:00
11819,6019,12625,5,498.72,18.0,2044.75,2024-06-30T00:00:00
11820,8912,8493,1,1988.67,29.0,1411.96,2024-08-17T00:00:00
11821,4417,14452,3,920.85,1.0,2734.92,2025-11-29T00:00:00
11822,3043,14934,6,1106.9,29.0,4715.39,2024-06-29T00:00:00
11823,6482,7018,7,853.65,2.0,5856.04,2024-06-07T00:00:00
11824,4426,11996,7,337.24,13.0,2053.79,2024-12-28T00:00:00
11825,11791,6261,7,531.72,10.0,3349.84,2024-06-11T00:00:00
11826,4098,5990,3,2664.37,5.0,7593.45,2025-07-30T00:00:00
11827,5948,12132,8,2185.06,7.0,16256.85,2024-02-06T00:00:00
11828,6542,14523,10,1355.21,5.0,12874.49,2025-08-11T00:00:00
11829,1549,13358,3,1282.06,28.0,2769.25,2024-09-08T00:00:00
11830,2923,2773,9,2084.01,30.0,13129.26,2026-01-24T00:00:00
11831,5724,10085,8,2183.69,10.0,15722.57,2026-02-26T00:00:00
11832,10404,4079,2,646.72,16.0,1086.49,2023-06-14T00:00:00
11833,2494,2795,3,2334.15,17.0,5812.03,2025-09-23T00:00:00
11834,7268,3319,2,1934.89,12.0,3405.41,2023-09-21T00:00:00
11835,12274,6584,10,1243.7,7.0,11566.41,2026-06-02T00:00:00
11836,1371,14091,3,2927.02,1.0,8693.25,2025-06-24T00:00:00
11837,5476,10000,3,867.84,9.0,2369.2,2026-01-31T00:00:00
11838,3739,8167,3,2906.54,25.0,6539.71,2023-11-10T00:00:00
11839,5088,1074,7,2137.21,10.0,13464.42,2025-12-05T00:00:00
11840,12685,5992,8,1790.09,15.0,12172.61,2023-01-31T00:00:00
11841,2678,6390,9,2819.98,8.0,23349.43,2025-01-06T00:00:00
11842,3165,10549,5,2983.85,20.0,11935.4,2023-02-06T00:00:00
11843,14452,1063,10,2360.14,7.0,21949.3,2024-07-16T00:00:00
11844,14769,3807,3,2709.94,12.0,7154.24,2025-02-12T00:00:00
11845,14226,11950,9,460.53,12.0,3647.4,2023-11-18T00:00:00
11846,11638,421,9,1070.22,29.0,6838.71,2024-12-05T00:00:00
11847,6259,11406,5,2891.11,5.0,13732.77,2023-03-03T00:00:00
11848,4579,12997,4,1949.39,14.0,6705.9,2024-11-27T00:00:00
11849,12674,5055,4,1077.3,12.0,3792.1,2024-11-09T00:00:00
11850,1320,8210,2,2738.79,10.0,4929.82,2024-09-09T00:00:00
11851,5499,5422,3,2631.74,15.0,6710.94,2024-04-21T00:00:00
11852,831,9791,3,1810.81,19.0,4400.27,2026-05-08T00:00:00
11853,13693,2292,10,2037.75,1.0,20173.72,2025-12-17T00:00:00
11854,9736,1243,6,664.04,4.0,3824.87,2024-05-06T00:00:00
11855,1434,8506,8,1493.0,11.0,10630.16,2023-02-16T00:00:00
11856,10385,5360,5,2016.38,6.0,9476.99,2024-12-16T00:00:00
11857,9547,5027,4,343.01,3.0,1330.88,2025-06-19T00:00:00
11858,14051,5440,7,80.74,18.0,463.45,2025-05-10T00:00:00
11859,9390,1420,2,2622.2,3.0,5087.07,2025-11-19T00:00:00
11860,5841,9506,6,2873.92,24.0,13105.08,2025-12-29T00:00:00
11861,387,12177,7,584.88,4.0,3930.39,2023-08-27T00:00:00
11862,7271,10579,10,896.94,30.0,6278.58,2025-10-11T00:00:00
11863,2177,535,4,1311.78,18.0,4302.64,2024-07-05T00:00:00
11864,3956,5625,2,2210.77,10.0,3979.39,2023-09-12T00:00:00
11865,9857,4659,9,2964.48,30.0,18676.22,2025-01-07T00:00:00
11866,2613,5600,1,684.53,5.0,650.3,2024-05-10T00:00:00
11867,12040,8397,2,2047.46,1.0,4053.97,2024-10-24T00:00:00
11868,14447,3280,4,1287.64,17.0,4274.96,2023-11-10T00:00:00
11869,12689,2656,9,709.79,22.0,4982.73,2025-01-10T00:00:00
11870,8655,1088,9,1522.29,25.0,10275.46,2025-03-16T00:00:00
11871,12957,6633,4,2523.48,27.0,7368.56,2024-10-10T00:00:00
11872,5796,10165,10,1896.1,20.0,15168.8,2023-03-09T00:00:00
11873,12917,1220,10,1587.59,21.0,12541.96,2023-06-10T00:00:00
11874,12905,6959,10,2832.56,3.0,27475.83,2024-12-13T00:00:00
11875,8705,662,5,1860.1,12.0,8184.44,2024-10-16T00:00:00
11876,1915,10931,1,2793.33,18.0,2290.53,2025-10-25T00:00:00
11877,1,14257,7,2068.83,16.0,12164.72,2023-05-16T00:00:00
11878,14197,10789,6,1810.23,24.0,8254.65,2025-03-23T00:00:00
11879,9282,10460,9,2582.36,9.0,21149.53,2024-01-10T00:00:00
11880,13566,10644,3,493.4,0.0,1480.2,2024-06-16T00:00:00
11881,11653,12756,1,51.98,8.0,47.82,2025-09-02T00:00:00
11882,14849,9919,10,433.63,8.0,3989.4,2025-06-01T00:00:00
11883,5562,4281,4,2773.38,15.0,9429.49,2024-08-06T00:00:00
11884,13155,7163,7,1254.41,21.0,6936.89,2024-01-12T00:00:00
11885,13719,10658,6,1745.67,27.0,7646.03,2025-11-02T00:00:00
11886,12092,4097,10,1162.04,14.0,9993.54,2025-06-04T00:00:00
11887,585,5231,1,2452.48,16.0,2060.08,2025-11-27T00:00:00
11888,13171,3637,3,1907.14,23.0,4405.49,2025-07-18T00:00:00
11889,2624,9411,2,517.17,29.0,734.38,2025-04-22T00:00:00
11890,4110,14326,2,1023.39,7.0,1903.51,2023-09-14T00:00:00
11891,1387,4713,7,205.9,16.0,1210.69,2023-08-30T00:00:00
11892,3949,8861,3,95.84,3.0,278.89,2025-04-27T00:00:00
11893,14846,8498,9,336.14,7.0,2813.49,2023-11-13T00:00:00
11894,14100,5982,6,167.07,11.0,892.15,2024-11-29T00:00:00
11895,1294,10349,8,2575.42,21.0,16276.65,2026-02-14T00:00:00
11896,9280,2967,3,2746.18,13.0,7167.53,2023-06-08T00:00:00
11897,14241,6624,4,1910.2,8.0,7029.54,2023-12-12T00:00:00
11898,2081,5080,10,827.84,19.0,6705.5,2024-08-23T00:00:00
11899,14504,14228,6,2266.06,7.0,12644.61,2023-08-16T00:00:00
11900,1774,10638,8,1711.22,2.0,13415.96,2025-02-02T00:00:00
11901,3357,10801,6,1809.45,7.0,10096.73,2024-12-11T00:00:00
11902,6225,2726,8,583.52,5.0,4434.75,2024-08-14T00:00:00
11903,4496,766,5,2202.12,29.0,7817.53,2026-01-13T00:00:00
11904,3196,8559,9,846.53,11.0,6780.71,2024-06-27T00:00:00
11905,1046,6407,3,1556.26,17.0,3875.09,2025-11-02T00:00:00
11906,1490,7724,4,748.96,25.0,2246.88,2023-06-17T00:00:00
11907,12470,5832,9,1217.32,28.0,7888.23,2023-07-28T00:00:00
11908,5897,13602,5,2749.12,4.0,13195.78,2023-06-20T00:00:00
11909,10627,9083,1,2995.58,25.0,2246.68,2023-07-08T00:00:00
11910,12092,11167,3,2209.29,24.0,5037.18,2023-07-22T00:00:00
11911,12831,11047,1,1295.23,4.0,1243.42,2025-08-07T00:00:00
11912,7308,4578,9,2929.81,1.0,26104.61,2026-05-24T00:00:00
11913,7259,4496,4,564.88,12.0,1988.38,2024-06-18T00:00:00
11914,9960,11810,8,540.13,7.0,4018.57,2023-03-02T00:00:00
11915,12360,9002,8,1243.1,1.0,9845.35,2024-07-14T00:00:00
11916,5890,11075,4,277.91,12.0,978.24,2026-04-30T00:00:00
11917,2158,12876,10,648.28,18.0,5315.9,2026-02-11T00:00:00
11918,4424,4415,9,505.26,28.0,3274.08,2023-06-28T00:00:00
11919,14268,4248,7,723.58,14.0,4355.95,2023-03-01T00:00:00
11920,7348,10937,10,892.42,22.0,6960.88,2026-05-26T00:00:00
11921,715,14289,5,834.0,21.0,3294.3,2026-01-08T00:00:00
11922,3271,8295,4,688.32,12.0,2422.89,2024-08-20T00:00:00
11923,5115,12622,8,617.39,1.0,4889.73,2024-02-03T00:00:00
11924,14730,2004,6,1087.57,7.0,6068.64,2023-02-16T00:00:00
11925,3586,13881,8,1222.07,24.0,7430.19,2024-10-13T00:00:00
11926,4993,7016,4,608.55,14.0,2093.41,2025-11-08T00:00:00
11927,6604,7511,7,1984.25,26.0,10278.41,2025-06-10T00:00:00
11928,13178,14773,10,662.66,20.0,5301.28,2025-12-05T00:00:00
11929,630,5154,9,2060.57,28.0,13352.49,2025-11-18T00:00:00
11930,4522,7258,10,2075.38,15.0,17640.73,2025-03-21T00:00:00
11931,1577,7042,4,2105.61,5.0,8001.32,2023-06-20T00:00:00
11932,2478,4588,5,1338.3,3.0,6490.76,2024-11-16T00:00:00
11933,3340,2231,3,2948.87,17.0,7342.69,2023-07-01T00:00:00
11934,14185,14338,4,2160.36,5.0,8209.37,2023-09-25T00:00:00
11935,2013,14209,5,2099.35,7.0,9761.98,2024-05-15T00:00:00
11936,13801,6716,6,1805.8,20.0,8667.84,2024-02-29T00:00:00
11937,9477,2237,8,493.32,27.0,2880.99,2026-04-15T00:00:00
11938,2713,4198,3,2684.88,29.0,5718.79,2023-03-08T00:00:00
11939,3877,5532,1,1746.64,21.0,1379.85,2023-03-10T00:00:00
11940,5071,2938,8,2462.89,10.0,17732.81,2025-07-10T00:00:00
11941,12291,7860,4,648.33,14.0,2230.26,2025-09-03T00:00:00
11942,14584,12812,10,1921.36,2.0,18829.33,2023-07-11T00:00:00
11943,6399,14847,3,2977.17,29.0,6341.37,2024-12-23T00:00:00
11944,314,9978,6,531.87,12.0,2808.27,2026-03-24T00:00:00
11945,2954,12254,6,563.95,2.0,3316.03,2025-03-08T00:00:00
11946,8199,9886,7,2346.9,16.0,13799.77,2024-06-06T00:00:00
11947,9510,13921,1,2246.75,2.0,2201.82,2025-11-24T00:00:00
11948,3301,11726,2,996.59,24.0,1514.82,2023-05-03T00:00:00
11949,6318,12224,1,2020.81,28.0,1454.98,2026-01-20T00:00:00
11950,7176,9353,3,1467.82,12.0,3875.04,2024-02-27T00:00:00
11951,7279,13935,2,1299.88,17.0,2157.8,2024-06-28T00:00:00
11952,9525,13240,2,1988.77,0.0,3977.54,2024-03-16T00:00:00
11953,10017,5365,7,2838.18,8.0,18277.88,2024-07-04T00:00:00
11954,485,180,7,1741.31,16.0,10238.9,2023-05-01T00:00:00
11955,4997,13140,8,2693.33,18.0,17668.24,2023-10-19T00:00:00
11956,12485,4433,7,2097.13,25.0,11009.93,2024-07-29T00:00:00
11957,11254,14242,8,1386.46,20.0,8873.34,2024-10-16T00:00:00
11958,11066,9205,6,2691.63,8.0,14857.8,2026-03-27T00:00:00
11959,7479,1960,3,1920.85,12.0,5071.04,2025-08-07T00:00:00
11960,7781,5696,7,1518.05,30.0,7438.44,2023-07-08T00:00:00
11961,4427,6393,4,304.6,27.0,889.43,2024-08-25T00:00:00
11962,5284,1670,8,2893.74,11.0,20603.43,2023-12-28T00:00:00
11963,13601,935,6,742.9,5.0,4234.53,2025-01-25T00:00:00
11964,1409,8867,1,2439.07,20.0,1951.26,2025-03-27T00:00:00
11965,12488,12954,4,1046.0,15.0,3556.4,2024-09-06T00:00:00
11966,5566,12341,8,272.13,19.0,1763.4,2023-04-02T00:00:00
11967,12064,14358,9,2933.78,25.0,19803.01,2026-06-07T00:00:00
11968,11931,14141,1,2303.33,11.0,2049.96,2023-06-09T00:00:00
11969,10811,13913,10,678.85,7.0,6313.3,2024-08-11T00:00:00
11970,888,12512,9,427.03,24.0,2920.89,2023-08-22T00:00:00
11971,3035,2867,10,201.73,3.0,1956.78,2025-05-31T00:00:00
11972,13530,6266,6,1878.32,16.0,9466.73,2023-10-30T00:00:00
11973,4432,4396,6,2215.77,6.0,12496.94,2023-02-01T00:00:00
11974,4145,3572,3,1921.93,24.0,4382.0,2024-06-25T00:00:00
11975,11597,7800,9,484.34,24.0,3312.89,2024-09-02T00:00:00
11976,8718,8379,1,1737.27,28.0,1250.83,2024-11-09T00:00:00
11977,13991,9463,5,1558.34,28.0,5610.02,2024-01-24T00:00:00
11978,1135,11384,7,989.34,25.0,5194.03,2024-04-25T00:00:00
11979,11887,6633,3,1247.07,5.0,3554.15,2024-09-26T00:00:00
11980,6362,5323,5,2912.78,10.0,13107.51,2025-11-16T00:00:00
11981,8463,11983,5,2984.16,26.0,11041.39,2025-11-30T00:00:00
11982,9538,3121,1,704.19,7.0,654.9,2026-01-30T00:00:00
11983,12105,13849,10,2072.38,30.0,14506.66,2023-10-27T00:00:00
11984,12139,12398,8,2354.65,8.0,17330.22,2023-08-23T00:00:00
11985,1533,7338,7,286.89,11.0,1787.32,2024-10-25T00:00:00
11986,13121,4904,5,2557.69,5.0,12149.03,2025-07-27T00:00:00
11987,2050,11262,3,2006.01,24.0,4573.7,2024-09-02T00:00:00
11988,7109,12462,8,740.7,28.0,4266.43,2024-09-28T00:00:00
11989,11643,11043,2,528.02,16.0,887.07,2025-10-10T00:00:00
11990,3388,9751,10,978.49,6.0,9197.81,2024-03-25T00:00:00
11991,14883,5022,7,533.15,7.0,3470.81,2023-02-15T00:00:00
11992,7503,10238,8,104.85,18.0,687.82,2024-06-16T00:00:00
11993,4719,1723,6,2317.51,18.0,11402.15,2023-05-21T00:00:00
11994,4327,12078,4,602.74,17.0,2001.1,2025-12-08T00:00:00
11995,11101,10654,9,1471.87,22.0,10332.53,2023-08-31T00:00:00
11996,7497,6923,8,1288.82,24.0,7836.03,2024-09-11T00:00:00
11997,1754,10743,7,2642.51,1.0,18312.59,2023-11-03T00:00:00
11998,3938,7165,4,2416.45,17.0,8022.61,2023-02-06T00:00:00
11999,13809,8883,10,92.54,12.0,814.35,2024-05-30T00:00:00
12000,10114,12127,3,2323.83,7.0,6483.49,2025-03-22T00:00:00
12001,8237,8993,1,1301.89,6.0,1223.78,2023-10-03T00:00:00
12002,7946,9847,3,2097.31,20.0,5033.54,2024-04-17T00:00:00
12003,945,2111,9,1505.21,28.0,9753.76,2026-03-02T00:00:00
12004,2703,91,7,2496.32,29.0,12406.71,2025-11-12T00:00:00
12005,12747,8992,6,35.69,28.0,154.18,2023-11-27T00:00:00
12006,222,2834,6,1782.53,16.0,8983.95,2026-05-13T00:00:00
12007,5751,3539,2,2145.34,25.0,3218.01,2023-06-12T00:00:00
12008,12322,4910,3,1266.71,12.0,3344.11,2026-02-20T00:00:00
12009,7007,7723,9,805.03,3.0,7027.91,2024-09-06T00:00:00
12010,2344,13694,3,1606.36,24.0,3662.5,2025-05-13T00:00:00
12011,650,1331,6,1285.08,19.0,6245.49,2023-01-26T00:00:00
12012,8622,14224,7,792.92,9.0,5050.9,2024-04-18T00:00:00
12013,9825,7986,5,2690.27,15.0,11433.65,2024-08-23T00:00:00
12014,8443,11240,5,917.91,3.0,4451.86,2026-01-30T00:00:00
12015,1871,10052,9,1779.61,29.0,11371.71,2023-06-20T00:00:00
12016,7105,9239,3,831.11,3.0,2418.53,2023-07-29T00:00:00
12017,10057,5072,7,1743.1,12.0,10737.5,2026-01-12T00:00:00
12018,5503,1092,8,1131.99,13.0,7878.65,2023-05-24T00:00:00
12019,13706,2447,2,978.62,18.0,1604.94,2024-01-17T00:00:00
12020,5629,781,7,164.1,14.0,987.88,2026-04-05T00:00:00
12021,5726,13873,10,1381.07,19.0,11186.67,2025-03-19T00:00:00
12022,7043,7261,3,343.2,29.0,731.02,2026-02-22T00:00:00
12023,134,11728,3,2267.56,16.0,5714.25,2025-10-09T00:00:00
12024,9730,99,2,724.31,18.0,1187.87,2023-01-18T00:00:00
12025,10914,3810,7,34.95,19.0,198.17,2024-10-08T00:00:00
12026,2029,9754,8,434.25,13.0,3022.38,2024-04-08T00:00:00
12027,1615,10648,2,2021.72,14.0,3477.36,2024-08-26T00:00:00
12028,1411,12698,6,898.17,13.0,4688.45,2026-01-02T00:00:00
12029,11897,3456,6,2738.03,29.0,11664.01,2026-03-22T00:00:00
12030,14038,14669,5,2826.53,28.0,10175.51,2023-06-04T00:00:00
12031,11074,9647,3,2319.56,27.0,5079.84,2024-12-02T00:00:00
12032,10168,9993,10,77.83,11.0,692.69,2025-10-19T00:00:00
12033,3110,14577,7,2616.34,4.0,17581.8,2023-09-15T00:00:00
12034,2533,3561,5,826.0,11.0,3675.7,2025-06-01T00:00:00
12035,1355,11375,8,978.99,5.0,7440.32,2026-04-05T00:00:00
12036,4786,3816,10,2179.39,22.0,16999.24,2023-12-11T00:00:00
12037,4174,6049,1,1968.0,20.0,1574.4,2025-02-19T00:00:00
12038,6067,9202,6,315.49,25.0,1419.7,2023-03-13T00:00:00
12039,1058,11071,8,1572.22,21.0,9936.43,2025-08-29T00:00:00
12040,8770,5818,9,2647.18,6.0,22395.14,2024-04-26T00:00:00
12041,1954,10208,5,1367.13,4.0,6562.22,2023-05-20T00:00:00
12042,13576,13670,10,646.33,21.0,5106.01,2025-02-05T00:00:00
12043,4653,9071,4,1510.36,12.0,5316.47,2024-07-31T00:00:00
12044,11963,7661,3,2573.79,26.0,5713.81,2026-02-18T00:00:00
12045,13026,7380,3,417.16,4.0,1201.42,2023-01-21T00:00:00
12046,10066,5468,8,2873.06,14.0,19766.65,2023-03-01T00:00:00
12047,7878,8467,9,2680.63,4.0,23160.64,2025-12-08T00:00:00
12048,14956,10287,7,848.27,15.0,5047.21,2024-01-25T00:00:00
12049,4314,1425,5,2784.46,10.0,12530.07,2025-05-05T00:00:00
12050,6678,7351,5,2064.26,2.0,10114.87,2025-09-20T00:00:00
12051,4760,3329,2,2631.37,15.0,4473.33,2023-01-26T00:00:00
12052,1465,6090,5,326.07,20.0,1304.28,2024-01-07T00:00:00
12053,9865,1963,5,730.91,16.0,3069.82,2023-12-14T00:00:00
12054,12762,14054,5,2312.54,11.0,10290.8,2025-07-05T00:00:00
12055,2268,7533,5,2926.0,21.0,11557.7,2023-01-04T00:00:00
12056,6619,9911,6,1860.97,9.0,10160.9,2025-03-31T00:00:00
12057,5707,401,10,591.36,15.0,5026.56,2025-08-03T00:00:00
12058,6505,12917,7,2551.27,16.0,15001.47,2023-12-23T00:00:00
12059,9790,3324,7,1371.92,24.0,7298.61,2025-11-25T00:00:00
12060,1923,12486,2,1604.39,17.0,2663.29,2023-06-11T00:00:00
12061,5237,7593,10,491.09,6.0,4616.25,2023-03-24T00:00:00
12062,366,13931,4,2569.31,28.0,7399.61,2024-02-28T00:00:00
12063,11211,3788,3,38.95,21.0,92.31,2023-10-30T00:00:00
12064,4916,9472,7,1756.28,5.0,11679.26,2026-04-06T00:00:00
12065,11824,13732,10,1736.79,18.0,14241.68,2026-04-15T00:00:00
12066,1517,7429,3,698.99,23.0,1614.67,2025-04-27T00:00:00
12067,1605,6792,2,2016.46,24.0,3065.02,2023-03-13T00:00:00
12068,9318,7391,9,719.17,21.0,5113.3,2023-01-24T00:00:00
12069,141,9326,9,206.05,11.0,1650.46,2026-01-07T00:00:00
12070,2492,4271,8,2380.96,27.0,13904.81,2023-06-15T00:00:00
12071,14435,13467,9,2275.96,30.0,14338.55,2025-11-05T00:00:00
12072,14854,5489,3,1616.06,22.0,3781.58,2026-05-01T00:00:00
12073,11715,14396,10,2139.27,2.0,20964.85,2025-06-23T00:00:00
12074,11237,9059,9,1358.05,21.0,9655.74,2026-05-01T00:00:00
12075,834,6365,1,2386.3,28.0,1718.14,2024-08-03T00:00:00
12076,8237,12913,10,1345.66,5.0,12783.77,2025-12-07T00:00:00
12077,2685,378,1,2930.88,24.0,2227.47,2025-07-30T00:00:00
12078,9909,11979,6,2078.34,15.0,10599.53,2026-03-26T00:00:00
12079,7298,13063,1,2715.41,14.0,2335.25,2023-08-09T00:00:00
12080,7181,12441,6,2883.1,16.0,14530.82,2024-11-24T00:00:00
12081,5784,12207,2,2574.6,16.0,4325.33,2025-02-04T00:00:00
12082,13927,4579,1,917.66,14.0,789.19,2023-05-19T00:00:00
12083,19,11951,2,160.78,27.0,234.74,2024-12-04T00:00:00
12084,7231,9242,7,2657.19,17.0,15438.27,2026-02-04T00:00:00
12085,4320,12761,8,1676.79,26.0,9926.6,2025-10-03T00:00:00
12086,3666,2629,7,861.64,20.0,4825.18,2026-03-14T00:00:00
12087,5364,167,3,861.28,23.0,1989.56,2024-06-02T00:00:00
12088,10611,1871,8,1104.08,20.0,7066.11,2023-08-22T00:00:00
12089,5796,10505,6,953.51,16.0,4805.69,2023-04-27T00:00:00
12090,7333,1325,6,289.31,10.0,1562.27,2026-01-29T00:00:00
12091,1936,3708,1,2602.78,13.0,2264.42,2025-09-07T00:00:00
12092,9021,2943,2,2985.43,6.0,5612.61,2024-01-28T00:00:00
12093,14374,9443,10,1174.66,6.0,11041.8,2025-08-31T00:00:00
12094,6898,6777,5,2333.07,13.0,10148.85,2024-11-19T00:00:00
12095,7958,10355,6,2050.27,20.0,9841.3,2024-01-14T00:00:00
12096,7764,11675,7,2819.75,12.0,17369.66,2025-03-01T00:00:00
12097,13719,8991,1,2583.05,21.0,2040.61,2025-10-02T00:00:00
12098,8802,10291,5,2436.57,9.0,11086.39,2023-08-02T00:00:00
12099,3227,13520,10,1903.92,9.0,17325.67,2024-03-13T00:00:00
12100,9243,8139,5,113.92,25.0,427.2,2024-12-10T00:00:00
12101,4485,11062,6,536.35,27.0,2349.21,2025-04-08T00:00:00
12102,6789,10484,5,1078.61,11.0,4799.81,2026-06-06T00:00:00
12103,3703,12815,2,2011.84,20.0,3218.94,2023-03-13T00:00:00
12104,14428,14036,6,777.77,5.0,4433.29,2023-08-18T00:00:00
12105,4757,2037,5,2779.93,4.0,13343.66,2025-05-15T00:00:00
12106,4736,3878,3,2916.34,25.0,6561.77,2025-06-10T00:00:00
12107,1837,14073,7,74.03,10.0,466.39,2025-02-06T00:00:00
12108,12387,2651,6,1156.06,1.0,6867.0,2025-01-07T00:00:00
12109,9841,10913,3,2382.02,21.0,5645.39,2024-06-06T00:00:00
12110,12411,8410,1,1129.55,28.0,813.28,2025-11-03T00:00:00
12111,11328,10541,2,1907.85,23.0,2938.09,2026-04-08T00:00:00
12112,13682,7303,7,2283.29,26.0,11827.44,2023-01-03T00:00:00
12113,5874,5312,10,2653.8,19.0,21495.78,2024-05-17T00:00:00
12114,14041,3261,7,1148.29,14.0,6912.71,2026-02-07T00:00:00
12115,2973,2173,3,2524.37,7.0,7042.99,2026-05-29T00:00:00
12116,3628,12954,8,743.18,7.0,5529.26,2023-01-10T00:00:00
12117,11863,13342,8,590.39,5.0,4486.96,2026-01-29T00:00:00
12118,13422,11924,8,1171.49,11.0,8341.01,2024-04-14T00:00:00
12119,1792,8067,4,2714.71,10.0,9772.96,2024-12-24T00:00:00
12120,14272,12394,9,1578.46,7.0,13211.71,2025-03-30T00:00:00
12121,10395,3360,7,2645.1,24.0,14071.93,2023-03-06T00:00:00
12122,11867,12507,1,2118.98,21.0,1673.99,2023-01-28T00:00:00
12123,13080,5696,5,2233.98,23.0,8600.82,2026-02-13T00:00:00
12124,4015,346,4,2118.59,28.0,6101.54,2023-10-17T00:00:00
12125,3091,598,5,2017.06,21.0,7967.39,2024-06-09T00:00:00
12126,13236,5591,1,845.29,7.0,786.12,2023-05-25T00:00:00
12127,4708,49,6,1326.74,23.0,6129.54,2023-01-17T00:00:00
12128,3001,14594,5,897.0,22.0,3498.3,2023-09-29T00:00:00
12129,9942,3392,6,2621.09,5.0,14940.21,2023-11-15T00:00:00
12130,10608,13105,8,516.92,14.0,3556.41,2023-08-07T00:00:00
12131,12379,4319,7,2797.62,22.0,15275.01,2024-03-27T00:00:00
12132,4423,11927,1,1047.18,19.0,848.22,2023-01-05T00:00:00
12133,2226,11273,4,2918.94,9.0,10624.94,2023-08-30T00:00:00
12134,10737,9627,5,632.78,10.0,2847.51,2025-01-31T00:00:00
12135,748,3462,9,532.0,21.0,3782.52,2026-04-07T00:00:00
12136,4252,2712,5,2633.39,19.0,10665.23,2025-03-24T00:00:00
12137,657,6874,4,2517.75,8.0,9265.32,2023-10-01T00:00:00
12138,5589,7208,7,1240.29,28.0,6251.06,2023-03-31T00:00:00
12139,1036,6228,6,904.58,23.0,4179.16,2023-02-21T00:00:00
12140,1672,5861,7,2433.01,26.0,12602.99,2025-12-04T00:00:00
12141,8805,2535,8,1945.9,23.0,11986.74,2024-12-04T00:00:00
12142,11845,8632,7,2453.81,8.0,15802.54,2023-10-26T00:00:00
12143,8093,13720,8,537.09,20.0,3437.38,2025-10-27T00:00:00
12144,141,6479,10,2881.92,8.0,26513.66,2024-04-16T00:00:00
12145,10727,10937,9,1220.35,22.0,8566.86,2025-07-13T00:00:00
12146,14316,8597,10,1224.68,22.0,9552.5,2025-03-27T00:00:00
12147,11448,12069,1,459.94,14.0,395.55,2024-02-04T00:00:00
12148,13347,3601,2,1218.29,7.0,2266.02,2025-03-28T00:00:00
12149,5008,10777,6,582.29,22.0,2725.12,2023-07-14T00:00:00
12150,3231,13675,8,2841.07,9.0,20682.99,2026-04-04T00:00:00
12151,12776,2083,2,1360.77,21.0,2150.02,2025-03-09T00:00:00
12152,5399,8180,5,1659.03,7.0,7714.49,2026-04-21T00:00:00
12153,9522,1937,8,15.32,3.0,118.88,2026-04-03T00:00:00
12154,1373,3685,6,1520.59,6.0,8576.13,2026-03-18T00:00:00
12155,2750,7550,8,294.37,2.0,2307.86,2026-02-27T00:00:00
12156,3119,2107,3,1948.62,0.0,5845.86,2025-08-29T00:00:00
12157,498,5317,5,462.28,23.0,1779.78,2023-04-19T00:00:00
12158,7581,4517,4,2118.04,18.0,6947.17,2025-05-24T00:00:00
12159,13410,4548,1,2741.4,11.0,2439.85,2024-08-10T00:00:00
12160,14582,2368,4,1555.88,22.0,4854.35,2023-08-29T00:00:00
12161,13147,13468,2,2766.87,22.0,4316.32,2023-08-03T00:00:00
12162,4131,5220,6,1494.79,17.0,7444.05,2023-07-01T00:00:00
12163,4984,13447,8,1900.19,7.0,14137.41,2024-01-03T00:00:00
12164,9329,1835,1,1141.73,5.0,1084.64,2023-05-18T00:00:00
12165,7473,4205,4,1313.46,26.0,3887.84,2025-12-18T00:00:00
12166,5863,9564,5,2499.05,3.0,12120.39,2023-11-29T00:00:00
12167,2553,350,6,1919.28,20.0,9212.54,2023-09-02T00:00:00
12168,11168,13219,8,2404.21,18.0,15771.62,2023-11-11T00:00:00
12169,6165,8691,10,1187.68,8.0,10926.66,2023-09-16T00:00:00
12170,11244,4480,2,649.72,21.0,1026.56,2025-12-01T00:00:00
12171,1555,12790,6,562.37,29.0,2395.7,2023-06-08T00:00:00
12172,11834,6705,2,2701.68,15.0,4592.86,2024-01-23T00:00:00
12173,5285,2926,5,2652.71,11.0,11804.56,2025-04-19T00:00:00
12174,6482,3052,4,515.64,3.0,2000.68,2023-12-13T00:00:00
12175,5976,13238,3,1984.81,3.0,5775.8,2024-11-28T00:00:00
12176,7465,7573,6,1611.0,20.0,7732.8,2023-11-13T00:00:00
12177,13492,4853,10,2386.49,16.0,20046.52,2025-11-19T00:00:00
12178,6037,10008,3,1308.9,10.0,3534.03,2023-10-10T00:00:00
12179,13602,12283,3,48.01,12.0,126.75,2023-10-02T00:00:00
12180,3087,1772,1,1557.7,15.0,1324.05,2025-01-25T00:00:00
12181,8256,14764,10,1751.02,6.0,16459.59,2024-05-27T00:00:00
12182,13692,12847,6,1843.0,7.0,10283.94,2024-05-02T00:00:00
12183,6291,1214,4,409.68,9.0,1491.24,2024-06-22T00:00:00
12184,12512,4081,3,2355.12,3.0,6853.4,2023-10-25T00:00:00
12185,5477,1775,5,2002.06,26.0,7407.62,2025-07-29T00:00:00
12186,5290,11941,3,2300.42,22.0,5382.98,2023-03-11T00:00:00
12187,1621,2050,9,2768.41,3.0,24168.22,2026-01-21T00:00:00
12188,9957,13582,4,995.9,5.0,3784.42,2023-11-02T00:00:00
12189,13200,3517,6,2465.74,2.0,14498.55,2023-05-17T00:00:00
12190,4240,3606,1,638.73,21.0,504.6,2026-02-10T00:00:00
12191,14795,3782,3,2935.1,22.0,6868.13,2025-05-04T00:00:00
12192,4106,13994,4,1827.5,4.0,7017.6,2024-11-09T00:00:00
12193,12680,11930,10,1614.9,0.0,16149.0,2026-04-10T00:00:00
12194,5922,3154,6,1438.87,25.0,6474.91,2025-11-14T00:00:00
12195,7911,5212,7,2599.02,19.0,14736.44,2024-12-10T00:00:00
12196,3089,5960,5,2913.28,24.0,11070.46,2023-08-02T00:00:00
12197,1592,5997,1,1122.58,3.0,1088.9,2026-04-04T00:00:00
12198,74,12180,5,2592.73,16.0,10889.47,2025-04-28T00:00:00
12199,14808,12198,7,2117.61,5.0,14082.11,2023-03-07T00:00:00
12200,10069,14379,5,124.43,13.0,541.27,2025-03-15T00:00:00
12201,3264,3691,3,513.07,19.0,1246.76,2023-10-29T00:00:00
12202,3054,14303,9,152.59,23.0,1057.45,2024-03-07T00:00:00
12203,3606,3088,8,666.74,20.0,4267.14,2025-05-26T00:00:00
12204,119,740,9,478.32,5.0,4089.64,2026-01-02T00:00:00
12205,9963,5974,3,1041.98,22.0,2438.23,2024-09-30T00:00:00
12206,10763,2167,9,1873.49,4.0,16186.95,2025-07-31T00:00:00
12207,2046,6124,10,1237.92,18.0,10150.94,2024-03-19T00:00:00
12208,10020,49,5,1811.26,25.0,6792.22,2025-08-02T00:00:00
12209,14471,9647,6,2017.79,9.0,11017.13,2023-03-12T00:00:00
12210,3028,14157,9,2152.7,10.0,17436.87,2025-05-19T00:00:00
12211,797,13463,7,31.62,27.0,161.58,2026-05-30T00:00:00
12212,11679,1834,9,357.45,6.0,3024.03,2023-09-04T00:00:00
12213,9202,8118,2,637.07,27.0,930.12,2024-07-05T00:00:00
12214,412,5791,7,700.64,12.0,4315.94,2026-03-02T00:00:00
12215,6941,5856,4,1337.78,8.0,4923.03,2025-10-24T00:00:00
12216,9614,7235,3,1559.0,0.0,4677.0,2024-03-11T00:00:00
12217,8688,4638,5,1488.96,29.0,5285.81,2023-06-28T00:00:00
12218,6098,2049,6,1205.74,22.0,5642.86,2024-10-06T00:00:00
12219,5324,3103,10,1934.6,11.0,17217.94,2025-05-16T00:00:00
12220,6575,450,1,522.12,24.0,396.81,2026-05-12T00:00:00
12221,2130,6000,9,141.22,8.0,1169.3,2026-06-06T00:00:00
12222,7464,5118,6,1611.8,24.0,7349.81,2024-06-20T00:00:00
12223,295,12957,8,1093.49,18.0,7173.29,2026-06-02T00:00:00
12224,2817,14977,8,1680.88,4.0,12909.16,2023-04-10T00:00:00
12225,12845,356,8,79.11,6.0,594.91,2023-04-04T00:00:00
12226,9365,6556,2,1539.81,9.0,2802.45,2025-01-11T00:00:00
12227,9269,10203,6,373.49,2.0,2196.12,2025-09-29T00:00:00
12228,564,9135,7,1800.5,19.0,10208.84,2025-12-17T00:00:00
12229,11964,7058,6,2137.06,2.0,12565.91,2025-05-09T00:00:00
12230,4378,2174,4,1884.53,4.0,7236.6,2024-12-03T00:00:00
12231,3656,14675,3,471.7,15.0,1202.83,2025-11-11T00:00:00
12232,724,12030,1,1529.75,2.0,1499.15,2023-05-15T00:00:00
12233,2937,3757,2,1982.24,27.0,2894.07,2023-03-15T00:00:00
12234,14109,13966,3,1496.39,22.0,3501.55,2024-04-06T00:00:00
12235,79,6133,8,2372.03,18.0,15560.52,2025-09-16T00:00:00
12236,656,13107,4,755.24,18.0,2477.19,2023-03-11T00:00:00
12237,96,13535,9,2494.36,6.0,21102.29,2023-10-20T00:00:00
12238,7924,5871,4,691.24,19.0,2239.62,2025-09-22T00:00:00
12239,2329,6699,6,111.05,12.0,586.34,2025-08-25T00:00:00
12240,13567,14640,2,627.21,27.0,915.73,2024-03-26T00:00:00
12241,11912,72,6,1804.73,23.0,8337.85,2024-06-23T00:00:00
12242,270,599,6,2857.89,28.0,12346.08,2026-01-04T00:00:00
12243,10674,1961,7,1593.82,26.0,8255.99,2023-01-11T00:00:00
12244,9798,13032,6,1350.31,25.0,6076.39,2023-03-19T00:00:00
12245,12963,8391,10,2513.12,18.0,20607.58,2023-11-17T00:00:00
12246,2644,3135,8,2065.29,26.0,12226.52,2023-11-03T00:00:00
12247,7560,9223,4,896.23,10.0,3226.43,2023-05-10T00:00:00
12248,10193,1165,7,158.96,4.0,1068.21,2026-05-26T00:00:00
12249,10292,8289,7,2532.32,4.0,17017.19,2025-05-30T00:00:00
12250,11859,10847,4,223.73,9.0,814.38,2025-10-03T00:00:00
12251,12426,370,4,2182.5,20.0,6984.0,2024-05-23T00:00:00
12252,8166,2736,1,2883.75,14.0,2480.03,2023-11-27T00:00:00
12253,3453,11482,1,1117.5,10.0,1005.75,2025-11-05T00:00:00
12254,8762,12948,1,2828.3,8.0,2602.04,2024-09-24T00:00:00
12255,6900,7292,5,2563.03,19.0,10380.27,2024-04-07T00:00:00
12256,2838,7572,8,986.65,14.0,6788.15,2024-03-14T00:00:00
12257,12567,3900,3,2970.04,24.0,6771.69,2023-01-16T00:00:00
12258,4834,9098,7,506.81,18.0,2909.09,2025-10-20T00:00:00
12259,13357,5042,9,263.66,28.0,1708.52,2026-02-14T00:00:00
12260,5453,12760,3,644.2,5.0,1835.97,2026-05-10T00:00:00
12261,12019,4213,9,1953.03,21.0,13886.04,2023-08-31T00:00:00
12262,9783,12834,8,126.5,18.0,829.84,2024-02-27T00:00:00
12263,11798,13469,9,2387.74,29.0,15257.66,2025-04-25T00:00:00
12264,1756,3252,7,2519.93,20.0,14111.61,2023-02-04T00:00:00
12265,5112,9395,3,2474.92,18.0,6088.3,2023-10-22T00:00:00
12266,7700,14820,2,1404.52,29.0,1994.42,2026-01-07T00:00:00
12267,1596,6997,10,2258.04,29.0,16032.08,2026-03-12T00:00:00
12268,9790,614,10,2822.77,10.0,25404.93,2024-10-31T00:00:00
12269,5548,10020,3,1306.23,4.0,3761.94,2025-07-23T00:00:00
12270,975,12280,2,1210.7,27.0,1767.62,2023-01-20T00:00:00
12271,12448,1334,4,329.5,19.0,1067.58,2025-02-10T00:00:00
12272,4126,1834,4,589.57,27.0,1721.54,2024-12-11T00:00:00
12273,9204,10576,4,2946.23,8.0,10842.13,2024-03-11T00:00:00
12274,6973,4559,7,2782.2,1.0,19280.65,2023-09-04T00:00:00
12275,5050,10641,7,20.46,25.0,107.41,2025-07-15T00:00:00
12276,3308,14115,10,1100.18,21.0,8691.42,2024-05-31T00:00:00
12277,6735,5716,5,1103.21,12.0,4854.12,2024-11-25T00:00:00
12278,7530,6449,4,1992.19,22.0,6215.63,2024-11-25T00:00:00
12279,12942,9831,2,1549.57,23.0,2386.34,2023-08-22T00:00:00
12280,9818,8748,5,988.4,6.0,4645.48,2024-10-26T00:00:00
12281,8221,9654,9,1910.38,29.0,12207.33,2025-11-17T00:00:00
12282,445,2149,5,1825.28,28.0,6571.01,2025-08-30T00:00:00
12283,5442,7714,2,2862.59,2.0,5610.68,2026-04-20T00:00:00
12284,14031,6709,1,1633.31,11.0,1453.65,2026-03-02T00:00:00
12285,4163,14043,5,857.28,6.0,4029.22,2024-04-21T00:00:00
12286,9488,9624,10,2314.51,28.0,16664.47,2025-12-19T00:00:00
12287,13634,276,10,591.27,9.0,5380.56,2025-03-23T00:00:00
12288,282,4558,3,1255.8,25.0,2825.55,2023-03-03T00:00:00
12289,1488,5652,6,2614.61,30.0,10981.36,2025-11-15T00:00:00
12290,3211,5289,7,1998.92,12.0,12313.35,2024-02-14T00:00:00
12291,7478,7703,3,698.69,18.0,1718.78,2025-02-09T00:00:00
12292,1379,12496,5,1405.7,17.0,5833.65,2024-04-27T00:00:00
12293,7310,13651,8,43.1,23.0,265.5,2023-04-19T00:00:00
12294,12062,12484,4,1113.03,22.0,3472.65,2024-11-23T00:00:00
12295,14464,5744,4,642.32,9.0,2338.04,2024-08-23T00:00:00
12296,1792,1992,2,2288.39,20.0,3661.42,2026-01-19T00:00:00
12297,7238,10474,3,2319.42,28.0,5009.95,2025-02-25T00:00:00
12298,14309,2986,2,933.06,26.0,1380.93,2026-03-20T00:00:00
12299,12109,14211,4,2606.1,24.0,7922.54,2025-09-23T00:00:00
12300,13377,25,7,1324.92,19.0,7512.3,2025-03-20T00:00:00
12301,5535,1595,6,356.38,11.0,1903.07,2023-02-23T00:00:00
12302,6037,10824,2,951.49,12.0,1674.62,2025-06-19T00:00:00
12303,1319,3484,6,653.92,14.0,3374.23,2024-08-05T00:00:00
12304,1011,7761,2,2603.66,22.0,4061.71,2026-06-09T00:00:00
12305,14875,4131,7,550.4,28.0,2774.02,2024-02-26T00:00:00
12306,4567,4490,10,104.66,8.0,962.87,2025-08-30T00:00:00
12307,6464,3461,4,1160.2,28.0,3341.38,2026-05-01T00:00:00
12308,4849,8450,3,450.13,23.0,1039.8,2026-05-10T00:00:00
12309,951,49,1,720.58,16.0,605.29,2025-03-31T00:00:00
12310,6097,5284,6,1216.26,19.0,5911.02,2025-06-11T00:00:00
12311,11667,1678,5,940.9,9.0,4281.1,2024-02-27T00:00:00
12312,14312,1481,1,314.79,26.0,232.94,2024-02-27T00:00:00
12313,10416,10190,7,410.84,5.0,2732.09,2023-12-25T00:00:00
12314,1134,5594,8,1326.95,8.0,9766.35,2026-02-05T00:00:00
12315,7167,2934,3,2310.82,13.0,6031.24,2024-12-03T00:00:00
12316,12563,10302,10,2754.04,23.0,21206.11,2024-11-03T00:00:00
12317,3497,2863,6,2571.23,8.0,14193.19,2024-05-01T00:00:00
12318,50,8346,5,478.05,19.0,1936.1,2024-02-08T00:00:00
12319,13548,4785,3,298.67,9.0,815.37,2023-03-11T00:00:00
12320,5413,10909,2,1129.81,11.0,2011.06,2023-06-09T00:00:00
12321,551,10227,9,154.22,6.0,1304.7,2025-03-09T00:00:00
12322,10942,8204,9,894.42,3.0,7808.29,2023-02-05T00:00:00
12323,9240,9815,7,1760.73,19.0,9983.34,2024-11-30T00:00:00
12324,9337,1175,8,446.75,13.0,3109.38,2024-08-28T00:00:00
12325,1564,10146,9,2779.8,4.0,24017.47,2026-04-08T00:00:00
12326,2916,14682,1,2439.72,13.0,2122.56,2024-08-13T00:00:00
12327,12114,4528,5,483.89,20.0,1935.56,2023-08-15T00:00:00
12328,7880,10699,1,102.01,29.0,72.43,2025-09-06T00:00:00
12329,7980,7151,10,2313.09,11.0,20586.5,2024-04-19T00:00:00
12330,13901,11147,2,2782.36,27.0,4062.25,2025-02-03T00:00:00
12331,10328,14205,2,1804.21,29.0,2561.98,2024-05-28T00:00:00
12332,4267,6698,8,421.05,11.0,2997.88,2024-06-12T00:00:00
12333,9421,3987,1,2374.22,7.0,2208.02,2024-07-04T00:00:00
12334,10481,4371,5,2281.61,10.0,10267.25,2025-04-24T00:00:00
12335,8537,14572,1,1740.13,7.0,1618.32,2024-04-16T00:00:00
12336,5022,13810,10,1606.87,20.0,12854.96,2025-05-24T00:00:00
12337,6828,1955,6,1027.62,21.0,4870.92,2025-10-26T00:00:00
12338,13279,5952,3,2886.11,17.0,7186.41,2026-03-13T00:00:00
12339,9368,3778,3,1311.89,4.0,3778.24,2024-05-26T00:00:00
12340,10426,1717,3,2518.25,14.0,6497.09,2024-07-16T00:00:00
12341,2362,7478,7,1940.37,18.0,11137.72,2025-04-15T00:00:00
12342,8104,14002,6,2104.27,9.0,11489.31,2026-04-28T00:00:00
12343,14226,2448,1,335.2,3.0,325.14,2024-05-10T00:00:00
12344,12046,5446,4,740.04,20.0,2368.13,2025-02-19T00:00:00
12345,7809,12151,6,1761.37,29.0,7503.44,2025-06-23T00:00:00
12346,6965,6036,4,447.55,19.0,1450.06,2024-09-21T00:00:00
12347,3180,10881,9,2219.39,21.0,15779.86,2023-03-01T00:00:00
12348,6833,9085,9,2232.09,25.0,15066.61,2024-07-13T00:00:00
12349,2505,3483,10,1913.54,19.0,15499.67,2024-11-06T00:00:00
12350,5969,13182,10,21.56,18.0,176.79,2025-07-28T00:00:00
12351,14576,5979,6,100.43,9.0,548.35,2024-11-24T00:00:00
12352,10798,9037,3,1666.69,21.0,3950.06,2024-03-14T00:00:00
12353,5142,979,6,1658.82,25.0,7464.69,2025-08-18T00:00:00
12354,14021,5712,3,1644.45,14.0,4242.68,2023-08-12T00:00:00
12355,8328,675,7,2462.95,1.0,17068.24,2025-09-18T00:00:00
12356,5965,2275,9,518.48,9.0,4246.35,2023-12-01T00:00:00
12357,1144,1364,10,2512.19,19.0,20348.74,2025-07-13T00:00:00
12358,7765,2787,8,435.06,12.0,3062.82,2024-01-16T00:00:00
12359,11202,9307,3,11.08,5.0,31.58,2024-09-08T00:00:00
12360,3392,11075,10,108.04,8.0,993.97,2024-11-25T00:00:00
12361,10300,13228,5,2679.34,26.0,9913.56,2025-07-03T00:00:00
12362,3022,1225,2,2090.18,2.0,4096.75,2023-09-22T00:00:00
12363,8659,3670,5,299.41,17.0,1242.55,2024-05-28T00:00:00
12364,2935,14848,4,527.33,4.0,2024.95,2023-07-19T00:00:00
12365,1390,3165,2,1992.68,3.0,3865.8,2026-05-02T00:00:00
12366,12787,5723,4,2910.11,8.0,10709.2,2023-03-23T00:00:00
12367,9575,8724,3,658.5,0.0,1975.5,2025-12-27T00:00:00
12368,8107,2508,3,1448.62,19.0,3520.15,2024-11-11T00:00:00
12369,11257,5589,4,2802.66,3.0,10874.32,2023-12-20T00:00:00
12370,10607,12957,5,2214.11,6.0,10406.32,2024-02-10T00:00:00
12371,1421,2124,4,410.62,19.0,1330.41,2024-01-31T00:00:00
12372,7776,7863,6,2335.78,11.0,12473.07,2023-06-06T00:00:00
12373,10871,5136,9,1772.2,14.0,13716.83,2023-11-09T00:00:00
12374,156,14791,1,31.7,13.0,27.58,2024-11-01T00:00:00
12375,5792,2642,5,1858.95,14.0,7993.48,2025-10-17T00:00:00
12376,6304,4260,2,2335.7,9.0,4250.97,2024-09-11T00:00:00
12377,221,14458,9,1566.52,17.0,11701.9,2023-08-10T00:00:00
12378,8137,11645,8,1556.39,16.0,10458.94,2024-10-01T00:00:00
12379,9022,3638,5,16.9,28.0,60.84,2026-04-16T00:00:00
12380,12259,11617,3,1132.41,3.0,3295.31,2024-06-04T00:00:00
12381,10785,8088,1,1311.33,12.0,1153.97,2025-08-10T00:00:00
12382,8522,777,8,570.49,9.0,4153.17,2025-03-14T00:00:00
12383,486,10056,4,2042.0,7.0,7596.24,2026-06-09T00:00:00
12384,447,302,4,2563.42,16.0,8613.09,2025-12-03T00:00:00
12385,164,2792,2,2303.14,17.0,3823.21,2023-08-29T00:00:00
12386,3757,4501,2,2919.41,22.0,4554.28,2026-04-29T00:00:00
12387,5499,8671,8,1857.46,1.0,14711.08,2026-05-07T00:00:00
12388,3102,14550,4,793.23,0.0,3172.92,2025-07-27T00:00:00
12389,8264,3875,10,232.47,4.0,2231.71,2023-02-01T00:00:00
12390,242,2722,10,2703.25,12.0,23788.6,2023-12-29T00:00:00
12391,7124,8730,6,1192.83,6.0,6727.56,2023-07-19T00:00:00
12392,4045,10137,4,1707.1,3.0,6623.55,2023-08-27T00:00:00
12393,5494,6859,7,880.76,24.0,4685.64,2025-01-07T00:00:00
12394,12733,11123,1,1287.8,20.0,1030.24,2024-06-02T00:00:00
12395,14823,12452,1,2038.23,17.0,1691.73,2026-02-21T00:00:00
12396,10378,12324,6,1522.54,20.0,7308.19,2024-11-29T00:00:00
12397,3888,10816,1,388.33,11.0,345.61,2025-05-08T00:00:00
12398,3355,5393,5,1049.2,5.0,4983.7,2026-05-21T00:00:00
12399,11748,5565,2,1562.48,27.0,2281.22,2023-02-02T00:00:00
12400,999,14006,6,2319.35,7.0,12941.97,2024-02-29T00:00:00
12401,12189,12943,8,512.29,13.0,3565.54,2026-05-06T00:00:00
12402,14937,10838,9,213.82,24.0,1462.53,2025-05-28T00:00:00
12403,376,3467,4,1217.05,6.0,4576.11,2023-03-21T00:00:00
12404,4721,9059,7,1263.79,14.0,7608.02,2026-04-24T00:00:00
12405,13812,7355,3,892.69,20.0,2142.46,2025-08-12T00:00:00
12406,7646,581,6,300.96,23.0,1390.44,2025-06-13T00:00:00
12407,8729,5461,8,918.29,9.0,6685.15,2026-01-19T00:00:00
12408,9753,8136,9,2231.39,5.0,19078.38,2023-01-19T00:00:00
12409,1635,6697,5,2242.3,14.0,9641.89,2023-07-31T00:00:00
12410,4527,10177,3,424.34,29.0,903.84,2025-04-21T00:00:00
12411,9875,8736,6,2024.45,6.0,11417.9,2024-04-08T00:00:00
12412,14783,10914,1,139.61,30.0,97.73,2024-02-28T00:00:00
12413,1213,5926,8,442.61,18.0,2903.52,2023-04-04T00:00:00
12414,12842,9180,6,2223.16,25.0,10004.22,2024-07-24T00:00:00
12415,1271,12637,3,716.08,2.0,2105.28,2024-09-24T00:00:00
12416,1765,13225,5,416.96,13.0,1813.78,2025-04-24T00:00:00
12417,4246,8084,4,900.78,5.0,3422.96,2025-12-03T00:00:00
12418,1939,6411,7,538.72,8.0,3469.36,2026-03-03T00:00:00
12419,2515,14632,9,1250.14,25.0,8438.44,2025-08-12T00:00:00
12420,7972,3676,3,1536.9,6.0,4334.06,2024-06-06T00:00:00
12421,9200,12734,3,1353.42,12.0,3573.03,2026-05-23T00:00:00
12422,7734,9809,1,678.49,7.0,631.0,2025-11-03T00:00:00
12423,7144,10077,3,1182.79,3.0,3441.92,2024-06-09T00:00:00
12424,2988,1669,10,1632.07,19.0,13219.77,2024-12-05T00:00:00
12425,8507,8363,10,1453.33,15.0,12353.3,2023-12-01T00:00:00
12426,13518,10343,7,921.04,0.0,6447.28,2023-07-09T00:00:00
12427,9325,5480,9,803.2,22.0,5638.46,2024-11-06T00:00:00
12428,9663,2707,5,235.7,14.0,1013.51,2025-01-30T00:00:00
12429,4664,685,9,345.12,21.0,2453.8,2025-03-22T00:00:00
12430,11453,5656,9,1212.57,7.0,10149.21,2025-10-20T00:00:00
12431,13557,3021,2,2745.22,20.0,4392.35,2026-05-23T00:00:00
12432,8937,1886,2,321.26,1.0,636.09,2024-03-14T00:00:00
12433,12883,7877,8,609.9,26.0,3610.61,2023-09-18T00:00:00
12434,1038,7656,9,2658.64,21.0,18902.93,2024-02-01T00:00:00
12435,14211,4267,10,2491.33,15.0,21176.31,2025-07-22T00:00:00
12436,2017,8982,5,1439.05,9.0,6547.68,2025-10-28T00:00:00
12437,12300,5199,2,512.19,16.0,860.48,2025-09-01T00:00:00
12438,9876,3056,3,1178.57,19.0,2863.93,2025-01-16T00:00:00
12439,12443,13897,9,1981.17,12.0,15690.87,2024-04-25T00:00:00
12440,3352,2818,7,88.25,0.0,617.75,2024-01-15T00:00:00
12441,7609,6349,4,1774.1,25.0,5322.3,2024-05-30T00:00:00
12442,12179,13230,6,491.18,27.0,2151.37,2026-03-11T00:00:00
12443,4345,14837,8,2316.77,20.0,14827.33,2024-05-09T00:00:00
12444,7110,11520,9,2951.12,5.0,25232.08,2025-04-06T00:00:00
12445,7449,4237,9,1877.34,10.0,15206.45,2025-07-23T00:00:00
12446,4771,9876,4,1039.24,15.0,3533.42,2023-07-01T00:00:00
12447,3732,12250,10,1159.35,16.0,9738.54,2024-07-23T00:00:00
12448,14020,6381,1,625.27,17.0,518.97,2026-06-11T00:00:00
12449,2650,4939,9,2079.48,19.0,15159.41,2024-07-02T00:00:00
12450,12739,11201,4,2324.84,16.0,7811.46,2024-07-17T00:00:00
12451,3610,555,2,2437.69,16.0,4095.32,2026-06-07T00:00:00
12452,6021,9221,7,1042.79,16.0,6131.61,2024-01-13T00:00:00
12453,4527,2377,7,301.85,25.0,1584.71,2023-06-22T00:00:00
12454,13462,4763,8,1035.92,23.0,6381.27,2026-02-12T00:00:00
12455,2710,3535,8,657.02,10.0,4730.54,2024-06-23T00:00:00
12456,6571,9902,7,2045.08,28.0,10307.2,2025-02-23T00:00:00
12457,9736,7163,1,1517.8,26.0,1123.17,2023-11-10T00:00:00
12458,12088,14749,3,1667.42,20.0,4001.81,2023-10-29T00:00:00
12459,5550,550,4,172.08,7.0,640.14,2023-06-28T00:00:00
12460,3327,5442,9,2783.4,13.0,21794.02,2025-02-21T00:00:00
12461,166,9046,10,2755.87,9.0,25078.42,2026-04-03T00:00:00
12462,2002,10379,8,211.49,8.0,1556.57,2025-09-03T00:00:00
12463,8040,7603,3,575.44,25.0,1294.74,2025-03-15T00:00:00
12464,4038,11040,2,2757.36,30.0,3860.3,2024-02-28T00:00:00
12465,4104,14337,2,2336.85,28.0,3365.06,2024-12-16T00:00:00
12466,13390,371,1,1731.26,18.0,1419.63,2025-11-15T00:00:00
12467,3903,6492,2,1967.32,13.0,3423.14,2025-03-03T00:00:00
12468,8517,4767,3,880.16,19.0,2138.79,2024-07-03T00:00:00
12469,125,12883,1,282.9,17.0,234.81,2023-05-03T00:00:00
12470,9676,9430,5,2966.11,25.0,11122.91,2023-06-25T00:00:00
12471,10046,14977,3,1877.01,8.0,5180.55,2023-02-04T00:00:00
12472,13078,5748,6,2468.0,11.0,13179.12,2023-06-30T00:00:00
12473,3356,6902,3,169.63,21.0,402.02,2023-03-14T00:00:00
12474,4258,13019,2,833.73,28.0,1200.57,2025-04-06T00:00:00
12475,13566,14580,6,452.57,0.0,2715.42,2024-09-26T00:00:00
12476,9552,9359,5,505.38,11.0,2248.94,2024-12-11T00:00:00
12477,9448,9626,6,1732.04,21.0,8209.87,2025-05-12T00:00:00
12478,6018,3038,2,672.76,29.0,955.32,2026-02-03T00:00:00
12479,2070,14533,2,1313.86,22.0,2049.62,2025-06-02T00:00:00
12480,1473,13607,7,2991.34,26.0,15495.14,2025-05-06T00:00:00
12481,2807,6208,9,2278.42,22.0,15994.51,2024-04-01T00:00:00
12482,13720,13515,1,1986.74,17.0,1648.99,2025-02-14T00:00:00
12483,14628,13796,8,2443.57,10.0,17593.7,2024-10-19T00:00:00
12484,9535,4371,5,714.82,19.0,2895.02,2024-04-20T00:00:00
12485,9749,3717,4,343.93,19.0,1114.33,2026-01-02T00:00:00
12486,4793,13784,4,2882.03,26.0,8530.81,2025-02-10T00:00:00
12487,12122,13886,4,2044.17,20.0,6541.34,2024-01-15T00:00:00
12488,13723,8179,1,2833.51,5.0,2691.83,2023-08-16T00:00:00
12489,13864,3036,6,2512.56,7.0,14020.08,2026-06-01T00:00:00
12490,2873,14079,3,905.59,30.0,1901.74,2024-04-24T00:00:00
12491,7731,14577,1,1277.31,20.0,1021.85,2024-11-30T00:00:00
12492,10170,5255,7,1893.38,3.0,12856.05,2024-08-12T00:00:00
12493,11127,1670,8,1910.85,26.0,11312.23,2025-07-14T00:00:00
12494,5100,13470,10,1891.68,15.0,16079.28,2023-07-17T00:00:00
12495,9008,5583,3,185.71,22.0,434.56,2026-05-16T00:00:00
12496,2906,13192,4,807.27,22.0,2518.68,2024-03-19T00:00:00
12497,6598,12827,8,2197.27,11.0,15644.56,2023-01-18T00:00:00
12498,11916,10124,7,609.81,24.0,3244.19,2024-07-15T00:00:00
12499,10960,14018,9,1512.45,29.0,9664.56,2026-04-08T00:00:00
12500,13531,8425,7,906.81,8.0,5839.86,2023-12-05T00:00:00
12501,149,12770,8,60.38,13.0,420.24,2023-03-01T00:00:00
12502,14744,14108,8,956.23,22.0,5966.88,2025-12-13T00:00:00
12503,9004,400,8,165.5,1.0,1310.76,2023-08-24T00:00:00
12504,14149,9552,6,2257.32,3.0,13137.6,2024-12-16T00:00:00
12505,60,7052,10,2774.29,17.0,23026.61,2023-02-21T00:00:00
12506,10770,14561,1,1600.38,16.0,1344.32,2023-05-07T00:00:00
12507,2865,10544,4,2138.87,11.0,7614.38,2026-02-20T00:00:00
12508,8113,11912,6,922.29,19.0,4482.33,2023-02-19T00:00:00
12509,1614,2890,1,2599.27,19.0,2105.41,2023-06-21T00:00:00
12510,4295,11493,10,779.22,22.0,6077.92,2024-03-03T00:00:00
12511,3570,9529,6,1523.53,11.0,8135.65,2024-10-02T00:00:00
12512,2979,11635,8,330.32,17.0,2193.32,2024-01-23T00:00:00
12513,6696,7567,4,977.35,9.0,3557.55,2023-02-03T00:00:00
12514,12189,10518,5,123.28,19.0,499.28,2023-07-19T00:00:00
12515,4519,4809,8,382.17,5.0,2904.49,2023-06-24T00:00:00
12516,10752,3164,10,2384.8,7.0,22178.64,2023-07-09T00:00:00
12517,9297,3142,5,1112.24,11.0,4949.47,2025-08-11T00:00:00
12518,8540,5134,3,1362.51,6.0,3842.28,2024-06-30T00:00:00
12519,8227,6356,1,85.93,5.0,81.63,2025-11-18T00:00:00
12520,6939,10163,7,2220.9,15.0,13214.36,2023-10-20T00:00:00
12521,8642,2462,10,727.57,24.0,5529.53,2024-11-24T00:00:00
12522,12403,4693,1,987.48,10.0,888.73,2024-09-27T00:00:00
12523,14233,11818,9,555.39,12.0,4398.69,2025-11-30T00:00:00
12524,12894,10986,4,1004.07,18.0,3293.35,2024-07-30T00:00:00
12525,360,9943,6,2595.99,22.0,12149.23,2023-10-11T00:00:00
12526,5874,5403,4,2157.83,15.0,7336.62,2024-09-30T00:00:00
12527,10256,2362,4,564.39,12.0,1986.65,2023-08-27T00:00:00
12528,8841,10795,8,1260.81,10.0,9077.83,2025-04-14T00:00:00
12529,8676,8743,7,2846.93,7.0,18533.51,2024-09-06T00:00:00
12530,10099,3354,9,1527.04,4.0,13193.63,2024-11-18T00:00:00
12531,11768,4302,8,2182.95,25.0,13097.7,2024-05-14T00:00:00
12532,13634,9105,4,365.45,29.0,1037.88,2024-09-14T00:00:00
12533,13766,4980,2,1818.35,19.0,2945.73,2025-09-03T00:00:00
12534,6420,222,7,494.39,4.0,3322.3,2024-12-18T00:00:00
12535,6481,14642,10,1682.71,30.0,11778.97,2023-04-23T00:00:00
12536,12171,13321,3,874.45,3.0,2544.65,2025-06-02T00:00:00
12537,1953,1648,1,2665.45,1.0,2638.8,2023-05-10T00:00:00
12538,684,1663,9,2889.9,28.0,18726.55,2023-09-11T00:00:00
12539,5253,10146,6,335.74,29.0,1430.25,2024-07-02T00:00:00
12540,12552,12191,6,662.44,10.0,3577.18,2025-11-28T00:00:00
12541,7597,11839,8,1786.95,5.0,13580.82,2025-05-24T00:00:00
12542,7826,12896,7,2003.48,15.0,11920.71,2025-08-03T00:00:00
12543,4706,7849,5,182.73,15.0,776.6,2023-12-07T00:00:00
12544,12611,10720,6,778.81,10.0,4205.57,2024-01-07T00:00:00
12545,1069,13888,3,2268.19,5.0,6464.34,2025-12-31T00:00:00
12546,1249,6025,3,2003.46,4.0,5769.96,2025-08-13T00:00:00
12547,2286,9104,9,2208.92,10.0,17892.25,2023-05-25T00:00:00
12548,4651,12070,2,2071.18,9.0,3769.55,2024-03-26T00:00:00
12549,3030,4200,5,1720.87,3.0,8346.22,2025-10-17T00:00:00
12550,9613,4238,4,47.01,29.0,133.51,2024-10-12T00:00:00
12551,10190,863,2,431.27,13.0,750.41,2024-12-13T00:00:00
12552,11470,13931,7,686.2,10.0,4323.06,2025-01-14T00:00:00
12553,6675,10588,3,1296.92,20.0,3112.61,2024-10-11T00:00:00
12554,7632,14479,2,2418.7,23.0,3724.8,2024-02-25T00:00:00
12555,608,14201,10,2518.57,10.0,22667.13,2025-01-18T00:00:00
12556,4581,14572,3,1286.88,18.0,3165.72,2025-01-12T00:00:00
12557,6798,6026,5,422.91,24.0,1607.06,2023-10-08T00:00:00
12558,14396,11897,2,1740.85,17.0,2889.81,2024-09-09T00:00:00
12559,1925,8910,1,474.65,7.0,441.42,2025-09-03T00:00:00
12560,514,8354,2,2524.28,23.0,3887.39,2025-01-05T00:00:00
12561,3877,14203,4,1480.56,20.0,4737.79,2025-01-21T00:00:00
12562,5887,8722,6,1099.27,15.0,5606.28,2024-05-24T00:00:00
12563,1530,10436,3,2521.5,24.0,5749.02,2024-01-05T00:00:00
12564,8989,4250,8,2051.97,18.0,13460.92,2024-10-19T00:00:00
12565,1905,8925,6,1136.94,2.0,6685.21,2024-12-13T00:00:00
12566,12291,1615,7,1191.25,19.0,6754.39,2023-10-13T00:00:00
12567,4227,14759,7,946.55,12.0,5830.75,2026-04-30T00:00:00
12568,3100,11664,1,1863.41,24.0,1416.19,2024-06-21T00:00:00
12569,1164,11559,9,762.57,16.0,5765.03,2023-04-17T00:00:00
12570,816,8792,5,2503.11,15.0,10638.22,2025-07-04T00:00:00
12571,13287,9484,7,2379.57,20.0,13325.59,2026-01-21T00:00:00
12572,1097,5483,10,2500.96,29.0,17756.82,2025-12-30T00:00:00
12573,13161,613,3,1505.44,20.0,3613.06,2024-07-11T00:00:00
12574,641,3509,1,1164.23,28.0,838.25,2026-05-25T00:00:00
12575,3779,1087,7,1617.23,13.0,9848.93,2025-03-11T00:00:00
12576,11113,2852,7,121.03,23.0,652.35,2023-01-21T00:00:00
12577,3962,8729,7,1980.0,7.0,12889.8,2023-09-07T00:00:00
12578,6100,1662,8,1648.63,1.0,13057.15,2025-12-31T00:00:00
12579,7993,10921,5,2279.37,8.0,10485.1,2023-09-11T00:00:00
12580,1397,8694,2,905.25,3.0,1756.18,2026-02-11T00:00:00
12581,11525,14653,9,527.01,11.0,4221.35,2024-12-23T00:00:00
12582,6290,14408,9,91.88,9.0,752.5,2023-08-13T00:00:00
12583,12359,378,9,1237.33,21.0,8797.42,2023-06-07T00:00:00
12584,270,13538,3,2007.95,6.0,5662.42,2023-09-18T00:00:00
12585,9355,9627,7,592.84,26.0,3070.91,2024-11-06T00:00:00
12586,1790,6911,3,1249.12,28.0,2698.1,2026-03-20T00:00:00
12587,7657,3233,3,236.63,15.0,603.41,2025-02-14T00:00:00
12588,2236,9081,2,693.9,26.0,1026.97,2025-05-02T00:00:00
12589,10467,3338,1,1975.24,18.0,1619.7,2024-03-07T00:00:00
12590,9860,7689,8,273.74,19.0,1773.84,2024-01-27T00:00:00
12591,6973,2099,8,114.04,25.0,684.24,2023-03-04T00:00:00
12592,4871,3930,8,695.79,28.0,4007.75,2025-06-18T00:00:00
12593,11431,14285,2,2651.26,24.0,4029.92,2026-02-13T00:00:00
12594,1438,4561,1,630.44,30.0,441.31,2025-10-09T00:00:00
12595,11990,9233,2,194.09,29.0,275.61,2023-08-16T00:00:00
12596,11079,9032,3,824.53,10.0,2226.23,2025-05-18T00:00:00
12597,2967,4918,2,758.44,9.0,1380.36,2025-07-09T00:00:00
12598,2422,5924,4,2020.59,21.0,6385.06,2025-11-28T00:00:00
12599,5589,5516,4,904.81,7.0,3365.89,2025-12-16T00:00:00
12600,12084,6803,10,2090.85,24.0,15890.46,2023-10-02T00:00:00
12601,2397,568,8,1402.76,27.0,8192.12,2025-01-21T00:00:00
12602,8788,13842,4,764.65,9.0,2783.33,2024-08-05T00:00:00
12603,7255,774,4,481.99,11.0,1715.88,2023-02-17T00:00:00
12604,8716,9241,5,2617.99,20.0,10471.96,2025-09-04T00:00:00
12605,6340,2081,5,481.34,26.0,1780.96,2025-08-04T00:00:00
12606,8747,1324,2,1602.98,7.0,2981.54,2025-08-26T00:00:00
12607,10561,5842,2,1613.81,20.0,2582.1,2023-02-17T00:00:00
12608,488,9751,1,1595.03,26.0,1180.32,2026-04-20T00:00:00
12609,5291,4247,7,2810.67,17.0,16329.99,2023-09-12T00:00:00
12610,7488,13482,9,1888.23,26.0,12575.61,2026-03-13T00:00:00
12611,9657,11476,6,2138.17,15.0,10904.67,2024-01-07T00:00:00
12612,2688,12408,7,223.41,0.0,1563.87,2024-02-01T00:00:00
12613,13389,14579,7,1503.77,5.0,10000.07,2026-02-18T00:00:00
12614,9507,9121,8,2665.19,21.0,16844.0,2025-12-06T00:00:00
12615,2833,10770,2,994.92,18.0,1631.67,2026-04-11T00:00:00
12616,3435,11269,1,1405.58,0.0,1405.58,2025-05-26T00:00:00
12617,5018,2723,5,2924.9,29.0,10383.39,2024-07-27T00:00:00
12618,886,4120,1,1850.77,25.0,1388.08,2025-03-21T00:00:00
12619,9016,7382,8,2836.36,3.0,22010.15,2025-01-01T00:00:00
12620,12888,10105,4,2873.0,21.0,9078.68,2025-08-17T00:00:00
12621,7890,5309,1,1388.64,14.0,1194.23,2026-03-08T00:00:00
12622,9439,1204,7,2250.92,8.0,14495.92,2023-02-04T00:00:00
12623,12180,1657,9,430.0,8.0,3560.4,2024-07-03T00:00:00
12624,4762,9088,10,312.9,28.0,2252.88,2024-01-05T00:00:00
12625,6863,9183,10,1648.76,5.0,15663.22,2023-11-12T00:00:00
12626,3079,13433,1,466.31,19.0,377.71,2025-11-17T00:00:00
12627,6370,12889,9,1627.36,13.0,12742.23,2023-12-08T00:00:00
12628,4804,3502,5,2937.95,7.0,13661.47,2023-06-08T00:00:00
12629,6741,4225,2,1067.79,12.0,1879.31,2024-05-22T00:00:00
12630,13144,12356,1,158.83,8.0,146.12,2023-06-04T00:00:00
12631,5845,1599,6,946.26,10.0,5109.8,2025-09-11T00:00:00
12632,1912,9880,6,880.88,29.0,3752.55,2023-08-03T00:00:00
12633,7740,6050,8,504.72,18.0,3310.96,2025-09-02T00:00:00
12634,3750,14540,2,1389.0,24.0,2111.28,2025-10-10T00:00:00
12635,8229,4203,1,2574.03,3.0,2496.81,2025-02-27T00:00:00
12636,7089,10392,8,1057.11,29.0,6004.38,2023-04-23T00:00:00
12637,8016,9430,4,2240.37,14.0,7706.87,2023-11-21T00:00:00
12638,5356,5862,7,1137.7,19.0,6450.76,2025-01-26T00:00:00
12639,3939,10720,4,211.81,19.0,686.26,2025-10-02T00:00:00
12640,13978,8776,2,2546.0,22.0,3971.76,2023-03-02T00:00:00
12641,8945,4546,4,835.89,1.0,3310.12,2024-11-13T00:00:00
12642,6508,1395,10,1647.94,2.0,16149.81,2024-06-19T00:00:00
12643,6009,1472,5,1655.59,15.0,7036.26,2025-05-13T00:00:00
12644,4516,13453,7,1040.11,4.0,6989.54,2023-12-29T00:00:00
12645,427,3407,9,1827.81,5.0,15627.78,2024-12-02T00:00:00
12646,2687,14518,5,2897.74,6.0,13619.38,2025-07-01T00:00:00
12647,3307,5432,6,1308.23,3.0,7613.9,2024-09-20T00:00:00
12648,4037,5759,10,286.37,2.0,2806.43,2025-03-21T00:00:00
12649,134,11016,10,1031.52,15.0,8767.92,2023-09-23T00:00:00
12650,13425,3282,4,2602.51,26.0,7703.43,2024-06-27T00:00:00
12651,12927,9218,6,2158.18,11.0,11524.68,2023-12-02T00:00:00
12652,5600,12795,5,2973.05,21.0,11743.55,2025-09-15T00:00:00
12653,12983,791,5,2914.63,7.0,13553.03,2023-03-31T00:00:00
12654,6565,955,4,1290.14,15.0,4386.48,2025-06-29T00:00:00
12655,2886,130,5,730.71,20.0,2922.84,2024-10-21T00:00:00
12656,519,4137,9,25.9,2.0,228.44,2025-03-07T00:00:00
12657,6633,8559,9,2354.19,6.0,19916.45,2025-05-30T00:00:00
12658,462,9391,1,2907.17,29.0,2064.09,2023-02-08T00:00:00
12659,10154,10729,6,2986.44,3.0,17381.08,2024-04-07T00:00:00
12660,11603,11024,10,2817.04,7.0,26198.47,2023-02-02T00:00:00
12661,2006,13637,6,2672.81,1.0,15876.49,2026-02-13T00:00:00
12662,11747,13854,2,2778.12,4.0,5333.99,2023-10-21T00:00:00
12663,9424,10321,9,208.97,16.0,1579.81,2024-03-29T00:00:00
12664,5363,3290,4,521.51,9.0,1898.3,2025-08-31T00:00:00
12665,3749,14526,7,2475.44,11.0,15421.99,2024-01-17T00:00:00
12666,11596,3234,4,1113.21,5.0,4230.2,2025-02-05T00:00:00
12667,14550,14684,2,1628.69,15.0,2768.77,2023-01-28T00:00:00
12668,13302,81,4,2001.59,7.0,7445.91,2023-12-21T00:00:00
12669,13419,14625,1,728.2,24.0,553.43,2023-04-25T00:00:00
12670,5252,5609,1,2793.36,24.0,2122.95,2023-11-06T00:00:00
12671,12690,6055,6,1431.39,12.0,7557.74,2023-11-11T00:00:00
12672,5507,343,7,312.7,6.0,2057.57,2023-07-26T00:00:00
12673,6600,3754,2,2460.75,25.0,3691.12,2024-05-21T00:00:00
12674,7498,5819,6,382.51,1.0,2272.11,2025-03-01T00:00:00
12675,5629,6180,9,575.79,16.0,4352.97,2025-12-06T00:00:00
12676,728,3379,4,1740.54,10.0,6265.94,2023-09-23T00:00:00
12677,3842,10516,3,125.67,5.0,358.16,2025-10-21T00:00:00
12678,7403,12567,8,551.22,20.0,3527.81,2025-02-09T00:00:00
12679,10173,6301,5,536.54,1.0,2655.87,2023-08-14T00:00:00
12680,7951,8,7,1634.06,14.0,9837.04,2023-09-05T00:00:00
12681,13624,10816,10,1188.11,8.0,10930.61,2023-05-18T00:00:00
12682,4987,314,5,2793.99,17.0,11595.06,2023-12-22T00:00:00
12683,14381,1409,10,2209.17,24.0,16789.69,2025-10-08T00:00:00
12684,12251,4433,3,2524.59,15.0,6437.7,2025-07-01T00:00:00
12685,7,3941,1,517.09,28.0,372.3,2024-12-26T00:00:00
12686,10441,308,2,1838.42,6.0,3456.23,2025-06-08T00:00:00
12687,5896,2060,6,811.78,24.0,3701.72,2026-06-11T00:00:00
12688,553,11570,2,2771.97,9.0,5044.99,2024-09-06T00:00:00
12689,9866,7888,3,949.09,10.0,2562.54,2023-01-27T00:00:00
12690,6332,14525,7,139.11,15.0,827.7,2024-01-25T00:00:00
12691,573,14946,8,941.24,24.0,5722.74,2023-04-30T00:00:00
12692,14161,10417,2,524.34,9.0,954.3,2024-11-07T00:00:00
12693,7037,7506,3,2215.07,17.0,5515.52,2023-09-22T00:00:00
12694,12880,12213,1,1060.39,9.0,964.95,2023-10-18T00:00:00
12695,9921,14384,1,1797.07,22.0,1401.71,2024-11-19T00:00:00
12696,3672,3582,9,936.25,29.0,5982.64,2023-11-04T00:00:00
12697,14271,4708,2,2143.77,6.0,4030.29,2025-06-15T00:00:00
12698,498,14371,6,282.76,13.0,1476.01,2025-11-03T00:00:00
12699,8493,205,7,1657.82,21.0,9167.74,2025-02-22T00:00:00
12700,11844,8770,10,1401.15,28.0,10088.28,2025-12-31T00:00:00
12701,3679,740,5,396.8,16.0,1666.56,2026-01-01T00:00:00
12702,1329,7188,3,2372.87,28.0,5125.4,2026-01-07T00:00:00
12703,8375,4925,6,2047.58,12.0,10811.22,2026-03-11T00:00:00
12704,13407,8323,1,726.1,20.0,580.88,2023-05-01T00:00:00
12705,4786,6341,3,893.38,4.0,2572.93,2023-07-13T00:00:00
12706,1060,80,3,2208.24,27.0,4836.05,2026-04-17T00:00:00
12707,6424,14265,7,2468.55,12.0,15206.27,2024-12-19T00:00:00
12708,8123,14960,3,2581.23,29.0,5498.02,2025-11-15T00:00:00
12709,937,2567,3,2076.53,21.0,4921.38,2025-09-04T00:00:00
12710,11672,929,4,2870.28,12.0,10103.39,2025-04-17T00:00:00
12711,5856,675,3,521.16,8.0,1438.4,2023-04-12T00:00:00
12712,9428,3180,10,2562.58,11.0,22806.96,2025-06-12T00:00:00
12713,11132,8269,8,285.49,6.0,2146.88,2024-11-21T00:00:00
12714,10175,7788,4,1245.71,23.0,3836.79,2025-10-14T00:00:00
12715,10195,9201,2,2735.77,12.0,4814.96,2024-02-03T00:00:00
12716,633,7777,7,1934.4,2.0,13269.98,2023-10-22T00:00:00
12717,7941,13945,3,2951.78,11.0,7881.25,2024-10-26T00:00:00
12718,9996,9893,2,990.48,7.0,1842.29,2023-10-29T00:00:00
12719,3213,10282,8,1116.3,20.0,7144.32,2023-07-11T00:00:00
12720,2073,10453,8,58.62,27.0,342.34,2023-10-31T00:00:00
12721,7673,13291,10,2438.48,16.0,20483.23,2024-03-07T00:00:00
12722,13140,7211,2,1843.73,3.0,3576.84,2024-03-28T00:00:00
12723,12839,12719,9,1384.44,10.0,11213.96,2023-12-20T00:00:00
12724,5553,14790,8,1265.07,14.0,8703.68,2025-03-24T00:00:00
12725,8410,11670,6,2859.01,25.0,12865.55,2026-04-01T00:00:00
12726,11357,13890,7,155.81,26.0,807.1,2026-04-02T00:00:00
12727,11691,7334,1,1231.39,2.0,1206.76,2024-07-21T00:00:00
12728,2165,14522,5,2759.81,7.0,12833.12,2024-10-20T00:00:00
12729,9481,1109,9,2085.58,10.0,16893.2,2023-05-26T00:00:00
12730,3819,6092,4,2573.54,7.0,9573.57,2024-06-29T00:00:00
12731,4702,9915,4,398.77,18.0,1307.97,2024-11-04T00:00:00
12732,186,7838,4,303.62,19.0,983.73,2025-04-16T00:00:00
12733,9216,12814,5,1169.66,22.0,4561.67,2025-01-18T00:00:00
12734,1034,13066,5,873.87,25.0,3277.01,2024-02-06T00:00:00
12735,930,3830,5,1816.76,24.0,6903.69,2023-05-01T00:00:00
12736,7461,3717,4,964.9,12.0,3396.45,2024-05-17T00:00:00
12737,64,6899,8,2819.47,13.0,19623.51,2023-02-14T00:00:00
12738,10655,5757,5,1386.81,14.0,5963.28,2025-04-17T00:00:00
12739,12681,14016,1,1360.48,9.0,1238.04,2025-08-24T00:00:00
12740,7349,13843,4,454.5,5.0,1727.1,2026-01-31T00:00:00
12741,10000,392,1,1053.0,27.0,768.69,2024-12-31T00:00:00
12742,5773,5224,9,114.96,3.0,1003.6,2025-12-07T00:00:00
12743,13265,13849,5,2945.41,13.0,12812.53,2023-01-11T00:00:00
12744,156,627,4,2721.07,29.0,7727.84,2023-04-19T00:00:00
12745,8856,8726,5,2025.36,20.0,8101.44,2024-10-28T00:00:00
12746,1352,10441,1,1280.08,28.0,921.66,2026-03-30T00:00:00
12747,6806,12624,2,729.72,5.0,1386.47,2023-09-29T00:00:00
12748,5098,9665,3,2636.41,12.0,6960.12,2024-04-03T00:00:00
12749,12548,11453,9,728.7,10.0,5902.47,2024-01-08T00:00:00
12750,1819,13815,5,2384.85,16.0,10016.37,2023-02-15T00:00:00
12751,12384,8730,8,2231.01,20.0,14278.46,2024-03-03T00:00:00
12752,7233,5969,2,2163.81,25.0,3245.72,2024-12-18T00:00:00
12753,10852,5312,7,1618.58,13.0,9857.15,2024-12-07T00:00:00
12754,14521,3885,5,487.05,15.0,2069.96,2025-08-31T00:00:00
12755,329,7518,4,2214.49,19.0,7174.95,2023-07-06T00:00:00
12756,3164,10745,4,322.08,11.0,1146.6,2023-10-24T00:00:00
12757,5066,4163,7,1599.03,10.0,10073.89,2024-10-24T00:00:00
12758,4694,3104,5,2217.0,3.0,10752.45,2024-01-29T00:00:00
12759,10933,9465,9,2800.05,23.0,19404.35,2024-05-24T00:00:00
12760,8251,6517,2,716.54,17.0,1189.46,2023-05-05T00:00:00
12761,1875,6029,4,619.03,14.0,2129.46,2023-04-20T00:00:00
12762,1619,7180,10,780.6,20.0,6244.8,2026-04-24T00:00:00
12763,2811,8230,2,1902.91,8.0,3501.35,2023-02-04T00:00:00
12764,7307,10990,6,2525.08,18.0,12423.39,2024-07-27T00:00:00
12765,331,3140,1,459.94,6.0,432.34,2024-03-31T00:00:00
12766,6953,10628,3,2823.61,4.0,8132.0,2025-06-06T00:00:00
12767,2380,4261,3,381.17,30.0,800.46,2024-02-01T00:00:00
12768,12748,471,4,397.86,22.0,1241.32,2023-05-17T00:00:00
12769,3128,7566,10,1945.33,7.0,18091.57,2025-01-25T00:00:00
12770,8441,8685,5,103.4,27.0,377.41,2024-09-26T00:00:00
12771,4485,5436,2,937.93,1.0,1857.1,2025-08-07T00:00:00
12772,13659,8599,2,2713.91,18.0,4450.81,2024-12-26T00:00:00
12773,9255,2240,2,2488.78,11.0,4430.03,2026-04-22T00:00:00
12774,6236,226,9,99.83,24.0,682.84,2023-06-30T00:00:00
12775,12480,7180,7,2176.18,29.0,10815.61,2024-03-30T00:00:00
12776,3502,6961,7,252.2,12.0,1553.55,2026-03-12T00:00:00
12777,5082,13376,10,2808.73,8.0,25840.32,2023-02-18T00:00:00
12778,4249,8874,3,314.64,8.0,868.41,2025-10-05T00:00:00
12779,14843,1596,2,394.88,5.0,750.27,2023-07-08T00:00:00
12780,9500,1248,6,894.66,22.0,4187.01,2025-10-10T00:00:00
12781,1625,6318,1,579.91,23.0,446.53,2023-06-27T00:00:00
12782,5663,5815,6,272.88,14.0,1408.06,2023-12-14T00:00:00
12783,14704,1207,9,1613.5,24.0,11036.34,2023-05-05T00:00:00
12784,13217,3122,3,2122.59,26.0,4712.15,2023-12-23T00:00:00
12785,13713,5197,1,2528.03,10.0,2275.23,2024-08-07T00:00:00
12786,14683,13823,9,1618.44,18.0,11944.09,2023-06-12T00:00:00
12787,8547,864,1,1646.28,21.0,1300.56,2025-03-16T00:00:00
12788,13380,992,9,418.51,4.0,3615.93,2023-06-09T00:00:00
12789,7272,4899,5,2105.43,14.0,9053.35,2023-04-24T00:00:00
12790,10674,1925,8,1491.29,16.0,10021.47,2026-05-23T00:00:00
12791,13537,11839,6,2916.27,25.0,13123.22,2024-10-26T00:00:00
12792,9978,7131,9,2418.5,27.0,15889.55,2023-10-08T00:00:00
12793,949,412,3,1275.25,16.0,3213.63,2023-10-08T00:00:00
12794,4876,14143,1,847.75,11.0,754.5,2026-01-11T00:00:00
12795,11516,13253,2,1142.81,7.0,2125.63,2023-10-26T00:00:00
12796,12609,9351,5,39.64,14.0,170.45,2023-09-20T00:00:00
12797,3499,12459,4,1467.32,20.0,4695.42,2025-01-03T00:00:00
12798,8557,13300,8,232.25,2.0,1820.84,2024-12-04T00:00:00
12799,614,9808,5,1823.99,22.0,7113.56,2023-07-28T00:00:00
12800,13620,2551,2,2240.15,28.0,3225.82,2025-05-04T00:00:00
12801,12140,773,7,1528.53,2.0,10485.72,2024-08-04T00:00:00
12802,7773,2497,2,987.75,29.0,1402.61,2023-07-25T00:00:00
12803,11063,5717,10,1968.69,28.0,14174.57,2025-10-24T00:00:00
12804,8647,11352,2,39.19,4.0,75.24,2024-05-21T00:00:00
12805,5266,10523,2,216.19,25.0,324.28,2023-07-07T00:00:00
12806,2179,5568,7,1149.75,17.0,6680.05,2024-07-09T00:00:00
12807,2831,8313,5,664.41,3.0,3222.39,2023-07-30T00:00:00
12808,5890,10413,6,1099.09,9.0,6001.03,2024-03-12T00:00:00
12809,6297,5089,1,2425.82,25.0,1819.37,2026-01-03T00:00:00
12810,3768,7278,7,117.89,23.0,635.43,2023-11-01T00:00:00
12811,8901,12184,4,1087.85,15.0,3698.69,2024-09-24T00:00:00
12812,326,11960,9,1321.39,21.0,9395.08,2025-09-30T00:00:00
12813,4275,12378,4,1204.65,20.0,3854.88,2023-03-07T00:00:00
12814,14251,6674,7,1891.88,29.0,9402.64,2024-01-05T00:00:00
12815,682,9787,3,2511.43,7.0,7006.89,2025-02-18T00:00:00
12816,3467,14783,10,2187.7,29.0,15532.67,2026-01-25T00:00:00
12817,2531,13095,8,1794.06,22.0,11194.93,2024-09-12T00:00:00
12818,11371,4679,10,1229.64,25.0,9222.3,2023-07-10T00:00:00
12819,7160,8930,5,1252.17,6.0,5885.2,2024-04-17T00:00:00
12820,955,4833,5,2910.64,19.0,11788.09,2026-02-10T00:00:00
12821,11251,1534,1,2167.38,20.0,1733.9,2023-12-08T00:00:00
12822,7675,13564,8,782.97,3.0,6075.85,2023-03-06T00:00:00
12823,8487,11505,5,2733.51,28.0,9840.64,2025-09-12T00:00:00
12824,7165,11785,8,2152.04,12.0,15150.36,2024-05-20T00:00:00
12825,13106,13431,1,1522.16,25.0,1141.62,2024-03-20T00:00:00
12826,1518,12484,3,1535.75,28.0,3317.22,2025-06-17T00:00:00
12827,1658,11503,6,1840.67,0.0,11044.02,2023-10-30T00:00:00
12828,2798,5089,8,2698.09,22.0,16836.08,2024-07-04T00:00:00
12829,7921,11127,6,2402.39,12.0,12684.62,2023-02-23T00:00:00
12830,10643,5953,6,195.17,20.0,936.82,2024-05-26T00:00:00
12831,4515,9853,7,2899.71,11.0,18065.19,2023-08-18T00:00:00
12832,6902,8633,5,207.88,14.0,893.88,2024-11-26T00:00:00
12833,7151,2796,10,211.1,14.0,1815.46,2023-06-03T00:00:00
12834,632,8612,9,2418.94,17.0,18069.48,2024-12-03T00:00:00
12835,9146,13740,6,2380.16,25.0,10710.72,2023-11-10T00:00:00
12836,7240,8193,8,2065.9,21.0,13056.49,2023-06-15T00:00:00
12837,798,6645,9,1358.39,10.0,11002.96,2026-01-25T00:00:00
12838,9933,10624,4,2890.71,6.0,10869.07,2023-01-26T00:00:00
12839,14415,11965,3,2822.25,26.0,6265.39,2024-08-30T00:00:00
12840,3674,9639,8,1259.87,9.0,9171.85,2023-06-25T00:00:00
12841,4352,7754,6,1689.62,8.0,9326.7,2025-07-16T00:00:00
12842,465,8617,8,1815.27,0.0,14522.16,2024-04-21T00:00:00
12843,2660,8582,9,2745.33,16.0,20754.69,2023-08-15T00:00:00
12844,2806,9977,6,1694.93,26.0,7525.49,2026-02-24T00:00:00
12845,6930,7808,1,87.3,3.0,84.68,2024-10-08T00:00:00
12846,12454,6525,8,2225.83,11.0,15847.91,2024-07-31T00:00:00
12847,2540,3775,3,827.6,5.0,2358.66,2023-06-28T00:00:00
12848,13211,12632,4,2378.86,8.0,8754.2,2024-09-03T00:00:00
12849,1986,9677,9,41.1,11.0,329.21,2024-11-17T00:00:00
12850,2997,3525,7,2275.57,26.0,11787.45,2025-06-20T00:00:00
12851,9733,6102,7,442.34,6.0,2910.6,2023-05-27T00:00:00
12852,981,10903,2,2372.21,25.0,3558.32,2023-08-06T00:00:00
12853,9149,3371,1,344.06,21.0,271.81,2024-03-04T00:00:00
12854,9570,4471,8,2700.64,17.0,17932.25,2023-06-02T00:00:00
12855,7385,4486,6,1209.54,6.0,6821.81,2026-01-28T00:00:00
12856,6682,9471,4,1465.85,5.0,5570.23,2024-02-21T00:00:00
12857,10388,8473,1,1744.39,21.0,1378.07,2025-02-14T00:00:00
12858,12158,2858,9,2425.13,30.0,15278.32,2024-09-13T00:00:00
12859,12551,5892,9,2374.1,28.0,15384.17,2024-04-20T00:00:00
12860,1291,783,7,2868.95,16.0,16869.43,2024-03-11T00:00:00
12861,14656,12464,7,862.5,19.0,4890.38,2024-04-12T00:00:00
12862,10487,7655,5,2935.67,26.0,10861.98,2024-10-11T00:00:00
12863,4007,2261,1,2834.75,24.0,2154.41,2025-09-18T00:00:00
12864,12675,1530,2,955.09,16.0,1604.55,2024-11-09T00:00:00
12865,878,12491,5,2101.21,23.0,8089.66,2025-10-23T00:00:00
12866,325,9676,10,1208.15,30.0,8457.05,2024-01-25T00:00:00
12867,11649,6042,10,107.22,5.0,1018.59,2024-05-22T00:00:00
12868,9564,9858,1,2515.82,16.0,2113.29,2023-10-10T00:00:00
12869,4879,3633,2,898.87,6.0,1689.88,2026-01-17T00:00:00
12870,5785,8180,5,817.38,0.0,4086.9,2023-02-16T00:00:00
12871,8176,1010,6,1375.1,29.0,5857.93,2024-09-09T00:00:00
12872,6391,14080,2,2301.52,14.0,3958.61,2024-03-15T00:00:00
12873,2344,8523,5,1394.19,17.0,5785.89,2024-04-27T00:00:00
12874,14099,2027,10,2010.63,23.0,15481.85,2024-06-27T00:00:00
12875,7884,12150,5,295.79,27.0,1079.63,2025-03-27T00:00:00
12876,407,4747,6,1821.34,29.0,7758.91,2025-07-06T00:00:00
12877,6731,2490,5,1984.62,22.0,7740.02,2025-08-12T00:00:00
12878,13036,13870,7,464.36,28.0,2340.37,2025-03-24T00:00:00
12879,3302,4852,2,359.99,5.0,683.98,2024-05-31T00:00:00
12880,8737,12919,9,2389.5,16.0,18064.62,2023-09-29T00:00:00
12881,13081,6705,1,919.31,2.0,900.92,2023-12-06T00:00:00
12882,9156,13577,5,2860.48,21.0,11298.9,2024-12-01T00:00:00
12883,7147,4171,2,149.98,9.0,272.96,2023-08-14T00:00:00
12884,9590,2169,5,480.86,26.0,1779.18,2023-12-23T00:00:00
12885,6900,7014,9,905.17,29.0,5784.04,2023-12-22T00:00:00
12886,5623,13828,1,407.65,16.0,342.43,2026-01-03T00:00:00
12887,8410,6090,1,809.46,25.0,607.1,2024-01-23T00:00:00
12888,7152,14557,4,600.15,23.0,1848.46,2025-07-01T00:00:00
12889,11214,13634,9,849.3,20.0,6114.96,2023-12-25T00:00:00
12890,8814,6455,4,999.06,22.0,3117.07,2024-04-16T00:00:00
12891,10876,7956,1,385.84,19.0,312.53,2024-06-26T00:00:00
12892,11318,2346,5,218.73,0.0,1093.65,2023-07-16T00:00:00
12893,8533,13927,1,2863.67,22.0,2233.66,2026-01-28T00:00:00
12894,1118,787,7,207.69,9.0,1322.99,2025-08-01T00:00:00
12895,12691,6152,8,1075.74,11.0,7659.27,2026-05-12T00:00:00
12896,8227,13256,2,2990.23,19.0,4844.17,2025-02-13T00:00:00
12897,9330,10690,4,1099.97,1.0,4355.88,2025-07-03T00:00:00
12898,7167,12771,7,751.12,16.0,4416.59,2023-08-10T00:00:00
12899,13923,7740,4,149.0,4.0,572.16,2023-08-18T00:00:00
12900,2743,1898,7,1419.67,28.0,7155.14,2025-12-06T00:00:00
12901,5416,4100,6,240.75,7.0,1343.38,2023-08-08T00:00:00
12902,7965,4691,6,2636.95,13.0,13764.88,2024-04-04T00:00:00
12903,3521,3697,7,2330.73,22.0,12725.79,2024-05-24T00:00:00
12904,12188,13650,9,2406.74,1.0,21444.05,2024-06-05T00:00:00
12905,13818,9142,6,2809.89,19.0,13656.07,2025-07-15T00:00:00
12906,4744,7302,4,2939.98,16.0,9878.33,2023-06-13T00:00:00
12907,12863,9219,10,2949.59,17.0,24481.6,2024-12-16T00:00:00
12908,13006,5693,5,1986.79,11.0,8841.22,2024-11-04T00:00:00
12909,7190,8968,2,340.06,5.0,646.11,2026-02-05T00:00:00
12910,1155,13995,5,1631.36,20.0,6525.44,2025-08-23T00:00:00
12911,7897,8670,5,1550.54,26.0,5737.0,2024-01-15T00:00:00
12912,14179,4912,10,2823.66,15.0,24001.11,2025-10-28T00:00:00
12913,6401,13644,4,2008.74,3.0,7793.91,2024-02-25T00:00:00
12914,7808,4323,4,1578.21,4.0,6060.33,2025-09-10T00:00:00
12915,1548,5247,9,566.68,18.0,4182.1,2024-02-09T00:00:00
12916,4641,4225,1,2297.77,2.0,2251.81,2025-09-18T00:00:00
12917,4318,796,8,1562.36,28.0,8999.19,2023-09-09T00:00:00
12918,13807,3243,8,1668.01,21.0,10541.82,2023-02-11T00:00:00
12919,2383,14440,1,1487.56,5.0,1413.18,2025-04-08T00:00:00
12920,7899,2839,1,806.51,8.0,741.99,2023-08-25T00:00:00
12921,10678,11796,4,423.88,27.0,1237.73,2025-10-25T00:00:00
12922,5038,2929,10,1134.04,29.0,8051.68,2023-02-20T00:00:00
12923,13882,10851,8,2269.13,23.0,13977.84,2023-07-02T00:00:00
12924,3498,2580,10,1284.19,1.0,12713.48,2024-02-20T00:00:00
12925,1543,7871,7,2985.65,8.0,19227.59,2023-04-17T00:00:00
12926,7824,1393,1,936.97,8.0,862.01,2023-08-14T00:00:00
12927,1773,1291,3,2963.98,7.0,8269.5,2025-02-09T00:00:00
12928,14405,1935,7,71.14,27.0,363.53,2025-09-20T00:00:00
12929,13307,12775,2,638.3,2.0,1251.07,2023-09-26T00:00:00
12930,1864,12977,1,2684.81,13.0,2335.78,2023-11-05T00:00:00
12931,6113,2631,6,1605.99,15.0,8190.55,2023-02-25T00:00:00
12932,12261,2738,7,2684.38,7.0,17475.31,2025-11-04T00:00:00
12933,1412,14902,5,654.11,20.0,2616.44,2024-02-01T00:00:00
12934,8692,10913,4,1373.45,9.0,4999.36,2024-06-20T00:00:00
12935,5385,9715,3,2450.55,1.0,7278.13,2025-04-30T00:00:00
12936,12404,9750,9,591.51,16.0,4471.82,2024-01-07T00:00:00
12937,11547,258,4,1357.46,5.0,5158.35,2023-02-26T00:00:00
12938,2346,5823,5,1410.96,19.0,5714.39,2025-10-26T00:00:00
12939,11644,11383,10,1342.05,3.0,13017.89,2024-12-31T00:00:00
12940,5374,11040,9,1183.55,28.0,7669.4,2023-05-08T00:00:00
12941,1173,13632,10,1155.73,2.0,11326.15,2023-11-17T00:00:00
12942,13967,5434,8,2283.4,7.0,16988.5,2024-01-25T00:00:00
12943,10216,2409,8,1232.45,6.0,9268.02,2025-03-28T00:00:00
12944,10675,1084,9,2711.68,23.0,18791.94,2024-04-26T00:00:00
12945,7765,3815,4,1821.83,16.0,6121.35,2023-03-07T00:00:00
12946,6879,9144,4,980.04,28.0,2822.52,2024-09-02T00:00:00
12947,1183,14552,9,605.75,20.0,4361.4,2023-08-03T00:00:00
12948,1496,7881,8,15.6,10.0,112.32,2023-06-02T00:00:00
12949,5023,6514,7,557.95,22.0,3046.41,2023-04-08T00:00:00
12950,10492,5699,3,1565.25,3.0,4554.88,2024-11-25T00:00:00
12951,10070,6831,1,2251.63,9.0,2048.98,2024-03-27T00:00:00
12952,8668,6607,1,1010.98,3.0,980.65,2025-01-01T00:00:00
12953,7317,5430,2,1226.06,17.0,2035.26,2025-06-19T00:00:00
12954,8684,410,2,2879.81,27.0,4204.52,2024-11-24T00:00:00
12955,8920,11366,8,650.04,14.0,4472.28,2025-12-16T00:00:00
12956,13444,2069,4,239.77,27.0,700.13,2023-08-26T00:00:00
12957,3757,10755,8,2385.58,25.0,14313.48,2026-02-21T00:00:00
12958,2267,3989,7,368.81,1.0,2555.85,2025-08-01T00:00:00
12959,6205,1988,5,2058.62,6.0,9675.51,2025-10-08T00:00:00
12960,3686,6027,2,2783.9,4.0,5345.09,2024-07-11T00:00:00
12961,6049,477,1,1241.26,18.0,1017.83,2025-08-14T00:00:00
12962,1804,14879,4,2044.26,14.0,7032.25,2024-04-23T00:00:00
12963,7820,13881,4,141.91,21.0,448.44,2024-08-18T00:00:00
12964,7071,3087,4,2376.77,9.0,8651.44,2024-03-06T00:00:00
12965,4496,5890,2,2118.68,5.0,4025.49,2025-06-28T00:00:00
12966,10629,13985,4,527.65,27.0,1540.74,2023-04-19T00:00:00
12967,9427,13555,5,114.08,27.0,416.39,2024-01-26T00:00:00
12968,7403,1659,10,977.99,23.0,7530.52,2026-01-11T00:00:00
12969,13373,12684,5,2831.63,20.0,11326.52,2023-06-15T00:00:00
12970,4592,10836,4,1141.38,21.0,3606.76,2023-10-23T00:00:00
12971,2525,10046,9,280.45,9.0,2296.89,2023-01-08T00:00:00
12972,2473,13912,2,1352.81,27.0,1975.1,2023-01-06T00:00:00
12973,5810,5111,2,1780.21,26.0,2634.71,2026-04-10T00:00:00
12974,14160,5738,6,1023.8,3.0,5958.52,2026-02-23T00:00:00
12975,13158,10298,8,1524.09,1.0,12070.79,2025-02-18T00:00:00
12976,12379,12115,1,590.36,16.0,495.9,2023-02-03T00:00:00
12977,5321,5292,5,2639.22,19.0,10688.84,2026-03-26T00:00:00
12978,8163,1321,10,2968.24,16.0,24933.22,2023-05-16T00:00:00
12979,11809,14527,6,2188.9,25.0,9850.05,2025-11-21T00:00:00
12980,999,14017,1,982.55,27.0,717.26,2026-01-27T00:00:00
12981,10235,5576,3,1752.78,17.0,4364.42,2024-08-21T00:00:00
12982,4778,7548,4,1287.0,17.0,4272.84,2024-02-05T00:00:00
12983,638,14760,10,2854.48,16.0,23977.63,2025-05-05T00:00:00
12984,6520,10147,8,2136.11,2.0,16747.1,2025-08-03T00:00:00
12985,5436,5491,2,10.5,10.0,18.9,2023-12-12T00:00:00
12986,2063,11652,10,1720.44,13.0,14967.83,2024-06-26T00:00:00
12987,3396,4617,1,1242.54,15.0,1056.16,2024-01-10T00:00:00
12988,10666,12731,4,36.2,15.0,123.08,2023-05-07T00:00:00
12989,10636,4007,7,2963.52,20.0,16595.71,2025-02-28T00:00:00
12990,11666,11040,5,2037.72,10.0,9169.74,2024-12-12T00:00:00
12991,5736,8758,4,1790.06,15.0,6086.2,2025-07-17T00:00:00
12992,9035,4221,7,773.44,5.0,5143.38,2026-04-07T00:00:00
12993,13894,8845,4,868.07,1.0,3437.56,2024-06-07T00:00:00
12994,10450,2783,2,412.79,17.0,685.23,2025-07-26T00:00:00
12995,6697,2036,9,1705.42,16.0,12892.98,2024-04-14T00:00:00
12996,7454,2077,4,267.45,6.0,1005.61,2024-11-17T00:00:00
12997,11581,10260,4,1273.9,20.0,4076.48,2025-09-20T00:00:00
12998,1778,11020,3,52.81,9.0,144.17,2024-09-20T00:00:00
12999,1346,13215,1,2630.8,5.0,2499.26,2025-01-06T00:00:00
13000,4776,6238,5,672.79,3.0,3263.03,2025-02-11T00:00:00
13001,5468,11698,10,2728.59,13.0,23738.73,2026-03-03T00:00:00
13002,10949,10520,9,710.65,27.0,4668.97,2025-08-06T00:00:00
13003,13970,6921,2,1455.21,2.0,2852.21,2023-01-02T00:00:00
13004,2377,10925,9,2223.32,3.0,19409.58,2024-02-05T00:00:00
13005,2602,1105,1,792.39,19.0,641.84,2026-05-15T00:00:00
13006,7565,5272,6,1454.21,2.0,8550.75,2023-06-25T00:00:00
13007,1250,11775,2,2229.16,9.0,4057.07,2024-10-18T00:00:00
13008,9574,13504,7,182.28,7.0,1186.64,2025-08-22T00:00:00
13009,8473,6147,7,1923.33,9.0,12251.61,2025-08-30T00:00:00
13010,1195,5659,5,2075.85,29.0,7369.27,2023-09-20T00:00:00
13011,4721,6062,1,558.88,26.0,413.57,2026-03-27T00:00:00
13012,5825,8804,7,2758.23,20.0,15446.09,2025-01-30T00:00:00
13013,8723,14315,6,770.94,17.0,3839.28,2024-08-10T00:00:00
13014,12787,1694,1,2200.26,21.0,1738.21,2024-11-27T00:00:00
13015,13245,560,5,19.8,20.0,79.2,2023-04-18T00:00:00
13016,5173,14095,7,2408.55,25.0,12644.89,2023-08-02T00:00:00
13017,9853,1953,9,330.85,29.0,2114.13,2025-04-30T00:00:00
13018,5405,11029,7,1587.85,13.0,9670.01,2023-09-04T00:00:00
13019,13621,7657,6,1517.4,13.0,7920.83,2024-03-05T00:00:00
13020,13627,10157,9,2737.91,8.0,22669.89,2025-01-27T00:00:00
13021,1075,8389,4,1046.17,18.0,3431.44,2026-03-11T00:00:00
13022,2038,2685,1,1478.89,11.0,1316.21,2025-09-17T00:00:00
13023,6209,14801,3,2674.25,13.0,6979.79,2026-03-06T00:00:00
13024,1740,10014,8,413.11,10.0,2974.39,2024-11-06T00:00:00
13025,2896,6220,9,1996.13,6.0,16887.26,2024-07-23T00:00:00
13026,9551,14622,9,1472.37,29.0,9408.44,2025-07-23T00:00:00
13027,8998,13524,7,2687.99,18.0,15429.06,2024-04-05T00:00:00
13028,6164,8517,1,2368.69,16.0,1989.7,2025-02-08T00:00:00
13029,924,11021,6,1601.19,10.0,8646.43,2024-04-11T00:00:00
13030,13817,11451,6,2417.27,8.0,13343.33,2025-09-29T00:00:00
13031,10361,4305,7,2377.88,8.0,15313.55,2025-05-30T00:00:00
13032,3404,7347,3,2153.57,20.0,5168.57,2024-04-09T00:00:00
13033,8393,7566,1,565.69,18.0,463.87,2026-05-30T00:00:00
13034,7448,10841,8,2735.17,18.0,17942.72,2026-02-12T00:00:00
13035,12199,2671,8,1462.2,3.0,11346.67,2025-05-26T00:00:00
13036,7850,5462,7,512.14,1.0,3549.13,2025-04-18T00:00:00
13037,6432,12584,3,1464.15,12.0,3865.36,2023-08-01T00:00:00
13038,14224,7913,6,1897.46,1.0,11270.91,2026-02-25T00:00:00
13039,1966,13477,8,891.94,7.0,6636.03,2023-11-06T00:00:00
13040,12360,13119,1,1971.16,13.0,1714.91,2023-03-09T00:00:00
13041,3686,2874,6,2877.34,5.0,16400.84,2025-08-12T00:00:00
13042,6655,12168,6,2918.3,23.0,13482.55,2024-09-03T00:00:00
13043,3497,5693,10,1952.23,24.0,14836.95,2024-06-22T00:00:00
13044,10817,13774,5,1127.02,17.0,4677.13,2026-03-08T00:00:00
13045,3037,3876,6,483.65,16.0,2437.6,2023-01-04T00:00:00
13046,10819,14030,9,2531.76,16.0,19140.11,2024-09-06T00:00:00
13047,9698,1754,3,308.65,2.0,907.43,2025-05-16T00:00:00
13048,7497,14522,4,1559.44,26.0,4615.94,2025-10-28T00:00:00
13049,2141,14634,4,2902.65,27.0,8475.74,2024-06-23T00:00:00
13050,9100,1095,4,2421.91,25.0,7265.73,2023-05-15T00:00:00
13051,14592,11136,7,1543.78,11.0,9617.75,2025-08-19T00:00:00
13052,10842,6536,3,818.29,9.0,2233.93,2023-04-13T00:00:00
13053,13785,10993,3,219.58,1.0,652.15,2025-01-12T00:00:00
13054,8469,10822,4,2404.28,7.0,8943.92,2023-08-03T00:00:00
13055,6589,5136,5,2850.99,5.0,13542.2,2024-06-27T00:00:00
13056,5229,9149,2,2584.53,6.0,4858.92,2025-03-03T00:00:00
13057,5749,7589,10,624.05,28.0,4493.16,2023-09-03T00:00:00
13058,1899,2233,4,908.6,14.0,3125.58,2024-02-06T00:00:00
13059,7764,7132,6,2975.58,25.0,13390.11,2024-02-14T00:00:00
13060,12049,11223,8,1643.73,27.0,9599.38,2024-11-13T00:00:00
13061,1394,9633,9,541.23,16.0,4091.7,2023-05-22T00:00:00
13062,7743,2734,4,1839.79,13.0,6402.47,2024-11-02T00:00:00
13063,11223,12777,6,1874.55,4.0,10797.41,2025-03-21T00:00:00
13064,12679,10094,3,2734.29,12.0,7218.53,2025-02-25T00:00:00
13065,14440,8702,7,2649.22,6.0,17431.87,2024-01-20T00:00:00
13066,13215,14413,6,2823.17,28.0,12196.09,2024-07-20T00:00:00
13067,6720,922,2,2138.53,18.0,3507.19,2025-10-22T00:00:00
13068,3170,1329,6,2955.15,18.0,14539.34,2025-10-15T00:00:00
13069,10183,4789,3,1586.84,19.0,3856.02,2023-02-23T00:00:00
13070,12113,2160,8,1475.06,12.0,10384.42,2024-09-24T00:00:00
13071,12953,396,9,873.76,13.0,6841.54,2023-08-07T00:00:00
13072,7999,13107,7,1406.78,21.0,7779.49,2025-02-19T00:00:00
13073,10085,12633,10,2533.17,9.0,23051.85,2023-08-29T00:00:00
13074,10228,6759,10,1911.79,18.0,15676.68,2023-10-05T00:00:00
13075,11475,12822,8,586.58,20.0,3754.11,2023-01-28T00:00:00
13076,3627,4947,1,1470.22,27.0,1073.26,2023-09-27T00:00:00
13077,7033,14690,10,2328.61,16.0,19560.32,2025-08-07T00:00:00
13078,6259,143,7,414.22,2.0,2841.55,2023-08-22T00:00:00
13079,12874,6144,4,728.75,6.0,2740.1,2025-07-16T00:00:00
13080,4947,2131,2,997.34,17.0,1655.58,2026-04-01T00:00:00
13081,7073,7622,10,597.95,10.0,5381.55,2026-03-02T00:00:00
13082,3971,1261,1,2483.67,8.0,2284.98,2026-05-02T00:00:00
13083,13200,1823,4,2718.32,16.0,9133.56,2025-04-27T00:00:00
13084,4840,6282,4,446.21,2.0,1749.14,2024-01-24T00:00:00
13085,11538,2695,1,1048.74,15.0,891.43,2025-01-27T00:00:00
13086,4825,10798,10,548.43,25.0,4113.22,2026-04-29T00:00:00
13087,3377,3935,8,1971.07,23.0,12141.79,2026-03-19T00:00:00
13088,10653,1530,9,582.17,15.0,4453.6,2023-07-03T00:00:00
13089,5239,12941,10,1819.52,3.0,17649.34,2025-01-02T00:00:00
13090,14196,6075,7,538.84,7.0,3507.85,2025-04-22T00:00:00
13091,10628,6414,1,972.85,27.0,710.18,2024-09-06T00:00:00
13092,5109,3186,3,2071.47,5.0,5903.69,2023-11-18T00:00:00
13093,7332,11386,8,1077.53,22.0,6723.79,2023-09-18T00:00:00
13094,6650,1555,9,1182.35,6.0,10002.68,2024-05-28T00:00:00
13095,4556,9698,8,1186.99,29.0,6742.1,2024-12-09T00:00:00
13096,6399,7607,1,557.83,6.0,524.36,2025-10-03T00:00:00
13097,4778,4940,1,1912.45,13.0,1663.83,2025-01-05T00:00:00
13098,735,12628,5,259.48,9.0,1180.63,2023-12-11T00:00:00
13099,1202,9814,6,2688.96,10.0,14520.38,2023-08-17T00:00:00
13100,2789,9447,8,65.77,10.0,473.54,2023-05-30T00:00:00
13101,4537,274,4,2940.44,21.0,9291.79,2025-01-08T00:00:00
13102,7291,14617,1,1494.26,30.0,1045.98,2025-01-20T00:00:00
13103,9761,6926,8,2365.13,27.0,13812.36,2024-04-14T00:00:00
13104,3292,123,7,2312.28,20.0,12948.77,2024-05-08T00:00:00
13105,9173,6093,4,2491.75,16.0,8372.28,2025-09-19T00:00:00
13106,4248,459,7,1411.04,6.0,9284.64,2025-06-02T00:00:00
13107,9769,994,5,1034.47,23.0,3982.71,2026-05-10T00:00:00
13108,9771,5659,7,2999.06,1.0,20783.49,2026-02-25T00:00:00
13109,2858,8105,3,1958.25,29.0,4171.07,2023-01-17T00:00:00
13110,4456,6572,9,515.03,5.0,4403.51,2025-06-24T00:00:00
13111,10610,7771,1,791.67,18.0,649.17,2024-07-20T00:00:00
13112,14044,4981,5,1884.48,6.0,8857.06,2024-06-29T00:00:00
13113,9993,12795,9,1908.55,24.0,13054.48,2025-07-30T00:00:00
13114,5638,13243,9,1901.66,26.0,12665.06,2024-01-28T00:00:00
13115,5656,8766,7,2438.04,8.0,15700.98,2024-03-22T00:00:00
13116,12710,9044,8,298.36,24.0,1814.03,2025-03-15T00:00:00
13117,13503,8523,6,2048.58,18.0,10079.01,2023-05-04T00:00:00
13118,1501,7340,8,2316.93,28.0,13345.52,2025-04-26T00:00:00
13119,9602,8693,2,1041.14,12.0,1832.41,2023-11-05T00:00:00
13120,8898,3557,6,2768.17,8.0,15280.3,2026-06-06T00:00:00
13121,6848,13426,7,1520.91,19.0,8623.56,2025-05-07T00:00:00
13122,14735,1668,8,645.12,17.0,4283.6,2023-05-30T00:00:00
13123,3139,13355,10,1538.32,6.0,14460.21,2023-04-18T00:00:00
13124,13779,11961,3,40.63,4.0,117.01,2024-10-06T00:00:00
13125,5025,7497,1,2881.19,7.0,2679.51,2024-05-26T00:00:00
13126,8090,4841,1,2815.97,4.0,2703.33,2023-08-31T00:00:00
13127,8117,11377,6,2557.43,12.0,13503.23,2024-03-11T00:00:00
13128,1256,9793,1,2729.17,29.0,1937.71,2025-07-27T00:00:00
13129,3929,5071,2,1023.35,6.0,1923.9,2025-10-11T00:00:00
13130,11786,5461,5,1709.27,25.0,6409.76,2023-04-22T00:00:00
13131,13731,9071,8,1140.49,2.0,8941.44,2025-12-06T00:00:00
13132,13649,14445,4,402.5,29.0,1143.1,2024-05-23T00:00:00
13133,6438,9879,9,19.87,13.0,155.58,2024-04-15T00:00:00
13134,2149,5012,1,1385.42,24.0,1052.92,2024-08-23T00:00:00
13135,5488,12028,6,2783.02,14.0,14360.38,2026-03-10T00:00:00
13136,5975,2154,10,1872.43,16.0,15728.41,2024-03-29T00:00:00
13137,2413,13412,2,2642.93,5.0,5021.57,2023-11-27T00:00:00
13138,14414,14835,6,2321.32,5.0,13231.52,2026-03-20T00:00:00
13139,2506,12574,8,1822.77,1.0,14436.34,2025-02-24T00:00:00
13140,12247,8485,1,2931.85,12.0,2580.03,2025-03-13T00:00:00
13141,1350,2172,7,2084.16,19.0,11817.19,2025-11-16T00:00:00
13142,12540,843,4,1333.84,18.0,4375.0,2023-02-28T00:00:00
13143,3005,1384,5,399.01,29.0,1416.49,2026-02-22T00:00:00
13144,3339,1150,4,2418.17,16.0,8125.05,2026-04-11T00:00:00
13145,3294,10146,6,519.33,15.0,2648.58,2025-09-17T00:00:00
13146,11382,5170,6,2864.33,30.0,12030.19,2026-02-15T00:00:00
13147,601,10635,3,377.39,14.0,973.67,2025-06-17T00:00:00
13148,1881,2802,1,429.19,22.0,334.77,2026-06-05T00:00:00
13149,7950,806,2,1572.34,17.0,2610.08,2024-05-09T00:00:00
13150,9519,8581,8,132.35,18.0,868.22,2025-06-21T00:00:00
13151,9093,11064,7,1768.08,12.0,10891.37,2025-07-12T00:00:00
13152,2601,9958,6,2638.13,7.0,14720.77,2025-09-04T00:00:00
13153,14318,10164,9,1971.19,22.0,13837.75,2024-02-14T00:00:00
13154,14952,9248,2,1992.67,20.0,3188.27,2023-03-12T00:00:00
13155,12328,9612,5,394.07,17.0,1635.39,2023-06-11T00:00:00
13156,5431,8560,3,163.09,8.0,450.13,2025-02-20T00:00:00
13157,10456,13730,10,2630.72,19.0,21308.83,2024-08-05T00:00:00
13158,9499,13572,1,696.31,17.0,577.94,2024-08-04T00:00:00
13159,429,9511,5,2458.32,19.0,9956.2,2025-11-26T00:00:00
13160,7270,10745,7,1965.21,23.0,10592.48,2026-05-11T00:00:00
13161,14451,7663,6,846.21,4.0,4874.17,2024-03-30T00:00:00
13162,5152,7510,10,1849.49,23.0,14241.07,2026-02-26T00:00:00
13163,7778,1079,6,923.5,9.0,5042.31,2023-04-21T00:00:00
13164,10856,13435,4,2584.08,28.0,7442.15,2024-06-27T00:00:00
13165,3732,10570,10,2085.33,25.0,15639.97,2025-01-15T00:00:00
13166,5721,10195,5,1278.39,0.0,6391.95,2024-12-24T00:00:00
13167,5902,13083,10,2002.09,26.0,14815.47,2026-04-11T00:00:00
13168,8060,12611,9,2359.43,16.0,17837.29,2024-02-14T00:00:00
13169,7087,8710,8,2157.09,26.0,12769.97,2024-09-19T00:00:00
13170,5891,650,3,1798.68,27.0,3939.11,2024-04-20T00:00:00
13171,13751,8576,5,2943.5,23.0,11332.48,2023-07-14T00:00:00
13172,10152,6517,9,2482.93,4.0,21452.52,2025-02-23T00:00:00
13173,3922,2789,6,335.77,21.0,1591.55,2024-06-09T00:00:00
13174,10229,2094,2,2389.45,5.0,4539.95,2024-12-11T00:00:00
13175,10369,8913,10,2065.82,28.0,14873.9,2025-04-14T00:00:00
13176,11025,5700,6,347.28,2.0,2042.01,2025-12-26T00:00:00
13177,7742,8071,9,2722.85,9.0,22300.14,2023-10-22T00:00:00
13178,10862,6936,5,627.06,13.0,2727.71,2024-04-29T00:00:00
13179,12445,11467,8,1343.58,15.0,9136.34,2026-02-05T00:00:00
13180,7403,9106,6,2899.86,9.0,15833.24,2025-08-26T00:00:00
13181,7249,13381,2,2561.8,29.0,3637.76,2023-07-10T00:00:00
13182,13891,8620,5,2690.99,27.0,9822.11,2024-05-27T00:00:00
13183,12625,14879,1,1503.35,20.0,1202.68,2025-02-26T00:00:00
13184,8467,5696,10,2030.86,8.0,18683.91,2025-09-23T00:00:00
13185,8325,13841,7,1220.67,22.0,6664.86,2026-01-12T00:00:00
13186,3978,10568,1,1479.76,29.0,1050.63,2025-07-31T00:00:00
13187,657,10806,2,2544.52,29.0,3613.22,2024-02-19T00:00:00
13188,9850,12724,9,2602.28,25.0,17565.39,2024-01-03T00:00:00
13189,3155,2623,1,1214.83,16.0,1020.46,2023-01-16T00:00:00
13190,3980,7877,2,1338.92,26.0,1981.6,2025-12-24T00:00:00
13191,3689,4874,3,1079.69,4.0,3109.51,2025-08-11T00:00:00
13192,535,14443,4,903.32,6.0,3396.48,2024-04-16T00:00:00
13193,8742,1342,2,1265.73,12.0,2227.68,2024-10-26T00:00:00
13194,14381,1484,6,2440.27,14.0,12591.79,2024-02-02T00:00:00
13195,2161,1628,2,2697.88,29.0,3830.99,2023-03-23T00:00:00
13196,13850,3180,5,88.37,30.0,309.3,2023-06-24T00:00:00
13197,2295,2357,4,1741.12,13.0,6059.1,2025-08-10T00:00:00
13198,11670,151,5,297.04,25.0,1113.9,2026-05-19T00:00:00
13199,9155,12481,5,41.17,21.0,162.62,2023-09-13T00:00:00
13200,9673,6506,8,1287.35,17.0,8548.0,2025-12-12T00:00:00
13201,11576,12184,2,1496.0,5.0,2842.4,2023-04-19T00:00:00
13202,1078,1944,9,380.81,7.0,3187.38,2023-07-16T00:00:00
13203,11635,3707,6,1145.53,7.0,6392.06,2026-05-03T00:00:00
13204,10033,10556,9,2314.05,9.0,18952.07,2023-12-27T00:00:00
13205,9524,6686,7,1889.54,12.0,11639.57,2024-07-13T00:00:00
13206,7663,8123,3,553.47,3.0,1610.6,2023-11-24T00:00:00
13207,5135,1173,7,1183.75,29.0,5883.24,2026-03-23T00:00:00
13208,3167,593,4,323.54,6.0,1216.51,2025-10-30T00:00:00
13209,13229,8425,2,2749.28,9.0,5003.69,2025-06-13T00:00:00
13210,10636,9541,4,328.33,30.0,919.32,2024-06-21T00:00:00
13211,5490,6110,3,2929.54,0.0,8788.62,2023-01-03T00:00:00
13212,4597,13595,2,1357.66,30.0,1900.72,2023-02-20T00:00:00
13213,9340,5825,1,1491.75,5.0,1417.16,2026-03-23T00:00:00
13214,6092,4444,5,64.26,3.0,311.66,2023-01-06T00:00:00
13215,11727,2018,1,1876.02,20.0,1500.82,2025-07-09T00:00:00
13216,2255,11504,5,1460.13,5.0,6935.62,2025-08-02T00:00:00
13217,5787,5132,9,1064.44,22.0,7472.37,2026-01-10T00:00:00
13218,6469,5142,2,499.84,15.0,849.73,2025-10-17T00:00:00
13219,14273,79,5,2081.09,17.0,8636.52,2025-10-24T00:00:00
13220,6203,453,2,1579.6,13.0,2748.5,2024-10-12T00:00:00
13221,12606,6619,10,564.27,22.0,4401.31,2025-08-21T00:00:00
13222,2653,2434,2,1882.64,17.0,3125.18,2025-04-11T00:00:00
13223,6906,1579,3,730.59,1.0,2169.85,2025-05-19T00:00:00
13224,4663,11992,7,2130.99,26.0,11038.53,2025-07-19T00:00:00
13225,5087,10436,3,1466.27,27.0,3211.13,2025-08-19T00:00:00
13226,9711,13324,8,399.69,27.0,2334.19,2023-01-27T00:00:00
13227,4765,13172,10,2339.68,13.0,20355.22,2023-10-05T00:00:00
13228,8206,12730,4,1292.99,19.0,4189.29,2024-05-15T00:00:00
13229,10425,8894,7,2581.38,26.0,13371.55,2023-11-21T00:00:00
13230,12172,13553,5,289.81,8.0,1333.13,2024-08-26T00:00:00
13231,10581,4883,5,900.21,6.0,4230.99,2026-03-26T00:00:00
13232,5453,1213,5,2494.67,22.0,9729.21,2024-03-25T00:00:00
13233,1588,11365,3,1260.85,7.0,3517.77,2024-10-16T00:00:00
13234,13063,551,3,291.33,1.0,865.25,2025-06-06T00:00:00
13235,10069,4066,6,766.39,7.0,4276.46,2025-10-31T00:00:00
13236,12662,5025,3,633.79,19.0,1540.11,2025-08-12T00:00:00
13237,11603,10598,6,2623.54,20.0,12592.99,2023-11-03T00:00:00
13238,5756,12827,3,1698.63,3.0,4943.01,2024-09-04T00:00:00
13239,4964,1326,3,790.09,0.0,2370.27,2023-04-15T00:00:00
13240,8450,9364,7,1587.16,23.0,8554.79,2025-09-13T00:00:00
13241,3279,598,2,274.25,2.0,537.53,2024-05-19T00:00:00
13242,9884,7712,7,2938.99,5.0,19544.28,2024-03-18T00:00:00
13243,5525,13186,9,2991.68,6.0,25309.61,2023-01-22T00:00:00
13244,4385,6212,4,1332.95,29.0,3785.58,2024-06-02T00:00:00
13245,7550,10748,2,142.66,11.0,253.93,2023-05-14T00:00:00
13246,5099,11944,9,124.79,13.0,977.11,2023-07-20T00:00:00
13247,13603,4952,1,1918.09,10.0,1726.28,2026-02-24T00:00:00
13248,11583,10920,7,1913.91,29.0,9512.13,2023-06-27T00:00:00
13249,5770,2827,8,1374.28,1.0,10884.3,2024-01-19T00:00:00
13250,7829,13878,1,888.65,26.0,657.6,2026-02-04T00:00:00
13251,7677,11459,9,1790.64,14.0,13859.55,2023-03-19T00:00:00
13252,10297,5826,4,2049.08,5.0,7786.5,2023-07-25T00:00:00
13253,5828,8955,4,766.45,16.0,2575.27,2024-06-27T00:00:00
13254,9829,10829,3,225.3,21.0,533.96,2023-02-23T00:00:00
13255,4284,694,4,1269.76,26.0,3758.49,2026-05-15T00:00:00
13256,3317,557,6,2164.54,18.0,10649.54,2026-03-06T00:00:00
13257,14141,11036,10,1908.9,4.0,18325.44,2025-01-02T00:00:00
13258,7741,12075,10,168.82,18.0,1384.32,2024-06-04T00:00:00
13259,563,9502,5,2558.09,6.0,12023.02,2023-07-24T00:00:00
13260,6730,10589,8,1122.6,14.0,7723.49,2026-02-11T00:00:00
13261,12593,2942,10,1003.67,6.0,9434.5,2025-06-25T00:00:00
13262,14308,5295,4,1417.94,22.0,4423.97,2023-08-03T00:00:00
13263,6481,2307,9,1994.93,13.0,15620.3,2025-08-03T00:00:00
13264,13376,9470,4,175.57,8.0,646.1,2026-02-24T00:00:00
13265,1032,13875,2,45.19,13.0,78.63,2023-07-22T00:00:00
13266,13376,12024,8,2109.23,12.0,14848.98,2023-01-27T00:00:00
13267,7441,1234,3,528.11,2.0,1552.64,2024-07-26T00:00:00
13268,4990,1118,6,1934.38,11.0,10329.59,2024-03-02T00:00:00
13269,6083,6056,9,2732.42,22.0,19181.59,2025-09-17T00:00:00
13270,5443,2171,7,992.14,27.0,5069.84,2025-07-15T00:00:00
13271,844,8444,8,2971.42,10.0,21394.22,2024-04-19T00:00:00
13272,1460,7159,9,2175.64,3.0,18993.34,2023-08-12T00:00:00
13273,718,10570,6,837.59,11.0,4472.73,2024-12-09T00:00:00
13274,882,12108,2,871.04,8.0,1602.71,2023-12-30T00:00:00
13275,7855,1905,10,1267.14,17.0,10517.26,2024-02-10T00:00:00
13276,11251,4527,3,964.89,10.0,2605.2,2023-01-10T00:00:00
13277,14013,7365,9,1733.03,14.0,13413.65,2023-05-31T00:00:00
13278,7735,7124,8,334.45,5.0,2541.82,2026-01-20T00:00:00
13279,9639,5022,7,681.09,21.0,3766.43,2024-06-23T00:00:00
13280,8806,6440,7,1884.24,12.0,11606.92,2025-10-20T00:00:00
13281,2419,12166,6,1813.73,19.0,8814.73,2024-09-04T00:00:00
13282,10269,12434,9,89.7,21.0,637.77,2024-07-17T00:00:00
13283,10930,8740,5,2180.2,6.0,10246.94,2024-10-04T00:00:00
13284,2046,5019,4,475.38,28.0,1369.09,2023-01-20T00:00:00
13285,14177,11891,8,385.62,3.0,2992.41,2023-09-27T00:00:00
13286,6938,7790,2,1715.43,22.0,2676.07,2025-05-14T00:00:00
13287,7941,1496,2,2359.95,27.0,3445.53,2023-11-02T00:00:00
13288,7460,9183,10,1576.94,27.0,11511.66,2024-06-12T00:00:00
13289,3450,14212,9,1392.95,28.0,9026.32,2025-12-17T00:00:00
13290,3550,11600,8,257.35,20.0,1647.04,2026-04-07T00:00:00
13291,6020,6814,1,1884.31,19.0,1526.29,2025-08-08T00:00:00
13292,9756,11907,3,1836.5,28.0,3966.84,2026-01-27T00:00:00
13293,14038,10081,2,731.48,13.0,1272.78,2023-03-24T00:00:00
13294,13205,12523,8,1573.4,30.0,8811.04,2024-03-14T00:00:00
13295,2213,12540,8,2034.87,19.0,13185.96,2023-10-29T00:00:00
13296,13911,2574,9,428.1,18.0,3159.38,2025-01-10T00:00:00
13297,5458,5498,9,110.62,15.0,846.24,2025-09-30T00:00:00
13298,900,12366,3,624.59,3.0,1817.56,2023-04-21T00:00:00
13299,12113,2536,7,999.4,23.0,5386.77,2023-06-21T00:00:00
13300,4763,8784,4,436.89,15.0,1485.43,2024-03-21T00:00:00
13301,2743,4830,8,269.58,28.0,1552.78,2026-05-07T00:00:00
13302,12299,9957,7,1212.49,17.0,7044.57,2023-11-21T00:00:00
13303,7670,4389,9,80.57,4.0,696.12,2026-01-07T00:00:00
13304,9794,14495,1,546.23,11.0,486.14,2025-08-07T00:00:00
13305,1098,73,3,2133.39,22.0,4992.13,2023-02-07T00:00:00
13306,6395,11150,4,1167.07,21.0,3687.94,2025-05-09T00:00:00
13307,6901,10746,7,430.67,9.0,2743.37,2023-06-17T00:00:00
13308,6433,8987,10,2398.43,3.0,23264.77,2023-12-09T00:00:00
13309,13417,13581,6,838.9,20.0,4026.72,2023-05-28T00:00:00
13310,13935,5718,6,2821.18,29.0,12018.23,2025-06-27T00:00:00
13311,5089,11542,5,1301.86,20.0,5207.44,2025-03-30T00:00:00
13312,14140,13540,4,305.84,16.0,1027.62,2025-02-25T00:00:00
13313,10644,12337,7,2070.92,12.0,12756.87,2026-02-05T00:00:00
13314,7489,12326,8,1849.36,27.0,10800.26,2026-04-12T00:00:00
13315,7084,2497,1,1020.65,15.0,867.55,2023-03-29T00:00:00
13316,327,2206,1,1421.46,7.0,1321.96,2023-08-16T00:00:00
13317,13425,3603,6,1596.18,12.0,8427.83,2026-01-12T00:00:00
13318,6187,1984,7,2473.57,15.0,14717.74,2024-06-12T00:00:00
13319,14312,14866,9,1105.53,21.0,7860.32,2025-06-18T00:00:00
13320,3131,1707,3,111.29,27.0,243.73,2025-08-27T00:00:00
13321,10441,12083,6,1388.72,0.0,8332.32,2023-05-11T00:00:00
13322,1247,2989,5,1455.49,23.0,5603.64,2023-06-04T00:00:00
13323,9433,177,5,2695.06,18.0,11049.75,2026-03-08T00:00:00
13324,9263,13033,4,1307.38,17.0,4340.5,2025-01-02T00:00:00
13325,10062,7480,9,956.87,21.0,6803.35,2025-12-11T00:00:00
13326,11700,757,7,1284.55,19.0,7283.4,2025-08-24T00:00:00
13327,11499,1260,10,1305.92,4.0,12536.83,2025-09-13T00:00:00
13328,12616,5678,10,27.12,29.0,192.55,2025-03-31T00:00:00
13329,3240,3533,1,1612.55,2.0,1580.3,2023-04-15T00:00:00
13330,6610,3090,7,892.23,25.0,4684.21,2025-05-20T00:00:00
13331,9249,8378,8,840.27,19.0,5444.95,2026-02-07T00:00:00
13332,9820,6649,1,2418.14,1.0,2393.96,2023-06-01T00:00:00
13333,8915,14871,5,783.01,17.0,3249.49,2025-09-04T00:00:00
13334,9011,14959,3,284.54,23.0,657.29,2025-07-30T00:00:00
13335,11451,10515,5,492.17,29.0,1747.2,2026-03-24T00:00:00
13336,1328,11980,7,2944.98,13.0,17934.93,2025-03-22T00:00:00
13337,4735,3282,2,2975.03,13.0,5176.55,2025-12-13T00:00:00
13338,9886,12928,3,1655.97,23.0,3825.29,2023-09-23T00:00:00
13339,6136,6136,6,1487.87,29.0,6338.33,2023-04-22T00:00:00
13340,11872,6659,2,2921.52,21.0,4616.0,2023-04-15T00:00:00
13341,6422,6397,9,1007.52,11.0,8070.24,2025-09-05T00:00:00
13342,5157,9129,10,2523.59,16.0,21198.16,2023-06-18T00:00:00
13343,11663,12768,3,2128.38,10.0,5746.63,2025-07-16T00:00:00
13344,12304,1286,2,2893.11,1.0,5728.36,2024-02-29T00:00:00
13345,12463,10957,9,646.29,5.0,5525.78,2025-01-03T00:00:00
13346,4755,6391,7,2767.55,21.0,15304.55,2024-01-18T00:00:00
13347,3221,13348,1,2608.71,3.0,2530.45,2026-04-08T00:00:00
13348,13987,260,5,897.05,13.0,3902.17,2023-09-17T00:00:00
13349,7256,963,10,2124.69,18.0,17422.46,2024-02-15T00:00:00
13350,11859,4978,10,2991.29,2.0,29314.64,2025-06-29T00:00:00
13351,2282,2747,6,306.58,6.0,1729.11,2025-10-14T00:00:00
13352,1671,2471,8,779.96,3.0,6052.49,2025-11-03T00:00:00
13353,14371,1072,6,429.75,12.0,2269.08,2025-02-11T00:00:00
13354,4230,14274,3,1855.72,13.0,4843.43,2023-04-23T00:00:00
13355,308,7214,2,2914.16,21.0,4604.37,2025-04-06T00:00:00
13356,6839,8222,1,2541.14,3.0,2464.91,2024-06-02T00:00:00
13357,7574,5655,2,2192.04,12.0,3857.99,2024-07-24T00:00:00
13358,9763,10816,5,1500.21,9.0,6825.96,2026-03-16T00:00:00
13359,112,12659,5,797.36,25.0,2990.1,2024-07-12T00:00:00
13360,7134,14495,8,2964.3,7.0,22054.39,2024-09-03T00:00:00
13361,7125,6781,7,1402.4,22.0,7657.1,2024-03-02T00:00:00
13362,12761,3677,4,623.01,22.0,1943.79,2023-01-15T00:00:00
13363,11568,8401,8,2749.17,15.0,18694.36,2023-06-22T00:00:00
13364,5465,6626,6,1585.83,29.0,6755.64,2023-02-28T00:00:00
13365,14376,10333,10,609.99,12.0,5367.91,2026-02-13T00:00:00
13366,10751,3817,9,511.47,18.0,3774.65,2023-05-22T00:00:00
13367,4747,667,1,2479.24,13.0,2156.94,2025-09-21T00:00:00
13368,12374,14792,5,195.5,11.0,869.98,2025-09-11T00:00:00
13369,10525,8077,1,35.76,20.0,28.61,2023-09-10T00:00:00
13370,2916,7533,9,1462.32,3.0,12766.05,2023-01-14T00:00:00
13371,2745,14091,7,52.72,4.0,354.28,2026-03-14T00:00:00
13372,6860,9622,6,2246.71,21.0,10649.41,2024-07-01T00:00:00
13373,13840,10772,4,1745.34,10.0,6283.22,2023-05-27T00:00:00
13374,2085,1428,8,287.74,24.0,1749.46,2026-02-16T00:00:00
13375,11636,10131,6,2437.85,0.0,14627.1,2023-01-05T00:00:00
13376,13692,7739,8,2686.35,26.0,15903.19,2024-06-03T00:00:00
13377,5087,13411,4,1971.79,3.0,7650.55,2023-11-16T00:00:00
13378,1418,1734,6,1352.88,29.0,5763.27,2024-01-17T00:00:00
13379,13869,558,6,33.41,27.0,146.34,2023-06-27T00:00:00
13380,13367,14938,3,1323.52,0.0,3970.56,2026-02-05T00:00:00
13381,12004,11649,7,1145.09,14.0,6893.44,2024-01-14T00:00:00
13382,9054,1413,5,497.24,25.0,1864.65,2023-09-18T00:00:00
13383,713,1094,2,151.87,29.0,215.66,2025-08-06T00:00:00
13384,1363,3926,3,1222.22,23.0,2823.33,2024-11-28T00:00:00
13385,9606,14005,7,1301.55,1.0,9019.74,2024-08-03T00:00:00
13386,3319,4546,8,1213.0,28.0,6986.88,2024-01-23T00:00:00
13387,9122,1969,9,1695.29,4.0,14647.31,2024-03-16T00:00:00
13388,11202,14887,8,1653.74,4.0,12700.72,2024-09-13T00:00:00
13389,6264,8329,4,281.29,0.0,1125.16,2023-12-13T00:00:00
13390,11054,1472,6,2422.2,17.0,12062.56,2024-06-05T00:00:00
13391,9578,5596,8,2267.03,29.0,12876.73,2026-03-16T00:00:00
13392,648,6827,3,2027.05,20.0,4864.92,2025-04-17T00:00:00
13393,11833,3276,4,1306.15,28.0,3761.71,2025-12-13T00:00:00
13394,613,12619,2,775.43,14.0,1333.74,2023-10-19T00:00:00
13395,10795,3674,8,435.84,15.0,2963.71,2024-08-22T00:00:00
13396,13215,7453,5,2545.21,17.0,10562.62,2025-11-07T00:00:00
13397,12066,9900,10,412.1,22.0,3214.38,2025-09-01T00:00:00
13398,10153,7114,3,54.47,24.0,124.19,2024-03-21T00:00:00
13399,2289,10936,1,752.57,1.0,745.04,2023-08-17T00:00:00
13400,11201,8204,4,1166.27,20.0,3732.06,2024-11-29T00:00:00
13401,4730,5353,1,215.96,18.0,177.09,2025-05-05T00:00:00
13402,12372,4105,8,86.87,7.0,646.31,2024-08-30T00:00:00
13403,11232,2073,2,1167.67,8.0,2148.51,2026-05-05T00:00:00
13404,14540,9976,7,97.09,5.0,645.65,2025-04-08T00:00:00
13405,4956,10569,8,2189.69,30.0,12262.26,2023-07-05T00:00:00
13406,3487,7053,9,2151.09,20.0,15487.85,2024-08-14T00:00:00
13407,529,3362,6,976.78,10.0,5274.61,2025-06-24T00:00:00
13408,1285,6049,7,679.76,18.0,3901.82,2025-01-23T00:00:00
13409,12499,2846,1,1213.45,27.0,885.82,2024-07-25T00:00:00
13410,4790,5711,8,1533.38,1.0,12144.37,2024-11-13T00:00:00
13411,14185,4469,8,2603.37,1.0,20618.69,2024-09-15T00:00:00
13412,11289,13684,2,316.23,6.0,594.51,2023-03-15T00:00:00
13413,7129,2543,6,2579.51,2.0,15167.52,2024-03-01T00:00:00
13414,13823,12182,5,1040.73,9.0,4735.32,2025-08-20T00:00:00
13415,2610,3991,8,2820.24,22.0,17598.3,2023-06-22T00:00:00
13416,7427,5292,10,2418.24,19.0,19587.74,2023-01-23T00:00:00
13417,13923,9475,8,1105.2,11.0,7869.02,2025-01-06T00:00:00
13418,12131,1905,2,1421.16,17.0,2359.13,2024-10-19T00:00:00
13419,4876,2753,2,1681.46,18.0,2757.59,2023-04-10T00:00:00
13420,10821,8029,8,2792.95,22.0,17428.01,2023-03-23T00:00:00
13421,3889,1215,5,2800.02,23.0,10780.08,2024-07-01T00:00:00
13422,5192,6844,2,2028.08,28.0,2920.44,2024-10-18T00:00:00
13423,5951,8441,4,1778.78,1.0,7043.97,2026-04-21T00:00:00
13424,7151,5895,6,478.13,2.0,2811.4,2024-03-29T00:00:00
13425,6860,10099,5,2414.47,29.0,8571.37,2026-01-26T00:00:00
13426,7926,12621,1,374.73,22.0,292.29,2025-05-19T00:00:00
13427,13348,9048,3,2573.76,11.0,6871.94,2024-02-21T00:00:00
13428,12917,10338,7,1217.7,12.0,7501.03,2025-10-30T00:00:00
13429,10183,11343,2,2508.51,8.0,4615.66,2024-08-13T00:00:00
13430,1728,496,6,1908.62,27.0,8359.76,2024-04-08T00:00:00
13431,4412,5670,9,2997.99,29.0,19157.16,2024-04-05T00:00:00
13432,5976,954,7,117.09,2.0,803.24,2024-02-09T00:00:00
13433,5093,13279,6,1597.73,17.0,7956.7,2025-10-24T00:00:00
13434,1895,3117,4,289.98,6.0,1090.32,2024-11-29T00:00:00
13435,12089,11255,4,380.49,13.0,1324.11,2024-06-12T00:00:00
13436,8403,14001,8,386.69,29.0,2196.4,2024-12-19T00:00:00
13437,4609,14995,4,1677.31,15.0,5702.85,2024-08-21T00:00:00
13438,9751,8603,5,1875.17,19.0,7594.44,2026-02-02T00:00:00
13439,7082,9016,10,1722.09,9.0,15671.02,2024-07-22T00:00:00
13440,1026,3913,4,1365.72,5.0,5189.74,2025-06-27T00:00:00
13441,2841,2961,10,1679.24,12.0,14777.31,2024-12-01T00:00:00
13442,6415,4235,4,708.94,12.0,2495.47,2024-02-26T00:00:00
13443,4347,978,5,36.84,2.0,180.52,2023-03-27T00:00:00
13444,13289,4654,9,2098.35,12.0,16618.93,2026-02-14T00:00:00
13445,7037,11257,1,1930.74,3.0,1872.82,2023-08-11T00:00:00
13446,1069,8769,8,2365.99,18.0,15520.89,2024-05-31T00:00:00
13447,8135,11780,2,1050.69,12.0,1849.21,2024-11-30T00:00:00
13448,5879,8168,3,2549.5,21.0,6042.32,2026-01-08T00:00:00
13449,4850,13622,6,2036.59,3.0,11852.95,2025-10-08T00:00:00
13450,6432,12439,5,1859.25,11.0,8273.66,2025-02-09T00:00:00
13451,4603,8944,1,972.39,13.0,845.98,2023-12-13T00:00:00
13452,9378,14058,4,1402.49,14.0,4824.57,2024-05-02T00:00:00
13453,14046,5176,6,1149.9,1.0,6830.41,2026-03-18T00:00:00
13454,2555,8745,8,1733.18,16.0,11646.97,2024-10-30T00:00:00
13455,4488,7641,3,1212.34,16.0,3055.1,2024-06-20T00:00:00
13456,10159,1097,2,2101.88,17.0,3489.12,2023-04-21T00:00:00
13457,12846,2377,1,310.88,4.0,298.44,2024-07-09T00:00:00
13458,9808,4948,10,2842.88,6.0,26723.07,2026-01-02T00:00:00
13459,3371,6504,6,446.59,4.0,2572.36,2024-09-18T00:00:00
13460,2846,12967,5,2334.78,23.0,8988.9,2024-08-12T00:00:00
13461,10395,2891,3,713.89,1.0,2120.25,2024-10-02T00:00:00
13462,1056,6144,6,93.44,10.0,504.58,2024-09-17T00:00:00
13463,12027,14208,8,2981.18,12.0,20987.51,2024-03-09T00:00:00
13464,14245,11798,1,1523.17,10.0,1370.85,2024-06-04T00:00:00
13465,12427,6678,4,2765.88,8.0,10178.44,2023-06-18T00:00:00
13466,9174,10314,9,334.55,13.0,2619.53,2024-04-16T00:00:00
13467,7984,10653,7,2771.03,2.0,19009.27,2025-10-23T00:00:00
13468,3752,1839,7,726.31,18.0,4169.02,2025-09-29T00:00:00
13469,4924,4907,10,2443.24,1.0,24188.08,2023-05-08T00:00:00
13470,8144,564,6,549.9,6.0,3101.44,2026-05-26T00:00:00
13471,11065,9775,10,274.8,10.0,2473.2,2024-10-10T00:00:00
13472,426,12634,7,2731.7,2.0,18739.46,2023-01-13T00:00:00
13473,11633,3990,2,869.78,25.0,1304.67,2025-03-17T00:00:00
13474,9747,8457,6,267.93,23.0,1237.84,2023-04-14T00:00:00
13475,432,3911,1,986.76,17.0,819.01,2025-01-18T00:00:00
13476,3688,9833,4,1263.78,20.0,4044.1,2023-02-11T00:00:00
13477,10888,2645,10,2294.82,29.0,16293.22,2025-03-16T00:00:00
13478,12452,12108,8,2014.22,7.0,14985.8,2024-11-08T00:00:00
13479,3022,8260,9,2881.48,29.0,18412.66,2026-05-11T00:00:00
13480,11419,93,9,2481.85,6.0,20996.45,2024-08-30T00:00:00
13481,10123,10238,1,1833.63,29.0,1301.88,2026-04-22T00:00:00
13482,3339,7144,6,2068.34,8.0,11417.24,2025-09-28T00:00:00
13483,861,8480,10,1464.99,20.0,11719.92,2023-09-09T00:00:00
13484,13079,14143,1,1001.61,21.0,791.27,2023-09-13T00:00:00
13485,12794,6374,3,138.58,6.0,390.8,2025-12-14T00:00:00
13486,895,13609,6,1256.32,5.0,7161.02,2023-01-01T00:00:00
13487,5524,10767,2,1605.95,12.0,2826.47,2023-06-21T00:00:00
13488,2621,2923,6,2270.23,21.0,10760.89,2023-06-28T00:00:00
13489,7031,9900,6,354.56,9.0,1935.9,2024-06-29T00:00:00
13490,1564,6923,9,2350.73,11.0,18829.35,2025-03-31T00:00:00
13491,11804,14606,8,69.84,4.0,536.37,2023-03-07T00:00:00
13492,4012,14537,1,306.09,24.0,232.63,2024-07-05T00:00:00
13493,1803,10290,7,2232.56,6.0,14690.24,2025-10-21T00:00:00
13494,12257,6869,4,297.76,16.0,1000.47,2023-07-15T00:00:00
13495,14717,1563,2,1617.9,20.0,2588.64,2025-09-13T00:00:00
13496,1768,4059,10,2514.97,2.0,24646.71,2025-02-13T00:00:00
13497,3430,239,1,737.27,2.0,722.52,2023-06-02T00:00:00
13498,9258,1087,9,483.56,17.0,3612.19,2024-09-18T00:00:00
13499,293,14062,8,2428.41,13.0,16901.73,2023-02-22T00:00:00
13500,3527,6420,5,783.4,11.0,3486.13,2023-10-20T00:00:00
13501,14652,10334,4,2401.69,9.0,8742.15,2025-07-05T00:00:00
13502,14012,6355,9,477.02,5.0,4078.52,2025-07-04T00:00:00
13503,2773,7849,5,376.87,7.0,1752.45,2025-01-31T00:00:00
13504,14547,4759,10,1961.9,15.0,16676.15,2024-10-19T00:00:00
13505,2774,7588,6,2756.39,4.0,15876.81,2024-04-23T00:00:00
13506,4606,12287,8,2346.47,22.0,14641.97,2026-01-05T00:00:00
13507,14378,14799,9,1919.76,18.0,14167.83,2025-06-24T00:00:00
13508,12597,8992,10,1310.31,17.0,10875.57,2024-08-07T00:00:00
13509,4188,11817,10,980.07,2.0,9604.69,2023-02-20T00:00:00
13510,14891,13652,7,2953.54,12.0,18193.81,2023-03-06T00:00:00
13511,3593,1852,6,2840.92,12.0,15000.06,2026-03-10T00:00:00
13512,8956,454,4,1190.72,4.0,4572.36,2025-03-26T00:00:00
13513,14265,7959,9,234.03,21.0,1663.95,2023-02-11T00:00:00
13514,8264,5050,6,1647.78,9.0,8996.88,2026-02-08T00:00:00
13515,1650,10332,7,1636.98,14.0,9854.62,2023-01-15T00:00:00
13516,11642,10387,5,2528.55,23.0,9734.92,2025-03-26T00:00:00
13517,8588,8790,7,2716.92,18.0,15595.12,2026-02-22T00:00:00
13518,10454,5208,6,2835.45,14.0,14630.92,2026-03-19T00:00:00
13519,2713,6484,2,1299.44,9.0,2364.98,2024-03-05T00:00:00
13520,5676,5425,7,2550.14,10.0,16065.88,2025-12-03T00:00:00
13521,12655,13466,2,2419.3,23.0,3725.72,2024-05-29T00:00:00
13522,10453,2268,4,1090.26,22.0,3401.61,2024-03-08T00:00:00
13523,6332,7325,4,1261.65,9.0,4592.41,2023-03-25T00:00:00
13524,2682,13316,2,1486.82,18.0,2438.38,2023-04-09T00:00:00
13525,12117,2002,10,2303.82,4.0,22116.67,2025-12-23T00:00:00
13526,3964,12944,8,1106.06,13.0,7698.18,2024-02-19T00:00:00
13527,10598,13576,9,2908.41,10.0,23558.12,2024-05-19T00:00:00
13528,7645,951,6,2305.46,1.0,13694.43,2026-03-20T00:00:00
13529,4653,4235,1,617.33,12.0,543.25,2023-07-04T00:00:00
13530,13788,1019,8,2877.3,5.0,21867.48,2024-06-06T00:00:00
13531,7573,13205,5,2929.53,16.0,12304.03,2025-09-27T00:00:00
13532,3174,2196,7,1285.91,16.0,7561.15,2025-04-06T00:00:00
13533,7845,6442,8,20.74,18.0,136.05,2025-10-31T00:00:00
13534,10215,13593,9,1832.32,8.0,15171.61,2023-05-28T00:00:00
13535,5206,889,9,363.36,29.0,2321.87,2024-02-02T00:00:00
13536,6201,13945,5,2942.2,23.0,11327.47,2023-01-26T00:00:00
13537,5061,5821,10,2576.49,23.0,19838.97,2026-03-05T00:00:00
13538,8492,2718,2,2543.91,18.0,4172.01,2026-04-08T00:00:00
13539,1697,7338,9,1932.44,13.0,15131.01,2026-01-04T00:00:00
13540,8155,1552,8,1633.74,18.0,10717.33,2025-12-17T00:00:00
13541,3901,9238,4,248.7,11.0,885.37,2026-04-24T00:00:00
13542,14611,2285,2,131.33,0.0,262.66,2023-05-02T00:00:00
13543,3929,1335,8,2194.98,3.0,17033.04,2024-12-21T00:00:00
13544,6048,9126,4,2786.92,13.0,9698.48,2023-01-17T00:00:00
13545,12738,5915,7,653.93,19.0,3707.78,2025-09-23T00:00:00
13546,14155,14447,2,1781.41,9.0,3242.17,2024-11-14T00:00:00
13547,3456,2347,4,2353.86,25.0,7061.58,2025-07-26T00:00:00
13548,12232,9643,2,499.54,6.0,939.14,2024-08-25T00:00:00
13549,11235,7965,9,1210.87,23.0,8391.33,2023-06-19T00:00:00
13550,5118,10496,8,1145.29,22.0,7146.61,2025-12-05T00:00:00
13551,2420,7279,9,2580.82,10.0,20904.64,2023-01-23T00:00:00
13552,9713,12263,6,2717.41,5.0,15489.24,2025-01-13T00:00:00
13553,4948,7675,9,1454.89,10.0,11784.61,2025-11-08T00:00:00
13554,4117,100,3,1621.41,0.0,4864.23,2025-03-30T00:00:00
13555,7890,10781,1,475.14,21.0,375.36,2024-07-08T00:00:00
13556,8758,7740,9,2476.58,23.0,17162.7,2024-07-24T00:00:00
13557,13777,9668,3,589.86,15.0,1504.14,2024-06-30T00:00:00
13558,5912,11257,8,1151.72,6.0,8660.93,2025-12-14T00:00:00
13559,7696,12363,1,1215.75,29.0,863.18,2023-12-18T00:00:00
13560,5440,7328,10,1850.1,26.0,13690.74,2023-10-12T00:00:00
13561,7284,11929,8,1755.85,15.0,11939.78,2023-06-30T00:00:00
13562,3489,9354,9,807.41,6.0,6830.69,2025-03-09T00:00:00
13563,10245,15000,5,486.75,2.0,2385.07,2024-10-30T00:00:00
13564,11572,6957,5,2777.08,14.0,11941.44,2024-02-18T00:00:00
13565,3686,12751,8,248.43,16.0,1669.45,2026-01-28T00:00:00
13566,934,6918,8,1842.8,25.0,11056.8,2025-03-25T00:00:00
13567,11786,11661,1,2908.53,5.0,2763.1,2025-10-17T00:00:00
13568,1031,10215,6,511.44,26.0,2270.79,2024-09-09T00:00:00
13569,5915,14301,7,2187.32,11.0,13627.0,2025-09-22T00:00:00
13570,10754,14162,3,305.6,13.0,797.62,2024-11-12T00:00:00
13571,2859,2417,7,2660.04,11.0,16572.05,2025-10-16T00:00:00
13572,2895,644,3,1952.6,24.0,4451.93,2025-03-05T00:00:00
13573,1361,8738,1,1798.96,0.0,1798.96,2025-03-19T00:00:00
13574,7667,6321,9,156.82,4.0,1354.92,2025-07-05T00:00:00
13575,12750,5588,7,2666.54,26.0,13812.68,2024-02-19T00:00:00
13576,6602,572,5,1240.24,2.0,6077.18,2024-06-06T00:00:00
13577,2314,2617,7,2081.52,0.0,14570.64,2024-05-15T00:00:00
13578,7582,10335,7,280.6,15.0,1669.57,2024-02-01T00:00:00
13579,3067,731,4,560.15,2.0,2195.79,2023-12-19T00:00:00
13580,4130,14617,2,1609.07,1.0,3185.96,2023-11-18T00:00:00
13581,4722,11428,8,1659.97,30.0,9295.83,2023-06-22T00:00:00
13582,7375,9434,2,30.67,27.0,44.78,2023-10-02T00:00:00
13583,13220,5096,5,461.95,16.0,1940.19,2024-06-30T00:00:00
13584,13368,2944,2,1457.73,25.0,2186.6,2024-11-29T00:00:00
13585,13990,9778,1,201.15,3.0,195.12,2026-05-01T00:00:00
13586,5913,7285,9,1502.14,28.0,9733.87,2026-04-28T00:00:00
13587,14345,1348,4,269.02,18.0,882.39,2025-09-02T00:00:00
13588,11851,4485,7,2578.26,16.0,15160.17,2023-01-20T00:00:00
13589,8166,6325,3,271.28,27.0,594.1,2026-03-02T00:00:00
13590,4448,7128,1,2797.17,4.0,2685.28,2024-04-02T00:00:00
13591,301,9355,1,1163.98,8.0,1070.86,2025-03-30T00:00:00
13592,778,11165,9,203.71,22.0,1430.04,2024-02-28T00:00:00
13593,527,2994,4,968.15,13.0,3369.16,2025-07-22T00:00:00
13594,12932,7992,4,1049.24,12.0,3693.32,2024-02-05T00:00:00
13595,8193,7389,6,2936.12,9.0,16031.22,2023-08-18T00:00:00
13596,6779,4031,3,665.6,13.0,1737.22,2025-06-12T00:00:00
13597,14245,9641,1,2787.47,9.0,2536.6,2023-09-22T00:00:00
13598,6368,1796,3,1200.17,9.0,3276.46,2026-04-10T00:00:00
13599,14058,7206,10,1719.45,10.0,15475.05,2023-02-09T00:00:00
13600,10619,14033,7,2095.56,15.0,12468.58,2026-01-16T00:00:00
13601,11851,1466,1,2947.89,13.0,2564.66,2023-12-22T00:00:00
13602,2816,12537,4,1078.37,28.0,3105.71,2025-08-19T00:00:00
13603,3003,14630,2,2719.45,20.0,4351.12,2025-02-19T00:00:00
13604,14762,9124,6,1674.94,9.0,9145.17,2023-11-05T00:00:00
13605,6838,8530,3,1475.49,29.0,3142.79,2025-06-09T00:00:00
13606,12803,10513,6,847.79,6.0,4781.54,2025-02-13T00:00:00
13607,11719,1932,10,2929.06,16.0,24604.1,2025-01-03T00:00:00
13608,14847,818,3,701.92,13.0,1832.01,2023-10-01T00:00:00
13609,10592,14004,8,2820.03,11.0,20078.61,2024-09-15T00:00:00
13610,14101,8429,8,2643.02,24.0,16069.56,2023-12-23T00:00:00
13611,8926,5413,6,486.94,24.0,2220.45,2023-07-14T00:00:00
13612,13301,7443,1,853.53,8.0,785.25,2026-04-25T00:00:00
13613,3623,14233,7,2848.64,11.0,17747.03,2025-08-01T00:00:00
13614,8006,2038,8,1127.73,26.0,6676.16,2025-12-09T00:00:00
13615,7539,13477,5,116.05,19.0,470.0,2024-01-23T00:00:00
13616,13949,14673,4,75.96,2.0,297.76,2024-09-06T00:00:00
13617,7032,8427,6,2629.57,22.0,12306.39,2024-12-20T00:00:00
13618,5474,14369,5,2074.95,11.0,9233.53,2024-01-02T00:00:00
13619,1739,474,9,1281.05,17.0,9569.44,2024-09-22T00:00:00
13620,12998,3786,2,1957.45,23.0,3014.47,2023-07-30T00:00:00
13621,7889,5478,9,206.78,6.0,1749.36,2025-04-26T00:00:00
13622,1561,12730,9,676.47,18.0,4992.35,2023-11-27T00:00:00
13623,2554,3024,3,528.23,8.0,1457.91,2024-04-30T00:00:00
13624,11271,3612,7,2941.68,0.0,20591.76,2025-10-03T00:00:00
13625,9654,6501,10,758.99,6.0,7134.51,2025-10-31T00:00:00
13626,11913,6620,10,2103.51,25.0,15776.33,2024-10-13T00:00:00
13627,3546,4191,10,487.85,28.0,3512.52,2024-11-18T00:00:00
13628,3895,5572,8,1898.05,9.0,13817.8,2024-12-31T00:00:00
13629,10523,9538,3,1057.56,18.0,2601.6,2025-12-12T00:00:00
13630,1847,4359,2,2840.69,28.0,4090.59,2024-09-07T00:00:00
13631,3580,10476,9,806.6,2.0,7114.21,2025-03-04T00:00:00
13632,12797,10153,2,1207.42,11.0,2149.21,2025-02-12T00:00:00
13633,5861,9322,1,2677.5,7.0,2490.07,2023-02-02T00:00:00
13634,7482,10470,5,1595.7,16.0,6701.94,2026-01-08T00:00:00
13635,3916,11660,2,1676.25,8.0,3084.3,2024-09-16T00:00:00
13636,2443,12086,8,834.31,30.0,4672.14,2023-11-12T00:00:00
13637,1325,2050,9,1037.32,25.0,7001.91,2025-01-15T00:00:00
13638,10576,6415,6,2914.93,30.0,12242.71,2026-01-10T00:00:00
13639,12252,8467,3,695.75,3.0,2024.63,2026-01-12T00:00:00
13640,9139,9061,10,739.06,26.0,5469.04,2023-02-13T00:00:00
13641,5045,6977,7,443.48,2.0,3042.27,2025-11-04T00:00:00
13642,5090,5975,8,2390.87,28.0,13771.41,2025-03-12T00:00:00
13643,5322,8198,1,552.04,28.0,397.47,2024-02-09T00:00:00
13644,426,704,10,2490.11,17.0,20667.91,2024-12-24T00:00:00
13645,8092,9177,1,366.56,14.0,315.24,2025-09-12T00:00:00
13646,1836,4798,7,2944.47,29.0,14634.02,2024-07-11T00:00:00
13647,13481,8329,1,2816.47,19.0,2281.34,2024-11-29T00:00:00
13648,12307,13401,9,2531.49,7.0,21188.57,2024-04-01T00:00:00
13649,463,6946,9,2705.43,27.0,17774.68,2024-01-27T00:00:00
13650,12804,67,4,2268.29,11.0,8075.11,2023-08-11T00:00:00
13651,4394,8203,4,265.07,14.0,911.84,2023-02-06T00:00:00
13652,9039,358,1,711.86,9.0,647.79,2023-07-12T00:00:00
13653,14477,14368,2,764.46,7.0,1421.9,2024-09-05T00:00:00
13654,5671,10746,9,1035.41,20.0,7454.95,2025-03-30T00:00:00
13655,14346,1978,6,2890.78,14.0,14916.42,2024-11-19T00:00:00
13656,12022,8435,5,939.66,10.0,4228.47,2025-12-02T00:00:00
13657,12713,10425,2,350.64,12.0,617.13,2023-04-03T00:00:00
13658,2406,4018,5,2024.94,22.0,7897.27,2025-04-10T00:00:00
13659,3259,11494,2,388.57,19.0,629.48,2024-12-15T00:00:00
13660,10643,6771,2,1794.94,8.0,3302.69,2025-11-14T00:00:00
13661,3586,5144,7,2307.37,18.0,13244.3,2023-10-29T00:00:00
13662,1972,4417,4,2569.9,5.0,9765.62,2025-07-19T00:00:00
13663,679,2666,7,2485.75,16.0,14616.21,2023-05-06T00:00:00
13664,14597,1529,5,1408.21,28.0,5069.56,2023-10-17T00:00:00
13665,9399,14365,3,1744.84,13.0,4554.03,2024-01-27T00:00:00
13666,12345,855,7,2199.13,4.0,14778.15,2024-09-17T00:00:00
13667,7254,9101,1,602.01,12.0,529.77,2023-01-16T00:00:00
13668,10133,7198,7,1838.22,1.0,12738.86,2024-08-24T00:00:00
13669,4226,9593,2,1697.57,10.0,3055.63,2024-12-09T00:00:00
13670,9543,953,1,2117.61,8.0,1948.2,2024-07-13T00:00:00
13671,3712,4406,10,539.41,17.0,4477.1,2023-04-29T00:00:00
13672,2063,3804,10,209.3,6.0,1967.42,2024-05-13T00:00:00
13673,562,3013,7,242.04,3.0,1643.45,2023-06-02T00:00:00
13674,14109,1917,6,2495.99,8.0,13777.86,2024-12-30T00:00:00
13675,9946,1120,4,163.92,5.0,622.9,2025-10-14T00:00:00
13676,12707,12873,3,705.13,28.0,1523.08,2025-08-01T00:00:00
13677,1867,10495,5,2879.96,13.0,12527.83,2023-10-08T00:00:00
13678,4298,992,1,375.18,15.0,318.9,2024-12-01T00:00:00
13679,12552,14186,2,2313.29,13.0,4025.12,2024-01-08T00:00:00
13680,1393,13699,7,300.61,10.0,1893.84,2024-05-31T00:00:00
13681,12148,1298,2,1740.02,9.0,3166.84,2023-01-25T00:00:00
13682,8866,12691,10,2566.07,23.0,19758.74,2023-06-08T00:00:00
13683,12679,180,4,1369.31,5.0,5203.38,2024-11-20T00:00:00
13684,9122,8451,10,1796.22,18.0,14729.0,2024-04-22T00:00:00
13685,11693,1172,4,1399.6,1.0,5542.42,2024-04-24T00:00:00
13686,14277,1833,10,2662.87,2.0,26096.13,2026-01-15T00:00:00
13687,14418,14619,6,374.36,4.0,2156.31,2025-07-30T00:00:00
13688,9708,3506,7,620.44,19.0,3517.89,2023-09-21T00:00:00
13689,14651,5510,3,97.54,2.0,286.77,2024-03-02T00:00:00
13690,4002,10941,9,2358.44,3.0,20589.18,2023-02-25T00:00:00
13691,2836,10601,2,1883.13,23.0,2900.02,2023-11-12T00:00:00
13692,3652,1816,10,1141.78,23.0,8791.71,2023-07-11T00:00:00
13693,4089,7502,7,2342.14,4.0,15739.18,2024-11-07T00:00:00
13694,14833,3437,3,1771.55,8.0,4889.48,2024-12-13T00:00:00
13695,7833,14917,7,2439.36,22.0,13318.91,2026-05-29T00:00:00
13696,5483,7352,8,115.83,10.0,833.98,2024-02-03T00:00:00
13697,1425,7956,8,1327.9,1.0,10516.97,2023-01-15T00:00:00
13698,2709,14169,9,2594.72,29.0,16580.26,2026-01-16T00:00:00
13699,10698,5676,2,2826.97,29.0,4014.3,2023-12-13T00:00:00
13700,3071,1281,7,258.15,19.0,1463.71,2025-09-25T00:00:00
13701,1977,7659,7,2033.64,25.0,10676.61,2023-06-15T00:00:00
13702,10102,5690,1,555.29,28.0,399.81,2024-11-02T00:00:00
13703,931,4118,1,951.46,2.0,932.43,2023-11-13T00:00:00
13704,4105,3616,5,2627.48,20.0,10509.92,2024-03-03T00:00:00
13705,12474,79,3,1351.68,13.0,3527.88,2023-12-25T00:00:00
13706,8919,8256,5,1050.03,18.0,4305.12,2023-11-13T00:00:00
13707,3396,1108,9,574.04,23.0,3978.1,2025-03-15T00:00:00
13708,8347,12396,6,1089.07,5.0,6207.7,2024-09-26T00:00:00
13709,4967,8804,5,1589.26,4.0,7628.45,2024-02-28T00:00:00
13710,1321,12704,6,187.09,23.0,864.36,2023-02-03T00:00:00
13711,7951,848,6,1401.07,23.0,6472.94,2024-04-07T00:00:00
13712,8067,5494,9,1372.09,0.0,12348.81,2024-05-29T00:00:00
13713,878,9129,9,198.35,7.0,1660.19,2023-11-28T00:00:00
13714,6356,7906,10,699.35,13.0,6084.35,2025-04-25T00:00:00
13715,6269,3453,8,1379.48,11.0,9821.9,2024-12-10T00:00:00
13716,7863,6776,10,1788.93,26.0,13238.08,2023-09-20T00:00:00
13717,4983,14817,8,361.72,20.0,2315.01,2025-12-15T00:00:00
13718,13076,6458,5,1895.38,28.0,6823.37,2024-02-02T00:00:00
13719,9622,13080,2,1378.55,24.0,2095.4,2023-10-27T00:00:00
13720,1848,11310,7,1490.95,16.0,8766.79,2024-07-24T00:00:00
13721,7145,8042,1,1933.45,5.0,1836.78,2026-01-20T00:00:00
13722,4557,2759,10,754.26,20.0,6034.08,2023-03-26T00:00:00
13723,10045,669,8,2913.83,18.0,19114.72,2025-12-22T00:00:00
13724,8914,14931,1,1907.78,11.0,1697.92,2024-10-11T00:00:00
13725,729,8364,9,622.87,24.0,4260.43,2024-02-28T00:00:00
13726,12991,14497,8,2325.31,28.0,13393.79,2023-05-20T00:00:00
13727,4832,5475,3,2807.57,7.0,7833.12,2025-04-22T00:00:00
13728,3206,6792,10,580.09,13.0,5046.78,2024-12-31T00:00:00
13729,13895,5631,5,2262.65,11.0,10068.79,2025-07-07T00:00:00
13730,3242,2530,6,2863.15,2.0,16835.32,2024-04-29T00:00:00
13731,9575,2415,6,917.8,30.0,3854.76,2025-12-18T00:00:00
13732,7174,1439,5,978.49,12.0,4305.36,2026-05-04T00:00:00
13733,8302,13623,6,2709.49,9.0,14793.82,2023-05-03T00:00:00
13734,6399,11867,8,511.99,2.0,4014.0,2024-10-07T00:00:00
13735,2584,14702,8,893.22,21.0,5645.15,2025-05-09T00:00:00
13736,8742,13287,3,210.87,26.0,468.13,2024-02-16T00:00:00
13737,11853,3395,7,2374.47,6.0,15624.01,2026-01-20T00:00:00
13738,7879,1960,5,2583.0,2.0,12656.7,2024-07-24T00:00:00
13739,4316,12498,6,2301.62,2.0,13533.53,2024-10-02T00:00:00
13740,4774,3567,8,454.82,29.0,2583.38,2026-05-15T00:00:00
13741,6441,558,4,1071.97,17.0,3558.94,2025-08-28T00:00:00
13742,9626,12991,1,1927.01,16.0,1618.69,2023-08-24T00:00:00
13743,2022,4474,8,2806.57,25.0,16839.42,2025-04-20T00:00:00
13744,9158,2384,4,64.39,16.0,216.35,2023-12-22T00:00:00
13745,1834,13286,4,2532.35,23.0,7799.64,2025-01-14T00:00:00
13746,10447,1109,1,1694.11,9.0,1541.64,2026-04-24T00:00:00
13747,9821,13119,9,2099.44,15.0,16060.72,2024-10-06T00:00:00
13748,13886,14171,8,1877.58,24.0,11415.69,2023-06-19T00:00:00
13749,1275,9881,7,1993.77,3.0,13537.7,2023-07-12T00:00:00
13750,10446,14560,7,665.93,18.0,3822.44,2026-05-14T00:00:00
13751,4136,9281,1,1614.18,9.0,1468.9,2023-04-21T00:00:00
13752,10564,12107,9,1459.68,2.0,12874.38,2024-07-29T00:00:00
13753,11913,8322,1,2903.46,9.0,2642.15,2025-11-09T00:00:00
13754,5158,1329,5,2710.42,16.0,11383.76,2025-08-04T00:00:00
13755,625,11326,1,386.93,16.0,325.02,2025-08-13T00:00:00
13756,14414,14626,10,418.76,24.0,3182.58,2025-04-02T00:00:00
13757,1893,3561,5,2617.83,22.0,10209.54,2024-01-17T00:00:00
13758,11065,13002,8,2848.65,29.0,16180.33,2025-07-01T00:00:00
13759,3509,14622,8,2852.23,2.0,22361.48,2023-02-03T00:00:00
13760,9273,5535,7,638.53,20.0,3575.77,2025-02-13T00:00:00
13761,4767,8315,5,710.03,25.0,2662.61,2025-12-29T00:00:00
13762,13767,4950,8,941.31,2.0,7379.87,2024-10-09T00:00:00
13763,4367,13483,9,828.75,25.0,5594.06,2024-03-27T00:00:00
13764,560,987,9,2314.44,9.0,18955.26,2024-10-29T00:00:00
13765,727,7521,6,966.04,14.0,4984.77,2024-10-09T00:00:00
13766,14181,4825,8,1431.66,1.0,11338.75,2023-04-14T00:00:00
13767,10955,9727,3,2720.26,5.0,7752.74,2024-01-29T00:00:00
13768,10385,13923,1,1278.81,26.0,946.32,2023-02-01T00:00:00
13769,7559,9089,4,80.66,26.0,238.75,2024-02-29T00:00:00
13770,10174,11734,7,112.05,8.0,721.6,2024-01-08T00:00:00
13771,10546,6673,3,1968.77,23.0,4547.86,2024-03-01T00:00:00
13772,5029,10971,3,2671.81,30.0,5610.8,2025-08-05T00:00:00
13773,1354,1153,9,1973.17,23.0,13674.07,2026-05-07T00:00:00
13774,7660,6425,6,2300.7,16.0,11595.53,2023-04-17T00:00:00
13775,12962,13417,7,1070.48,17.0,6219.49,2026-01-03T00:00:00
13776,7539,10646,5,477.9,29.0,1696.54,2026-02-09T00:00:00
13777,11405,5741,4,144.53,4.0,555.0,2023-10-09T00:00:00
13778,8200,1576,8,2943.45,11.0,20957.36,2025-02-04T00:00:00
13779,4237,9202,5,2314.06,25.0,8677.72,2024-07-08T00:00:00
13780,3925,5403,6,1319.96,10.0,7127.78,2023-11-18T00:00:00
13781,10690,6479,10,2064.72,3.0,20027.78,2023-11-15T00:00:00
13782,12763,5207,6,2429.08,28.0,10493.63,2025-11-18T00:00:00
13783,14661,5754,5,2213.15,17.0,9184.57,2023-12-06T00:00:00
13784,7850,8607,3,678.7,13.0,1771.41,2026-05-02T00:00:00
13785,8280,12589,3,2691.72,9.0,7348.4,2025-07-22T00:00:00
13786,8554,9720,4,1166.32,12.0,4105.45,2024-05-31T00:00:00
13787,11206,2035,9,832.21,17.0,6216.61,2023-11-07T00:00:00
13788,4705,12640,10,1443.05,5.0,13708.97,2025-06-22T00:00:00
13789,11039,1988,3,2914.03,19.0,7081.09,2024-06-21T00:00:00
13790,14612,5595,9,2964.59,11.0,23746.37,2023-09-05T00:00:00
13791,10393,7185,9,2075.97,24.0,14199.63,2025-04-07T00:00:00
13792,13102,6213,8,1504.1,6.0,11310.83,2025-07-25T00:00:00
13793,10596,14129,8,2002.79,9.0,14580.31,2025-09-19T00:00:00
13794,10502,2503,10,2467.5,21.0,19493.25,2026-05-30T00:00:00
13795,2420,1334,9,2424.69,1.0,21603.99,2023-06-22T00:00:00
13796,9393,592,5,286.93,22.0,1119.03,2023-12-22T00:00:00
13797,13531,12458,5,2000.94,9.0,9104.28,2026-01-02T00:00:00
13798,1767,11195,2,440.29,4.0,845.36,2024-07-19T00:00:00
13799,3819,14279,10,487.08,23.0,3750.52,2024-11-10T00:00:00
13800,10976,2772,8,1911.32,7.0,14220.22,2023-05-13T00:00:00
13801,13318,8923,1,1217.68,24.0,925.44,2025-06-27T00:00:00
13802,9516,10275,2,169.2,2.0,331.63,2026-03-31T00:00:00
13803,12996,13575,10,2003.99,19.0,16232.32,2026-05-08T00:00:00
13804,6072,6729,9,2195.3,2.0,19362.55,2026-03-29T00:00:00
13805,10664,12293,4,1016.34,28.0,2927.06,2023-06-14T00:00:00
13806,9168,8029,2,1605.8,18.0,2633.51,2023-06-24T00:00:00
13807,7577,8803,8,2592.71,16.0,17423.01,2025-10-14T00:00:00
13808,9977,2743,3,645.96,27.0,1414.65,2024-03-09T00:00:00
13809,13405,1424,1,306.11,5.0,290.8,2024-03-05T00:00:00
13810,8385,10086,6,677.69,1.0,4025.48,2023-06-22T00:00:00
13811,2664,2474,8,176.95,1.0,1401.44,2024-04-16T00:00:00
13812,4924,10603,2,2851.52,10.0,5132.74,2024-05-01T00:00:00
13813,6055,11768,6,141.52,23.0,653.82,2024-12-28T00:00:00
13814,4531,5668,1,2705.81,16.0,2272.88,2023-05-28T00:00:00
13815,5136,8658,5,2400.42,11.0,10681.87,2025-10-23T00:00:00
13816,7808,3890,5,1261.67,20.0,5046.68,2025-06-02T00:00:00
13817,6526,3263,4,1789.79,30.0,5011.41,2023-11-12T00:00:00
13818,4976,3253,2,2244.82,12.0,3950.88,2023-03-21T00:00:00
13819,1843,10374,7,79.5,9.0,506.42,2025-09-10T00:00:00
13820,9231,10354,1,679.94,15.0,577.95,2024-09-13T00:00:00
13821,13269,13320,6,1535.06,28.0,6631.46,2024-02-26T00:00:00
13822,5042,9586,4,2527.74,6.0,9504.3,2023-01-15T00:00:00
13823,2539,5022,4,2909.5,27.0,8495.74,2024-01-25T00:00:00
13824,9845,1123,3,2116.85,1.0,6287.04,2025-06-18T00:00:00
13825,1881,5135,4,1806.45,25.0,5419.35,2026-04-17T00:00:00
13826,14831,12583,8,2662.14,0.0,21297.12,2023-07-13T00:00:00
13827,11372,7556,5,1909.19,8.0,8782.27,2023-07-01T00:00:00
13828,8308,7801,4,2181.56,21.0,6893.73,2023-10-19T00:00:00
13829,6881,11068,7,1692.51,6.0,11136.72,2025-11-13T00:00:00
13830,8918,7585,2,1614.39,23.0,2486.16,2023-05-02T00:00:00
13831,9725,11681,8,196.72,11.0,1400.65,2023-03-12T00:00:00
13832,8341,14483,2,780.37,14.0,1342.24,2025-07-02T00:00:00
13833,7853,10149,2,664.28,15.0,1129.28,2024-09-15T00:00:00
13834,865,6451,2,1900.1,12.0,3344.18,2024-01-07T00:00:00
13835,9803,13424,6,2373.58,28.0,10253.87,2024-04-28T00:00:00
13836,6338,9437,4,434.86,18.0,1426.34,2024-09-26T00:00:00
13837,9622,11063,5,1939.8,17.0,8050.17,2025-06-15T00:00:00
13838,5655,7255,2,857.99,6.0,1613.02,2023-01-29T00:00:00
13839,5410,10436,3,229.43,15.0,585.05,2025-01-22T00:00:00
13840,2167,6463,2,2925.32,14.0,5031.55,2024-04-07T00:00:00
13841,11380,6150,10,242.49,7.0,2255.16,2023-08-23T00:00:00
13842,11808,38,2,467.09,30.0,653.93,2024-09-09T00:00:00
13843,10008,4620,5,957.87,12.0,4214.63,2023-07-14T00:00:00
13844,7423,3757,4,642.49,20.0,2055.97,2024-06-01T00:00:00
13845,1180,4458,3,2414.04,10.0,6517.91,2024-10-29T00:00:00
13846,1701,10776,2,1836.51,9.0,3342.45,2025-12-06T00:00:00
13847,12626,10393,6,2220.42,1.0,13189.29,2024-02-12T00:00:00
13848,9367,968,10,1040.45,14.0,8947.87,2023-05-17T00:00:00
13849,50,14371,8,106.6,30.0,596.96,2025-12-12T00:00:00
13850,11472,3344,3,1429.04,3.0,4158.51,2024-04-20T00:00:00
13851,10157,8381,10,2908.29,20.0,23266.32,2024-08-04T00:00:00
13852,10815,11300,3,1319.1,12.0,3482.42,2023-03-22T00:00:00
13853,11307,7756,8,612.96,11.0,4364.28,2025-04-28T00:00:00
13854,14893,14527,5,743.92,9.0,3384.84,2025-03-15T00:00:00
13855,9351,2499,9,2989.05,7.0,25018.35,2024-05-17T00:00:00
13856,4790,5893,9,1080.1,15.0,8262.76,2024-09-01T00:00:00
13857,13043,3467,3,195.89,7.0,546.53,2026-04-03T00:00:00
13858,6873,2235,9,1321.91,11.0,10588.5,2023-09-13T00:00:00
13859,14033,3416,4,939.53,12.0,3307.15,2024-10-04T00:00:00
13860,11690,2028,7,781.0,24.0,4154.92,2024-08-17T00:00:00
13861,7316,14091,1,2692.99,2.0,2639.13,2024-09-18T00:00:00
13862,7518,10061,10,2835.63,22.0,22117.91,2024-04-28T00:00:00
13863,11144,3720,1,2070.07,1.0,2049.37,2023-11-18T00:00:00
13864,8089,12572,1,2041.74,29.0,1449.64,2023-05-24T00:00:00
13865,6598,7574,9,2053.37,28.0,13305.84,2025-02-06T00:00:00
13866,10201,11300,7,1863.57,13.0,11349.14,2023-11-17T00:00:00
13867,11260,13814,7,1026.77,1.0,7115.52,2023-07-02T00:00:00
13868,8187,1445,4,1492.83,1.0,5911.61,2025-03-06T00:00:00
13869,5601,11904,3,772.93,19.0,1878.22,2026-01-23T00:00:00
13870,1038,4033,6,476.89,5.0,2718.27,2025-08-02T00:00:00
13871,1807,10996,7,1182.2,6.0,7778.88,2023-07-27T00:00:00
13872,7689,4419,8,2629.78,30.0,14726.77,2023-11-12T00:00:00
13873,12988,9583,5,2096.46,29.0,7442.43,2025-03-24T00:00:00
13874,3013,2064,4,2800.23,13.0,9744.8,2025-11-08T00:00:00
13875,14,8795,8,80.91,3.0,627.86,2025-07-31T00:00:00
13876,9530,1707,8,1722.62,20.0,11024.77,2025-03-09T00:00:00
13877,7056,2957,2,2473.9,22.0,3859.28,2025-01-13T00:00:00
13878,8459,5063,3,2965.97,7.0,8275.06,2023-08-21T00:00:00
13879,610,6975,7,1630.64,8.0,10501.32,2024-10-30T00:00:00
13880,7896,10263,7,2791.1,24.0,14848.65,2023-07-05T00:00:00
13881,11512,916,6,445.62,0.0,2673.72,2024-08-02T00:00:00
13882,11334,1391,2,913.11,11.0,1625.34,2025-06-04T00:00:00
13883,9861,1804,8,2569.5,3.0,19939.32,2026-04-16T00:00:00
13884,10205,3130,8,2417.87,2.0,18956.1,2025-12-23T00:00:00
13885,11265,2067,5,1526.2,9.0,6944.21,2026-05-21T00:00:00
13886,10581,13297,2,2476.67,11.0,4408.47,2024-12-26T00:00:00
13887,13743,7543,1,990.4,5.0,940.88,2026-04-18T00:00:00
13888,8177,1627,5,1979.1,17.0,8213.26,2025-12-20T00:00:00
13889,8706,7839,8,1194.99,2.0,9368.72,2026-03-01T00:00:00
13890,2162,5605,7,32.82,18.0,188.39,2023-12-15T00:00:00
13891,6553,3870,10,1613.97,26.0,11943.38,2023-03-21T00:00:00
13892,13128,564,4,2838.87,2.0,11128.37,2025-10-30T00:00:00
13893,11299,8139,1,935.17,30.0,654.62,2023-11-02T00:00:00
13894,2741,13627,6,332.3,27.0,1455.47,2024-04-07T00:00:00
13895,7132,7772,2,846.76,17.0,1405.62,2023-08-18T00:00:00
13896,10701,12064,3,514.98,1.0,1529.49,2026-01-22T00:00:00
13897,8727,8375,8,1577.25,27.0,9211.14,2024-03-10T00:00:00
13898,3149,11415,1,1103.7,4.0,1059.55,2026-01-31T00:00:00
13899,3415,11939,1,682.22,15.0,579.89,2025-06-01T00:00:00
13900,5637,9807,3,2307.66,25.0,5192.23,2023-02-26T00:00:00
13901,7594,2630,9,1296.88,9.0,10621.45,2025-04-02T00:00:00
13902,2749,3786,4,2098.02,26.0,6210.14,2024-09-25T00:00:00
13903,10944,724,2,1269.79,26.0,1879.29,2023-06-22T00:00:00
13904,7012,9160,8,2993.21,5.0,22748.4,2025-06-12T00:00:00
13905,10145,9351,7,590.55,11.0,3679.13,2023-03-06T00:00:00
13906,4301,12784,7,1807.98,4.0,12149.63,2023-06-21T00:00:00
13907,12181,5106,9,2357.42,12.0,18670.77,2024-07-26T00:00:00
13908,7235,2983,1,2513.29,11.0,2236.83,2024-03-24T00:00:00
13909,10182,10686,2,1172.3,14.0,2016.36,2025-07-29T00:00:00
13910,13964,4627,7,1098.77,23.0,5922.37,2024-01-03T00:00:00
13911,3200,3199,9,345.68,12.0,2737.79,2026-04-06T00:00:00
13912,4798,14165,8,2756.5,7.0,20508.36,2023-04-26T00:00:00
13913,2873,11038,2,257.43,29.0,365.55,2025-03-21T00:00:00
13914,13107,13363,10,2460.39,29.0,17468.77,2024-03-22T00:00:00
13915,5287,5682,6,2131.78,8.0,11767.43,2025-05-21T00:00:00
13916,5589,13572,8,2490.96,15.0,16938.53,2023-10-15T00:00:00
13917,14393,4717,9,359.45,19.0,2620.39,2023-04-22T00:00:00
13918,11498,14264,3,1772.07,30.0,3721.35,2025-01-01T00:00:00
13919,8795,10404,5,806.46,14.0,3467.78,2026-02-15T00:00:00
13920,5213,10428,1,2360.12,5.0,2242.11,2023-04-29T00:00:00
13921,9427,12752,7,2668.91,5.0,17748.25,2024-04-13T00:00:00
13922,1860,13687,5,2388.11,9.0,10865.9,2024-09-17T00:00:00
13923,4104,314,1,99.63,6.0,93.65,2025-08-18T00:00:00
13924,8546,12551,5,753.49,29.0,2674.89,2025-10-21T00:00:00
13925,10520,9042,4,1938.86,21.0,6126.8,2024-08-03T00:00:00
13926,9475,2747,1,2980.67,20.0,2384.54,2023-04-21T00:00:00
13927,7291,322,2,1173.52,1.0,2323.57,2023-12-10T00:00:00
13928,1808,4332,5,2167.94,13.0,9430.54,2024-02-20T00:00:00
13929,13421,12134,5,1944.81,7.0,9043.37,2025-12-13T00:00:00
13930,11607,11224,9,1913.58,29.0,12227.78,2025-06-10T00:00:00
13931,8942,8695,3,1251.58,23.0,2891.15,2026-04-02T00:00:00
13932,11293,2731,3,1156.8,6.0,3262.18,2025-01-28T00:00:00
13933,4325,13918,3,1991.17,14.0,5137.22,2023-11-07T00:00:00
13934,8990,14605,8,349.9,14.0,2407.31,2024-03-12T00:00:00
13935,95,11061,6,1171.54,25.0,5271.93,2025-03-04T00:00:00
13936,9816,8984,3,1062.46,26.0,2358.66,2025-07-16T00:00:00
13937,8717,9963,9,1556.58,27.0,10226.73,2025-07-01T00:00:00
13938,6523,10459,10,1512.27,3.0,14669.02,2023-12-23T00:00:00
13939,1480,11162,2,1390.26,27.0,2029.78,2025-09-17T00:00:00
13940,10827,13687,1,2757.48,6.0,2592.03,2023-07-24T00:00:00
13941,6552,1109,5,2725.03,23.0,10491.37,2023-10-13T00:00:00
13942,6717,8423,9,2378.57,24.0,16269.42,2023-11-19T00:00:00
13943,1789,12647,7,2961.11,2.0,20313.21,2026-05-07T00:00:00
13944,12680,3809,9,656.36,21.0,4666.72,2024-09-23T00:00:00
13945,829,14971,9,921.2,7.0,7710.44,2025-01-25T00:00:00
13946,14399,5992,10,583.88,29.0,4145.55,2025-01-27T00:00:00
13947,6900,8872,7,488.42,9.0,3111.24,2023-03-22T00:00:00
13948,6493,1322,2,1603.14,7.0,2981.84,2025-07-06T00:00:00
13949,5295,979,5,2690.2,29.0,9550.21,2025-09-23T00:00:00
13950,6105,14370,8,208.42,12.0,1467.28,2023-09-08T00:00:00
13951,7853,14304,1,434.04,10.0,390.64,2025-01-18T00:00:00
13952,2799,9945,2,2639.52,25.0,3959.28,2026-03-17T00:00:00
13953,12283,5137,2,2922.83,24.0,4442.7,2024-11-18T00:00:00
13954,12474,12702,2,897.01,25.0,1345.51,2023-07-21T00:00:00
13955,3017,7494,9,792.96,11.0,6351.61,2024-03-13T00:00:00
13956,11362,1721,8,1936.06,15.0,13165.21,2023-04-15T00:00:00
13957,13601,366,1,1963.81,24.0,1492.5,2025-03-29T00:00:00
13958,2914,12584,2,178.01,11.0,316.86,2023-03-07T00:00:00
13959,13982,115,8,2479.28,28.0,14280.65,2026-03-05T00:00:00
13960,4888,12481,7,2722.77,27.0,13913.35,2024-12-19T00:00:00
13961,4166,2880,2,1700.36,27.0,2482.53,2023-04-24T00:00:00
13962,5475,13484,9,2456.19,13.0,19231.97,2024-08-01T00:00:00
13963,8029,2028,7,1402.13,29.0,6968.59,2025-06-23T00:00:00
13964,4139,9715,1,550.43,7.0,511.9,2024-02-07T00:00:00
13965,5695,7318,1,2801.68,22.0,2185.31,2024-05-10T00:00:00
13966,3206,8506,3,1346.91,2.0,3959.92,2024-04-15T00:00:00
13967,6590,14549,3,1164.28,13.0,3038.77,2025-10-20T00:00:00
13968,8945,14891,8,1281.24,29.0,7277.44,2024-11-14T00:00:00
13969,13726,3752,2,2368.46,28.0,3410.58,2023-05-15T00:00:00
13970,8375,5653,3,2621.85,13.0,6843.03,2024-11-28T00:00:00
13971,14575,8043,9,47.59,19.0,346.93,2024-10-25T00:00:00
13972,5141,6637,9,2583.64,8.0,21392.54,2024-12-16T00:00:00
13973,12028,2793,1,1447.52,24.0,1100.12,2023-05-08T00:00:00
13974,11713,13344,2,2504.09,18.0,4106.71,2023-03-19T00:00:00
13975,12262,6171,8,1957.73,8.0,14408.89,2024-11-26T00:00:00
13976,5899,6339,9,2384.44,8.0,19743.16,2025-02-14T00:00:00
13977,13792,1121,2,649.14,13.0,1129.5,2026-03-31T00:00:00
13978,11008,6659,2,1709.41,5.0,3247.88,2024-02-20T00:00:00
13979,14208,4728,2,1604.36,19.0,2599.06,2025-10-30T00:00:00
13980,8407,10360,9,1794.99,25.0,12116.18,2025-08-05T00:00:00
13981,14512,9599,1,2131.57,14.0,1833.15,2026-03-09T00:00:00
13982,4229,10754,9,2589.13,27.0,17010.58,2024-07-29T00:00:00
13983,13267,10116,3,2799.32,15.0,7138.27,2025-01-02T00:00:00
13984,2206,7822,8,758.29,28.0,4367.75,2024-07-21T00:00:00
13985,7185,4495,9,1544.6,23.0,10704.08,2025-10-30T00:00:00
13986,7690,12941,7,1341.12,18.0,7698.03,2025-08-21T00:00:00
13987,11353,12660,10,489.43,27.0,3572.84,2025-02-17T00:00:00
13988,14908,2466,10,1006.0,15.0,8551.0,2024-06-07T00:00:00
13989,8550,2279,8,1172.65,28.0,6754.46,2026-05-05T00:00:00
13990,4784,3709,4,1536.03,18.0,5038.18,2024-09-07T00:00:00
13991,6554,13008,4,1256.52,29.0,3568.52,2025-02-27T00:00:00
13992,12492,13283,7,631.6,7.0,4111.72,2024-06-10T00:00:00
13993,6029,9541,3,1655.24,10.0,4469.15,2026-04-16T00:00:00
13994,9663,13413,1,2973.54,3.0,2884.33,2023-09-19T00:00:00
13995,14045,6580,8,2177.65,16.0,14633.81,2025-02-19T00:00:00
13996,3497,2963,5,725.49,11.0,3228.43,2025-02-05T00:00:00
13997,14462,9714,9,2679.36,16.0,20255.96,2026-05-16T00:00:00
13998,13932,6134,1,2007.79,0.0,2007.79,2023-01-27T00:00:00
13999,2023,7498,8,1214.6,17.0,8064.94,2024-07-18T00:00:00
14000,6865,9378,9,1107.51,27.0,7276.34,2023-10-21T00:00:00
14001,8301,5255,6,1787.09,28.0,7720.23,2025-12-03T00:00:00
14002,2585,12075,8,2588.93,9.0,18847.41,2026-01-29T00:00:00
14003,12451,7213,8,653.15,19.0,4232.41,2026-02-26T00:00:00
14004,10326,5714,6,871.94,13.0,4551.53,2026-03-05T00:00:00
14005,2100,925,5,1755.11,6.0,8249.02,2023-03-31T00:00:00
14006,1184,353,1,924.6,20.0,739.68,2023-07-17T00:00:00
14007,4754,14836,3,1223.67,8.0,3377.33,2025-03-16T00:00:00
14008,3518,2116,9,2014.93,19.0,14688.84,2025-11-24T00:00:00
14009,2482,14302,3,1276.16,14.0,3292.49,2025-03-08T00:00:00
14010,7092,2364,6,1947.98,5.0,11103.49,2026-04-03T00:00:00
14011,10641,2236,6,1729.37,0.0,10376.22,2023-12-20T00:00:00
14012,5238,13408,7,1498.14,26.0,7760.37,2025-10-24T00:00:00
14013,888,3302,1,1073.73,21.0,848.25,2026-03-16T00:00:00
14014,5196,5581,8,650.58,11.0,4632.13,2023-06-05T00:00:00
14015,4899,3418,10,2817.05,28.0,20282.76,2023-08-11T00:00:00
14016,7321,7116,2,951.07,4.0,1826.05,2026-04-25T00:00:00
14017,6399,1815,5,1333.22,29.0,4732.93,2024-10-03T00:00:00
14018,14945,14924,1,2160.03,21.0,1706.42,2023-01-23T00:00:00
14019,8563,5824,6,1514.2,28.0,6541.34,2023-07-21T00:00:00
14020,426,7299,10,1705.36,2.0,16712.53,2023-04-13T00:00:00
14021,6117,7941,5,1364.68,10.0,6141.06,2023-11-07T00:00:00
14022,4650,12122,7,1173.16,7.0,7637.27,2023-07-27T00:00:00
14023,12943,7882,5,2067.04,22.0,8061.46,2023-07-25T00:00:00
14024,11041,2881,3,2271.53,5.0,6473.86,2023-01-04T00:00:00
14025,10982,6795,8,1562.14,11.0,11122.44,2026-02-15T00:00:00
14026,8375,7009,9,2471.07,11.0,19793.27,2025-04-15T00:00:00
14027,1402,3997,10,1943.48,24.0,14770.45,2023-11-12T00:00:00
14028,11401,7801,4,2879.83,12.0,10137.0,2024-06-18T00:00:00
14029,9838,3042,6,2531.45,13.0,13214.17,2024-02-22T00:00:00
14030,5969,10293,9,1408.57,5.0,12043.27,2024-08-30T00:00:00
14031,5404,14928,9,2491.67,18.0,18388.52,2026-04-10T00:00:00
14032,9104,7956,6,1995.88,5.0,11376.52,2023-01-18T00:00:00
14033,3417,9153,7,704.97,24.0,3750.44,2023-10-11T00:00:00
14034,7828,9699,3,2780.5,4.0,8007.84,2023-11-22T00:00:00
14035,1909,3430,10,600.51,2.0,5885.0,2024-11-12T00:00:00
14036,14755,746,8,2112.63,22.0,13182.81,2026-04-04T00:00:00
14037,7779,6952,9,1381.5,19.0,10071.14,2025-05-26T00:00:00
14038,14939,4321,8,802.27,23.0,4941.98,2026-02-17T00:00:00
14039,13755,4875,2,1377.77,15.0,2342.21,2023-11-20T00:00:00
14040,13430,2280,1,1606.05,26.0,1188.48,2024-01-10T00:00:00
14041,1826,8862,9,2853.48,12.0,22599.56,2026-05-27T00:00:00
14042,7758,9075,9,933.05,11.0,7473.73,2024-12-22T00:00:00
14043,10997,13714,2,1627.07,25.0,2440.61,2025-09-16T00:00:00
14044,7236,7728,2,1357.89,29.0,1928.2,2025-01-13T00:00:00
14045,3534,4271,1,597.24,23.0,459.87,2025-06-05T00:00:00
14046,6231,9707,4,2185.31,21.0,6905.58,2026-01-30T00:00:00
14047,4960,10441,7,2615.21,22.0,14279.05,2023-10-02T00:00:00
14048,6819,12514,9,950.8,16.0,7188.05,2023-04-29T00:00:00
14049,6481,3138,3,1010.93,14.0,2608.2,2024-10-28T00:00:00
14050,6139,2530,9,478.29,21.0,3400.64,2026-02-21T00:00:00
14051,10117,6834,7,2722.83,15.0,16200.84,2023-05-21T00:00:00
14052,1953,11685,4,2374.22,24.0,7217.63,2023-04-14T00:00:00
14053,13637,13712,10,2191.5,21.0,17312.85,2023-10-31T00:00:00
14054,4540,7725,4,2736.08,30.0,7661.02,2026-01-26T00:00:00
14055,3545,9667,8,2206.9,15.0,15006.92,2024-03-18T00:00:00
14056,13757,9483,1,1926.74,9.0,1753.33,2023-12-24T00:00:00
14057,14701,8441,4,97.54,1.0,386.26,2023-11-03T00:00:00
14058,8759,679,5,2483.98,27.0,9066.53,2025-11-30T00:00:00
14059,7882,13253,6,2961.57,2.0,17414.03,2023-03-14T00:00:00
14060,10229,8019,8,2669.7,17.0,17726.81,2025-11-24T00:00:00
14061,4502,7492,6,1175.59,22.0,5501.76,2026-06-11T00:00:00
14062,4210,3611,7,1563.21,6.0,10285.92,2025-03-03T00:00:00
14063,7652,3162,8,1056.92,18.0,6933.4,2024-04-09T00:00:00
14064,14638,14894,1,1874.03,12.0,1649.15,2023-11-17T00:00:00
14065,6496,14909,5,88.43,1.0,437.73,2024-07-05T00:00:00
14066,14592,13644,3,493.33,15.0,1257.99,2025-10-23T00:00:00
14067,9657,219,9,822.88,18.0,6072.85,2023-04-22T00:00:00
14068,5836,10915,4,2439.78,8.0,8978.39,2024-07-26T00:00:00
14069,982,7640,4,865.22,16.0,2907.14,2026-02-20T00:00:00
14070,7019,18,2,2359.34,6.0,4435.56,2026-04-14T00:00:00
14071,11511,10471,4,873.54,26.0,2585.68,2023-01-25T00:00:00
14072,12559,14578,1,2876.27,23.0,2214.73,2024-05-17T00:00:00
14073,10074,5053,6,1308.68,10.0,7066.87,2023-12-22T00:00:00
14074,2097,2670,6,2349.2,5.0,13390.44,2024-08-25T00:00:00
14075,14226,5516,9,270.64,23.0,1875.54,2023-08-05T00:00:00
14076,11468,822,2,1132.19,8.0,2083.23,2026-03-04T00:00:00
14077,10226,453,8,966.55,7.0,7191.13,2024-09-24T00:00:00
14078,10597,13818,7,2315.8,5.0,15400.07,2024-07-20T00:00:00
14079,3669,8494,2,372.21,4.0,714.64,2024-08-29T00:00:00
14080,5385,1528,9,1965.04,0.0,17685.36,2024-12-24T00:00:00
14081,10572,755,6,1500.74,3.0,8734.31,2024-09-02T00:00:00
14082,8033,7532,6,2062.6,27.0,9034.19,2024-01-01T00:00:00
14083,3040,5001,5,88.63,5.0,420.99,2025-01-20T00:00:00
14084,11741,12733,8,1984.01,3.0,15395.92,2023-01-18T00:00:00
14085,9310,5230,1,853.57,20.0,682.86,2026-03-29T00:00:00
14086,1541,4372,2,194.62,14.0,334.75,2025-01-28T00:00:00
14087,4139,1016,5,929.61,14.0,3997.32,2024-12-30T00:00:00
14088,11116,11566,9,917.95,21.0,6526.62,2024-03-27T00:00:00
14089,13981,10745,6,1486.77,24.0,6779.67,2025-07-22T00:00:00
14090,9398,6877,7,1992.39,4.0,13388.86,2026-05-25T00:00:00
14091,1291,2739,5,720.51,12.0,3170.24,2023-02-05T00:00:00
14092,10987,552,4,1349.92,22.0,4211.75,2023-01-01T00:00:00
14093,5117,10196,8,723.17,25.0,4339.02,2024-03-23T00:00:00
14094,6128,5482,2,1450.63,3.0,2814.22,2026-05-31T00:00:00
14095,2231,7543,1,1518.25,14.0,1305.69,2023-12-10T00:00:00
14096,1376,14481,6,860.82,2.0,5061.62,2025-07-15T00:00:00
14097,878,1076,3,2963.37,2.0,8712.31,2024-11-17T00:00:00
14098,3682,11853,9,2683.43,6.0,22701.82,2023-05-08T00:00:00
14099,10997,4405,8,2805.96,25.0,16835.76,2024-01-02T00:00:00
14100,14570,9922,6,2002.3,24.0,9130.49,2025-02-09T00:00:00
14101,8975,11710,5,2721.76,14.0,11703.57,2023-05-11T00:00:00
14102,14028,9337,5,2515.49,14.0,10816.61,2023-08-23T00:00:00
14103,13777,4955,7,1620.21,8.0,10434.15,2023-08-11T00:00:00
14104,14661,8786,9,1059.9,9.0,8680.58,2026-02-21T00:00:00
14105,3313,7556,4,2556.16,4.0,9815.65,2025-12-13T00:00:00
14106,4,7196,7,655.33,25.0,3440.48,2023-09-10T00:00:00
14107,14020,13923,7,889.83,12.0,5481.35,2024-10-23T00:00:00
14108,1671,10223,4,276.82,24.0,841.53,2024-08-24T00:00:00
14109,12538,13787,4,896.46,16.0,3012.11,2025-01-18T00:00:00
14110,520,12948,5,607.25,25.0,2277.19,2024-04-15T00:00:00
14111,5573,3996,7,1250.61,16.0,7353.59,2023-09-10T00:00:00
14112,7681,13333,5,2503.2,16.0,10513.44,2025-08-04T00:00:00
14113,3658,6485,7,2340.01,7.0,15233.47,2025-09-01T00:00:00
14114,5503,11112,10,1160.06,1.0,11484.59,2025-11-10T00:00:00
14115,7243,2416,4,1571.57,27.0,4588.98,2024-04-07T00:00:00
14116,1349,6629,6,623.69,24.0,2844.03,2023-05-20T00:00:00
14117,10351,5620,10,268.13,10.0,2413.17,2026-02-21T00:00:00
14118,13118,4365,8,561.33,28.0,3233.26,2023-02-26T00:00:00
14119,12974,6393,1,635.17,22.0,495.43,2023-06-27T00:00:00
14120,4759,13523,6,1316.79,21.0,6241.58,2023-02-14T00:00:00
14121,14856,12234,2,875.79,25.0,1313.68,2023-08-18T00:00:00
14122,9657,14504,9,448.47,28.0,2906.09,2023-02-21T00:00:00
14123,12036,1447,9,737.95,2.0,6508.72,2024-06-14T00:00:00
14124,12001,12989,2,929.69,17.0,1543.29,2025-06-01T00:00:00
14125,13611,8278,3,766.57,21.0,1816.77,2024-06-10T00:00:00
14126,8501,9214,5,709.13,30.0,2481.95,2025-09-06T00:00:00
14127,2563,14658,2,649.12,8.0,1194.38,2024-03-18T00:00:00
14128,14648,4087,3,2751.29,15.0,7015.79,2023-04-08T00:00:00
14129,8797,8552,9,2425.76,4.0,20958.57,2025-08-22T00:00:00
14130,2745,6473,1,842.05,20.0,673.64,2023-02-01T00:00:00
14131,3077,11799,3,1812.83,13.0,4731.49,2023-11-18T00:00:00
14132,10832,7032,3,1242.43,3.0,3615.47,2025-04-09T00:00:00
14133,12281,9900,10,302.36,19.0,2449.12,2023-03-01T00:00:00
14134,12321,7392,6,744.61,19.0,3618.8,2024-02-02T00:00:00
14135,8254,6863,1,2660.51,20.0,2128.41,2026-02-13T00:00:00
14136,9909,3345,1,2804.53,13.0,2439.94,2026-03-24T00:00:00
14137,9084,2628,4,902.3,18.0,2959.54,2023-10-23T00:00:00
14138,13210,9392,3,2728.12,15.0,6956.71,2024-03-16T00:00:00
14139,2513,6237,3,31.99,17.0,79.66,2026-02-18T00:00:00
14140,8206,5154,10,2876.48,15.0,24450.08,2023-03-13T00:00:00
14141,9890,1514,2,2570.53,18.0,4215.67,2023-03-03T00:00:00
14142,12875,7291,7,2581.86,26.0,13374.03,2024-10-04T00:00:00
14143,4471,3164,4,711.29,9.0,2589.1,2023-06-14T00:00:00
14144,2782,2388,1,2606.36,29.0,1850.52,2024-09-15T00:00:00
14145,201,1220,9,219.53,2.0,1936.25,2025-02-02T00:00:00
14146,10981,6868,6,2502.43,30.0,10510.21,2023-06-26T00:00:00
14147,14461,17,7,401.76,25.0,2109.24,2026-03-12T00:00:00
14148,5958,12797,2,2060.25,21.0,3255.2,2024-11-29T00:00:00
14149,1642,14373,2,2225.39,18.0,3649.64,2024-11-11T00:00:00
14150,2606,2064,6,2265.96,24.0,10332.78,2024-09-15T00:00:00
14151,1671,2743,9,2390.85,8.0,19796.24,2023-06-12T00:00:00
14152,14273,3292,9,1081.59,10.0,8760.88,2024-10-29T00:00:00
14153,1366,14603,3,1589.64,17.0,3958.2,2024-05-03T00:00:00
14154,11325,11636,6,950.19,1.0,5644.13,2023-03-14T00:00:00
14155,1780,13901,9,215.65,21.0,1533.27,2023-02-25T00:00:00
14156,12989,10758,7,1057.58,9.0,6736.78,2024-08-24T00:00:00
14157,6083,11938,4,1804.35,1.0,7145.23,2024-08-31T00:00:00
14158,7647,5894,7,340.33,25.0,1786.73,2024-11-20T00:00:00
14159,8381,10755,4,2855.53,15.0,9708.8,2026-04-17T00:00:00
14160,10229,7805,9,401.91,22.0,2821.41,2023-11-18T00:00:00
14161,4288,11409,10,1521.03,9.0,13841.37,2024-11-09T00:00:00
14162,2558,11877,7,1412.94,23.0,7615.75,2023-06-11T00:00:00
14163,1835,11694,8,2718.14,0.0,21745.12,2023-07-19T00:00:00
14164,6082,13357,6,1037.73,5.0,5915.06,2025-02-07T00:00:00
14165,12595,14933,1,2713.23,6.0,2550.44,2025-09-14T00:00:00
14166,8318,14818,6,2798.88,23.0,12930.83,2025-05-11T00:00:00
14167,3104,1823,3,2345.69,24.0,5348.17,2025-08-16T00:00:00
14168,5431,3382,10,1289.95,24.0,9803.62,2023-01-26T00:00:00
14169,1706,12356,5,2965.21,15.0,12602.14,2024-11-06T00:00:00
14170,13594,8641,8,1855.09,21.0,11724.17,2024-11-21T00:00:00
14171,3213,1063,6,573.34,20.0,2752.03,2024-05-20T00:00:00
14172,11839,133,4,1490.6,20.0,4769.92,2025-10-08T00:00:00
14173,10241,14696,5,175.43,0.0,877.15,2023-09-19T00:00:00
14174,12677,7487,3,1131.76,18.0,2784.13,2024-01-26T00:00:00
14175,4846,9304,5,727.33,27.0,2654.75,2026-05-07T00:00:00
14176,12785,4206,9,2772.86,19.0,20214.15,2025-11-13T00:00:00
14177,1899,1899,3,439.82,18.0,1081.96,2024-03-02T00:00:00
14178,4556,11837,1,812.38,13.0,706.77,2023-08-12T00:00:00
14179,4259,8056,3,959.32,16.0,2417.49,2024-08-13T00:00:00
14180,5235,14966,6,2411.22,9.0,13165.26,2024-08-19T00:00:00
14181,13478,3083,2,555.34,20.0,888.54,2023-04-19T00:00:00
14182,3542,10272,3,1607.19,7.0,4484.06,2026-02-12T00:00:00
14183,11052,5295,1,2870.8,25.0,2153.1,2026-03-29T00:00:00
14184,4704,1766,10,805.25,27.0,5878.32,2026-02-26T00:00:00
14185,2889,3513,4,459.83,20.0,1471.46,2025-03-24T00:00:00
14186,14776,3962,10,1619.51,8.0,14899.49,2023-05-26T00:00:00
14187,11771,4548,10,2271.15,21.0,17942.08,2023-09-17T00:00:00
14188,3134,4663,6,1219.2,11.0,6510.53,2024-12-15T00:00:00
14189,2164,1542,6,565.25,20.0,2713.2,2023-01-14T00:00:00
14190,12855,9290,9,260.84,21.0,1854.57,2023-01-05T00:00:00
14191,214,9129,5,808.62,12.0,3557.93,2023-05-01T00:00:00
14192,5669,8855,5,1115.33,19.0,4517.09,2026-01-06T00:00:00
14193,5913,10771,1,2939.56,5.0,2792.58,2023-02-24T00:00:00
14194,5368,13944,9,427.32,16.0,3230.54,2026-03-01T00:00:00
14195,7326,8939,4,1276.88,23.0,3932.79,2023-09-06T00:00:00
14196,3234,12893,5,2278.61,7.0,10595.54,2024-11-24T00:00:00
14197,7096,1505,3,2111.03,26.0,4686.49,2023-11-22T00:00:00
14198,11695,13347,5,1295.37,26.0,4792.87,2023-07-27T00:00:00
14199,10441,12504,1,1967.15,30.0,1377.0,2024-05-29T00:00:00
14200,14217,7114,1,703.6,9.0,640.28,2023-09-03T00:00:00
14201,4634,5647,4,358.9,4.0,1378.18,2025-07-04T00:00:00
14202,386,3022,9,1372.8,11.0,10996.13,2024-03-25T00:00:00
14203,10165,5304,8,503.29,7.0,3744.48,2025-12-26T00:00:00
14204,113,13316,9,725.5,15.0,5550.07,2025-04-09T00:00:00
14205,8226,8559,4,1142.43,19.0,3701.47,2025-03-16T00:00:00
14206,6092,9425,1,1376.97,11.0,1225.5,2024-04-01T00:00:00
14207,7705,12725,9,2651.61,23.0,18375.66,2025-11-06T00:00:00
14208,3206,10740,10,1422.56,23.0,10953.71,2023-10-06T00:00:00
14209,5584,7714,5,2196.58,18.0,9005.98,2023-03-30T00:00:00
14210,10518,7947,10,2869.15,1.0,28404.58,2024-06-26T00:00:00
14211,8102,3405,5,2778.14,11.0,12362.72,2023-09-19T00:00:00
14212,1864,7458,7,1243.52,6.0,8182.36,2023-02-09T00:00:00
14213,370,12435,8,775.18,24.0,4713.09,2024-12-26T00:00:00
14214,4814,11511,5,1978.54,30.0,6924.89,2025-04-25T00:00:00
14215,936,1261,8,694.11,16.0,4664.42,2025-06-26T00:00:00
14216,12275,12470,9,1843.04,2.0,16255.61,2025-06-17T00:00:00
14217,3103,5923,1,1198.68,9.0,1090.8,2024-10-04T00:00:00
14218,14420,4758,6,909.53,28.0,3929.17,2026-04-25T00:00:00
14219,10113,240,10,252.6,7.0,2349.18,2025-03-30T00:00:00
14220,13928,5132,9,1313.15,28.0,8509.21,2026-04-07T00:00:00
14221,10552,4269,2,1687.65,21.0,2666.49,2023-06-07T00:00:00
14222,8908,5457,3,2333.04,16.0,5879.26,2025-02-04T00:00:00
14223,9133,2825,7,568.2,2.0,3897.85,2023-03-29T00:00:00
14224,1553,11035,10,2862.74,30.0,20039.18,2024-05-02T00:00:00
14225,6240,2432,6,2678.84,16.0,13501.35,2023-09-05T00:00:00
14226,11134,5027,5,2483.24,4.0,11919.55,2026-02-01T00:00:00
14227,14387,7471,8,1843.48,19.0,11945.75,2024-04-19T00:00:00
14228,8006,3023,6,2116.3,23.0,9777.31,2024-01-20T00:00:00
14229,6353,13862,10,1956.14,25.0,14671.05,2026-01-26T00:00:00
14230,3371,1353,9,121.59,28.0,787.9,2025-01-26T00:00:00
14231,7775,6947,9,2307.56,18.0,17029.79,2025-01-15T00:00:00
14232,12236,12692,3,2559.55,24.0,5835.77,2023-04-13T00:00:00
14233,11337,8711,5,2263.49,22.0,8827.61,2023-11-07T00:00:00
14234,5340,1215,1,2987.07,25.0,2240.3,2025-01-13T00:00:00
14235,8419,4920,10,1033.82,11.0,9201.0,2026-01-15T00:00:00
14236,7424,14475,8,852.52,24.0,5183.32,2025-03-13T00:00:00
14237,13652,4736,5,2914.37,9.0,13260.38,2023-07-18T00:00:00
14238,5179,14739,1,387.54,4.0,372.04,2023-05-14T00:00:00
14239,5415,7357,4,1848.91,7.0,6877.95,2025-07-28T00:00:00
14240,10143,14263,3,2437.58,4.0,7020.23,2023-01-07T00:00:00
14241,2625,8889,10,1418.3,5.0,13473.85,2025-11-22T00:00:00
14242,6600,1171,2,2420.63,4.0,4647.61,2026-05-26T00:00:00
14243,1593,2739,9,67.15,6.0,568.09,2025-05-01T00:00:00
14244,10281,12135,5,2650.1,18.0,10865.41,2025-03-13T00:00:00
14245,8888,13780,7,2044.78,12.0,12595.84,2024-03-27T00:00:00
14246,10205,7215,1,1190.64,7.0,1107.3,2025-05-06T00:00:00
14247,3072,10286,7,2632.42,5.0,17505.59,2025-04-06T00:00:00
14248,12670,7816,3,2438.86,9.0,6658.09,2024-09-12T00:00:00
14249,12666,6509,10,181.13,20.0,1449.04,2025-05-10T00:00:00
14250,7547,5465,4,16.68,23.0,51.37,2024-07-01T00:00:00
14251,14578,6042,9,2915.93,4.0,25193.64,2025-12-07T00:00:00
14252,11500,9525,7,1543.1,1.0,10693.68,2025-11-05T00:00:00
14253,12225,7213,5,437.3,24.0,1661.74,2025-09-02T00:00:00
14254,1630,4232,9,809.16,2.0,7136.79,2026-03-09T00:00:00
14255,12976,816,9,2451.89,27.0,16108.92,2024-08-27T00:00:00
14256,5807,4424,4,177.88,28.0,512.29,2025-02-28T00:00:00
14257,483,7470,8,1628.51,0.0,13028.08,2026-02-09T00:00:00
14258,5597,8862,10,871.88,24.0,6626.29,2025-06-18T00:00:00
14259,13158,4620,5,183.29,2.0,898.12,2024-07-19T00:00:00
14260,4905,5419,1,856.24,10.0,770.62,2025-06-07T00:00:00
14261,9685,11607,8,1603.59,27.0,9364.97,2023-11-19T00:00:00
14262,11603,4221,7,2975.19,15.0,17702.38,2024-01-16T00:00:00
14263,3595,5983,8,2842.58,1.0,22513.23,2025-09-28T00:00:00
14264,14564,1611,9,2605.85,28.0,16885.91,2025-08-14T00:00:00
14265,14918,6205,4,1972.52,13.0,6864.37,2024-02-24T00:00:00
14266,2067,2633,3,2568.9,9.0,7013.1,2023-02-22T00:00:00
14267,10038,1140,3,692.46,15.0,1765.77,2024-10-10T00:00:00
14268,13204,8525,10,1450.47,4.0,13924.51,2023-05-05T00:00:00
14269,1761,8242,8,1061.61,21.0,6709.38,2026-03-22T00:00:00
14270,3773,9298,7,1707.31,9.0,10875.56,2023-12-09T00:00:00
14271,5307,2242,3,1937.99,16.0,4883.73,2026-05-26T00:00:00
14272,3304,7289,5,2584.64,9.0,11760.11,2026-04-26T00:00:00
14273,8597,2511,5,2092.02,16.0,8786.48,2025-12-22T00:00:00
14274,563,1659,5,693.36,1.0,3432.13,2025-12-25T00:00:00
14275,5741,13156,8,1519.69,22.0,9482.87,2023-12-10T00:00:00
14276,12935,13509,9,78.07,2.0,688.58,2025-04-21T00:00:00
14277,11005,12464,3,21.17,24.0,48.27,2025-03-14T00:00:00
14278,14940,6774,4,238.31,21.0,753.06,2024-10-31T00:00:00
14279,12623,3488,2,2023.47,7.0,3763.65,2023-02-18T00:00:00
14280,13790,5694,7,2103.76,22.0,11486.53,2024-12-11T00:00:00
14281,12266,14320,1,2516.44,17.0,2088.65,2023-12-17T00:00:00
14282,12153,9449,10,2017.92,12.0,17757.7,2023-09-17T00:00:00
14283,13907,4171,5,2605.35,16.0,10942.47,2024-04-16T00:00:00
14284,8391,4523,5,2422.17,24.0,9204.25,2023-06-08T00:00:00
14285,14395,14654,7,2640.47,27.0,13492.8,2026-05-02T00:00:00
14286,11770,8496,1,1555.45,25.0,1166.59,2025-05-26T00:00:00
14287,7892,5387,4,73.92,23.0,227.67,2026-01-13T00:00:00
14288,13314,3609,2,2692.95,1.0,5332.04,2026-04-13T00:00:00
14289,2832,2713,4,604.4,11.0,2151.66,2023-11-02T00:00:00
14290,13548,5453,2,886.46,7.0,1648.82,2025-09-19T00:00:00
14291,10037,13204,10,1011.18,17.0,8392.79,2025-05-30T00:00:00
14292,7727,12407,7,1503.78,16.0,8842.23,2025-04-04T00:00:00
14293,10116,5988,5,759.56,3.0,3683.87,2023-10-06T00:00:00
14294,1997,11996,7,769.21,10.0,4846.02,2025-03-03T00:00:00
14295,14109,7131,7,2699.1,26.0,13981.34,2026-04-14T00:00:00
14296,9083,863,9,863.56,11.0,6917.12,2026-04-07T00:00:00
14297,8392,8899,2,450.72,27.0,658.05,2023-10-08T00:00:00
14298,7124,11567,9,2464.57,5.0,21072.07,2024-05-22T00:00:00
14299,8722,6547,9,2163.11,18.0,15963.75,2023-02-03T00:00:00
14300,202,14229,3,1488.53,25.0,3349.19,2025-12-26T00:00:00
14301,13709,12575,2,13.45,3.0,26.09,2025-11-22T00:00:00
14302,3177,5331,1,985.18,5.0,935.92,2024-01-15T00:00:00
14303,1476,2415,2,1108.86,15.0,1885.06,2024-02-14T00:00:00
14304,4601,10537,5,1824.51,5.0,8666.42,2024-02-04T00:00:00
14305,10182,7168,10,749.94,19.0,6074.51,2023-12-19T00:00:00
14306,14356,556,2,765.12,9.0,1392.52,2024-09-13T00:00:00
14307,7328,7321,1,2756.32,16.0,2315.31,2023-01-13T00:00:00
14308,11127,10038,2,1623.92,17.0,2695.71,2024-03-31T00:00:00
14309,3824,2558,9,2825.75,11.0,22634.26,2023-08-06T00:00:00
14310,4242,11374,10,2155.89,6.0,20265.37,2025-08-24T00:00:00
14311,5720,5824,1,2143.92,10.0,1929.53,2026-05-19T00:00:00
14312,14510,1675,8,2565.75,22.0,16010.28,2025-10-06T00:00:00
14313,1547,12204,8,1493.15,30.0,8361.64,2025-10-04T00:00:00
14314,12784,5147,4,1408.22,20.0,4506.3,2024-11-01T00:00:00
14315,8120,14314,4,1671.78,9.0,6085.28,2025-07-11T00:00:00
14316,12504,1177,7,891.6,29.0,4431.25,2023-05-19T00:00:00
14317,5791,10814,1,2086.45,20.0,1669.16,2023-02-14T00:00:00
14318,6753,878,9,453.2,12.0,3589.34,2023-01-19T00:00:00
14319,14756,14007,10,2525.17,16.0,21211.43,2024-07-19T00:00:00
14320,11885,8257,6,795.31,18.0,3912.93,2023-02-28T00:00:00
14321,8740,66,9,2116.26,14.0,16379.85,2024-09-27T00:00:00
14322,1816,14072,4,829.95,14.0,2855.03,2024-06-16T00:00:00
14323,7251,9589,2,815.83,1.0,1615.34,2024-06-10T00:00:00
14324,13059,11368,4,2100.3,25.0,6300.9,2024-08-14T00:00:00
14325,6486,8825,8,497.41,29.0,2825.29,2024-11-30T00:00:00
14326,6717,7352,7,792.73,25.0,4161.83,2026-03-02T00:00:00
14327,3936,4986,1,1086.1,0.0,1086.1,2025-04-23T00:00:00
14328,8464,2338,7,2011.88,26.0,10421.54,2026-05-21T00:00:00
14329,1551,8119,2,2858.03,5.0,5430.26,2026-05-18T00:00:00
14330,10827,2712,3,1324.63,24.0,3020.16,2024-03-06T00:00:00
14331,13067,505,5,533.48,28.0,1920.53,2023-07-19T00:00:00
14332,11366,422,9,1247.7,29.0,7972.8,2024-06-21T00:00:00
14333,7657,8136,9,2053.96,6.0,17376.5,2025-11-11T00:00:00
14334,10940,5385,2,1851.51,5.0,3517.87,2025-09-09T00:00:00
14335,13018,12616,1,64.81,19.0,52.5,2026-01-14T00:00:00
14336,13464,1657,9,2893.17,4.0,24996.99,2026-05-21T00:00:00
14337,2515,6686,9,1403.58,28.0,9095.2,2023-09-09T00:00:00
14338,5854,467,1,2137.8,12.0,1881.26,2024-03-25T00:00:00
14339,7120,14080,2,2680.13,27.0,3912.99,2023-01-06T00:00:00
14340,11277,4625,10,1847.29,15.0,15701.97,2025-08-15T00:00:00
14341,2201,11357,2,75.94,13.0,132.14,2026-02-09T00:00:00
14342,9958,7257,7,1266.4,4.0,8510.21,2023-01-02T00:00:00
14343,11025,5789,9,1666.1,21.0,11845.97,2026-01-30T00:00:00
14344,8477,5633,10,1556.72,5.0,14788.84,2024-02-13T00:00:00
14345,10146,630,6,1820.33,25.0,8191.48,2023-04-01T00:00:00
14346,5458,2809,5,851.12,1.0,4213.04,2024-03-17T00:00:00
14347,4572,13531,1,201.31,15.0,171.11,2025-07-17T00:00:00
14348,3610,11212,4,430.61,16.0,1446.85,2025-06-11T00:00:00
14349,8981,12309,3,2419.5,17.0,6024.55,2026-05-10T00:00:00
14350,1361,14165,10,2135.01,30.0,14945.07,2026-02-26T00:00:00
14351,13645,9369,6,1377.3,11.0,7354.78,2026-01-08T00:00:00
14352,269,2077,7,2934.91,21.0,16230.05,2023-03-06T00:00:00
14353,6469,14012,3,1431.57,12.0,3779.34,2023-06-01T00:00:00
14354,2515,8943,6,2234.63,19.0,10860.3,2023-03-31T00:00:00
14355,9064,7490,2,2748.51,7.0,5112.23,2026-03-11T00:00:00
14356,14003,10932,6,2327.35,16.0,11729.84,2024-11-07T00:00:00
14357,9563,2541,6,840.96,26.0,3733.86,2025-01-09T00:00:00
14358,13321,5630,5,2836.65,18.0,11630.27,2026-02-03T00:00:00
14359,8593,7894,1,1514.7,13.0,1317.79,2025-07-19T00:00:00
14360,4432,10138,6,33.82,9.0,184.66,2024-05-08T00:00:00
14361,13411,8755,7,2336.88,6.0,15376.67,2024-07-05T00:00:00
14362,1009,604,3,2759.68,10.0,7451.14,2025-12-22T00:00:00
14363,6431,8684,7,654.52,24.0,3482.05,2024-06-16T00:00:00
14364,13768,3537,9,498.67,11.0,3994.35,2024-02-17T00:00:00
14365,243,11331,9,748.23,5.0,6397.37,2025-04-12T00:00:00
14366,585,7469,1,313.67,25.0,235.25,2026-01-06T00:00:00
14367,4004,7264,4,1941.77,20.0,6213.66,2024-11-19T00:00:00
14368,13477,12098,8,2824.97,21.0,17853.81,2023-08-03T00:00:00
14369,776,5239,2,1540.62,25.0,2310.93,2025-03-13T00:00:00
14370,3246,1199,5,1855.6,25.0,6958.5,2024-09-03T00:00:00
14371,13891,5291,8,2310.26,2.0,18112.44,2025-07-08T00:00:00
14372,886,11947,6,252.47,28.0,1090.67,2024-04-22T00:00:00
14373,7701,12113,8,290.84,28.0,1675.24,2025-12-05T00:00:00
14374,7267,14480,8,265.71,30.0,1487.98,2023-08-15T00:00:00
14375,11605,2048,8,1719.48,26.0,10179.32,2024-01-24T00:00:00
14376,6192,11870,10,418.92,12.0,3686.5,2024-02-10T00:00:00
14377,7014,13401,10,1028.35,25.0,7712.62,2023-12-07T00:00:00
14378,1855,7302,4,1944.88,8.0,7157.16,2024-12-13T00:00:00
14379,12116,14903,2,1000.07,10.0,1800.13,2025-09-22T00:00:00
14380,763,36,8,1326.12,11.0,9441.97,2025-04-12T00:00:00
14381,3541,9109,7,2205.48,12.0,13585.76,2024-12-13T00:00:00
14382,7618,13244,3,2826.45,13.0,7377.03,2025-03-11T00:00:00
14383,2305,5787,4,2195.79,19.0,7114.36,2023-06-15T00:00:00
14384,4154,10710,4,124.76,3.0,484.07,2024-07-05T00:00:00
14385,1899,14625,2,504.96,10.0,908.93,2024-11-21T00:00:00
14386,8453,11318,7,2617.15,6.0,17220.85,2023-09-01T00:00:00
14387,5285,11536,10,2598.21,1.0,25722.28,2026-03-22T00:00:00
14388,6991,9751,10,1105.48,1.0,10944.25,2026-02-22T00:00:00
14389,7476,13349,3,108.18,15.0,275.86,2023-04-25T00:00:00
14390,5748,11972,2,2871.11,20.0,4593.78,2026-02-22T00:00:00
14391,4294,742,2,1369.63,1.0,2711.87,2023-07-18T00:00:00
14392,3521,6975,5,2123.53,22.0,8281.77,2025-10-24T00:00:00
14393,14830,3422,1,1951.74,28.0,1405.25,2025-06-18T00:00:00
14394,5058,12437,4,1757.65,11.0,6257.23,2025-02-21T00:00:00
14395,4978,3041,7,1036.64,30.0,5079.54,2024-04-20T00:00:00
14396,6024,8190,7,507.89,30.0,2488.66,2025-12-20T00:00:00
14397,10447,6904,3,1420.12,20.0,3408.29,2025-05-23T00:00:00
14398,6822,8669,7,1475.18,12.0,9087.11,2023-05-20T00:00:00
14399,1227,5026,10,1088.19,16.0,9140.8,2026-05-01T00:00:00
14400,9372,9434,7,1896.99,8.0,12216.62,2024-01-03T00:00:00
14401,6663,3415,5,440.38,17.0,1827.58,2023-08-24T00:00:00
14402,431,12738,4,1439.48,11.0,5124.55,2024-01-02T00:00:00
14403,12979,5821,6,1522.3,2.0,8951.12,2026-02-18T00:00:00
14404,7390,3220,8,931.96,23.0,5740.87,2025-02-10T00:00:00
14405,11306,10997,10,1883.72,8.0,17330.22,2024-08-30T00:00:00
14406,3110,7423,9,442.04,5.0,3779.44,2024-06-14T00:00:00
14407,14832,10543,4,2054.14,16.0,6901.91,2026-03-24T00:00:00
14408,1741,14664,8,1239.44,11.0,8824.81,2025-11-01T00:00:00
14409,6468,9740,6,2173.19,20.0,10431.31,2025-05-29T00:00:00
14410,14099,902,6,951.53,14.0,4909.89,2024-01-22T00:00:00
14411,11165,14276,7,2928.52,6.0,19269.66,2023-12-23T00:00:00
14412,8483,1437,10,1607.2,1.0,15911.28,2023-01-18T00:00:00
14413,4290,4301,10,447.12,21.0,3532.25,2023-05-27T00:00:00
14414,344,10170,2,885.53,16.0,1487.69,2023-03-16T00:00:00
14415,14070,5978,8,1298.72,21.0,8207.91,2024-06-30T00:00:00
14416,3000,11888,6,2071.58,9.0,11310.83,2024-08-20T00:00:00
14417,3452,10827,1,251.21,25.0,188.41,2023-10-26T00:00:00
14418,5628,9502,10,2546.9,5.0,24195.55,2024-01-14T00:00:00
14419,1942,9393,5,996.11,16.0,4183.66,2025-01-21T00:00:00
14420,13516,4650,6,186.27,18.0,916.45,2025-09-09T00:00:00
14421,14581,8328,9,1297.66,27.0,8525.63,2026-01-06T00:00:00
14422,10255,640,1,1584.86,11.0,1410.53,2024-11-03T00:00:00
14423,7307,7173,8,1450.25,14.0,9977.72,2024-04-28T00:00:00
14424,11590,14697,2,1419.21,10.0,2554.58,2024-02-13T00:00:00
14425,11608,14639,10,2482.09,25.0,18615.68,2023-08-27T00:00:00
14426,2252,8819,8,1795.65,21.0,11348.51,2026-04-13T00:00:00
14427,4618,13773,4,1453.26,9.0,5289.87,2023-01-19T00:00:00
14428,1658,7466,5,2741.32,22.0,10691.15,2023-08-16T00:00:00
14429,8913,4489,3,597.08,6.0,1683.77,2025-05-04T00:00:00
14430,2866,3925,2,1200.76,22.0,1873.19,2023-12-31T00:00:00
14431,5736,6237,2,2218.36,20.0,3549.38,2024-02-14T00:00:00
14432,11098,9384,7,1189.46,7.0,7743.38,2025-11-18T00:00:00
14433,8521,10351,2,2635.21,26.0,3900.11,2026-05-12T00:00:00
14434,6599,7952,10,2958.4,11.0,26329.76,2025-06-30T00:00:00
14435,13222,994,6,135.35,6.0,763.37,2023-12-22T00:00:00
14436,5891,8921,3,2356.28,5.0,6715.4,2025-12-19T00:00:00
14437,3467,11290,10,1315.02,0.0,13150.2,2025-07-25T00:00:00
14438,10556,10322,2,1743.84,10.0,3138.91,2023-10-12T00:00:00
14439,5109,5094,9,786.05,22.0,5518.07,2023-09-28T00:00:00
14440,7538,2161,4,218.0,8.0,802.24,2025-09-03T00:00:00
14441,11898,11221,7,2085.98,0.0,14601.86,2024-10-24T00:00:00
14442,7390,6201,4,399.87,21.0,1263.59,2023-10-27T00:00:00
14443,4504,4067,4,82.14,13.0,285.85,2024-04-23T00:00:00
14444,8399,14768,8,2429.57,22.0,15160.52,2026-06-11T00:00:00
14445,12971,11972,2,2089.88,1.0,4137.96,2023-07-10T00:00:00
14446,11951,4520,10,1623.77,16.0,13639.67,2023-10-16T00:00:00
14447,5429,10220,1,1929.77,9.0,1756.09,2024-04-05T00:00:00
14448,4877,11373,3,1132.1,28.0,2445.34,2024-02-06T00:00:00
14449,14844,14382,9,756.59,17.0,5651.73,2023-12-20T00:00:00
14450,10776,8932,1,1387.94,0.0,1387.94,2026-03-21T00:00:00
14451,10163,9917,3,706.42,20.0,1695.41,2024-07-17T00:00:00
14452,14799,8388,3,592.17,10.0,1598.86,2024-05-10T00:00:00
14453,10514,13961,8,238.12,9.0,1733.51,2024-09-14T00:00:00
14454,6439,11845,10,1801.79,8.0,16576.47,2026-01-11T00:00:00
14455,5277,2814,3,73.17,8.0,201.95,2023-07-08T00:00:00
14456,6242,11323,6,1626.21,28.0,7025.23,2025-08-16T00:00:00
14457,11218,13308,3,2546.04,16.0,6416.02,2023-01-26T00:00:00
14458,3784,9691,5,775.81,1.0,3840.26,2023-11-06T00:00:00
14459,14966,1689,10,1685.48,10.0,15169.32,2023-05-24T00:00:00
14460,7356,8506,6,2627.98,8.0,14506.45,2023-01-12T00:00:00
14461,12779,13982,9,2550.85,6.0,21580.19,2024-08-03T00:00:00
14462,8313,2057,9,1282.25,17.0,9578.41,2024-08-22T00:00:00
14463,9680,6672,3,950.55,0.0,2851.65,2024-05-28T00:00:00
14464,2271,11039,5,2903.46,8.0,13355.92,2025-03-24T00:00:00
14465,844,1322,10,2721.38,17.0,22587.45,2025-01-08T00:00:00
14466,13819,3629,2,99.24,0.0,198.48,2024-03-04T00:00:00
14467,14932,9406,10,2062.76,11.0,18358.56,2024-03-26T00:00:00
14468,8027,12203,7,812.15,2.0,5571.35,2024-12-19T00:00:00
14469,740,5716,4,2359.04,18.0,7737.65,2023-03-29T00:00:00
14470,2510,4400,2,2191.15,28.0,3155.26,2023-01-15T00:00:00
14471,10327,10881,8,2860.59,26.0,16934.69,2025-05-30T00:00:00
14472,4136,6758,9,1794.3,27.0,11788.55,2025-11-30T00:00:00
14473,3783,2625,3,395.16,18.0,972.09,2024-03-15T00:00:00
14474,10638,3233,9,1651.84,23.0,11447.25,2026-02-06T00:00:00
14475,8833,3381,2,2583.12,19.0,4184.65,2023-06-21T00:00:00
14476,625,14366,7,2639.24,13.0,16072.97,2023-04-20T00:00:00
14477,8768,2757,6,2614.74,16.0,13178.29,2023-11-25T00:00:00
14478,2734,7007,7,739.01,15.0,4397.11,2024-07-17T00:00:00
14479,3194,9434,1,2869.79,17.0,2381.93,2024-06-22T00:00:00
14480,4182,5771,3,1858.84,7.0,5186.16,2024-09-21T00:00:00
14481,12538,7003,10,1760.08,15.0,14960.68,2025-06-03T00:00:00
14482,3492,12629,2,1082.15,27.0,1579.94,2025-11-24T00:00:00
14483,11110,7663,10,1108.88,26.0,8205.71,2025-01-24T00:00:00
14484,13568,8515,10,2093.72,11.0,18634.11,2025-03-27T00:00:00
14485,6897,4285,5,1473.93,26.0,5453.54,2023-04-16T00:00:00
14486,11297,13928,5,276.86,22.0,1079.75,2026-04-08T00:00:00
14487,10893,1119,2,445.13,21.0,703.31,2025-10-17T00:00:00
14488,4418,1098,7,1106.43,11.0,6893.06,2025-02-04T00:00:00
14489,3428,12581,7,2513.53,14.0,15131.45,2023-07-08T00:00:00
14490,10814,13600,7,2334.61,8.0,15034.89,2025-01-05T00:00:00
14491,7909,1643,5,338.73,28.0,1219.43,2025-01-17T00:00:00
14492,14708,14331,4,2482.34,5.0,9432.89,2026-03-01T00:00:00
14493,10260,8582,2,2635.82,9.0,4797.19,2024-10-05T00:00:00
14494,1114,2560,3,2477.99,3.0,7210.95,2025-06-14T00:00:00
14495,3922,14156,7,1250.23,0.0,8751.61,2026-03-18T00:00:00
14496,3773,1923,10,1183.05,23.0,9109.49,2025-10-07T00:00:00
14497,4542,9066,2,276.06,3.0,535.56,2025-03-02T00:00:00
14498,10409,3055,10,2124.59,16.0,17846.56,2026-03-17T00:00:00
14499,3110,944,3,2631.4,9.0,7183.72,2023-10-28T00:00:00
14500,14985,14628,4,459.39,24.0,1396.55,2023-09-22T00:00:00
14501,6078,10794,7,1394.89,5.0,9276.02,2024-04-22T00:00:00
14502,5343,5056,9,2888.37,9.0,23655.75,2026-02-19T00:00:00
14503,1206,3049,9,2981.56,1.0,26565.7,2025-04-18T00:00:00
14504,14378,5510,1,1480.54,13.0,1288.07,2025-03-07T00:00:00
14505,270,9954,7,1854.57,1.0,12852.17,2023-06-30T00:00:00
14506,12016,11078,4,407.75,13.0,1418.97,2026-04-23T00:00:00
14507,12391,5471,1,2332.28,25.0,1749.21,2024-09-20T00:00:00
14508,7131,72,10,449.41,22.0,3505.4,2023-04-19T00:00:00
14509,7333,477,7,676.15,14.0,4070.42,2024-09-14T00:00:00
14510,12248,8761,10,661.27,28.0,4761.14,2026-05-21T00:00:00
14511,11983,13677,2,886.05,19.0,1435.4,2026-03-12T00:00:00
14512,1319,11712,6,2430.91,16.0,12251.79,2025-04-06T00:00:00
14513,8529,12981,8,1537.77,23.0,9472.66,2024-03-26T00:00:00
14514,14782,12692,8,2052.0,21.0,12968.64,2024-03-03T00:00:00
14515,7768,3179,1,1496.89,23.0,1152.61,2026-03-08T00:00:00
14516,8357,4246,10,2936.48,13.0,25547.38,2025-04-22T00:00:00
14517,13794,12275,1,2119.56,13.0,1844.02,2024-11-23T00:00:00
14518,2551,6252,10,664.78,11.0,5916.54,2023-06-03T00:00:00
14519,5353,12475,9,1171.17,6.0,9908.1,2025-12-21T00:00:00
14520,7449,89,1,1135.94,28.0,817.88,2025-05-24T00:00:00
14521,13011,13392,1,1710.14,4.0,1641.73,2023-12-12T00:00:00
14522,6051,9507,2,1467.6,18.0,2406.86,2024-12-05T00:00:00
14523,11527,3706,7,2216.04,17.0,12875.19,2023-07-06T00:00:00
14524,6407,4982,5,54.01,13.0,234.94,2024-01-14T00:00:00
14525,2243,4464,9,2025.65,16.0,15313.91,2025-02-13T00:00:00
14526,6502,4071,8,1909.18,29.0,10844.14,2025-02-10T00:00:00
14527,9121,4916,8,1504.4,25.0,9026.4,2023-02-08T00:00:00
14528,13656,5614,2,891.04,15.0,1514.77,2023-09-25T00:00:00
14529,5056,2570,5,185.78,26.0,687.39,2023-05-05T00:00:00
14530,892,5176,5,1686.44,13.0,7336.01,2024-02-17T00:00:00
14531,38,5083,10,91.1,12.0,801.68,2026-06-03T00:00:00
14532,3262,2722,1,1650.83,20.0,1320.66,2023-02-21T00:00:00
14533,8650,13451,6,2035.93,30.0,8550.91,2024-08-04T00:00:00
14534,5965,4478,6,2282.05,16.0,11501.53,2024-09-23T00:00:00
14535,7978,6143,2,818.21,14.0,1407.32,2025-03-12T00:00:00
14536,7893,12012,6,1416.64,15.0,7224.86,2024-10-15T00:00:00
14537,13963,12902,7,1582.45,26.0,8197.09,2026-02-03T00:00:00
14538,2254,11485,8,697.27,3.0,5410.82,2025-10-21T00:00:00
14539,14777,14140,9,1238.42,1.0,11034.32,2026-01-25T00:00:00
14540,9058,846,5,2409.16,11.0,10720.76,2025-05-25T00:00:00
14541,8507,12434,4,1509.31,8.0,5554.26,2023-10-20T00:00:00
14542,437,10303,10,2287.73,2.0,22419.75,2023-10-24T00:00:00
14543,6269,6219,1,353.51,20.0,282.81,2025-02-23T00:00:00
14544,10224,12242,8,2444.57,28.0,14080.72,2026-05-04T00:00:00
14545,5489,5013,5,2726.88,18.0,11180.21,2026-03-04T00:00:00
14546,4329,14248,8,550.39,23.0,3390.4,2023-01-20T00:00:00
14547,243,9608,3,2312.44,15.0,5896.72,2025-01-28T00:00:00
14548,366,2344,7,305.93,30.0,1499.06,2026-04-23T00:00:00
14549,4488,12837,2,374.54,23.0,576.79,2025-07-18T00:00:00
14550,8986,13727,2,689.36,23.0,1061.61,2025-07-22T00:00:00
14551,7843,146,5,291.39,22.0,1136.42,2025-03-14T00:00:00
14552,1257,3265,7,535.28,6.0,3522.14,2026-02-05T00:00:00
14553,6123,14256,1,2419.95,12.0,2129.56,2024-03-21T00:00:00
14554,5216,14727,10,2978.48,4.0,28593.41,2025-05-28T00:00:00
14555,14347,3702,6,2528.82,20.0,12138.34,2025-03-06T00:00:00
14556,6220,6643,6,171.42,27.0,750.82,2024-08-13T00:00:00
14557,196,12159,5,1243.21,6.0,5843.09,2024-08-08T00:00:00
14558,7581,12025,5,1335.39,12.0,5875.72,2024-08-03T00:00:00
14559,2227,7544,6,2673.89,2.0,15722.47,2024-09-08T00:00:00
14560,12250,6606,2,726.66,20.0,1162.66,2023-04-18T00:00:00
14561,10831,3133,5,2232.26,28.0,8036.14,2025-02-07T00:00:00
14562,12493,5183,10,2979.54,12.0,26219.95,2025-04-24T00:00:00
14563,14414,3403,3,2267.53,19.0,5510.1,2023-12-21T00:00:00
14564,1530,7893,2,1250.5,23.0,1925.77,2025-08-31T00:00:00
14565,2392,3802,10,2587.62,16.0,21736.01,2023-08-04T00:00:00
14566,6523,2402,3,2682.96,8.0,7404.97,2025-07-08T00:00:00
14567,11451,1110,7,1117.86,30.0,5477.51,2024-10-12T00:00:00
14568,12058,6868,10,932.12,14.0,8016.23,2024-10-14T00:00:00
14569,2224,7618,6,488.41,6.0,2754.63,2025-05-13T00:00:00
14570,10537,8263,5,1275.87,18.0,5231.07,2024-03-07T00:00:00
14571,11278,7936,3,2870.27,18.0,7060.86,2025-05-04T00:00:00
14572,13491,4473,5,1746.63,21.0,6899.19,2023-10-20T00:00:00
14573,5842,2,8,2207.83,14.0,15189.87,2023-03-30T00:00:00
14574,14453,12233,10,788.03,2.0,7722.69,2024-03-12T00:00:00
14575,4133,7853,3,1302.14,9.0,3554.84,2026-02-20T00:00:00
14576,3290,1106,6,1900.35,5.0,10831.99,2024-09-20T00:00:00
14577,9599,3433,8,719.33,13.0,5006.54,2023-09-02T00:00:00
14578,12215,11304,9,271.9,3.0,2373.69,2023-11-13T00:00:00
14579,4952,9151,8,309.07,5.0,2348.93,2023-10-25T00:00:00
14580,2306,10368,5,636.74,12.0,2801.66,2025-01-01T00:00:00
14581,4581,8063,4,1282.46,18.0,4206.47,2025-01-10T00:00:00
14582,3876,11206,9,1530.32,17.0,11431.49,2023-04-27T00:00:00
14583,13354,1463,2,2368.35,5.0,4499.86,2023-02-01T00:00:00
14584,3249,1730,5,682.87,23.0,2629.05,2025-11-04T00:00:00
14585,2797,14286,4,2568.5,3.0,9965.78,2024-04-20T00:00:00
14586,8367,12858,2,1404.8,17.0,2331.97,2023-08-07T00:00:00
14587,5941,3204,9,2349.51,15.0,17973.75,2023-12-14T00:00:00
14588,2789,623,5,151.03,10.0,679.63,2024-09-04T00:00:00
14589,4197,2463,1,339.28,3.0,329.1,2024-12-19T00:00:00
14590,9814,10333,10,1296.13,1.0,12831.69,2024-01-02T00:00:00
14591,8914,6800,3,2895.88,2.0,8513.89,2025-09-04T00:00:00
14592,9197,13462,9,1361.13,0.0,12250.17,2024-08-26T00:00:00
14593,10684,8255,6,499.02,5.0,2844.41,2024-11-16T00:00:00
14594,3651,1733,7,1677.35,1.0,11624.04,2024-12-29T00:00:00
14595,9471,8911,9,1887.03,3.0,16473.77,2023-02-07T00:00:00
14596,9486,1967,6,2844.17,1.0,16894.37,2023-06-28T00:00:00
14597,6849,13712,9,1961.44,18.0,14475.43,2023-07-05T00:00:00
14598,5098,13378,4,1334.09,28.0,3842.18,2026-02-12T00:00:00
14599,14184,13537,4,1069.46,28.0,3080.04,2023-05-02T00:00:00
14600,14155,6916,8,1320.79,29.0,7502.09,2023-05-20T00:00:00
14601,2285,4063,1,912.76,10.0,821.48,2025-07-07T00:00:00
14602,11522,1736,2,1088.45,10.0,1959.21,2024-06-12T00:00:00
14603,6638,10240,10,688.78,22.0,5372.48,2025-11-23T00:00:00
14604,14418,387,10,1740.44,18.0,14271.61,2023-02-15T00:00:00
14605,2102,12584,8,173.44,5.0,1318.14,2025-04-07T00:00:00
14606,13671,10986,4,685.65,7.0,2550.62,2023-09-28T00:00:00
14607,7658,13121,2,1126.04,27.0,1644.02,2025-05-17T00:00:00
14608,9232,4776,8,475.05,18.0,3116.33,2023-04-26T00:00:00
14609,128,11507,8,833.48,8.0,6134.41,2024-06-27T00:00:00
14610,8659,14742,2,1665.32,1.0,3297.33,2023-12-27T00:00:00
14611,9959,14343,4,1702.07,4.0,6535.95,2025-08-25T00:00:00
14612,8737,12547,7,2261.17,17.0,13137.4,2024-02-11T00:00:00
14613,9227,14560,2,2022.48,4.0,3883.16,2025-10-16T00:00:00
14614,7429,6052,8,2344.86,24.0,14256.75,2026-02-08T00:00:00
14615,11560,10430,10,1893.03,22.0,14765.63,2024-06-16T00:00:00
14616,7487,4761,3,2528.88,15.0,6448.64,2026-02-09T00:00:00
14617,3601,4041,10,743.68,23.0,5726.34,2025-10-27T00:00:00
14618,3219,3294,6,2328.78,25.0,10479.51,2023-02-25T00:00:00
14619,1327,6617,5,2940.85,21.0,11616.36,2023-09-24T00:00:00
14620,12945,4596,6,2736.38,20.0,13134.62,2025-10-17T00:00:00
14621,10679,3260,9,2071.55,16.0,15660.92,2025-12-29T00:00:00
14622,11314,2073,1,2163.63,13.0,1882.36,2025-07-26T00:00:00
14623,13694,3835,2,2360.38,13.0,4107.06,2025-10-15T00:00:00
14624,2299,5412,3,454.17,19.0,1103.63,2023-09-24T00:00:00
14625,9777,13999,9,1387.33,23.0,9614.2,2025-10-13T00:00:00
14626,8328,678,3,1133.68,19.0,2754.84,2024-03-16T00:00:00
14627,5183,11197,4,232.87,3.0,903.54,2025-03-15T00:00:00
14628,14420,11876,3,2015.0,15.0,5138.25,2023-03-16T00:00:00
14629,10105,11279,9,150.57,3.0,1314.48,2025-05-16T00:00:00
14630,4713,9722,3,1033.1,7.0,2882.35,2025-04-02T00:00:00
14631,5183,8367,9,1237.91,1.0,11029.78,2024-01-19T00:00:00
14632,889,6933,10,1657.7,13.0,14421.99,2023-10-23T00:00:00
14633,8390,670,8,2904.59,20.0,18589.38,2023-04-12T00:00:00
14634,415,14792,5,2351.35,21.0,9287.83,2025-10-18T00:00:00
14635,14123,1945,5,2550.34,1.0,12624.18,2026-01-25T00:00:00
14636,11797,11742,4,2299.13,18.0,7541.15,2026-06-01T00:00:00
14637,6968,11409,3,2471.06,13.0,6449.47,2026-06-11T00:00:00
14638,2574,2498,6,2901.22,17.0,14448.08,2024-07-21T00:00:00
14639,8071,6606,7,885.38,14.0,5329.99,2023-10-25T00:00:00
14640,4337,4338,4,528.19,2.0,2070.5,2025-01-06T00:00:00
14641,1894,3543,8,2022.56,1.0,16018.68,2024-07-19T00:00:00
14642,5922,7981,3,1499.13,7.0,4182.57,2024-03-03T00:00:00
14643,12338,2780,6,1357.32,22.0,6352.26,2025-11-14T00:00:00
14644,13216,1218,3,1543.49,0.0,4630.47,2026-05-28T00:00:00
14645,14894,3098,8,2084.7,13.0,14509.51,2024-05-18T00:00:00
14646,9697,4541,4,285.88,23.0,880.51,2023-09-01T00:00:00
14647,8984,8791,1,2717.68,25.0,2038.26,2025-08-03T00:00:00
14648,6130,12215,7,2519.39,15.0,14990.37,2024-11-03T00:00:00
14649,5698,14872,5,126.57,7.0,588.55,2025-03-31T00:00:00
14650,5556,6361,6,1394.81,9.0,7615.66,2025-07-20T00:00:00
14651,3324,2598,8,1970.23,28.0,11348.52,2025-08-22T00:00:00
14652,9458,8442,2,2170.98,5.0,4124.86,2023-04-15T00:00:00
14653,4797,3731,3,1575.35,23.0,3639.06,2023-10-15T00:00:00
14654,3122,2286,8,1393.18,23.0,8581.99,2023-11-30T00:00:00
14655,6579,13375,5,668.04,18.0,2738.96,2025-03-11T00:00:00
14656,4948,831,2,2810.75,21.0,4440.99,2025-06-05T00:00:00
14657,13720,5496,1,1252.34,13.0,1089.54,2025-09-13T00:00:00
14658,7567,4314,6,1349.59,19.0,6559.01,2023-10-01T00:00:00
14659,8452,7575,1,2936.39,27.0,2143.56,2025-07-05T00:00:00
14660,10211,13310,6,1891.76,3.0,11010.04,2023-12-18T00:00:00
14661,2403,3833,6,734.62,12.0,3878.79,2025-03-31T00:00:00
14662,5039,8138,3,2422.63,19.0,5886.99,2025-01-30T00:00:00
14663,12335,99,5,935.56,1.0,4631.02,2023-08-23T00:00:00
14664,9102,13297,9,669.83,5.0,5727.05,2025-02-10T00:00:00
14665,13675,11786,5,904.19,8.0,4159.27,2026-02-03T00:00:00
14666,2349,9271,3,2791.03,18.0,6865.93,2024-01-03T00:00:00
14667,14106,883,7,1102.05,10.0,6942.91,2023-01-03T00:00:00
14668,13486,14552,6,1777.23,7.0,9916.94,2025-01-21T00:00:00
14669,2996,8966,6,1250.8,4.0,7204.61,2024-04-11T00:00:00
14670,1754,12036,6,1240.19,20.0,5952.91,2024-02-07T00:00:00
14671,6353,3749,8,1774.69,22.0,11074.07,2023-03-18T00:00:00
14672,3194,8444,5,2978.7,14.0,12808.41,2025-07-19T00:00:00
14673,275,8625,7,217.36,7.0,1415.01,2026-03-25T00:00:00
14674,6207,2636,2,2767.37,9.0,5036.61,2025-09-16T00:00:00
14675,5841,570,9,2275.33,4.0,19658.85,2025-01-17T00:00:00
14676,10248,13711,4,241.09,5.0,916.14,2023-12-14T00:00:00
14677,8683,8414,8,154.62,11.0,1100.89,2026-01-16T00:00:00
14678,379,7265,8,1215.56,10.0,8752.03,2026-03-14T00:00:00
14679,12015,5617,5,2227.57,10.0,10024.07,2024-10-04T00:00:00
14680,9577,14674,10,52.11,20.0,416.88,2023-12-24T00:00:00
14681,908,6180,8,90.68,27.0,529.57,2023-09-11T00:00:00
14682,5431,11169,2,631.74,24.0,960.24,2024-01-06T00:00:00
14683,7172,1084,6,569.82,15.0,2906.08,2026-03-08T00:00:00
14684,3762,13292,6,2628.78,23.0,12144.96,2024-05-25T00:00:00
14685,671,2759,1,1697.81,14.0,1460.12,2025-02-13T00:00:00
14686,14756,11532,4,553.32,26.0,1637.83,2025-12-01T00:00:00
14687,13708,13495,7,2004.87,7.0,13051.7,2024-07-17T00:00:00
14688,483,2398,6,2540.96,27.0,11129.4,2025-04-11T00:00:00
14689,2211,719,9,2698.13,13.0,21126.36,2023-01-18T00:00:00
14690,3513,10266,5,2919.5,28.0,10510.2,2026-05-09T00:00:00
14691,3498,13267,8,2072.46,20.0,13263.74,2025-02-25T00:00:00
14692,11971,7107,10,1694.38,15.0,14402.23,2025-07-14T00:00:00
14693,4650,7498,2,406.95,6.0,765.07,2023-08-07T00:00:00
14694,14460,9947,5,2918.92,28.0,10508.11,2023-09-07T00:00:00
14695,1923,5632,10,430.5,5.0,4089.75,2023-01-29T00:00:00
14696,12880,1921,9,1048.51,23.0,7266.17,2025-06-20T00:00:00
14697,1166,4017,5,2816.65,9.0,12815.76,2025-05-08T00:00:00
14698,9076,9559,4,2663.85,4.0,10229.18,2024-01-20T00:00:00
14699,11279,11756,3,2300.09,1.0,6831.27,2025-08-07T00:00:00
14700,5475,628,6,285.45,25.0,1284.52,2025-02-10T00:00:00
14701,7858,3123,3,1579.29,25.0,3553.4,2023-04-26T00:00:00
14702,5040,6431,9,860.67,19.0,6274.28,2024-10-16T00:00:00
14703,8090,6756,2,2213.82,24.0,3365.01,2025-01-27T00:00:00
14704,14981,13878,4,1572.52,21.0,4969.16,2024-07-19T00:00:00
14705,3124,2756,4,1059.18,27.0,3092.81,2025-05-22T00:00:00
14706,4292,7600,5,2276.66,24.0,8651.31,2025-02-09T00:00:00
14707,4852,12109,5,452.27,29.0,1605.56,2023-09-16T00:00:00
14708,3593,13083,5,1563.22,11.0,6956.33,2023-08-23T00:00:00
14709,10050,6379,4,591.45,13.0,2058.25,2024-11-06T00:00:00
14710,2526,12839,7,145.74,27.0,744.73,2023-06-30T00:00:00
14711,1632,8822,6,836.37,1.0,4968.04,2024-05-12T00:00:00
14712,3449,5290,9,210.24,18.0,1551.57,2023-11-30T00:00:00
14713,12756,7199,6,836.05,29.0,3561.57,2024-04-06T00:00:00
14714,12666,12681,6,2546.32,16.0,12833.45,2023-03-15T00:00:00
14715,13196,8000,6,1382.64,12.0,7300.34,2023-11-19T00:00:00
14716,11893,12909,4,1573.49,30.0,4405.77,2023-08-30T00:00:00
14717,6174,4627,10,507.02,4.0,4867.39,2023-02-23T00:00:00
14718,4673,10673,2,404.54,20.0,647.26,2026-04-08T00:00:00
14719,7419,13768,3,20.2,21.0,47.87,2023-02-03T00:00:00
14720,643,7609,9,628.78,12.0,4979.94,2025-04-07T00:00:00
14721,3315,1447,9,2553.65,12.0,20224.91,2026-06-02T00:00:00
14722,9689,1163,2,1488.26,21.0,2351.45,2025-09-12T00:00:00
14723,12175,978,7,1857.66,17.0,10793.0,2024-03-19T00:00:00
14724,10748,13492,1,702.69,14.0,604.31,2023-07-25T00:00:00
14725,10403,4489,8,906.68,18.0,5947.82,2024-10-27T00:00:00
14726,855,12663,3,2780.77,1.0,8258.89,2023-10-24T00:00:00
14727,8579,7280,3,996.2,22.0,2331.11,2023-10-11T00:00:00
14728,3194,13521,1,1920.76,19.0,1555.82,2024-04-25T00:00:00
14729,9383,10333,3,1559.85,18.0,3837.23,2023-11-22T00:00:00
14730,3734,9322,4,2281.04,27.0,6660.64,2023-02-17T00:00:00
14731,2143,1344,7,2053.3,3.0,13941.91,2026-02-08T00:00:00
14732,2698,4482,4,2899.65,2.0,11366.63,2023-12-21T00:00:00
14733,23,6485,9,1172.85,5.0,10027.87,2026-06-02T00:00:00
14734,7163,1072,10,412.75,6.0,3879.85,2026-04-02T00:00:00
14735,4910,10231,8,642.28,27.0,3750.92,2025-06-29T00:00:00
14736,11731,1850,6,2247.78,30.0,9440.68,2023-06-22T00:00:00
14737,6831,6215,5,2087.52,15.0,8871.96,2024-06-10T00:00:00
14738,1285,4343,9,718.41,21.0,5107.9,2023-08-11T00:00:00
14739,13321,9506,2,1170.12,19.0,1895.59,2023-04-30T00:00:00
14740,11650,10136,4,1463.78,16.0,4918.3,2025-05-24T00:00:00
14741,1769,6512,9,2033.78,6.0,17205.78,2026-04-24T00:00:00
14742,6164,193,6,2986.37,10.0,16126.4,2025-03-23T00:00:00
14743,8073,7932,8,451.74,4.0,3469.36,2024-07-16T00:00:00
14744,788,6276,1,785.54,23.0,604.87,2024-05-18T00:00:00
14745,8629,5235,7,2098.6,1.0,14543.3,2024-11-21T00:00:00
14746,14398,9949,5,2212.43,17.0,9181.58,2024-08-17T00:00:00
14747,10952,655,9,2909.72,29.0,18593.11,2023-08-31T00:00:00
14748,8323,3746,7,1298.1,18.0,7451.09,2024-01-04T00:00:00
14749,3769,13786,2,82.43,21.0,130.24,2025-05-29T00:00:00
14750,11920,11235,7,394.23,21.0,2180.09,2026-03-11T00:00:00
14751,6676,14364,5,890.83,3.0,4320.53,2025-01-24T00:00:00
14752,13390,11594,6,1436.33,1.0,8531.8,2024-12-19T00:00:00
14753,13372,1004,2,355.49,14.0,611.44,2023-06-15T00:00:00
14754,12366,3765,8,1186.38,22.0,7403.01,2024-12-23T00:00:00
14755,12678,3981,10,1667.94,28.0,12009.17,2026-01-31T00:00:00
14756,4577,4171,7,253.11,27.0,1293.39,2023-05-30T00:00:00
14757,7644,1839,3,1653.61,7.0,4613.57,2023-11-15T00:00:00
14758,13576,427,8,152.94,18.0,1003.29,2023-10-10T00:00:00
14759,12228,14215,7,2628.42,22.0,14351.17,2025-04-15T00:00:00
14760,1201,7320,1,2200.6,24.0,1672.46,2024-11-20T00:00:00
14761,13010,12388,2,1031.22,8.0,1897.44,2023-11-25T00:00:00
14762,8524,6921,8,1951.07,10.0,14047.7,2024-06-12T00:00:00
14763,14849,6582,5,2381.34,4.0,11430.43,2024-03-15T00:00:00
14764,12375,11308,1,653.41,19.0,529.26,2024-12-27T00:00:00
14765,14207,11022,10,1121.25,1.0,11100.38,2025-01-06T00:00:00
14766,9776,12527,9,1011.61,16.0,7647.77,2025-05-21T00:00:00
14767,3276,3311,2,741.0,7.0,1378.26,2025-07-05T00:00:00
14768,9370,3901,9,1615.66,25.0,10905.7,2024-01-25T00:00:00
14769,6230,4838,1,1773.24,15.0,1507.25,2024-01-05T00:00:00
14770,1643,8521,7,1967.82,29.0,9780.07,2024-07-06T00:00:00
14771,10076,11556,1,1709.82,8.0,1573.03,2025-07-06T00:00:00
14772,6851,11574,9,213.08,13.0,1668.42,2024-01-16T00:00:00
14773,11374,3568,10,1032.44,5.0,9808.18,2025-06-01T00:00:00
14774,2432,14202,2,2051.13,28.0,2953.63,2023-04-10T00:00:00
14775,1935,7206,6,1666.99,24.0,7601.47,2024-09-15T00:00:00
14776,9747,4251,7,1153.46,16.0,6782.34,2025-09-13T00:00:00
14777,8950,9804,7,47.45,25.0,249.11,2024-02-07T00:00:00
14778,2395,8380,2,1602.31,6.0,3012.34,2024-12-05T00:00:00
14779,5326,11493,8,379.63,25.0,2277.78,2023-06-28T00:00:00
14780,6087,9661,2,2449.65,8.0,4507.36,2026-03-08T00:00:00
14781,9763,4955,5,1006.32,21.0,3974.96,2025-03-26T00:00:00
14782,3196,378,7,1053.96,24.0,5607.07,2023-04-12T00:00:00
14783,1247,2211,5,2322.99,17.0,9640.41,2023-05-23T00:00:00
14784,6791,4011,1,211.75,24.0,160.93,2025-09-16T00:00:00
14785,12920,1107,8,1708.06,29.0,9701.78,2025-01-06T00:00:00
14786,11745,2751,9,437.04,27.0,2871.35,2026-03-18T00:00:00
14787,4897,11538,9,2237.6,9.0,18325.94,2023-12-11T00:00:00
14788,6835,6978,9,1978.37,13.0,15490.64,2024-04-30T00:00:00
14789,1072,5199,1,936.62,28.0,674.37,2025-05-08T00:00:00
14790,299,7151,6,1402.29,8.0,7740.64,2025-02-09T00:00:00
14791,5692,8489,10,114.05,29.0,809.75,2024-11-03T00:00:00
14792,9306,7594,6,2650.22,27.0,11607.96,2024-07-04T00:00:00
14793,8312,3909,2,2923.43,9.0,5320.64,2024-09-28T00:00:00
14794,3076,13057,6,1101.92,6.0,6214.83,2023-11-12T00:00:00
14795,2425,4327,8,106.12,18.0,696.15,2025-10-17T00:00:00
14796,11211,3812,5,1192.07,6.0,5602.73,2025-03-15T00:00:00
14797,4399,10796,3,2732.24,27.0,5983.61,2023-07-05T00:00:00
14798,4198,12381,5,2374.13,17.0,9852.64,2025-06-30T00:00:00
14799,1745,4687,4,593.25,26.0,1756.02,2024-11-13T00:00:00
14800,2092,4473,5,262.04,13.0,1139.87,2025-04-27T00:00:00
14801,10658,12316,1,1900.02,13.0,1653.02,2026-02-23T00:00:00
14802,1033,11543,4,1054.16,27.0,3078.15,2024-04-08T00:00:00
14803,10918,9601,4,1632.64,25.0,4897.92,2023-10-14T00:00:00
14804,9605,10267,3,244.42,22.0,571.94,2023-01-08T00:00:00
14805,5121,1589,9,2851.62,22.0,20018.37,2023-04-05T00:00:00
14806,12054,2452,8,2956.47,15.0,20104.0,2026-06-04T00:00:00
14807,2211,8507,2,2674.43,8.0,4920.95,2026-05-01T00:00:00
14808,12266,14154,2,1506.79,14.0,2591.68,2024-11-15T00:00:00
14809,7333,6459,6,2053.24,8.0,11333.88,2025-01-12T00:00:00
14810,13709,2112,5,2856.2,6.0,13424.14,2023-09-22T00:00:00
14811,2100,11141,10,2984.17,18.0,24470.19,2025-12-04T00:00:00
14812,10134,9196,2,1178.28,14.0,2026.64,2025-09-22T00:00:00
14813,13755,8421,3,980.15,24.0,2234.74,2024-07-12T00:00:00
14814,10330,873,3,1422.3,1.0,4224.23,2024-06-07T00:00:00
14815,2616,12883,7,1222.78,6.0,8045.89,2023-07-31T00:00:00
14816,11424,382,10,465.85,23.0,3587.05,2025-02-26T00:00:00
14817,6776,7709,1,799.54,28.0,575.67,2023-08-29T00:00:00
14818,5923,5149,9,2274.58,8.0,18833.52,2023-04-05T00:00:00
14819,9703,13098,8,1144.82,21.0,7235.26,2025-01-25T00:00:00
14820,11461,8978,5,293.78,17.0,1219.19,2023-01-04T00:00:00
14821,5104,13014,6,1637.79,19.0,7959.66,2023-08-31T00:00:00
14822,1355,4830,9,1853.61,0.0,16682.49,2023-06-25T00:00:00
14823,4015,7060,1,1199.5,7.0,1115.53,2024-07-28T00:00:00
14824,3650,10623,7,2243.33,28.0,11306.38,2023-09-06T00:00:00
14825,3256,4626,8,1257.19,8.0,9252.92,2024-09-14T00:00:00
14826,5585,1765,6,1512.61,22.0,7079.01,2025-02-27T00:00:00
14827,6671,11076,1,985.25,12.0,867.02,2023-05-19T00:00:00
14828,9796,7770,8,2442.43,27.0,14263.79,2025-10-21T00:00:00
14829,13427,2007,6,268.09,30.0,1125.98,2024-01-23T00:00:00
14830,11757,1874,6,2008.24,12.0,10603.51,2025-02-11T00:00:00
14831,10367,273,2,2647.2,3.0,5135.57,2024-05-05T00:00:00
14832,4037,12937,1,231.64,28.0,166.78,2025-12-06T00:00:00
14833,10935,6319,8,1974.1,1.0,15634.87,2025-11-20T00:00:00
14834,14171,9072,9,293.35,11.0,2349.73,2026-03-28T00:00:00
14835,14354,2611,4,2709.4,14.0,9320.34,2023-11-25T00:00:00
14836,1996,14749,4,2820.55,3.0,10943.73,2023-12-01T00:00:00
14837,12228,13250,1,2974.28,23.0,2290.2,2025-12-11T00:00:00
14838,8019,6751,7,1045.93,25.0,5491.13,2023-06-13T00:00:00
14839,2899,13711,9,2584.36,29.0,16514.06,2024-05-23T00:00:00
14840,4137,14525,5,1880.47,10.0,8462.11,2023-11-08T00:00:00
14841,13055,3711,8,44.21,17.0,293.55,2023-10-25T00:00:00
14842,1490,6715,4,2709.42,19.0,8778.52,2024-06-07T00:00:00
14843,8085,3399,5,763.42,16.0,3206.36,2023-09-01T00:00:00
14844,13359,11852,1,1209.19,24.0,918.98,2024-11-22T00:00:00
14845,3585,9421,9,498.06,26.0,3317.08,2023-09-20T00:00:00
14846,7056,12785,5,2676.59,15.0,11375.51,2024-10-21T00:00:00
14847,4279,6774,9,250.91,18.0,1851.72,2025-12-19T00:00:00
14848,13481,2603,5,900.43,13.0,3916.87,2025-12-30T00:00:00
14849,5171,12179,7,1619.49,2.0,11109.7,2023-08-07T00:00:00
14850,4271,12431,1,2549.59,7.0,2371.12,2023-01-28T00:00:00
14851,14818,9930,1,2824.28,18.0,2315.91,2023-04-20T00:00:00
14852,12406,13013,7,2670.02,29.0,13270.0,2023-06-20T00:00:00
14853,8164,11176,5,2167.05,25.0,8126.44,2024-07-18T00:00:00
14854,5556,1456,5,2123.93,17.0,8814.31,2025-03-29T00:00:00
14855,1976,2527,3,1353.32,14.0,3491.57,2026-01-25T00:00:00
14856,8516,3859,4,2108.59,8.0,7759.61,2024-12-10T00:00:00
14857,2438,6856,4,343.26,22.0,1070.97,2025-04-16T00:00:00
14858,10270,2208,10,2275.65,8.0,20935.98,2026-03-26T00:00:00
14859,14044,8543,2,878.3,17.0,1457.98,2025-03-04T00:00:00
14860,13254,9618,4,1438.1,5.0,5464.78,2025-04-09T00:00:00
14861,6112,5008,7,1209.05,14.0,7278.48,2024-11-27T00:00:00
14862,8814,5451,5,1452.55,1.0,7190.12,2025-04-29T00:00:00
14863,4138,6754,1,2624.09,9.0,2387.92,2025-03-22T00:00:00
14864,10589,9247,2,1757.58,29.0,2495.76,2023-04-06T00:00:00
14865,7355,5852,5,499.12,20.0,1996.48,2025-05-11T00:00:00
14866,3138,4705,6,304.04,16.0,1532.36,2024-02-07T00:00:00
14867,14422,9353,3,1624.53,16.0,4093.82,2023-06-16T00:00:00
14868,12968,6423,1,1629.89,18.0,1336.51,2025-12-12T00:00:00
14869,547,9347,5,2501.29,9.0,11380.87,2024-07-16T00:00:00
14870,2455,11867,4,1802.75,18.0,5913.02,2023-01-31T00:00:00
14871,11222,11815,5,1998.75,21.0,7895.06,2023-12-05T00:00:00
14872,7299,2804,9,177.86,26.0,1184.55,2025-07-01T00:00:00
14873,2730,2241,10,582.56,24.0,4427.46,2024-03-31T00:00:00
14874,1368,9538,10,634.54,22.0,4949.41,2024-03-29T00:00:00
14875,7773,5281,8,744.97,7.0,5542.58,2024-02-26T00:00:00
14876,10418,8263,3,12.33,19.0,29.96,2024-11-08T00:00:00
14877,7978,6344,5,2033.0,3.0,9860.05,2025-04-13T00:00:00
14878,13205,5759,10,472.58,5.0,4489.51,2025-02-02T00:00:00
14879,14105,13305,4,585.93,29.0,1664.04,2025-11-28T00:00:00
14880,3028,13691,1,603.25,5.0,573.09,2026-06-03T00:00:00
14881,66,9204,9,2201.03,28.0,14262.67,2025-12-17T00:00:00
14882,14315,1831,6,2224.44,21.0,10543.85,2024-03-19T00:00:00
14883,8292,6248,7,560.27,10.0,3529.7,2025-01-20T00:00:00
14884,145,13307,9,2337.17,22.0,16406.93,2025-08-02T00:00:00
14885,4973,5948,9,2363.96,23.0,16382.24,2023-10-19T00:00:00
14886,151,11561,4,1161.59,7.0,4321.11,2024-07-08T00:00:00
14887,737,9187,4,1365.08,12.0,4805.08,2024-03-30T00:00:00
14888,2887,7117,2,1581.08,23.0,2434.86,2023-08-15T00:00:00
14889,10948,4656,9,75.56,16.0,571.23,2024-09-11T00:00:00
14890,10464,12206,2,2144.29,9.0,3902.61,2025-08-12T00:00:00
14891,12676,9182,9,1098.01,6.0,9289.16,2026-03-15T00:00:00
14892,12826,11118,6,2749.31,16.0,13856.52,2025-07-21T00:00:00
14893,6333,13642,3,1030.54,12.0,2720.63,2023-01-08T00:00:00
14894,2940,9027,2,2477.62,0.0,4955.24,2024-07-24T00:00:00
14895,11787,10205,8,1358.1,27.0,7931.3,2025-06-25T00:00:00
14896,987,9800,4,2384.26,24.0,7248.15,2023-06-12T00:00:00
14897,10414,8376,9,2286.19,7.0,19135.41,2024-09-21T00:00:00
14898,4600,14482,5,2161.56,2.0,10591.64,2024-06-21T00:00:00
14899,5380,1028,1,144.11,14.0,123.93,2025-01-06T00:00:00
14900,3229,4268,7,697.92,7.0,4543.46,2023-04-05T00:00:00
14901,3261,11665,5,1150.37,25.0,4313.89,2024-06-10T00:00:00
14902,6064,1820,1,1864.06,15.0,1584.45,2025-10-06T00:00:00
14903,11985,1633,7,1500.89,27.0,7669.55,2025-08-17T00:00:00
14904,11483,7972,5,390.43,1.0,1932.63,2024-10-13T00:00:00
14905,2830,7205,9,878.31,1.0,7825.74,2024-06-23T00:00:00
14906,11960,13311,6,2932.2,5.0,16713.54,2025-03-25T00:00:00
14907,13293,1642,1,379.37,27.0,276.94,2024-08-20T00:00:00
14908,13893,7992,4,992.82,15.0,3375.59,2024-03-31T00:00:00
14909,1106,11185,5,973.06,22.0,3794.93,2026-03-19T00:00:00
14910,14424,5111,6,2046.51,18.0,10068.83,2025-06-22T00:00:00
14911,9287,4464,1,1623.52,4.0,1558.58,2025-04-15T00:00:00
14912,8036,9127,4,1667.95,1.0,6605.08,2024-12-28T00:00:00
14913,6197,1555,4,294.56,7.0,1095.76,2025-04-22T00:00:00
14914,10763,13722,4,1318.97,14.0,4537.26,2023-05-25T00:00:00
14915,9887,6251,9,2346.53,18.0,17317.39,2023-03-04T00:00:00
14916,3532,10425,9,330.76,2.0,2917.3,2024-03-15T00:00:00
14917,13714,6919,6,2466.68,13.0,12876.07,2024-03-03T00:00:00
14918,4149,1826,7,176.41,29.0,876.76,2024-09-29T00:00:00
14919,6074,12479,9,2985.18,30.0,18806.63,2023-05-06T00:00:00
14920,13234,765,4,803.25,10.0,2891.7,2023-10-20T00:00:00
14921,3770,8142,7,1392.26,24.0,7406.82,2023-11-20T00:00:00
14922,4131,12074,10,2071.74,13.0,18024.14,2025-11-02T00:00:00
14923,8473,8967,2,2329.38,29.0,3307.72,2023-04-19T00:00:00
14924,4979,8626,7,369.66,3.0,2509.99,2024-01-25T00:00:00
14925,589,1696,8,2104.47,6.0,15825.61,2023-09-08T00:00:00
14926,14090,9502,4,1069.73,27.0,3123.61,2025-08-01T00:00:00
14927,745,2948,8,2724.11,16.0,18306.02,2023-05-20T00:00:00
14928,10652,13242,1,1260.46,15.0,1071.39,2023-09-04T00:00:00
14929,6474,8303,5,565.39,24.0,2148.48,2024-06-27T00:00:00
14930,8593,11133,9,1252.34,17.0,9354.98,2024-05-17T00:00:00
14931,13425,14260,3,632.24,24.0,1441.51,2023-08-06T00:00:00
14932,5548,8543,7,59.6,19.0,337.93,2024-07-25T00:00:00
14933,228,977,3,2172.61,11.0,5800.87,2024-03-28T00:00:00
14934,1084,13852,8,2060.33,18.0,13515.76,2026-05-21T00:00:00
14935,220,14417,5,2507.43,14.0,10781.95,2024-05-05T00:00:00
14936,1000,7911,1,1230.63,11.0,1095.26,2023-08-19T00:00:00
14937,12291,14504,9,742.62,29.0,4745.34,2025-05-06T00:00:00
14938,7644,10565,5,973.32,8.0,4477.27,2026-03-31T00:00:00
14939,14326,8426,9,1550.53,25.0,10466.08,2023-08-30T00:00:00
14940,4021,13845,5,2158.15,30.0,7553.52,2024-02-12T00:00:00
14941,6370,6703,10,2001.18,19.0,16209.56,2025-10-23T00:00:00
14942,14713,13318,4,1150.24,12.0,4048.84,2023-08-19T00:00:00
14943,14593,1384,4,2409.24,17.0,7998.68,2025-09-19T00:00:00
14944,12120,11390,7,1850.02,20.0,10360.11,2024-05-16T00:00:00
14945,12961,346,3,2232.28,20.0,5357.47,2024-08-26T00:00:00
14946,8039,5351,5,878.81,8.0,4042.53,2023-02-05T00:00:00
14947,11495,12101,2,249.7,22.0,389.53,2026-04-13T00:00:00
14948,8010,4164,9,1519.15,7.0,12715.29,2023-05-12T00:00:00
14949,12401,6504,9,2161.4,4.0,18674.5,2023-03-03T00:00:00
14950,2794,4391,1,1930.51,17.0,1602.32,2025-08-18T00:00:00
14951,4106,4683,4,479.18,23.0,1475.87,2026-03-27T00:00:00
14952,9972,3787,4,1850.35,9.0,6735.27,2025-10-27T00:00:00
14953,3960,2662,1,2827.73,11.0,2516.68,2025-08-18T00:00:00
14954,4682,1654,4,2869.42,2.0,11248.13,2024-08-05T00:00:00
14955,7805,14388,7,2081.86,14.0,12532.8,2023-10-15T00:00:00
14956,12059,9663,7,1060.7,2.0,7276.4,2025-12-07T00:00:00
14957,2283,3075,3,2690.0,4.0,7747.2,2024-05-14T00:00:00
14958,9886,13546,6,595.54,4.0,3430.31,2023-02-15T00:00:00
14959,4914,490,7,269.39,29.0,1338.87,2026-05-16T00:00:00
14960,11168,2989,1,89.26,1.0,88.37,2024-04-05T00:00:00
14961,9004,9047,4,405.94,18.0,1331.48,2026-05-04T00:00:00
14962,9126,10797,4,2878.42,27.0,8404.99,2024-01-28T00:00:00
14963,14378,6617,4,1257.56,1.0,4979.94,2023-09-24T00:00:00
14964,2994,10136,3,1600.96,20.0,3842.3,2024-03-20T00:00:00
14965,383,1130,4,1108.46,11.0,3946.12,2024-08-12T00:00:00
14966,12016,11416,9,2197.86,0.0,19780.74,2024-09-28T00:00:00
14967,5344,4453,7,157.11,11.0,978.8,2025-09-17T00:00:00
14968,3114,2288,4,1778.28,29.0,5050.32,2024-01-25T00:00:00
14969,8951,13944,2,183.71,21.0,290.26,2023-01-11T00:00:00
14970,1778,12605,5,813.99,22.0,3174.56,2025-06-06T00:00:00
14971,5495,9635,2,2263.29,23.0,3485.47,2025-06-25T00:00:00
14972,12980,6413,9,1030.53,24.0,7048.83,2025-07-01T00:00:00
14973,4032,12824,2,2385.94,12.0,4199.25,2026-03-02T00:00:00
14974,1882,8605,2,725.07,19.0,1174.61,2024-09-02T00:00:00
14975,12389,8022,10,1989.72,23.0,15320.84,2024-11-02T00:00:00
14976,807,11253,8,271.7,25.0,1630.2,2025-12-05T00:00:00
14977,13792,9594,4,1490.08,22.0,4649.05,2023-02-20T00:00:00
14978,8909,12604,2,702.79,23.0,1082.3,2023-12-20T00:00:00
14979,220,14434,7,911.64,17.0,5296.63,2025-03-28T00:00:00
14980,5899,11013,3,337.62,2.0,992.6,2025-04-28T00:00:00
14981,6235,6289,2,2076.93,10.0,3738.47,2024-10-17T00:00:00
14982,10702,8673,3,2723.77,24.0,6210.2,2026-06-05T00:00:00
14983,13933,6890,3,1622.22,2.0,4769.33,2026-01-20T00:00:00
14984,7644,4808,7,980.19,13.0,5969.36,2024-08-11T00:00:00
14985,7792,1955,4,1382.38,24.0,4202.44,2023-12-03T00:00:00
14986,3294,8323,6,1792.37,21.0,8495.83,2023-06-05T00:00:00
14987,3010,9698,6,1102.35,9.0,6018.83,2026-05-12T00:00:00
14988,10565,5326,4,1385.84,14.0,4767.29,2024-07-29T00:00:00
14989,11351,7736,5,865.85,19.0,3506.69,2025-06-20T00:00:00
14990,7739,743,4,2424.69,22.0,7565.03,2025-06-08T00:00:00
14991,6296,9409,10,269.01,0.0,2690.1,2025-08-30T00:00:00
14992,3238,3073,5,2441.92,12.0,10744.45,2023-05-12T00:00:00
14993,12524,4796,10,2132.92,4.0,20476.03,2025-05-24T00:00:00
14994,1076,3488,9,634.39,30.0,3996.66,2023-11-24T00:00:00
14995,8617,2568,8,2726.28,27.0,15921.48,2025-05-15T00:00:00
14996,974,11664,10,549.4,16.0,4614.96,2025-03-24T00:00:00
14997,6475,11582,3,2599.8,13.0,6785.48,2023-05-24T00:00:00
14998,741,14367,3,1133.71,20.0,2720.9,2026-05-04T00:00:00
14999,2608,4957,9,213.41,19.0,1555.76,2026-01-24T00:00:00
15000,14893,13356,9,2662.44,12.0,21086.52,2023-10-24T00:00:00
