data_key,data,ano,semestre,trimestre,mes,mes_nome,ano_mes,semana_ano,dia_mes,dia_semana_numero,dia_semana_nome,fim_de_semana,_gold_record_hash,_gold_airflow_run_id,_gold_processed_at
20230101,2023-01-01,2023,1,1,1,Janeiro,2023-01,52,1,1,Domingo,True,7a8b05ee3ec2b500cae46758a3db6103ff78c6b882416a1637ae63aa24922752,manual_run_1,2026-06-24 00:58:51.234
20230102,2023-01-02,2023,1,1,1,Janeiro,2023-01,1,2,2,Segunda-feira,False,d1ad029082d0233452a743b9c85cab2b5a63bdbcdab94b9451398461d2ec00e4,manual_run_1,2026-06-24 00:58:51.234
20230103,2023-01-03,2023,1,1,1,Janeiro,2023-01,1,3,3,Terça-feira,False,0914dbdf428747bcae3b0557f0e352e4968871f1b1b2015a10ac7461578770c8,manual_run_1,2026-06-24 00:58:51.234
20230104,2023-01-04,2023,1,1,1,Janeiro,2023-01,1,4,4,Quarta-feira,False,936129bbc0fb573d4a4c8a7920fb6e4c32874828369f52ab59ff47a12e59f188,manual_run_1,2026-06-24 00:58:51.234
20230105,2023-01-05,2023,1,1,1,Janeiro,2023-01,1,5,5,Quinta-feira,False,97fcb5bb29c5456eaa46f5f6f475ad538e697b9e8650cd04d7baddb5851859c2,manual_run_1,2026-06-24 00:58:51.234
20230106,2023-01-06,2023,1,1,1,Janeiro,2023-01,1,6,6,Sexta-feira,False,790718efe6babc09ff1a6bccb37987cf51b0cf4607685e4814980a37bf0985c7,manual_run_1,2026-06-24 00:58:51.234
20230107,2023-01-07,2023,1,1,1,Janeiro,2023-01,1,7,7,Sábado,True,7c12e6866708e533bc205b587a75ec7f5527116441a5844ca2718dbd589ea9fb,manual_run_1,2026-06-24 00:58:51.234
20230108,2023-01-08,2023,1,1,1,Janeiro,2023-01,1,8,1,Domingo,True,8108112fbac0031eb782d2692804d1c850039a219430f0a5f07a5e6f461a8614,manual_run_1,2026-06-24 00:58:51.234
20230109,2023-01-09,2023,1,1,1,Janeiro,2023-01,2,9,2,Segunda-feira,False,d4417af45c9fe4803ea95252d043760b30f488ed17cff08e3256f92ba9e2a2d1,manual_run_1,2026-06-24 00:58:51.234
20230110,2023-01-10,2023,1,1,1,Janeiro,2023-01,2,10,3,Terça-feira,False,cbf695ecc14daf93938f6573426dd5b7040f9af7fe74a14f85d0dec34bf539ae,manual_run_1,2026-06-24 00:58:51.234
20230111,2023-01-11,2023,1,1,1,Janeiro,2023-01,2,11,4,Quarta-feira,False,6cd70e14dec21e6ac67760d43dbd385cf6e657bb320f0332651d7fa02446d4bb,manual_run_1,2026-06-24 00:58:51.234
20230112,2023-01-12,2023,1,1,1,Janeiro,2023-01,2,12,5,Quinta-feira,False,7065df4fe8b112c6e893584072886ebbe0998768fc51605eed463da01c7e5850,manual_run_1,2026-06-24 00:58:51.234
20230113,2023-01-13,2023,1,1,1,Janeiro,2023-01,2,13,6,Sexta-feira,False,38439c580f44bb851759538e0b520d2d07920b3fc614925f8948d0b72f866b13,manual_run_1,2026-06-24 00:58:51.234
20230114,2023-01-14,2023,1,1,1,Janeiro,2023-01,2,14,7,Sábado,True,f1059a1bda451145432f7f909b508990303432397cab049a45145f614c92ec09,manual_run_1,2026-06-24 00:58:51.234
20230115,2023-01-15,2023,1,1,1,Janeiro,2023-01,2,15,1,Domingo,True,923ecbbbc20f7db804766ca57d4876d52b0149c533cd8135783aa92273ad86a1,manual_run_1,2026-06-24 00:58:51.234
20230116,2023-01-16,2023,1,1,1,Janeiro,2023-01,3,16,2,Segunda-feira,False,8ddea9c705867c025ebf84e318f67206870572e075c80963a1392bc980897d16,manual_run_1,2026-06-24 00:58:51.234
20230117,2023-01-17,2023,1,1,1,Janeiro,2023-01,3,17,3,Terça-feira,False,43ab783b79e3e94fdebfaadc1cd6af21a9979ba57b1161361052071aaabfa281,manual_run_1,2026-06-24 00:58:51.234
20230118,2023-01-18,2023,1,1,1,Janeiro,2023-01,3,18,4,Quarta-feira,False,84c99d518a8cb4f9669322efdb1f5b71c3dca2a674ec268dd8a526f56d7d0294,manual_run_1,2026-06-24 00:58:51.234
20230119,2023-01-19,2023,1,1,1,Janeiro,2023-01,3,19,5,Quinta-feira,False,e054075019fb586ae502639bd77ee99930105d3bbda18e0d2393d0b3d1bac5c9,manual_run_1,2026-06-24 00:58:51.234
20230120,2023-01-20,2023,1,1,1,Janeiro,2023-01,3,20,6,Sexta-feira,False,50e13a9a74fb13eb1ed84059c1a488e75a45f294d403c46069cda9a70a592970,manual_run_1,2026-06-24 00:58:51.234
20230121,2023-01-21,2023,1,1,1,Janeiro,2023-01,3,21,7,Sábado,True,68cf7a4f14db35cee5833df32e76df6e20382d926f4725d1ece30377a7a66b88,manual_run_1,2026-06-24 00:58:51.234
20230122,2023-01-22,2023,1,1,1,Janeiro,2023-01,3,22,1,Domingo,True,56983ac75b99a150581fc17356df4a96894845369e8d1647a9fd629b19bb720e,manual_run_1,2026-06-24 00:58:51.234
20230123,2023-01-23,2023,1,1,1,Janeiro,2023-01,4,23,2,Segunda-feira,False,7bb2db11b5678a02ce2205a329621cf637360108d36b45ed32e2427bf974994f,manual_run_1,2026-06-24 00:58:51.234
20230124,2023-01-24,2023,1,1,1,Janeiro,2023-01,4,24,3,Terça-feira,False,002d7387205d2e327213682fd64dc6b8b46ae5827093060c0bd533d10caabb35,manual_run_1,2026-06-24 00:58:51.234
20230125,2023-01-25,2023,1,1,1,Janeiro,2023-01,4,25,4,Quarta-feira,False,eb2e5402fffc2aa1fc714754662700e23e31f508ce1e5c740454616f130a5521,manual_run_1,2026-06-24 00:58:51.234
20230126,2023-01-26,2023,1,1,1,Janeiro,2023-01,4,26,5,Quinta-feira,False,dc1dac4da91c4876f41bc2735afca6a7ceecdf6311081a9339d903f91188bdb6,manual_run_1,2026-06-24 00:58:51.234
20230127,2023-01-27,2023,1,1,1,Janeiro,2023-01,4,27,6,Sexta-feira,False,c1ad5bf39f14ccdedb92ce40bd354391bcd3792d8b018d2332c34be25c43e3ca,manual_run_1,2026-06-24 00:58:51.234
20230128,2023-01-28,2023,1,1,1,Janeiro,2023-01,4,28,7,Sábado,True,a16970ff61d9108dbcc4e15e22cb29b6aa7afa9efeafae3df79def56373ba804,manual_run_1,2026-06-24 00:58:51.234
20230129,2023-01-29,2023,1,1,1,Janeiro,2023-01,4,29,1,Domingo,True,adff668f86972b8e9573285b89891ba1099c5ae9118b14ab10539f2c9ffdde67,manual_run_1,2026-06-24 00:58:51.234
20230130,2023-01-30,2023,1,1,1,Janeiro,2023-01,5,30,2,Segunda-feira,False,9ae71a275768628cf31656f0a685315a058581bc42b47b0fd2c7c9e7940e68e0,manual_run_1,2026-06-24 00:58:51.234
20230131,2023-01-31,2023,1,1,1,Janeiro,2023-01,5,31,3,Terça-feira,False,3ac00e886da6cb52de942c92613e296f80e1c08c463df5414c45b0d1a33fa959,manual_run_1,2026-06-24 00:58:51.234
20230201,2023-02-01,2023,1,1,2,Fevereiro,2023-02,5,1,4,Quarta-feira,False,5c553e3a74c7f536182e1412737fc065661c96a15c2137c3f9c020c6d155a521,manual_run_1,2026-06-24 00:58:51.234
20230202,2023-02-02,2023,1,1,2,Fevereiro,2023-02,5,2,5,Quinta-feira,False,aacca9cd44a106dbc5d84872f4beb8ce343404b759c5ca33d92a7937f2287bec,manual_run_1,2026-06-24 00:58:51.234
20230203,2023-02-03,2023,1,1,2,Fevereiro,2023-02,5,3,6,Sexta-feira,False,b7c328c7c5488c7c74099dd187d6392c61704df6fba9ed7dbabb0f511fa45e01,manual_run_1,2026-06-24 00:58:51.234
20230204,2023-02-04,2023,1,1,2,Fevereiro,2023-02,5,4,7,Sábado,True,f60192658af6fb9ca0ff72b2963e93257c506075342fef0a10f68cfc7803f8d2,manual_run_1,2026-06-24 00:58:51.234
20230205,2023-02-05,2023,1,1,2,Fevereiro,2023-02,5,5,1,Domingo,True,e61ca00c4cea5f31f019b5843a979cdc215ee58b437c9421aeefddee156a80de,manual_run_1,2026-06-24 00:58:51.234
20230206,2023-02-06,2023,1,1,2,Fevereiro,2023-02,6,6,2,Segunda-feira,False,0ee449a093f670deb96c07a704aae831245950156fba3afabcafed38426a7c2b,manual_run_1,2026-06-24 00:58:51.234
20230207,2023-02-07,2023,1,1,2,Fevereiro,2023-02,6,7,3,Terça-feira,False,58359d613b01eecab0ddbac3d5bd91dde69d6a1d6363b4398205adab064236fb,manual_run_1,2026-06-24 00:58:51.234
20230208,2023-02-08,2023,1,1,2,Fevereiro,2023-02,6,8,4,Quarta-feira,False,3e0fc20d7828645271b4bd464fc3124af932cf19a12bd40467d72301743a52d1,manual_run_1,2026-06-24 00:58:51.234
20230209,2023-02-09,2023,1,1,2,Fevereiro,2023-02,6,9,5,Quinta-feira,False,23ecfb26b16c6431bf64bb5bb7a9c5cb7bfe6a78137b4dcaaa5810b86fd41ee6,manual_run_1,2026-06-24 00:58:51.234
20230210,2023-02-10,2023,1,1,2,Fevereiro,2023-02,6,10,6,Sexta-feira,False,00de58c9dffab7974b282a0914df34ed380d80a7a34324fc875fb6e2c80e2b51,manual_run_1,2026-06-24 00:58:51.234
20230211,2023-02-11,2023,1,1,2,Fevereiro,2023-02,6,11,7,Sábado,True,f9be28ebf0f1743abccdaaf8243aaa4943e8cb7ff0017da8dee820ff8de7cb19,manual_run_1,2026-06-24 00:58:51.234
20230212,2023-02-12,2023,1,1,2,Fevereiro,2023-02,6,12,1,Domingo,True,0630988e84ba898d42df3443f713d1fbf203975ec971d42c664c4b836e637a8e,manual_run_1,2026-06-24 00:58:51.234
20230213,2023-02-13,2023,1,1,2,Fevereiro,2023-02,7,13,2,Segunda-feira,False,e757c93147ba68ab74416af7bb2ca994871ccb4d1a7e9660d7dd76231f13dd75,manual_run_1,2026-06-24 00:58:51.234
20230214,2023-02-14,2023,1,1,2,Fevereiro,2023-02,7,14,3,Terça-feira,False,2194a7a734fde598cc9d6a0e1b32781da546cb753c554f83bffdb4e315ffa224,manual_run_1,2026-06-24 00:58:51.234
20230215,2023-02-15,2023,1,1,2,Fevereiro,2023-02,7,15,4,Quarta-feira,False,02f29f1c9d90293e42b898feb707656d1f04707367473c0965fed63c444330eb,manual_run_1,2026-06-24 00:58:51.234
20230216,2023-02-16,2023,1,1,2,Fevereiro,2023-02,7,16,5,Quinta-feira,False,bbfb850dbedc4b282240d8a722105d563070fde6789fb820d2f4bdc7e6f8f983,manual_run_1,2026-06-24 00:58:51.234
20230217,2023-02-17,2023,1,1,2,Fevereiro,2023-02,7,17,6,Sexta-feira,False,a1bb61a24d4baa63d5cda8c69974e037d9ec92136345942c18de05b446b4b57b,manual_run_1,2026-06-24 00:58:51.234
20230218,2023-02-18,2023,1,1,2,Fevereiro,2023-02,7,18,7,Sábado,True,83e6fa3cf82d6c24ba62d7e4d4dfb0923f88cfff8e1dc761a4504531d1595a50,manual_run_1,2026-06-24 00:58:51.234
20230219,2023-02-19,2023,1,1,2,Fevereiro,2023-02,7,19,1,Domingo,True,e145af2d0cda7d3c1afe752c20f7f40854c825010cc60dfca809d52ba9831647,manual_run_1,2026-06-24 00:58:51.234
20230220,2023-02-20,2023,1,1,2,Fevereiro,2023-02,8,20,2,Segunda-feira,False,6c22d4dbed5392945945ead831a408078c718c5e88f996f67f355d76dd671ca4,manual_run_1,2026-06-24 00:58:51.234
20230221,2023-02-21,2023,1,1,2,Fevereiro,2023-02,8,21,3,Terça-feira,False,80103478cc68c626fe45ce44094ef5b27a774743975f6a906f2724663046eff4,manual_run_1,2026-06-24 00:58:51.234
20230222,2023-02-22,2023,1,1,2,Fevereiro,2023-02,8,22,4,Quarta-feira,False,68baef66d7deb1c8aa4ad3f7b3b667426c712b375a545c46164a5cd5d4d82f5f,manual_run_1,2026-06-24 00:58:51.234
20230223,2023-02-23,2023,1,1,2,Fevereiro,2023-02,8,23,5,Quinta-feira,False,6383c91158d8a683fd79f0a2d792c93c7095b435b5d0a0642ecd49d9d77d6a46,manual_run_1,2026-06-24 00:58:51.234
20230224,2023-02-24,2023,1,1,2,Fevereiro,2023-02,8,24,6,Sexta-feira,False,e21960ccf4199af00f3ab052b3a61b71bc618d0acb0934bfcb4932ca96772ba5,manual_run_1,2026-06-24 00:58:51.234
20230225,2023-02-25,2023,1,1,2,Fevereiro,2023-02,8,25,7,Sábado,True,2470cedb7e768e3316fa7b4169c862c3ae836141a4c9224acc42f0778b98f5a9,manual_run_1,2026-06-24 00:58:51.234
20230226,2023-02-26,2023,1,1,2,Fevereiro,2023-02,8,26,1,Domingo,True,8eacbbd1cfb5d349fc9c2ed61f15c54168a93df7533795648defdc8e5cb41d29,manual_run_1,2026-06-24 00:58:51.234
20230227,2023-02-27,2023,1,1,2,Fevereiro,2023-02,9,27,2,Segunda-feira,False,89fe509e346accc6f9fc4dbed36d635f7afc5b4d5b451df59d7a48cbee08cac0,manual_run_1,2026-06-24 00:58:51.234
20230228,2023-02-28,2023,1,1,2,Fevereiro,2023-02,9,28,3,Terça-feira,False,2b95f9d8439919b77b6d0606e64d4232179c959665793c7f1b7ac309da12f316,manual_run_1,2026-06-24 00:58:51.234
20230301,2023-03-01,2023,1,1,3,Março,2023-03,9,1,4,Quarta-feira,False,351f00d4586b461c05253c7ba125f68e4f1c7311969810efa1f86fc5522b5739,manual_run_1,2026-06-24 00:58:51.234
20230302,2023-03-02,2023,1,1,3,Março,2023-03,9,2,5,Quinta-feira,False,3bd3268d78644bc4fd50cc98c5d47b1e792c7c7e8ec56b446e721318ba0dd499,manual_run_1,2026-06-24 00:58:51.234
20230303,2023-03-03,2023,1,1,3,Março,2023-03,9,3,6,Sexta-feira,False,0307eea22220067dbabc5ba553ab3bd2be130ae579950404b7759833293f3efe,manual_run_1,2026-06-24 00:58:51.234
20230304,2023-03-04,2023,1,1,3,Março,2023-03,9,4,7,Sábado,True,c7354ca382375c502f4036f1623555cd7ed90f45504118ab52be79804f57e13c,manual_run_1,2026-06-24 00:58:51.234
20230305,2023-03-05,2023,1,1,3,Março,2023-03,9,5,1,Domingo,True,39e7e2361f697c4d6e029ef6eeb54f72f933f8b722f5c70e5690cea885a4d31c,manual_run_1,2026-06-24 00:58:51.234
20230306,2023-03-06,2023,1,1,3,Março,2023-03,10,6,2,Segunda-feira,False,37a3586d85ae398707fdb52f0298f2b07f76b9042faf511cb096ab03934969cb,manual_run_1,2026-06-24 00:58:51.234
20230307,2023-03-07,2023,1,1,3,Março,2023-03,10,7,3,Terça-feira,False,fc206e4a59dac1ff9d36e3d9d311498c5822a7784fd8540d429d2409721904b7,manual_run_1,2026-06-24 00:58:51.234
20230308,2023-03-08,2023,1,1,3,Março,2023-03,10,8,4,Quarta-feira,False,22b4ef9f97f5ab48faf76e74e2f2e4658c5403a42f71703a3c69c6c11cacfcce,manual_run_1,2026-06-24 00:58:51.234
20230309,2023-03-09,2023,1,1,3,Março,2023-03,10,9,5,Quinta-feira,False,ca98857a7f2fcb7435aa7e8477458f783471a51b03f11030ebe2eab670f74ed1,manual_run_1,2026-06-24 00:58:51.234
20230310,2023-03-10,2023,1,1,3,Março,2023-03,10,10,6,Sexta-feira,False,bd55b6455621deeeead945cc307d57d74f3f1d5e5335a4aaeeea8e8138bb449a,manual_run_1,2026-06-24 00:58:51.234
20230311,2023-03-11,2023,1,1,3,Março,2023-03,10,11,7,Sábado,True,44f54ebc1b38f4a3da9c3fa1cea03c6ae6c431057dc4dcae4b0f02fbbf818e54,manual_run_1,2026-06-24 00:58:51.234
20230312,2023-03-12,2023,1,1,3,Março,2023-03,10,12,1,Domingo,True,c576b448faee1a8ff2e61eda7e1cbff1543e589d887d32bf22cdb01dfb4a9ce2,manual_run_1,2026-06-24 00:58:51.234
20230313,2023-03-13,2023,1,1,3,Março,2023-03,11,13,2,Segunda-feira,False,006e02b61d13e65e90609ab825be7303af2c1b8012bb44a55c4a283149b82d70,manual_run_1,2026-06-24 00:58:51.234
20230314,2023-03-14,2023,1,1,3,Março,2023-03,11,14,3,Terça-feira,False,6f6ca8d600c80966a69d065697c251aae07bb925660cd5a1a5bb31f42e7c0429,manual_run_1,2026-06-24 00:58:51.234
20230315,2023-03-15,2023,1,1,3,Março,2023-03,11,15,4,Quarta-feira,False,bbe6748d8a33ad767adf92f1fe234256d0c51e96c25928f3c5debf970158f701,manual_run_1,2026-06-24 00:58:51.234
20230316,2023-03-16,2023,1,1,3,Março,2023-03,11,16,5,Quinta-feira,False,0f0650040d577c2209e548bdbbda4f169cc4d11f39d562ad737907e58f038498,manual_run_1,2026-06-24 00:58:51.234
20230317,2023-03-17,2023,1,1,3,Março,2023-03,11,17,6,Sexta-feira,False,54d514312bd26b97cb363169ccaa8b089e3115053e5909d0629c96fb2a4f19d0,manual_run_1,2026-06-24 00:58:51.234
20230318,2023-03-18,2023,1,1,3,Março,2023-03,11,18,7,Sábado,True,77d31f610dc32a521101987a1757456d72e3ff0ec8ebbcab0462168cfaa4be54,manual_run_1,2026-06-24 00:58:51.234
20230319,2023-03-19,2023,1,1,3,Março,2023-03,11,19,1,Domingo,True,78bbfa2f65669eeb45a6b5d593e856064fc3828c79693261a220baef0f085ae2,manual_run_1,2026-06-24 00:58:51.234
20230320,2023-03-20,2023,1,1,3,Março,2023-03,12,20,2,Segunda-feira,False,2ea8ec0ddecaeac25070dc8d66ca63cda0153ec53711b81e7003fdc5444dcce9,manual_run_1,2026-06-24 00:58:51.234
20230321,2023-03-21,2023,1,1,3,Março,2023-03,12,21,3,Terça-feira,False,7843269bab8f971a05b10897c129c2ca41f170b3982a9168b0716e166dc4dd2c,manual_run_1,2026-06-24 00:58:51.234
20230322,2023-03-22,2023,1,1,3,Março,2023-03,12,22,4,Quarta-feira,False,4df2d4fb1de24bca5ad879c9f0b42b3936045974e8a20bd80a7327d723796503,manual_run_1,2026-06-24 00:58:51.234
20230323,2023-03-23,2023,1,1,3,Março,2023-03,12,23,5,Quinta-feira,False,a03fbaa5786a5596c788d15931f357647dd497906f142f13e72bdf134df72250,manual_run_1,2026-06-24 00:58:51.234
20230324,2023-03-24,2023,1,1,3,Março,2023-03,12,24,6,Sexta-feira,False,d8cb7c6a0377cfd11edbbfd03ff3f8eae78e89c6c55d357488b072ebaff1d748,manual_run_1,2026-06-24 00:58:51.234
20230325,2023-03-25,2023,1,1,3,Março,2023-03,12,25,7,Sábado,True,6655651f6c80107ca30b4d853b2ffb987329e7bdf9444af1e2f73c417ce2607b,manual_run_1,2026-06-24 00:58:51.234
20230326,2023-03-26,2023,1,1,3,Março,2023-03,12,26,1,Domingo,True,4b7460ec8d932799b59c27a162e454f7fb79720c91a11b16a6445805607e807e,manual_run_1,2026-06-24 00:58:51.234
20230327,2023-03-27,2023,1,1,3,Março,2023-03,13,27,2,Segunda-feira,False,3c7c786a0b0ea11529b884cc94f35529fd236d562a1fbef82ec70b451bd4dd83,manual_run_1,2026-06-24 00:58:51.234
20230328,2023-03-28,2023,1,1,3,Março,2023-03,13,28,3,Terça-feira,False,d78b4e075d2fe9fbb7f1e4f24c35d6613129a19e6be3bf793adb70f66c95bf53,manual_run_1,2026-06-24 00:58:51.234
20230329,2023-03-29,2023,1,1,3,Março,2023-03,13,29,4,Quarta-feira,False,c34d3a3030177440b4886650e2a036c62fef90f81eefac64a4c67f1a247f8b4b,manual_run_1,2026-06-24 00:58:51.234
20230330,2023-03-30,2023,1,1,3,Março,2023-03,13,30,5,Quinta-feira,False,e6e884bd376ea3fa3c18065c18cf84b7ddc3657f04a6d87594795e95244f710e,manual_run_1,2026-06-24 00:58:51.234
20230331,2023-03-31,2023,1,1,3,Março,2023-03,13,31,6,Sexta-feira,False,d15c0ae311914b1961062fb2ac9fe7fbf146dcf0db875ae64c6614f04523df21,manual_run_1,2026-06-24 00:58:51.234
20230401,2023-04-01,2023,1,2,4,Abril,2023-04,13,1,7,Sábado,True,45574de4ca8d64b546c24ab880dbe4adcca33e8ee64901fa9aa51dec17192f2f,manual_run_1,2026-06-24 00:58:51.234
20230402,2023-04-02,2023,1,2,4,Abril,2023-04,13,2,1,Domingo,True,618fd8e32c739fb68a2df6dd7f4b15ae38a56e61f85469651537ac081ee0be3e,manual_run_1,2026-06-24 00:58:51.234
20230403,2023-04-03,2023,1,2,4,Abril,2023-04,14,3,2,Segunda-feira,False,65ad99454e65938bf7aba6075711527b463c4cdf18b31bdae43460f1509ea6ea,manual_run_1,2026-06-24 00:58:51.234
20230404,2023-04-04,2023,1,2,4,Abril,2023-04,14,4,3,Terça-feira,False,5da39926813799f8764fb1708516e94505ffe343902d312f5282e8e74e2409ee,manual_run_1,2026-06-24 00:58:51.234
20230405,2023-04-05,2023,1,2,4,Abril,2023-04,14,5,4,Quarta-feira,False,5a378912bf58f0ee585959cdf1937b3f539a690746c692ec328a49a253c6aceb,manual_run_1,2026-06-24 00:58:51.234
20230406,2023-04-06,2023,1,2,4,Abril,2023-04,14,6,5,Quinta-feira,False,2767b63848e6d349787a32235af846fef95e9f5d22f60e3f28614c7eb13e7824,manual_run_1,2026-06-24 00:58:51.234
20230407,2023-04-07,2023,1,2,4,Abril,2023-04,14,7,6,Sexta-feira,False,fcba81d073f8b705809a9d56ac9229a61748a9ec95519641087fd7be0f5e4f16,manual_run_1,2026-06-24 00:58:51.234
20230408,2023-04-08,2023,1,2,4,Abril,2023-04,14,8,7,Sábado,True,d38b95940d1f6ff3b614b7f07a64e9e8ff0d99cc7688196a6c2e6296389bdb25,manual_run_1,2026-06-24 00:58:51.234
20230409,2023-04-09,2023,1,2,4,Abril,2023-04,14,9,1,Domingo,True,b2caadd744bdcf067237bb025ad781ff26fe051cdc02a00acbbe7777b91d22b2,manual_run_1,2026-06-24 00:58:51.234
20230410,2023-04-10,2023,1,2,4,Abril,2023-04,15,10,2,Segunda-feira,False,e2fd805640df2efad4edcfd5126de8bfe35e1a2d85aebf6c396b51e90f581838,manual_run_1,2026-06-24 00:58:51.234
20230411,2023-04-11,2023,1,2,4,Abril,2023-04,15,11,3,Terça-feira,False,edddbd754eba8c15745858e797c46ac19f7fb302230213b0ef9895db88ddfd41,manual_run_1,2026-06-24 00:58:51.234
20230412,2023-04-12,2023,1,2,4,Abril,2023-04,15,12,4,Quarta-feira,False,6aa2bc0518ac92b680685a41db7c52abeadb9721d0e1d2c67b074e3aff25f6d3,manual_run_1,2026-06-24 00:58:51.234
20230413,2023-04-13,2023,1,2,4,Abril,2023-04,15,13,5,Quinta-feira,False,366c823b8d161d794bede16a051b00d4724c2ff1bd2601cad84bce9675a576ec,manual_run_1,2026-06-24 00:58:51.234
20230414,2023-04-14,2023,1,2,4,Abril,2023-04,15,14,6,Sexta-feira,False,87cb37d7e617ee43e9d4254f6a095d83d704a6c269b8a7525e4ac5500824cf1e,manual_run_1,2026-06-24 00:58:51.234
20230415,2023-04-15,2023,1,2,4,Abril,2023-04,15,15,7,Sábado,True,9c4b070153289d36496750abff46fca86c43a56de585a1f57891711e147dde01,manual_run_1,2026-06-24 00:58:51.234
20230416,2023-04-16,2023,1,2,4,Abril,2023-04,15,16,1,Domingo,True,b0008366ceeed2220569dc0be39c53dee6919aa3ba6a32fb55b81c305fef65e5,manual_run_1,2026-06-24 00:58:51.234
20230417,2023-04-17,2023,1,2,4,Abril,2023-04,16,17,2,Segunda-feira,False,cd2a508493b84c986527e49994d076186b23122be1d7c40890e84db104246433,manual_run_1,2026-06-24 00:58:51.234
20230418,2023-04-18,2023,1,2,4,Abril,2023-04,16,18,3,Terça-feira,False,d7a7cbdbd7095ac8d2845eee4bd7b3de457e93a027875c6d3418b522505f5319,manual_run_1,2026-06-24 00:58:51.234
20230419,2023-04-19,2023,1,2,4,Abril,2023-04,16,19,4,Quarta-feira,False,df6c6976750637f07b31b16cfb571642b4baa96adfca8e761b708a2cef4f801b,manual_run_1,2026-06-24 00:58:51.234
20230420,2023-04-20,2023,1,2,4,Abril,2023-04,16,20,5,Quinta-feira,False,b5c4e94d3b64d877fdfe17195e82bba45befe7a2d09c502a73dfc0b0a0229494,manual_run_1,2026-06-24 00:58:51.234
20230421,2023-04-21,2023,1,2,4,Abril,2023-04,16,21,6,Sexta-feira,False,6381a18a97117cfdd6996edf1aa760dbc0968206943813bd119b5b33c8b34d8f,manual_run_1,2026-06-24 00:58:51.234
20230422,2023-04-22,2023,1,2,4,Abril,2023-04,16,22,7,Sábado,True,f6ea289a71836ca0f52541f560fd5c9b7d8a5b00169acb991a5cba63f6c9a3a9,manual_run_1,2026-06-24 00:58:51.234
20230423,2023-04-23,2023,1,2,4,Abril,2023-04,16,23,1,Domingo,True,8c9ce61128fd81f6948790ed407f3fb638c0c9b389bc615f27eeb192299f249a,manual_run_1,2026-06-24 00:58:51.234
20230424,2023-04-24,2023,1,2,4,Abril,2023-04,17,24,2,Segunda-feira,False,82a6f2fc4d49d0018f970f65c4441ae9bba7092a06488fc69889555d96dd34f4,manual_run_1,2026-06-24 00:58:51.234
20230425,2023-04-25,2023,1,2,4,Abril,2023-04,17,25,3,Terça-feira,False,26c797066163241fca22506163b635e6848da883437490c24f90cfac2953fe27,manual_run_1,2026-06-24 00:58:51.234
20230426,2023-04-26,2023,1,2,4,Abril,2023-04,17,26,4,Quarta-feira,False,aec25dc271a4c5e9e9f5f42b14069bbca678c47446dde8dd3039278052619cbf,manual_run_1,2026-06-24 00:58:51.234
20230427,2023-04-27,2023,1,2,4,Abril,2023-04,17,27,5,Quinta-feira,False,668310cff87a9071c1195d97b0aab23584b777c26f5d6e24122816dc5dd08fdb,manual_run_1,2026-06-24 00:58:51.234
20230428,2023-04-28,2023,1,2,4,Abril,2023-04,17,28,6,Sexta-feira,False,41cafcf2da9aa1c17366ad758480ba323562abf8c744b30dc8a68692c0492c99,manual_run_1,2026-06-24 00:58:51.234
20230429,2023-04-29,2023,1,2,4,Abril,2023-04,17,29,7,Sábado,True,686c2f3d79380b235d1e4501ae8f33097bbb0ee61be8864ad09673f9f5c95ac1,manual_run_1,2026-06-24 00:58:51.234
20230430,2023-04-30,2023,1,2,4,Abril,2023-04,17,30,1,Domingo,True,8b91e7b9fc4bf3b674e60e53a0cdd324f75ea061f97c80f2b338baaaedd2fd09,manual_run_1,2026-06-24 00:58:51.234
20230501,2023-05-01,2023,1,2,5,Maio,2023-05,18,1,2,Segunda-feira,False,a01cdcd02410566e1f813721d440c9e52d53efe6689513cc699efc93700c9571,manual_run_1,2026-06-24 00:58:51.234
20230502,2023-05-02,2023,1,2,5,Maio,2023-05,18,2,3,Terça-feira,False,0893d477c38f01cec26e2d4ee010d0c5b0babc7a7b88897e642d73af65cb8b87,manual_run_1,2026-06-24 00:58:51.234
20230503,2023-05-03,2023,1,2,5,Maio,2023-05,18,3,4,Quarta-feira,False,a20b154a655c01c3efadf39625805762a232510c25be4769b8ca25050ca9e260,manual_run_1,2026-06-24 00:58:51.234
20230504,2023-05-04,2023,1,2,5,Maio,2023-05,18,4,5,Quinta-feira,False,1bd8251f0690258ca4306b231fda9b2cc23904bff58061d2440f84dae3ea2799,manual_run_1,2026-06-24 00:58:51.234
20230505,2023-05-05,2023,1,2,5,Maio,2023-05,18,5,6,Sexta-feira,False,7234b798ac0348fc151a470c32f3a038d4be290060470af64662cfdc49cd596f,manual_run_1,2026-06-24 00:58:51.234
20230506,2023-05-06,2023,1,2,5,Maio,2023-05,18,6,7,Sábado,True,87037680ec5a1db82a2aa1e1d60d5fcb7d4db8fb1a492787c2f274d717fc5874,manual_run_1,2026-06-24 00:58:51.234
20230507,2023-05-07,2023,1,2,5,Maio,2023-05,18,7,1,Domingo,True,1ba9e0edac30ff5aef4869b233ac5aa0241f79d63844e4062cb3968e36ea1457,manual_run_1,2026-06-24 00:58:51.234
20230508,2023-05-08,2023,1,2,5,Maio,2023-05,19,8,2,Segunda-feira,False,c85dfcc93f3ed57e40d194a9f38d50cf0b0838a880bcff2153f7172a98717779,manual_run_1,2026-06-24 00:58:51.234
20230509,2023-05-09,2023,1,2,5,Maio,2023-05,19,9,3,Terça-feira,False,6dccaee3de7c56f815b813d1231119e9ce646845e2a47bad43caf20896f87476,manual_run_1,2026-06-24 00:58:51.234
20230510,2023-05-10,2023,1,2,5,Maio,2023-05,19,10,4,Quarta-feira,False,9e53d3958b1c2cf4a63c456fd8aa465d189bf85bbc7368e45532abc0f6c0aed2,manual_run_1,2026-06-24 00:58:51.234
20230511,2023-05-11,2023,1,2,5,Maio,2023-05,19,11,5,Quinta-feira,False,571bd276189549b1c660f9db1d1ba4730aa911e00d3a5dc8f4eda1df436e0438,manual_run_1,2026-06-24 00:58:51.234
20230512,2023-05-12,2023,1,2,5,Maio,2023-05,19,12,6,Sexta-feira,False,011890a6c2bc586cfcc57b2c39a517577e952e1544f64ff91ed6292a62306f97,manual_run_1,2026-06-24 00:58:51.234
20230513,2023-05-13,2023,1,2,5,Maio,2023-05,19,13,7,Sábado,True,22832b33bf7377ae4a17f7aca9c7cd461be76458aa8a685cd0c69b2ef15b8868,manual_run_1,2026-06-24 00:58:51.234
20230514,2023-05-14,2023,1,2,5,Maio,2023-05,19,14,1,Domingo,True,438a3bc111601a8759b5b954bfa37a7a64ba1db6c911663c1fbbe928a4278378,manual_run_1,2026-06-24 00:58:51.234
20230515,2023-05-15,2023,1,2,5,Maio,2023-05,20,15,2,Segunda-feira,False,3ddf5b49c14bfcecdb4a97423fd048dcf3dd2f3349f5c4b4b4a3ae3327edad78,manual_run_1,2026-06-24 00:58:51.234
20230516,2023-05-16,2023,1,2,5,Maio,2023-05,20,16,3,Terça-feira,False,98c8a6742d102a5aa4dc0f81dc17ffe43175c834256104f8ebef2603c9291772,manual_run_1,2026-06-24 00:58:51.234
20230517,2023-05-17,2023,1,2,5,Maio,2023-05,20,17,4,Quarta-feira,False,77eb010f89767b51ff3f3e3338253b08050c54acf5b6072948146835ae5f0e04,manual_run_1,2026-06-24 00:58:51.234
20230518,2023-05-18,2023,1,2,5,Maio,2023-05,20,18,5,Quinta-feira,False,e7baaea5ec31672492a0b66ca864f1b70a3f1a885d75264898991924bf71aec6,manual_run_1,2026-06-24 00:58:51.234
20230519,2023-05-19,2023,1,2,5,Maio,2023-05,20,19,6,Sexta-feira,False,356a9c6ed4900d9d06d54b0fc1549de41bcc6e605194e62273e2a138557c84b8,manual_run_1,2026-06-24 00:58:51.234
20230520,2023-05-20,2023,1,2,5,Maio,2023-05,20,20,7,Sábado,True,5fa7411fee489c9c399cec4822134bb25ea4fc471d3ec0d511bf092786ce16f4,manual_run_1,2026-06-24 00:58:51.234
20230521,2023-05-21,2023,1,2,5,Maio,2023-05,20,21,1,Domingo,True,b3716198a7388da6b74083ce10dd20836caadad3e42d111d2b010b855acb46ba,manual_run_1,2026-06-24 00:58:51.234
20230522,2023-05-22,2023,1,2,5,Maio,2023-05,21,22,2,Segunda-feira,False,6cdcbd1aa0cb320d6761fdeac2449d902c8973b3065a5b74605a0d485e3f2a0e,manual_run_1,2026-06-24 00:58:51.234
20230523,2023-05-23,2023,1,2,5,Maio,2023-05,21,23,3,Terça-feira,False,b26735ae93f6e8ffc3f68705b5d755be34b09a0f02fccd72c70173055c227e21,manual_run_1,2026-06-24 00:58:51.234
20230524,2023-05-24,2023,1,2,5,Maio,2023-05,21,24,4,Quarta-feira,False,5a4893b45b707ca21f8bb5874079c36b68ae5f2dc9be71ddc9b6eb36f6046078,manual_run_1,2026-06-24 00:58:51.234
20230525,2023-05-25,2023,1,2,5,Maio,2023-05,21,25,5,Quinta-feira,False,45dc3ac76bcacf4f5b5a5cfb2fa8e26e8c2887dc267e92d9d025260b2f5a53a3,manual_run_1,2026-06-24 00:58:51.234
20230526,2023-05-26,2023,1,2,5,Maio,2023-05,21,26,6,Sexta-feira,False,5623f1402074ee786e0f5fdbae459b9fe4e7c6e2f3de4799295e2555e37e4d22,manual_run_1,2026-06-24 00:58:51.234
20230527,2023-05-27,2023,1,2,5,Maio,2023-05,21,27,7,Sábado,True,f752615bf89071f646e922c9848bd5310a82baf30be04ecf17bc2ad51ddd712a,manual_run_1,2026-06-24 00:58:51.234
20230528,2023-05-28,2023,1,2,5,Maio,2023-05,21,28,1,Domingo,True,a4ae0a34c0523def7252ae404fe187b0bec9970ed2e982281f6b62ebffe31b1a,manual_run_1,2026-06-24 00:58:51.234
20230529,2023-05-29,2023,1,2,5,Maio,2023-05,22,29,2,Segunda-feira,False,57d67e23bcfbfdc641d686f47b4d254366a397c720a8b8842713469cf90416ab,manual_run_1,2026-06-24 00:58:51.234
20230530,2023-05-30,2023,1,2,5,Maio,2023-05,22,30,3,Terça-feira,False,09fb3acf3190b640dc12ca6564f0667525cb882f39f636fabd5a0b03874dcc73,manual_run_1,2026-06-24 00:58:51.234
20230531,2023-05-31,2023,1,2,5,Maio,2023-05,22,31,4,Quarta-feira,False,8f9cef1b962317732bb193832d5bace81a3fe31c2273efddd75d574aed8f40b4,manual_run_1,2026-06-24 00:58:51.234
20230601,2023-06-01,2023,1,2,6,Junho,2023-06,22,1,5,Quinta-feira,False,0fad396cfa5fd232e83fc77e022f012699ba9cb4c94fb1a22bd64b9c78a2b9f4,manual_run_1,2026-06-24 00:58:51.234
20230602,2023-06-02,2023,1,2,6,Junho,2023-06,22,2,6,Sexta-feira,False,4b86929932f33388952a7170922d2bfabdd2e2c9dd0178240a227a9c0585e687,manual_run_1,2026-06-24 00:58:51.234
20230603,2023-06-03,2023,1,2,6,Junho,2023-06,22,3,7,Sábado,True,d4a460d43fc37e64f7a20803356b8e8b952850dbc22efe8c719a765fdcc07e47,manual_run_1,2026-06-24 00:58:51.234
20230604,2023-06-04,2023,1,2,6,Junho,2023-06,22,4,1,Domingo,True,d786364710a705484339ea4a95578ff860535e9324b8ddf090ab843188f4466e,manual_run_1,2026-06-24 00:58:51.234
20230605,2023-06-05,2023,1,2,6,Junho,2023-06,23,5,2,Segunda-feira,False,c6984ea85e085957cc1e2c09ebd680e3ba8004692661a59597efad8cf1d7bda5,manual_run_1,2026-06-24 00:58:51.234
20230606,2023-06-06,2023,1,2,6,Junho,2023-06,23,6,3,Terça-feira,False,ab5693ebaa2af8ff2175fc06fb738b879d44287d1e31982c429cd8f52dad6230,manual_run_1,2026-06-24 00:58:51.234
20230607,2023-06-07,2023,1,2,6,Junho,2023-06,23,7,4,Quarta-feira,False,b8bd55fb0a5e2b6248e191716cbdd51b97ad6d571a01c7cb811f419a0fe5d636,manual_run_1,2026-06-24 00:58:51.234
20230608,2023-06-08,2023,1,2,6,Junho,2023-06,23,8,5,Quinta-feira,False,fc7ad45b139e395a9b3abfa372b5a5bc2fe586c8b87296fffc5201ceb1deb8cf,manual_run_1,2026-06-24 00:58:51.234
20230609,2023-06-09,2023,1,2,6,Junho,2023-06,23,9,6,Sexta-feira,False,681f9294b6f20f64cc6da33d60fe7861f3b1e1a02b0bd73da9f010c18d4d865b,manual_run_1,2026-06-24 00:58:51.234
20230610,2023-06-10,2023,1,2,6,Junho,2023-06,23,10,7,Sábado,True,09785d95e6f3ae24f3e79ca947f79ede3e0ed7d6de99debac507a521a49b547d,manual_run_1,2026-06-24 00:58:51.234
20230611,2023-06-11,2023,1,2,6,Junho,2023-06,23,11,1,Domingo,True,0bbe8a32c6d9ba5dc3f832f174741af5534b7215f3aa2cc15b4df532c0e1a9ea,manual_run_1,2026-06-24 00:58:51.234
20230612,2023-06-12,2023,1,2,6,Junho,2023-06,24,12,2,Segunda-feira,False,3eb1246e84a639d68aa74b41c8ad0053459c2df689f10edaed826758e1d62599,manual_run_1,2026-06-24 00:58:51.234
20230613,2023-06-13,2023,1,2,6,Junho,2023-06,24,13,3,Terça-feira,False,92a02e1a8c570f8ff59996c0344016d754e755557e488d40d40138dfe7dd7a80,manual_run_1,2026-06-24 00:58:51.234
20230614,2023-06-14,2023,1,2,6,Junho,2023-06,24,14,4,Quarta-feira,False,c9bff53bb5e29ae8187e215ba816b189c49adbe230efe88688b0e89bb676783b,manual_run_1,2026-06-24 00:58:51.234
20230615,2023-06-15,2023,1,2,6,Junho,2023-06,24,15,5,Quinta-feira,False,a93a032fdf986b9fb8d8c0d9d24b6d45581f063c8661789ff5b605d2126ed6d6,manual_run_1,2026-06-24 00:58:51.234
20230616,2023-06-16,2023,1,2,6,Junho,2023-06,24,16,6,Sexta-feira,False,5fcb2ab4b0e15a58fb850c9ac7dc925a5b3ac14b401087183b8d68a1f5a7fa87,manual_run_1,2026-06-24 00:58:51.234
20230617,2023-06-17,2023,1,2,6,Junho,2023-06,24,17,7,Sábado,True,8c41aa2f7ad921b9d12f638083d072e5833e05f1f91959c60a041a16bd009a24,manual_run_1,2026-06-24 00:58:51.234
20230618,2023-06-18,2023,1,2,6,Junho,2023-06,24,18,1,Domingo,True,36488fd7c3bac4bad6a40b9bfb5b5e838eb3c9173475dcc04a27edc33fc860c7,manual_run_1,2026-06-24 00:58:51.234
20230619,2023-06-19,2023,1,2,6,Junho,2023-06,25,19,2,Segunda-feira,False,e38dc98d7161c9e9052a5077c63ec3ee09e2b91aeeeed6c2db3b14bc74acb412,manual_run_1,2026-06-24 00:58:51.234
20230620,2023-06-20,2023,1,2,6,Junho,2023-06,25,20,3,Terça-feira,False,1626d51f957f30451c8cbf4c83e07e7b5d0ca498702cdf14af7831cb26cebb21,manual_run_1,2026-06-24 00:58:51.234
20230621,2023-06-21,2023,1,2,6,Junho,2023-06,25,21,4,Quarta-feira,False,bde0e97fb31b5c3ec32ee9d81ec74a50758a021f8c012990c1a390601149c131,manual_run_1,2026-06-24 00:58:51.234
20230622,2023-06-22,2023,1,2,6,Junho,2023-06,25,22,5,Quinta-feira,False,4abdac320ef6968d36c23d0540c94a2d08cc4031b97a5cb0e6f3201fde733487,manual_run_1,2026-06-24 00:58:51.234
20230623,2023-06-23,2023,1,2,6,Junho,2023-06,25,23,6,Sexta-feira,False,964809b64925feebfdc172678a5f861db2cfa994d59aea3f85ad86172491ece4,manual_run_1,2026-06-24 00:58:51.234
20230624,2023-06-24,2023,1,2,6,Junho,2023-06,25,24,7,Sábado,True,022532e9c81b99b48429f2b9bf4a2ef772b4aa6a6aebf16de6814664a0af2eae,manual_run_1,2026-06-24 00:58:51.234
20230625,2023-06-25,2023,1,2,6,Junho,2023-06,25,25,1,Domingo,True,44e230353c310339f9d2dccec5471299c64f95834bd4fe482b920d1d2b30057a,manual_run_1,2026-06-24 00:58:51.234
20230626,2023-06-26,2023,1,2,6,Junho,2023-06,26,26,2,Segunda-feira,False,09e91daf741cf29eac9a9ea9f54772f435adf11556e9b0b146a87f908c17f0fb,manual_run_1,2026-06-24 00:58:51.234
20230627,2023-06-27,2023,1,2,6,Junho,2023-06,26,27,3,Terça-feira,False,8004b8f30eeff66721d6dcc2f68400e25a6191876b03b41bdb82ab797acfdffc,manual_run_1,2026-06-24 00:58:51.234
20230628,2023-06-28,2023,1,2,6,Junho,2023-06,26,28,4,Quarta-feira,False,89147e1ae6395b65c938d43e662e7e43f7d66325bb544545bb5b549216744642,manual_run_1,2026-06-24 00:58:51.234
20230629,2023-06-29,2023,1,2,6,Junho,2023-06,26,29,5,Quinta-feira,False,5a38d5bd48d0b98b4a4d77a44989d891aa93143bbcbc5e0ad4ccd7abb80d8303,manual_run_1,2026-06-24 00:58:51.234
20230630,2023-06-30,2023,1,2,6,Junho,2023-06,26,30,6,Sexta-feira,False,34afdbe8582d9a21758966c8547f41c2da57bc2347f8899d450cd57f00db702f,manual_run_1,2026-06-24 00:58:51.234
20230701,2023-07-01,2023,2,3,7,Julho,2023-07,26,1,7,Sábado,True,5291472be44a821184e9b25e35b6678679fef748f667c7ab5adf4228d6bc0a59,manual_run_1,2026-06-24 00:58:51.234
20230702,2023-07-02,2023,2,3,7,Julho,2023-07,26,2,1,Domingo,True,7578686610506c825511d6e0cd93755619770ea3025fb3028063acea214bbf36,manual_run_1,2026-06-24 00:58:51.234
20230703,2023-07-03,2023,2,3,7,Julho,2023-07,27,3,2,Segunda-feira,False,6de0ab8c6e3e46ddaceee362bed5a928080b597ad975d1981ee404e7f3271cd1,manual_run_1,2026-06-24 00:58:51.234
20230704,2023-07-04,2023,2,3,7,Julho,2023-07,27,4,3,Terça-feira,False,c88bcce156362ce3e067b41de713c74bf24fa2d5580d63e10335435aefb5dc5f,manual_run_1,2026-06-24 00:58:51.234
20230705,2023-07-05,2023,2,3,7,Julho,2023-07,27,5,4,Quarta-feira,False,905eeda0b8128d9ee1df5c1fc2caa840d69a9d04f4288428d6ec17c77574adb8,manual_run_1,2026-06-24 00:58:51.234
20230706,2023-07-06,2023,2,3,7,Julho,2023-07,27,6,5,Quinta-feira,False,4984c4a3fb7c1d9f155e2fbf40561e2ed2350bcedce655a8eb2e8e9f93ebf019,manual_run_1,2026-06-24 00:58:51.234
20230707,2023-07-07,2023,2,3,7,Julho,2023-07,27,7,6,Sexta-feira,False,314390a4e4cc2d43f68327fbbc2cffba1b8bbce09424f3572e4e3ae2ee334465,manual_run_1,2026-06-24 00:58:51.234
20230708,2023-07-08,2023,2,3,7,Julho,2023-07,27,8,7,Sábado,True,8f8a89c523a7798c7dcf1c70a77a9f39a2d8fb03e98ac579a9cde98e6c2b09b5,manual_run_1,2026-06-24 00:58:51.234
20230709,2023-07-09,2023,2,3,7,Julho,2023-07,27,9,1,Domingo,True,d0690d6d6dad1f88d06b7ab8aec97cff9955a71b7fa6150e87d0b37c9ca134d6,manual_run_1,2026-06-24 00:58:51.234
20230710,2023-07-10,2023,2,3,7,Julho,2023-07,28,10,2,Segunda-feira,False,8760c6412051eaadf69b1b33ac07b3aa15a6030e22794bdfea886505049d6d9b,manual_run_1,2026-06-24 00:58:51.234
20230711,2023-07-11,2023,2,3,7,Julho,2023-07,28,11,3,Terça-feira,False,375834f49879c4b2101a1282e76b480b559ce611590629cf4bc917420e4e5e0c,manual_run_1,2026-06-24 00:58:51.234
20230712,2023-07-12,2023,2,3,7,Julho,2023-07,28,12,4,Quarta-feira,False,22ac56ba34a0025927b1d02d5c1ff66316f74e54960c322e571c71a2f1abbbdb,manual_run_1,2026-06-24 00:58:51.234
20230713,2023-07-13,2023,2,3,7,Julho,2023-07,28,13,5,Quinta-feira,False,f07af95d05cb250fc803d512ef944eef3219b70c65ee64976f407a5db938e2f1,manual_run_1,2026-06-24 00:58:51.234
20230714,2023-07-14,2023,2,3,7,Julho,2023-07,28,14,6,Sexta-feira,False,5ab2bdb90499eb0ddb2d0f68616618f54ab5164d0d35dea4d5a1ab3c269acc77,manual_run_1,2026-06-24 00:58:51.234
20230715,2023-07-15,2023,2,3,7,Julho,2023-07,28,15,7,Sábado,True,612aad21166416c721a6a2b587ed87677f9def9e1a9491757e5e6486c098f12e,manual_run_1,2026-06-24 00:58:51.234
20230716,2023-07-16,2023,2,3,7,Julho,2023-07,28,16,1,Domingo,True,904da08b3b4feae79394de55c074e3979a19447c5e77bf1965cafcdc0068c5f6,manual_run_1,2026-06-24 00:58:51.234
20230717,2023-07-17,2023,2,3,7,Julho,2023-07,29,17,2,Segunda-feira,False,7e82de91451ec74a48d79dd263d87c5be68f7e3c48d3423e5252b49fa5fe032e,manual_run_1,2026-06-24 00:58:51.234
20230718,2023-07-18,2023,2,3,7,Julho,2023-07,29,18,3,Terça-feira,False,745590389c353071c9522bbf6529db4b6087786a322f64731ec78ee8ff07f2dc,manual_run_1,2026-06-24 00:58:51.234
20230719,2023-07-19,2023,2,3,7,Julho,2023-07,29,19,4,Quarta-feira,False,95333ec293449cb02a4c154e018c3c79646e6a9d84893f724a74f11d2c940733,manual_run_1,2026-06-24 00:58:51.234
20230720,2023-07-20,2023,2,3,7,Julho,2023-07,29,20,5,Quinta-feira,False,20a58e51c371aa39114bd8355a5c1fbc5dbf7aaf08593d7ab20492bcf96bf898,manual_run_1,2026-06-24 00:58:51.234
20230721,2023-07-21,2023,2,3,7,Julho,2023-07,29,21,6,Sexta-feira,False,521991f7e3ac04964d2e79a6946c36c55782646a49eddd56d787ca6c754712ea,manual_run_1,2026-06-24 00:58:51.234
20230722,2023-07-22,2023,2,3,7,Julho,2023-07,29,22,7,Sábado,True,63eb5b7f9440d359c61d9cfd23868efc4cefa13e2e8b3b637e03c54f83d3e9b7,manual_run_1,2026-06-24 00:58:51.234
20230723,2023-07-23,2023,2,3,7,Julho,2023-07,29,23,1,Domingo,True,bc5b3272a5b0276b710f61565c074cc93bd4c5fb576df488f32ebc3c22ce3d22,manual_run_1,2026-06-24 00:58:51.234
20230724,2023-07-24,2023,2,3,7,Julho,2023-07,30,24,2,Segunda-feira,False,ec7e65e05bbd9704872990ff5c0783e149df377715698f08016975ccbe2e47db,manual_run_1,2026-06-24 00:58:51.234
20230725,2023-07-25,2023,2,3,7,Julho,2023-07,30,25,3,Terça-feira,False,428cb59197eb6c957dd4271dd370d13760475054b579339678f38f5a782cd9ac,manual_run_1,2026-06-24 00:58:51.234
20230726,2023-07-26,2023,2,3,7,Julho,2023-07,30,26,4,Quarta-feira,False,642f7ef2d2e25c481601ccdd77a2070d6debd9ea0a79cffaa2fc426ae393ce9c,manual_run_1,2026-06-24 00:58:51.234
20230727,2023-07-27,2023,2,3,7,Julho,2023-07,30,27,5,Quinta-feira,False,8003cc810d771c978cbc6c2d57798dd2408d6c63f3756dae08489868b8041a10,manual_run_1,2026-06-24 00:58:51.234
20230728,2023-07-28,2023,2,3,7,Julho,2023-07,30,28,6,Sexta-feira,False,fd8203bcfd8ec6f3f1a0c508295f371f952867bcf3f7afee888f293ad1520116,manual_run_1,2026-06-24 00:58:51.234
20230729,2023-07-29,2023,2,3,7,Julho,2023-07,30,29,7,Sábado,True,2e2b0dd42c8f8a716419c458e25311b2f14d4569752a03ee9f10425500a09e4c,manual_run_1,2026-06-24 00:58:51.234
20230730,2023-07-30,2023,2,3,7,Julho,2023-07,30,30,1,Domingo,True,8dc759542b3a81a37ef735d1c183c6bf5304565deb1fa994d37418afe18ef73a,manual_run_1,2026-06-24 00:58:51.234
20230731,2023-07-31,2023,2,3,7,Julho,2023-07,31,31,2,Segunda-feira,False,a922c13c31caac5faaa3b1c1fac4a1c1ec9600e6e2b48937d0db4e5b31a72988,manual_run_1,2026-06-24 00:58:51.234
20230801,2023-08-01,2023,2,3,8,Agosto,2023-08,31,1,3,Terça-feira,False,2df9652f61e09fa33b9c10a1c73390a12bade400f0e605664309c5f5ea4e5a8d,manual_run_1,2026-06-24 00:58:51.234
20230802,2023-08-02,2023,2,3,8,Agosto,2023-08,31,2,4,Quarta-feira,False,5f94632224a042170b9c522d36777b772e7ba4d8113348653bfc9e4be954404d,manual_run_1,2026-06-24 00:58:51.234
20230803,2023-08-03,2023,2,3,8,Agosto,2023-08,31,3,5,Quinta-feira,False,ab9f6663347193b0771b3308dce35f6e84763d646be41037df5623d2df26be00,manual_run_1,2026-06-24 00:58:51.234
20230804,2023-08-04,2023,2,3,8,Agosto,2023-08,31,4,6,Sexta-feira,False,c19394f7aa633a020f4563dbec8c6e248ffa78671d4ef458aa8f5c073edbcf8c,manual_run_1,2026-06-24 00:58:51.234
20230805,2023-08-05,2023,2,3,8,Agosto,2023-08,31,5,7,Sábado,True,41d8824dc2a529c3d0efabca1a15459981a77581e5f74fa5b0987265db1ed368,manual_run_1,2026-06-24 00:58:51.234
20230806,2023-08-06,2023,2,3,8,Agosto,2023-08,31,6,1,Domingo,True,5bb0763dfcee3bc3612481574da34d8e4e4a9d7ded4d4a6e89b51707012f4d1b,manual_run_1,2026-06-24 00:58:51.234
20230807,2023-08-07,2023,2,3,8,Agosto,2023-08,32,7,2,Segunda-feira,False,edc4d072fa60bf8d6eaa049771689f5277a128bbd7b6a175e4a554c1e9544ac5,manual_run_1,2026-06-24 00:58:51.234
20230808,2023-08-08,2023,2,3,8,Agosto,2023-08,32,8,3,Terça-feira,False,190ca0e6a1c146c858f4d087d31b405124087c25d88d1de9035785f47d1152f3,manual_run_1,2026-06-24 00:58:51.234
20230809,2023-08-09,2023,2,3,8,Agosto,2023-08,32,9,4,Quarta-feira,False,95f39f62a008f73b24710a923ac9f6c5965f6c870a374af3abc24df186235b77,manual_run_1,2026-06-24 00:58:51.234
20230810,2023-08-10,2023,2,3,8,Agosto,2023-08,32,10,5,Quinta-feira,False,d63384d7ef837e6d878f271f21c33b11d682b9fada1bf99818bf2d1d865d43b3,manual_run_1,2026-06-24 00:58:51.234
20230811,2023-08-11,2023,2,3,8,Agosto,2023-08,32,11,6,Sexta-feira,False,ef73ca19e221a81b0fdfd25ed1bb3ac53aeb6e0329662f3790927009a4fe03ec,manual_run_1,2026-06-24 00:58:51.234
20230812,2023-08-12,2023,2,3,8,Agosto,2023-08,32,12,7,Sábado,True,74a20f41fca65db6641f984f60cedd4848b0fc54f3f96210a15db2ce92ede397,manual_run_1,2026-06-24 00:58:51.234
20230813,2023-08-13,2023,2,3,8,Agosto,2023-08,32,13,1,Domingo,True,09cad602a3e13e802426c87e4d399f8f9e768c705fa640a759a4570d67130704,manual_run_1,2026-06-24 00:58:51.234
20230814,2023-08-14,2023,2,3,8,Agosto,2023-08,33,14,2,Segunda-feira,False,0c8b6f6f1b39382e5c180eb4640e68e90621e8d3e2fa21476ef52e67cf039e26,manual_run_1,2026-06-24 00:58:51.234
20230815,2023-08-15,2023,2,3,8,Agosto,2023-08,33,15,3,Terça-feira,False,3b58798c18c06a84b9ed80f41ec4e692222f9c7bffdbba256562024c6630463e,manual_run_1,2026-06-24 00:58:51.234
20230816,2023-08-16,2023,2,3,8,Agosto,2023-08,33,16,4,Quarta-feira,False,88b6fb0a37aa4978cbe512a8afcd12cb952646043c8b97908e03a05f7d57c7dd,manual_run_1,2026-06-24 00:58:51.234
20230817,2023-08-17,2023,2,3,8,Agosto,2023-08,33,17,5,Quinta-feira,False,0d3a0939e3dc9028692a6da5b735b13cb783bd2d1b9e34f2726bf61b40f5c389,manual_run_1,2026-06-24 00:58:51.234
20230818,2023-08-18,2023,2,3,8,Agosto,2023-08,33,18,6,Sexta-feira,False,a21fc8aec3e3c3ac8de1fdb42ec531e6760c50f5c73f94f35707933c17620290,manual_run_1,2026-06-24 00:58:51.234
20230819,2023-08-19,2023,2,3,8,Agosto,2023-08,33,19,7,Sábado,True,2b012c5ac020084fee81cfc5077221bac5f893628f759b3e38689c1df99252db,manual_run_1,2026-06-24 00:58:51.234
20230820,2023-08-20,2023,2,3,8,Agosto,2023-08,33,20,1,Domingo,True,0c8cc1044f9699aaf90e09fdd78172c15215118315147e440a70f711ea952449,manual_run_1,2026-06-24 00:58:51.234
20230821,2023-08-21,2023,2,3,8,Agosto,2023-08,34,21,2,Segunda-feira,False,e6386995e2841d0330c976c1d38e743940c46602c64ba32d9eda4b60e20099d0,manual_run_1,2026-06-24 00:58:51.234
20230822,2023-08-22,2023,2,3,8,Agosto,2023-08,34,22,3,Terça-feira,False,fe8f0d48163310aeff32da05d25218919c580fd1c882b5c7d78b63b7379ceb64,manual_run_1,2026-06-24 00:58:51.234
20230823,2023-08-23,2023,2,3,8,Agosto,2023-08,34,23,4,Quarta-feira,False,cbffe1bae24f89aa460992fe7e7ed98db4811fa3cda1a28f249a0f3e42cf7ecf,manual_run_1,2026-06-24 00:58:51.234
20230824,2023-08-24,2023,2,3,8,Agosto,2023-08,34,24,5,Quinta-feira,False,8e5bae52be3075a17331822bce967b5b77ab3c5da2a0e2ca31472abce6062cc2,manual_run_1,2026-06-24 00:58:51.234
20230825,2023-08-25,2023,2,3,8,Agosto,2023-08,34,25,6,Sexta-feira,False,d8a32bd8a60cef8fd8ecb3f9cc9cf9a9b2dddb0f1a18cb8622ca5f8fe21a1976,manual_run_1,2026-06-24 00:58:51.234
20230826,2023-08-26,2023,2,3,8,Agosto,2023-08,34,26,7,Sábado,True,6f096c53c5894e3dc69736a3433dadc969cc6f4cba9c1876939bc6c64aec4857,manual_run_1,2026-06-24 00:58:51.234
20230827,2023-08-27,2023,2,3,8,Agosto,2023-08,34,27,1,Domingo,True,d1cfc93ba8341ae6efd392bfe2e22649d6d8e69795759dad9ca5ea1700152c11,manual_run_1,2026-06-24 00:58:51.234
20230828,2023-08-28,2023,2,3,8,Agosto,2023-08,35,28,2,Segunda-feira,False,3ce8a1180aa5319e0aa0d67f0ce1240d4bb268c80d6f83130aa534fb3e3fafc3,manual_run_1,2026-06-24 00:58:51.234
20230829,2023-08-29,2023,2,3,8,Agosto,2023-08,35,29,3,Terça-feira,False,301f9b15ee152d94a547ead9d91cb721871d247ad8107b4d7eae25fe3ee79134,manual_run_1,2026-06-24 00:58:51.234
20230830,2023-08-30,2023,2,3,8,Agosto,2023-08,35,30,4,Quarta-feira,False,a47d337df66cd3d1ac6fd6fd1d443c7c76378aace8757f679e7fcbbbc2b4a4a9,manual_run_1,2026-06-24 00:58:51.234
20230831,2023-08-31,2023,2,3,8,Agosto,2023-08,35,31,5,Quinta-feira,False,55dde593086989669710be9a53bbd50654f8634103178cb8df4ddf8e55aa4a5c,manual_run_1,2026-06-24 00:58:51.234
20230901,2023-09-01,2023,2,3,9,Setembro,2023-09,35,1,6,Sexta-feira,False,374decb5235adc1ffc4d0d07127466c6ac0054b0d41b91ae6d788a6f6de5ba07,manual_run_1,2026-06-24 00:58:51.234
20230902,2023-09-02,2023,2,3,9,Setembro,2023-09,35,2,7,Sábado,True,52a43f884228a2ac5e84f436439b734570c37130edacbb0acb45a41d61580ba9,manual_run_1,2026-06-24 00:58:51.234
20230903,2023-09-03,2023,2,3,9,Setembro,2023-09,35,3,1,Domingo,True,d323b62c7bbaa94ff7c9d72a65735afb180f268a0cc028199a7b91ea1d812e5a,manual_run_1,2026-06-24 00:58:51.234
20230904,2023-09-04,2023,2,3,9,Setembro,2023-09,36,4,2,Segunda-feira,False,992cb6828878727b9dd30824acd36b3a0db14bd921f6a6110f04255d21d6d0b7,manual_run_1,2026-06-24 00:58:51.234
20230905,2023-09-05,2023,2,3,9,Setembro,2023-09,36,5,3,Terça-feira,False,0bc96bdb29e2b6dbd9041fc8ce3d68c1d19f556ad0ec083fbecfee8201895474,manual_run_1,2026-06-24 00:58:51.234
20230906,2023-09-06,2023,2,3,9,Setembro,2023-09,36,6,4,Quarta-feira,False,9252789cf2958bfcff13df7ec461e9126f999df3891c6437ca239011a9a6ff12,manual_run_1,2026-06-24 00:58:51.234
20230907,2023-09-07,2023,2,3,9,Setembro,2023-09,36,7,5,Quinta-feira,False,605691ca1647c312412099823d561bd548d1ef723778d12439582d8444ad6b94,manual_run_1,2026-06-24 00:58:51.234
20230908,2023-09-08,2023,2,3,9,Setembro,2023-09,36,8,6,Sexta-feira,False,30d6f9c0f082528c9dbc7bbf8526dceca9f0fd738f46cc23d67c5be117411ff4,manual_run_1,2026-06-24 00:58:51.234
20230909,2023-09-09,2023,2,3,9,Setembro,2023-09,36,9,7,Sábado,True,ffcc1d27f6aac9ff532580b26b82ed4b4e270f9c0af9bc002466bb47aa513b7c,manual_run_1,2026-06-24 00:58:51.234
20230910,2023-09-10,2023,2,3,9,Setembro,2023-09,36,10,1,Domingo,True,962413651ae3764c117dd5caeefd2de207e1ec58ea93774c2bb933b4874b630f,manual_run_1,2026-06-24 00:58:51.234
20230911,2023-09-11,2023,2,3,9,Setembro,2023-09,37,11,2,Segunda-feira,False,f78a15e9bea4b02b377f2bf88685dd368b7fcf0335b0b1d416c9fe824c6417cf,manual_run_1,2026-06-24 00:58:51.234
20230912,2023-09-12,2023,2,3,9,Setembro,2023-09,37,12,3,Terça-feira,False,5647edafaf2d7942048aa802760f5ee20cf6de7e1f80f05bc5df50738d2ca492,manual_run_1,2026-06-24 00:58:51.234
20230913,2023-09-13,2023,2,3,9,Setembro,2023-09,37,13,4,Quarta-feira,False,05df3eb27bd82d175844ab3847637d18c3e9eb3cf7230d4b1728b5ea706fea2f,manual_run_1,2026-06-24 00:58:51.234
20230914,2023-09-14,2023,2,3,9,Setembro,2023-09,37,14,5,Quinta-feira,False,e42c1bb3f22981618e3ba32e8c225908e076f211bbd9ccf84a7717ff7dd6dbfa,manual_run_1,2026-06-24 00:58:51.234
20230915,2023-09-15,2023,2,3,9,Setembro,2023-09,37,15,6,Sexta-feira,False,319daa954b58fadd12b038c53bdf9fc80f74fdbccb16fa883f718b81a9cdb155,manual_run_1,2026-06-24 00:58:51.234
20230916,2023-09-16,2023,2,3,9,Setembro,2023-09,37,16,7,Sábado,True,897a4401745183ee3ea276e2c36ac13d1c82dffae0009f5b4836aa31c627252a,manual_run_1,2026-06-24 00:58:51.234
20230917,2023-09-17,2023,2,3,9,Setembro,2023-09,37,17,1,Domingo,True,135f7c3259b2d89c2fddcd909b5ef12050b603fbee6816b9e9fb41542a2c83bd,manual_run_1,2026-06-24 00:58:51.234
20230918,2023-09-18,2023,2,3,9,Setembro,2023-09,38,18,2,Segunda-feira,False,b484c3864bc264df13928357fccf1e5cc474f4aa2046d919e84fafd2b91c59ce,manual_run_1,2026-06-24 00:58:51.234
20230919,2023-09-19,2023,2,3,9,Setembro,2023-09,38,19,3,Terça-feira,False,71825af0163962eca705d942a87614bc06e369f7f66dd6ac0c4347e15b64a865,manual_run_1,2026-06-24 00:58:51.234
20230920,2023-09-20,2023,2,3,9,Setembro,2023-09,38,20,4,Quarta-feira,False,d2522b0cf856f3e4bffaf2628092c3df0611b4b09b16d517fc0aca35268d6d1f,manual_run_1,2026-06-24 00:58:51.234
20230921,2023-09-21,2023,2,3,9,Setembro,2023-09,38,21,5,Quinta-feira,False,b225fa87207aed0d3f3c11740348ce175d801d8ef2e62cfb27699bded0629f58,manual_run_1,2026-06-24 00:58:51.234
20230922,2023-09-22,2023,2,3,9,Setembro,2023-09,38,22,6,Sexta-feira,False,d1fd0c847a4c868f16350f9fe735785fd4e4c61eba7c9803e29f679f02ee578e,manual_run_1,2026-06-24 00:58:51.234
20230923,2023-09-23,2023,2,3,9,Setembro,2023-09,38,23,7,Sábado,True,bef00373437e528459c38a68b4d7bb5dbf90642e993139297a440393b13a1ba5,manual_run_1,2026-06-24 00:58:51.234
20230924,2023-09-24,2023,2,3,9,Setembro,2023-09,38,24,1,Domingo,True,461b8018039a78cb78279b1ed545f243e026d28011f5138a9dbaac5c2fc0a922,manual_run_1,2026-06-24 00:58:51.234
20230925,2023-09-25,2023,2,3,9,Setembro,2023-09,39,25,2,Segunda-feira,False,a423740ec18d609dc6db429437780b7b031fdd40bbde2eb8aff8094f2a069734,manual_run_1,2026-06-24 00:58:51.234
20230926,2023-09-26,2023,2,3,9,Setembro,2023-09,39,26,3,Terça-feira,False,60fc5a6de55f7ccad7260e8b5523c2b6d36cb98a129062b8eea9c2032007a30f,manual_run_1,2026-06-24 00:58:51.234
20230927,2023-09-27,2023,2,3,9,Setembro,2023-09,39,27,4,Quarta-feira,False,abf3dea05d9887ce95ecb41a32ecb90e1dfde710068bc585e018a099f3588207,manual_run_1,2026-06-24 00:58:51.234
20230928,2023-09-28,2023,2,3,9,Setembro,2023-09,39,28,5,Quinta-feira,False,9e216fb088a20c88d4b2eff1b8b02807ec25e3c61b42dabca2d91c45c625d1a3,manual_run_1,2026-06-24 00:58:51.234
20230929,2023-09-29,2023,2,3,9,Setembro,2023-09,39,29,6,Sexta-feira,False,96e66f53e026e6bab29e395bc0988b99eba521d62a08f7054d57aa7665620915,manual_run_1,2026-06-24 00:58:51.234
20230930,2023-09-30,2023,2,3,9,Setembro,2023-09,39,30,7,Sábado,True,2a58a43975fba308bc5f9a45e87cff7f0141e1bb8bf0c0c93c4e214ba41089dd,manual_run_1,2026-06-24 00:58:51.234
20231001,2023-10-01,2023,2,4,10,Outubro,2023-10,39,1,1,Domingo,True,c5f924d615fe9143a70b28eb028ac9d96e0ea44da54081377e7df0be8d66743c,manual_run_1,2026-06-24 00:58:51.234
20231002,2023-10-02,2023,2,4,10,Outubro,2023-10,40,2,2,Segunda-feira,False,a48950fcddbad3072b9bf7fe1a1a16b6a1628e4d99cb15100d5a5040adac2666,manual_run_1,2026-06-24 00:58:51.234
20231003,2023-10-03,2023,2,4,10,Outubro,2023-10,40,3,3,Terça-feira,False,905e04cf0af85a674fb246b2c30f8d7b91f258268d548a0f403a2abf46f84454,manual_run_1,2026-06-24 00:58:51.234
20231004,2023-10-04,2023,2,4,10,Outubro,2023-10,40,4,4,Quarta-feira,False,c35260a78365ca675e606cf6247754e3f800aaa67b8adfb01558b2b3da330db4,manual_run_1,2026-06-24 00:58:51.234
20231005,2023-10-05,2023,2,4,10,Outubro,2023-10,40,5,5,Quinta-feira,False,0037593382b6321e383a255526bf3515d7a442ddd071b207d3da79df62bd3939,manual_run_1,2026-06-24 00:58:51.234
20231006,2023-10-06,2023,2,4,10,Outubro,2023-10,40,6,6,Sexta-feira,False,9246dd1b2d9491d15c25a786a4dcbae66f626e06cb5e480538e531f018bffa8d,manual_run_1,2026-06-24 00:58:51.234
20231007,2023-10-07,2023,2,4,10,Outubro,2023-10,40,7,7,Sábado,True,849d0ee6610699fdff4b15c4cd15f57c9b39e21b6089618fe97e816f2d6af7ba,manual_run_1,2026-06-24 00:58:51.234
20231008,2023-10-08,2023,2,4,10,Outubro,2023-10,40,8,1,Domingo,True,95a9bb5f294434684728dc85f3585eba09d2fed183361ede29986e79c00854c3,manual_run_1,2026-06-24 00:58:51.234
20231009,2023-10-09,2023,2,4,10,Outubro,2023-10,41,9,2,Segunda-feira,False,5e4a6aa9093c231754cd1e0e14a556d422163a3108a7a1e8d14e2251e24e4eda,manual_run_1,2026-06-24 00:58:51.234
20231010,2023-10-10,2023,2,4,10,Outubro,2023-10,41,10,3,Terça-feira,False,c5af920c276cf4abac8a071cebf368d531a9763a79be2129fcafba01a5fc50de,manual_run_1,2026-06-24 00:58:51.234
20231011,2023-10-11,2023,2,4,10,Outubro,2023-10,41,11,4,Quarta-feira,False,1ca85eb494da060ce31d6c25c8e13e68cee7ad79a21b90eb810208cf04528f5c,manual_run_1,2026-06-24 00:58:51.234
20231012,2023-10-12,2023,2,4,10,Outubro,2023-10,41,12,5,Quinta-feira,False,2300bc2a99208c399fe300ee1d1cbc60516b1522b5368f48f0ce5c20a7c9a8a3,manual_run_1,2026-06-24 00:58:51.234
20231013,2023-10-13,2023,2,4,10,Outubro,2023-10,41,13,6,Sexta-feira,False,e20334c9cf378edcf0e967dfa9e353bf34bd75a018ae19cf3ac09227cda440b4,manual_run_1,2026-06-24 00:58:51.234
20231014,2023-10-14,2023,2,4,10,Outubro,2023-10,41,14,7,Sábado,True,8669a788d16c0ec7331b25f81025e334ca00d01972c63ef4129feba64550b864,manual_run_1,2026-06-24 00:58:51.234
20231015,2023-10-15,2023,2,4,10,Outubro,2023-10,41,15,1,Domingo,True,95320c36ad8a933b6ccac09338ba4dbf88e99d7c413ef5eb6433109c10047e5d,manual_run_1,2026-06-24 00:58:51.234
20231016,2023-10-16,2023,2,4,10,Outubro,2023-10,42,16,2,Segunda-feira,False,58d9a2f1530812642084d9e20b98016d05b13a9bfa414ab4e8ad1c13fed7620d,manual_run_1,2026-06-24 00:58:51.234
20231017,2023-10-17,2023,2,4,10,Outubro,2023-10,42,17,3,Terça-feira,False,55fe461c711fcb1eb2b42ade5b2b9e017b172a8d780e499d5653fb90c7ee8aae,manual_run_1,2026-06-24 00:58:51.234
20231018,2023-10-18,2023,2,4,10,Outubro,2023-10,42,18,4,Quarta-feira,False,355057fcaa0354b5cd385af73c604400e0a386c6a23f4384497440e97274a116,manual_run_1,2026-06-24 00:58:51.234
20231019,2023-10-19,2023,2,4,10,Outubro,2023-10,42,19,5,Quinta-feira,False,95851a044b9e89e8e505ea2900fd4d5210d9e048a3a2df503d6a2f2e241e9f39,manual_run_1,2026-06-24 00:58:51.234
20231020,2023-10-20,2023,2,4,10,Outubro,2023-10,42,20,6,Sexta-feira,False,55938f9e233affbcb39f14b07d01e242aa63aed8a64e00b95418ef302ffb017a,manual_run_1,2026-06-24 00:58:51.234
20231021,2023-10-21,2023,2,4,10,Outubro,2023-10,42,21,7,Sábado,True,dc4730e54fa58aafd2b075eda15f4f3d846717d7c4cef94a1063c0b2a78c8dc7,manual_run_1,2026-06-24 00:58:51.234
20231022,2023-10-22,2023,2,4,10,Outubro,2023-10,42,22,1,Domingo,True,9d3f1498ee85c531adcae207fd4b63ffdc33022333b0abb7ea3d6f51a220bbb7,manual_run_1,2026-06-24 00:58:51.234
20231023,2023-10-23,2023,2,4,10,Outubro,2023-10,43,23,2,Segunda-feira,False,d1e6b19af45c06b3e6cdab4a5c468f4ac2953e4cbed2f10a612884ea35679575,manual_run_1,2026-06-24 00:58:51.234
20231024,2023-10-24,2023,2,4,10,Outubro,2023-10,43,24,3,Terça-feira,False,9a9b78ff671ec52b1011d5e16ddd28ac4b9314d4bd775c3dac554985daebc287,manual_run_1,2026-06-24 00:58:51.234
20231025,2023-10-25,2023,2,4,10,Outubro,2023-10,43,25,4,Quarta-feira,False,10ae32147499ea62aee1136937cbeb765587dd45a77322ee5e3497928aeb6a2a,manual_run_1,2026-06-24 00:58:51.234
20231026,2023-10-26,2023,2,4,10,Outubro,2023-10,43,26,5,Quinta-feira,False,240a0ba989113a6346859dcdabf06dccd05a952f6b3a5c501b6495188cd27eff,manual_run_1,2026-06-24 00:58:51.234
20231027,2023-10-27,2023,2,4,10,Outubro,2023-10,43,27,6,Sexta-feira,False,76d479d9f0b865c542528b398d16a2fb24e476aed3b69f6aed1a2d685adff61d,manual_run_1,2026-06-24 00:58:51.234
20231028,2023-10-28,2023,2,4,10,Outubro,2023-10,43,28,7,Sábado,True,5f5d72d584df2dea64cb7b6067350d9de551acee66da88ed2dc667a1466addaf,manual_run_1,2026-06-24 00:58:51.234
20231029,2023-10-29,2023,2,4,10,Outubro,2023-10,43,29,1,Domingo,True,b457aaeac4faf20293cbc5c5e5a826c5702674107bc70ce0f9bb3a2002ace001,manual_run_1,2026-06-24 00:58:51.234
20231030,2023-10-30,2023,2,4,10,Outubro,2023-10,44,30,2,Segunda-feira,False,1a8b5bd4f450d114fd22cc9c82069aebb60a43da6d92a7089a884e5b3af61b07,manual_run_1,2026-06-24 00:58:51.234
20231031,2023-10-31,2023,2,4,10,Outubro,2023-10,44,31,3,Terça-feira,False,2cce0ff0d6b77fd34c88fd7de6d99a5a3f1f6aa1246a7e851163bca42f6a61cf,manual_run_1,2026-06-24 00:58:51.234
20231101,2023-11-01,2023,2,4,11,Novembro,2023-11,44,1,4,Quarta-feira,False,1f06de4ba819978ebc69893bc32dce89e2037ec3dbbe9c3de66f5e5537545199,manual_run_1,2026-06-24 00:58:51.234
20231102,2023-11-02,2023,2,4,11,Novembro,2023-11,44,2,5,Quinta-feira,False,90165fcb8fb6dba187dccbe32dfbe1006de1c2214efd9686d680125343552ddf,manual_run_1,2026-06-24 00:58:51.234
20231103,2023-11-03,2023,2,4,11,Novembro,2023-11,44,3,6,Sexta-feira,False,e5425f9fa2c395f71f25f3ea228a7d7102ba6c91900a27ed97f69d976de075ff,manual_run_1,2026-06-24 00:58:51.234
20231104,2023-11-04,2023,2,4,11,Novembro,2023-11,44,4,7,Sábado,True,c2088948e12c9f6a29c4e7293afcd2bf0fe8d71f84f21d949bfd1fb52cae933d,manual_run_1,2026-06-24 00:58:51.234
20231105,2023-11-05,2023,2,4,11,Novembro,2023-11,44,5,1,Domingo,True,40c11ad5f8bb8f313b780629f4ed948a2c1a9cf348d96406818dfef23f4d7a7e,manual_run_1,2026-06-24 00:58:51.234
20231106,2023-11-06,2023,2,4,11,Novembro,2023-11,45,6,2,Segunda-feira,False,974cbcd2d7f29c3a66f16ca57d4f03c472349d4004cf51478ebbfbba3bf1a614,manual_run_1,2026-06-24 00:58:51.234
20231107,2023-11-07,2023,2,4,11,Novembro,2023-11,45,7,3,Terça-feira,False,adaafa7b321655c1be4b76d299982ff3e2f186b7e43e8430b80bdd8b37d7d9cb,manual_run_1,2026-06-24 00:58:51.234
20231108,2023-11-08,2023,2,4,11,Novembro,2023-11,45,8,4,Quarta-feira,False,3e194582f67fe1ee4320f5020edab841b6c8b93d43265fd0a32be71e4251cbd6,manual_run_1,2026-06-24 00:58:51.234
20231109,2023-11-09,2023,2,4,11,Novembro,2023-11,45,9,5,Quinta-feira,False,8392cdbeaa6664fb8f1bd8ed1661455e66f26031d8e3b3c8c6540d4edf00defb,manual_run_1,2026-06-24 00:58:51.234
20231110,2023-11-10,2023,2,4,11,Novembro,2023-11,45,10,6,Sexta-feira,False,285786a7f25ada282762a1d0ae5abfd1f15ba26c698bb9dc0e77e8def46f5787,manual_run_1,2026-06-24 00:58:51.234
20231111,2023-11-11,2023,2,4,11,Novembro,2023-11,45,11,7,Sábado,True,816508cc7040a607d85a9c2bab5e520fb2dbad85fd6fa702a8a638f59b3f2fba,manual_run_1,2026-06-24 00:58:51.234
20231112,2023-11-12,2023,2,4,11,Novembro,2023-11,45,12,1,Domingo,True,b5865c8353c6e146616166193f37b46972e899b9bec53194f5681718701c3562,manual_run_1,2026-06-24 00:58:51.234
20231113,2023-11-13,2023,2,4,11,Novembro,2023-11,46,13,2,Segunda-feira,False,0d7b731c44a75b4bcb5ebee8241e9e61d967dfb67bca54eca14d9171036b34f7,manual_run_1,2026-06-24 00:58:51.234
20231114,2023-11-14,2023,2,4,11,Novembro,2023-11,46,14,3,Terça-feira,False,f5fe56d1bb510a48f6da752647f00b7b0309c191f55328bdf22e9d69de2f3eca,manual_run_1,2026-06-24 00:58:51.234
20231115,2023-11-15,2023,2,4,11,Novembro,2023-11,46,15,4,Quarta-feira,False,ee787cd839dd8050c8b79ecf79da00a8b47f10f68d3af5435f6a3e178c647f26,manual_run_1,2026-06-24 00:58:51.234
20231116,2023-11-16,2023,2,4,11,Novembro,2023-11,46,16,5,Quinta-feira,False,532278aec9e1c91397170e762103128cea40ef531c98a24b0254b567f47b09ce,manual_run_1,2026-06-24 00:58:51.234
20231117,2023-11-17,2023,2,4,11,Novembro,2023-11,46,17,6,Sexta-feira,False,96472fbd5b64ad7ce6cada0b38b60f55dd2d684638d84e69d149749df484146d,manual_run_1,2026-06-24 00:58:51.234
20231118,2023-11-18,2023,2,4,11,Novembro,2023-11,46,18,7,Sábado,True,dbdd8211789261e2c5dbf87265f8831649f6354da7aa892c24efcec053e3dff0,manual_run_1,2026-06-24 00:58:51.234
20231119,2023-11-19,2023,2,4,11,Novembro,2023-11,46,19,1,Domingo,True,f4b1a973a90ea93d961a0b530d23bb4eb21bdf13dd16df34dbfeab69296fda2c,manual_run_1,2026-06-24 00:58:51.234
20231120,2023-11-20,2023,2,4,11,Novembro,2023-11,47,20,2,Segunda-feira,False,90ad958b146eb94ba0d04fc9fd3d54995fb0fc90d416d877ae0870840ac67189,manual_run_1,2026-06-24 00:58:51.234
20231121,2023-11-21,2023,2,4,11,Novembro,2023-11,47,21,3,Terça-feira,False,6a6a8a10878a12a99f91012a1d24072fb405355f9dbcdf236ca3e74f31bba8d4,manual_run_1,2026-06-24 00:58:51.234
20231122,2023-11-22,2023,2,4,11,Novembro,2023-11,47,22,4,Quarta-feira,False,0bec3952db70d89bcdb1987425b79406171c0e664fc17f6bb03e0b2406b6a7c5,manual_run_1,2026-06-24 00:58:51.234
20231123,2023-11-23,2023,2,4,11,Novembro,2023-11,47,23,5,Quinta-feira,False,f2985e4e1720a7e1c4cc050944b0828ed5896f8f55222e20de73690fcb6c7fe2,manual_run_1,2026-06-24 00:58:51.234
20231124,2023-11-24,2023,2,4,11,Novembro,2023-11,47,24,6,Sexta-feira,False,0d8a43ba48d4dfb02f7d96434a3cdd0431d18e422de7d6307b79aaa69479a443,manual_run_1,2026-06-24 00:58:51.234
20231125,2023-11-25,2023,2,4,11,Novembro,2023-11,47,25,7,Sábado,True,3a07b6e5785f904bb2a8a5d5513580a6bf18d1bb0115f2c1f9b014c38559d3b5,manual_run_1,2026-06-24 00:58:51.234
20231126,2023-11-26,2023,2,4,11,Novembro,2023-11,47,26,1,Domingo,True,b6983931c62bfd586718ec2ea2914368130b202ca343f458a190e58990f23241,manual_run_1,2026-06-24 00:58:51.234
20231127,2023-11-27,2023,2,4,11,Novembro,2023-11,48,27,2,Segunda-feira,False,da6f2e0d9d4cc2665ef0bfd52ac27b46ea9f5bde3031dddedce53bce1039caf2,manual_run_1,2026-06-24 00:58:51.234
20231128,2023-11-28,2023,2,4,11,Novembro,2023-11,48,28,3,Terça-feira,False,cc6e9634c3da5f818aacfeb1d1de1cf3e589963dc0640999f1bc922548af9538,manual_run_1,2026-06-24 00:58:51.234
20231129,2023-11-29,2023,2,4,11,Novembro,2023-11,48,29,4,Quarta-feira,False,979401e21a8e6bb8195cadef144fe7a2b58019842d2464bc7595e50d7b29f04a,manual_run_1,2026-06-24 00:58:51.234
20231130,2023-11-30,2023,2,4,11,Novembro,2023-11,48,30,5,Quinta-feira,False,b7baefca0278d17075ec03146d7622b3def43e9a7847c54289293dc4fac92ed6,manual_run_1,2026-06-24 00:58:51.234
20231201,2023-12-01,2023,2,4,12,Dezembro,2023-12,48,1,6,Sexta-feira,False,928d0be54f6b506756b0ce54b15cf9cf72265b5ffeef920924d89288e554d662,manual_run_1,2026-06-24 00:58:51.234
20231202,2023-12-02,2023,2,4,12,Dezembro,2023-12,48,2,7,Sábado,True,15d478730b04d9198ac17e59e6c3da63d5235232375d2837dfec117b1c97e135,manual_run_1,2026-06-24 00:58:51.234
20231203,2023-12-03,2023,2,4,12,Dezembro,2023-12,48,3,1,Domingo,True,82938b57403a3689b2b1c2eb3f5da3eea932345a7da1b07a977b57b9b862a77e,manual_run_1,2026-06-24 00:58:51.234
20231204,2023-12-04,2023,2,4,12,Dezembro,2023-12,49,4,2,Segunda-feira,False,3b97d7df99ccfe3f8046296bb2d376d3f7ae45c1e5abe4c8e90f6ff4bd5a563e,manual_run_1,2026-06-24 00:58:51.234
20231205,2023-12-05,2023,2,4,12,Dezembro,2023-12,49,5,3,Terça-feira,False,5430fe98871e21b2b4e39bea467318e02f34a24879dcec1ac6ba9e22ddf80819,manual_run_1,2026-06-24 00:58:51.234
20231206,2023-12-06,2023,2,4,12,Dezembro,2023-12,49,6,4,Quarta-feira,False,bfc6ad0c8ca429a04d84c18ef3e0071c6d79d364c54199b05524183f54d9deac,manual_run_1,2026-06-24 00:58:51.234
20231207,2023-12-07,2023,2,4,12,Dezembro,2023-12,49,7,5,Quinta-feira,False,6ff4fad223a507026e32833858a3151ba89b75ac8c178cb74f78b5aeb316c46d,manual_run_1,2026-06-24 00:58:51.234
20231208,2023-12-08,2023,2,4,12,Dezembro,2023-12,49,8,6,Sexta-feira,False,fe3e01b4b90b12d4bbcd6b54fec2cf6167cd70b5e8d487c3d9b552eaa10cc3ca,manual_run_1,2026-06-24 00:58:51.234
20231209,2023-12-09,2023,2,4,12,Dezembro,2023-12,49,9,7,Sábado,True,6efa2e8cd8af80950a0460d047638e22e9657ed2e2c8202944e17c7630966668,manual_run_1,2026-06-24 00:58:51.234
20231210,2023-12-10,2023,2,4,12,Dezembro,2023-12,49,10,1,Domingo,True,abf5b48e13802d4f22f25f33a16d3cdde7de0025daa5cb4745e50053a427acca,manual_run_1,2026-06-24 00:58:51.234
20231211,2023-12-11,2023,2,4,12,Dezembro,2023-12,50,11,2,Segunda-feira,False,094b68d687f2d190f6d1a998d6240da3048734e323a35dc9638e2463ebade9bf,manual_run_1,2026-06-24 00:58:51.234
20231212,2023-12-12,2023,2,4,12,Dezembro,2023-12,50,12,3,Terça-feira,False,2d9e0f1f51e8582a6067d4693172546e97b13990b606aacc4b355dbfad278092,manual_run_1,2026-06-24 00:58:51.234
20231213,2023-12-13,2023,2,4,12,Dezembro,2023-12,50,13,4,Quarta-feira,False,7661dd5c50dc265e34e37e549e451ab83664adc4906bdf7b5c90f4aa5f958195,manual_run_1,2026-06-24 00:58:51.234
20231214,2023-12-14,2023,2,4,12,Dezembro,2023-12,50,14,5,Quinta-feira,False,1e142e73d774f0a42018789e47b2710d24a96a698cd0c6f3a7471408810dd805,manual_run_1,2026-06-24 00:58:51.234
20231215,2023-12-15,2023,2,4,12,Dezembro,2023-12,50,15,6,Sexta-feira,False,f9f334760225cab56e690a36541c991c07788e2890209f42feff21e53657c366,manual_run_1,2026-06-24 00:58:51.234
20231216,2023-12-16,2023,2,4,12,Dezembro,2023-12,50,16,7,Sábado,True,7aa71011d2fa79059b11130d6e20ce6d93f9747c15b008b61235b7dcd783f9d0,manual_run_1,2026-06-24 00:58:51.234
20231217,2023-12-17,2023,2,4,12,Dezembro,2023-12,50,17,1,Domingo,True,4ba8479c6282bafe7ae8dcf06203dcb82d839e5c2be672bdbd5945faa89224ba,manual_run_1,2026-06-24 00:58:51.234
20231218,2023-12-18,2023,2,4,12,Dezembro,2023-12,51,18,2,Segunda-feira,False,9cb8c784e13e0253f3b06ffc6528ef1cc21cf0767cb984f486f079f7200a4012,manual_run_1,2026-06-24 00:58:51.234
20231219,2023-12-19,2023,2,4,12,Dezembro,2023-12,51,19,3,Terça-feira,False,f6a4ff7901deb3179ec18db8d630ddcdf8b52b4404c0cdafe048e31c9bb8ac9f,manual_run_1,2026-06-24 00:58:51.234
20231220,2023-12-20,2023,2,4,12,Dezembro,2023-12,51,20,4,Quarta-feira,False,6b8121ef5c76d7dab5a24bc316878d0dd9840c97121827d2e2cd4128fe486446,manual_run_1,2026-06-24 00:58:51.234
20231221,2023-12-21,2023,2,4,12,Dezembro,2023-12,51,21,5,Quinta-feira,False,619b39087574bc7dd1d463073929dee8022a5286ac905f6522255065cb0b28ca,manual_run_1,2026-06-24 00:58:51.234
20231222,2023-12-22,2023,2,4,12,Dezembro,2023-12,51,22,6,Sexta-feira,False,c2c24d2c0501dfcb20b8fb8faece48fe15eb95f0f8721c49f6a973973c03aab9,manual_run_1,2026-06-24 00:58:51.234
20231223,2023-12-23,2023,2,4,12,Dezembro,2023-12,51,23,7,Sábado,True,82b84e39ee5862d5956ff160410d8185f2ce4ec10a4d108551503384829cb66f,manual_run_1,2026-06-24 00:58:51.234
20231224,2023-12-24,2023,2,4,12,Dezembro,2023-12,51,24,1,Domingo,True,4c1f82c04d2cf03ed30e49f2fe405dd9851f47b28dc4840626f5efc029688be6,manual_run_1,2026-06-24 00:58:51.234
20231225,2023-12-25,2023,2,4,12,Dezembro,2023-12,52,25,2,Segunda-feira,False,6f29a081ed0aef456b83fc23778606f08563dcaa49c651f6c839733621de070c,manual_run_1,2026-06-24 00:58:51.234
20231226,2023-12-26,2023,2,4,12,Dezembro,2023-12,52,26,3,Terça-feira,False,d73430e53c58ba12f5091ed514b326b3d2140c1285e643b4ea279f7f6a8e8afb,manual_run_1,2026-06-24 00:58:51.234
20231227,2023-12-27,2023,2,4,12,Dezembro,2023-12,52,27,4,Quarta-feira,False,36ea959c50631cedaec952c4cca12639fbfb7d3e4a1a537c289f68c2bbb7c4f7,manual_run_1,2026-06-24 00:58:51.234
20231228,2023-12-28,2023,2,4,12,Dezembro,2023-12,52,28,5,Quinta-feira,False,ea0e5337e6061265813f38dd4a4577ab920e970c3831a1b93d107ea713537422,manual_run_1,2026-06-24 00:58:51.234
20231229,2023-12-29,2023,2,4,12,Dezembro,2023-12,52,29,6,Sexta-feira,False,dd3e2a818ef19e37eaa11035397c4946b02b8ebf9e22bf47ae027b158f0f2d01,manual_run_1,2026-06-24 00:58:51.234
20231230,2023-12-30,2023,2,4,12,Dezembro,2023-12,52,30,7,Sábado,True,0cad1e572a1de249a241c6006fe058fb21f64c1ac917ebfd3f55fcc10a78fc78,manual_run_1,2026-06-24 00:58:51.234
20231231,2023-12-31,2023,2,4,12,Dezembro,2023-12,52,31,1,Domingo,True,cc43d3cc157b2d0bebba95970d1bf1e26454670a5a2425e0eb563c5b888c54bf,manual_run_1,2026-06-24 00:58:51.234
20240101,2024-01-01,2024,1,1,1,Janeiro,2024-01,1,1,2,Segunda-feira,False,de6397a3ff614dd72f82d1d56499d6f598f1a01813239e4ecd1f7f1f3a5144ab,manual_run_1,2026-06-24 00:58:51.234
20240102,2024-01-02,2024,1,1,1,Janeiro,2024-01,1,2,3,Terça-feira,False,f760b6d84e092a38162d89f2cd052712e01e3c31bd17dca2a881810e1661838c,manual_run_1,2026-06-24 00:58:51.234
20240103,2024-01-03,2024,1,1,1,Janeiro,2024-01,1,3,4,Quarta-feira,False,f07f3825723c1bf501a6e3b4510b32574924ec44db01938d61e5c982d67e4b27,manual_run_1,2026-06-24 00:58:51.234
20240104,2024-01-04,2024,1,1,1,Janeiro,2024-01,1,4,5,Quinta-feira,False,a2b9feeb287de2577739d6b420c68cd628aabc79e7cc9c30fd540d5b653cf60e,manual_run_1,2026-06-24 00:58:51.234
20240105,2024-01-05,2024,1,1,1,Janeiro,2024-01,1,5,6,Sexta-feira,False,276514348ca8323b46929bc2b4a7b390a560a4eff248beaaabc0c51eb2ec3724,manual_run_1,2026-06-24 00:58:51.234
20240106,2024-01-06,2024,1,1,1,Janeiro,2024-01,1,6,7,Sábado,True,f9b91f60d5358fe7834814e758b564c398fceb8a9a429fec2c403c8a9e0a4b76,manual_run_1,2026-06-24 00:58:51.234
20240107,2024-01-07,2024,1,1,1,Janeiro,2024-01,1,7,1,Domingo,True,bf2b332c0a8dab932f6ba2200d2b276e81faa8eca1cb7eb9a004d9ab6a9ddb71,manual_run_1,2026-06-24 00:58:51.234
20240108,2024-01-08,2024,1,1,1,Janeiro,2024-01,2,8,2,Segunda-feira,False,8fb229cb8ca1c744e8779ec4fee4b3d974432846a60f0d024da81430269521ad,manual_run_1,2026-06-24 00:58:51.234
20240109,2024-01-09,2024,1,1,1,Janeiro,2024-01,2,9,3,Terça-feira,False,c59bdc69ec80093e67599df439ba0b8894e6e398899a90a5ba0d20c87b01749a,manual_run_1,2026-06-24 00:58:51.234
20240110,2024-01-10,2024,1,1,1,Janeiro,2024-01,2,10,4,Quarta-feira,False,c9d271f096bd8af6cf494594b601fe48d13a894728f467e062515fcbe00f88ea,manual_run_1,2026-06-24 00:58:51.234
20240111,2024-01-11,2024,1,1,1,Janeiro,2024-01,2,11,5,Quinta-feira,False,452cae8acabff0d3c5fd3bbfd2cdbd666f46a803f428304ca43a110ab50a397a,manual_run_1,2026-06-24 00:58:51.234
20240112,2024-01-12,2024,1,1,1,Janeiro,2024-01,2,12,6,Sexta-feira,False,79636b3c55dbd790a1a1f64702702ca7eeb9f14e36fb57b37bef04448c7ab331,manual_run_1,2026-06-24 00:58:51.234
20240113,2024-01-13,2024,1,1,1,Janeiro,2024-01,2,13,7,Sábado,True,3a120e0e8b54452be812634c690abb4b87b3534ac56572c1724c7d1939c9961d,manual_run_1,2026-06-24 00:58:51.234
20240114,2024-01-14,2024,1,1,1,Janeiro,2024-01,2,14,1,Domingo,True,3c54b52998b6b8304e4a5932e54f1a0e93a7ba006a9625f1f6f3cb74058cfb76,manual_run_1,2026-06-24 00:58:51.234
20240115,2024-01-15,2024,1,1,1,Janeiro,2024-01,3,15,2,Segunda-feira,False,a6edd6a9b76cf8007ce97f69678a5c04d35cf679c5cfff198a813fd622188ddc,manual_run_1,2026-06-24 00:58:51.234
20240116,2024-01-16,2024,1,1,1,Janeiro,2024-01,3,16,3,Terça-feira,False,ec49d929346e14026e76b27e701a2f4fd9afe07361923518f9b98478e8bc9ac7,manual_run_1,2026-06-24 00:58:51.234
20240117,2024-01-17,2024,1,1,1,Janeiro,2024-01,3,17,4,Quarta-feira,False,0ecadf8f39c2cf3ebce0911e464018a43507a95019164d2a56ae3c79f3e7155f,manual_run_1,2026-06-24 00:58:51.234
20240118,2024-01-18,2024,1,1,1,Janeiro,2024-01,3,18,5,Quinta-feira,False,4a90c31e79cdd7c1f253bd674839000096f2545473291ebb4e46879371d80965,manual_run_1,2026-06-24 00:58:51.234
20240119,2024-01-19,2024,1,1,1,Janeiro,2024-01,3,19,6,Sexta-feira,False,e8e9e1931717a1ec59a3d69e662663cfde5fa18b9ebacb4a54c199f4787d0dd8,manual_run_1,2026-06-24 00:58:51.234
20240120,2024-01-20,2024,1,1,1,Janeiro,2024-01,3,20,7,Sábado,True,5f67f42d4b32914a27e3274540ce8c45627573696de68e6d825c8c5fbea3079b,manual_run_1,2026-06-24 00:58:51.234
20240121,2024-01-21,2024,1,1,1,Janeiro,2024-01,3,21,1,Domingo,True,e9223df72315272dc9e942be29d39a404845a9a79e32a1ef7f0a90539b086ae3,manual_run_1,2026-06-24 00:58:51.234
20240122,2024-01-22,2024,1,1,1,Janeiro,2024-01,4,22,2,Segunda-feira,False,fde1c118f3e3f8c752c905fd806cb314d3972ce61f089ade6cc5f0be78bd0de3,manual_run_1,2026-06-24 00:58:51.234
20240123,2024-01-23,2024,1,1,1,Janeiro,2024-01,4,23,3,Terça-feira,False,97955a1e9fdf41e646c92b688142b46d2300f0987aa4233eb9723d7495fb604d,manual_run_1,2026-06-24 00:58:51.234
20240124,2024-01-24,2024,1,1,1,Janeiro,2024-01,4,24,4,Quarta-feira,False,a8756ec0288f221e2cdae4539b1c7ff964d47a7b9bb58c2d53da14e485a714d4,manual_run_1,2026-06-24 00:58:51.234
20240125,2024-01-25,2024,1,1,1,Janeiro,2024-01,4,25,5,Quinta-feira,False,ef9ee04dc5af76cffc3b1ff2397323c95e2729e4ef2614f81d0ea78092050e01,manual_run_1,2026-06-24 00:58:51.234
20240126,2024-01-26,2024,1,1,1,Janeiro,2024-01,4,26,6,Sexta-feira,False,e155ec84c1ebece5a3689563c3a3be170be210a27cb1808bcf9cc60881b4a0be,manual_run_1,2026-06-24 00:58:51.234
20240127,2024-01-27,2024,1,1,1,Janeiro,2024-01,4,27,7,Sábado,True,b6a094c5cd274b42a905febf644bc626b348836c257d9185cfbae73ac5656edc,manual_run_1,2026-06-24 00:58:51.234
20240128,2024-01-28,2024,1,1,1,Janeiro,2024-01,4,28,1,Domingo,True,35dda8f21869d0b60361c1653385b0353638ea93afde63066e18276516c4be61,manual_run_1,2026-06-24 00:58:51.234
20240129,2024-01-29,2024,1,1,1,Janeiro,2024-01,5,29,2,Segunda-feira,False,abe03e1bb5a7e80b4a90824491393f2596bc859994e0d35251a2de03622b9269,manual_run_1,2026-06-24 00:58:51.234
20240130,2024-01-30,2024,1,1,1,Janeiro,2024-01,5,30,3,Terça-feira,False,2c1b8d7d0540810620193d345714af15c8bf28efa207afd7dcd33aabad4bf6ef,manual_run_1,2026-06-24 00:58:51.234
20240131,2024-01-31,2024,1,1,1,Janeiro,2024-01,5,31,4,Quarta-feira,False,01e49902925aab7d981c68b7a52446f5c53c98a6d81ae4d492124d347e696517,manual_run_1,2026-06-24 00:58:51.234
20240201,2024-02-01,2024,1,1,2,Fevereiro,2024-02,5,1,5,Quinta-feira,False,9679b9137d2ce26cdedb2b39e3e95bb2aa5ff33febdb08cfaeaddd13280c345b,manual_run_1,2026-06-24 00:58:51.234
20240202,2024-02-02,2024,1,1,2,Fevereiro,2024-02,5,2,6,Sexta-feira,False,85b386dc05d3d73ddd0cbf2b89a87f9dbd5d5f87506b6cfcfc9d91ffaec49476,manual_run_1,2026-06-24 00:58:51.234
20240203,2024-02-03,2024,1,1,2,Fevereiro,2024-02,5,3,7,Sábado,True,f913afac9ea269a40d3faa2df48c95d5e1f7b0cdf9dba66c57bbfe92de45a5e9,manual_run_1,2026-06-24 00:58:51.234
20240204,2024-02-04,2024,1,1,2,Fevereiro,2024-02,5,4,1,Domingo,True,1648214b16683cb087f28e28b6ad295480a4432283a06c4aa528a943583a07a7,manual_run_1,2026-06-24 00:58:51.234
20240205,2024-02-05,2024,1,1,2,Fevereiro,2024-02,6,5,2,Segunda-feira,False,c6dd9569e56d704ea685dd15c6473d7b22f5c62886e0b341272849c6c1a378aa,manual_run_1,2026-06-24 00:58:51.234
20240206,2024-02-06,2024,1,1,2,Fevereiro,2024-02,6,6,3,Terça-feira,False,660c4700b3ade7bcf3910b998c9a0aaff0094451d170ba5d2ee77fd7b745085b,manual_run_1,2026-06-24 00:58:51.234
20240207,2024-02-07,2024,1,1,2,Fevereiro,2024-02,6,7,4,Quarta-feira,False,0cbd7971c178a2b39e1aed1297c8100010a0abd094700fd78eff3978d6b2b6ff,manual_run_1,2026-06-24 00:58:51.234
20240208,2024-02-08,2024,1,1,2,Fevereiro,2024-02,6,8,5,Quinta-feira,False,9530064a604f889f51466ee720ff1f407f517d72141b6bab970bd09b7cfbf506,manual_run_1,2026-06-24 00:58:51.234
20240209,2024-02-09,2024,1,1,2,Fevereiro,2024-02,6,9,6,Sexta-feira,False,c4aa01c83a8a6e8c6b5354331264f2f04f97747ecaae32e8ebfdf2ee03ac9c67,manual_run_1,2026-06-24 00:58:51.234
20240210,2024-02-10,2024,1,1,2,Fevereiro,2024-02,6,10,7,Sábado,True,4e797117dddabc9acfcb826001cc45d800ea9529c2959eca6ee256446db4b347,manual_run_1,2026-06-24 00:58:51.234
20240211,2024-02-11,2024,1,1,2,Fevereiro,2024-02,6,11,1,Domingo,True,054617339e82aea055f1fab42521921a49afab2e6648a79c1552ecd6a8f0d41a,manual_run_1,2026-06-24 00:58:51.234
20240212,2024-02-12,2024,1,1,2,Fevereiro,2024-02,7,12,2,Segunda-feira,False,aace2f77090ce861829735df096016c5c76aa7b15dfc0d73a265519d22304f1b,manual_run_1,2026-06-24 00:58:51.234
20240213,2024-02-13,2024,1,1,2,Fevereiro,2024-02,7,13,3,Terça-feira,False,a382e1b5073864425307989e4ce5ff68cd59f81a7017ac290633c5a6b13f07a0,manual_run_1,2026-06-24 00:58:51.234
20240214,2024-02-14,2024,1,1,2,Fevereiro,2024-02,7,14,4,Quarta-feira,False,d45ec484a87847d394b886fa87ced049bd81e3cbd5c932f9be1ae61a2f64a3ce,manual_run_1,2026-06-24 00:58:51.234
20240215,2024-02-15,2024,1,1,2,Fevereiro,2024-02,7,15,5,Quinta-feira,False,fb27c8498ac6265ebdd0794bc66260ce5c750f634be1041970042d7815985de0,manual_run_1,2026-06-24 00:58:51.234
20240216,2024-02-16,2024,1,1,2,Fevereiro,2024-02,7,16,6,Sexta-feira,False,686f12c2ee0d4b964957331c0a21878f783df0f9ca054328e07215384e838b65,manual_run_1,2026-06-24 00:58:51.234
20240217,2024-02-17,2024,1,1,2,Fevereiro,2024-02,7,17,7,Sábado,True,5b92056a01815a6a32c425e5aac7dd4ca2608b0789b137d3defe2802cf0d5dc5,manual_run_1,2026-06-24 00:58:51.234
20240218,2024-02-18,2024,1,1,2,Fevereiro,2024-02,7,18,1,Domingo,True,0350a767c3df3fd81dab4c433690fc59769f7aabf47f040c73c3463f566d89ba,manual_run_1,2026-06-24 00:58:51.234
20240219,2024-02-19,2024,1,1,2,Fevereiro,2024-02,8,19,2,Segunda-feira,False,7ce7b25ffb6c24793c69a694c3360a388c5aa93ee0e46afe97ae5251db41fc79,manual_run_1,2026-06-24 00:58:51.234
20240220,2024-02-20,2024,1,1,2,Fevereiro,2024-02,8,20,3,Terça-feira,False,daec139276efc1bbc6e21e84a2a9c12b48e3116a50699316415f8caa0c3a9470,manual_run_1,2026-06-24 00:58:51.234
20240221,2024-02-21,2024,1,1,2,Fevereiro,2024-02,8,21,4,Quarta-feira,False,228350222359b3dbc9eec61e2bd3ffd1224e6d5260fa9a69045142276af08bbd,manual_run_1,2026-06-24 00:58:51.234
20240222,2024-02-22,2024,1,1,2,Fevereiro,2024-02,8,22,5,Quinta-feira,False,643a16f94a1f1a5173462fe9d28551119f79d5b313a37d3527d2d8256b79615d,manual_run_1,2026-06-24 00:58:51.234
20240223,2024-02-23,2024,1,1,2,Fevereiro,2024-02,8,23,6,Sexta-feira,False,31f5db88b6320d221c254f772d59dee3913920e137629f2c04f14f4bd5a79add,manual_run_1,2026-06-24 00:58:51.234
20240224,2024-02-24,2024,1,1,2,Fevereiro,2024-02,8,24,7,Sábado,True,1c2388a6111ecd01f2f05f2ad755fce62489859d8586e6459440b938c1ba66f6,manual_run_1,2026-06-24 00:58:51.234
20240225,2024-02-25,2024,1,1,2,Fevereiro,2024-02,8,25,1,Domingo,True,f9cc8d1b86c3de03a98cf5fd60927c997cac44541ae71b80f345c659b9cb7462,manual_run_1,2026-06-24 00:58:51.234
20240226,2024-02-26,2024,1,1,2,Fevereiro,2024-02,9,26,2,Segunda-feira,False,189183b1244bf53fef0f227723a92e9839e1471b96a1b8be70730c95e2f65e3b,manual_run_1,2026-06-24 00:58:51.234
20240227,2024-02-27,2024,1,1,2,Fevereiro,2024-02,9,27,3,Terça-feira,False,819e18c74f91262b5f94e49a64b318ee7329423866db29b8219fc71e42e08517,manual_run_1,2026-06-24 00:58:51.234
20240228,2024-02-28,2024,1,1,2,Fevereiro,2024-02,9,28,4,Quarta-feira,False,ea832798eb6e4a75c2775c04d4e2bd6da94eb668bbc9f8f36619e650b9983a6f,manual_run_1,2026-06-24 00:58:51.234
20240229,2024-02-29,2024,1,1,2,Fevereiro,2024-02,9,29,5,Quinta-feira,False,7a1fd11950f58cdb157f4bcc7b54145ca14e0d7d1e28df2d293ad097f760af6a,manual_run_1,2026-06-24 00:58:51.234
20240301,2024-03-01,2024,1,1,3,Março,2024-03,9,1,6,Sexta-feira,False,b3b52e9cedd33ed244a7aef1a2f8bf0b00f498a2d830dc8233d853d75240d351,manual_run_1,2026-06-24 00:58:51.234
20240302,2024-03-02,2024,1,1,3,Março,2024-03,9,2,7,Sábado,True,2db9d264de62f8c564e079846fb40d4964fd0996cdc6b8a3f126b70c3f25d8fe,manual_run_1,2026-06-24 00:58:51.234
20240303,2024-03-03,2024,1,1,3,Março,2024-03,9,3,1,Domingo,True,162b2b4a9109ec6d59295e163ea90d1c5c989a467c43d7dec799d97350506405,manual_run_1,2026-06-24 00:58:51.234
20240304,2024-03-04,2024,1,1,3,Março,2024-03,10,4,2,Segunda-feira,False,9c6d4f2ae979475d21c7fc3220180cacea184fdd66764497b8b87c53d59aeb4f,manual_run_1,2026-06-24 00:58:51.234
20240305,2024-03-05,2024,1,1,3,Março,2024-03,10,5,3,Terça-feira,False,c0658a93cb58ce8b99711e76df1e5c777d7dd70e2c4b70d98a18c994ffffe0e7,manual_run_1,2026-06-24 00:58:51.234
20240306,2024-03-06,2024,1,1,3,Março,2024-03,10,6,4,Quarta-feira,False,c2f7e5f8fb02b2a1e482268243d680bd9fbc71a761eb25ae9cd024a677618344,manual_run_1,2026-06-24 00:58:51.234
20240307,2024-03-07,2024,1,1,3,Março,2024-03,10,7,5,Quinta-feira,False,48b45df1993ca87eaeb389dc3d7443858523e3f3fc681dfbbd63cea8bc8314ea,manual_run_1,2026-06-24 00:58:51.234
20240308,2024-03-08,2024,1,1,3,Março,2024-03,10,8,6,Sexta-feira,False,d34db0dcfb1d9d136fa849ddf7bad11451bb7951d3084fbb108feb186c3d042f,manual_run_1,2026-06-24 00:58:51.234
20240309,2024-03-09,2024,1,1,3,Março,2024-03,10,9,7,Sábado,True,eac747796692fd4d0529296c673fe73f40d1353456c621e41909e5f8a6e35522,manual_run_1,2026-06-24 00:58:51.234
20240310,2024-03-10,2024,1,1,3,Março,2024-03,10,10,1,Domingo,True,8b5ae148b4fe65b0947330a19a16a34e05f3a171650ad33dc82cddee119bde1a,manual_run_1,2026-06-24 00:58:51.234
20240311,2024-03-11,2024,1,1,3,Março,2024-03,11,11,2,Segunda-feira,False,671233ac608200e149d2962926e0023e61f240301555e293cdd05f65f0832591,manual_run_1,2026-06-24 00:58:51.234
20240312,2024-03-12,2024,1,1,3,Março,2024-03,11,12,3,Terça-feira,False,e498da271fa930759a0b0073c775c5b29e6da8a5b73e54feccc1717391c9dba3,manual_run_1,2026-06-24 00:58:51.234
20240313,2024-03-13,2024,1,1,3,Março,2024-03,11,13,4,Quarta-feira,False,a70925b80ec02ba7cfc6e8758407ff80d1b95040518b43907546122670829139,manual_run_1,2026-06-24 00:58:51.234
20240314,2024-03-14,2024,1,1,3,Março,2024-03,11,14,5,Quinta-feira,False,500b6889f4121276319d37cc2d29242ee8dd336d295e5b92a5ee84f5e8b46777,manual_run_1,2026-06-24 00:58:51.234
20240315,2024-03-15,2024,1,1,3,Março,2024-03,11,15,6,Sexta-feira,False,e548e8ab0bb9bf8089634b05cc1afc20c56c0bb83b8c8cdbcf100b25710332a9,manual_run_1,2026-06-24 00:58:51.234
20240316,2024-03-16,2024,1,1,3,Março,2024-03,11,16,7,Sábado,True,a6f822255514c683f0796af4cf00dfa40bf366aa651bdfe0689e11e0d1675d40,manual_run_1,2026-06-24 00:58:51.234
20240317,2024-03-17,2024,1,1,3,Março,2024-03,11,17,1,Domingo,True,da6d2ccbaa5dc41e7ef7fe31b7461ddca761e9a6254dd9348080163b90e5df5f,manual_run_1,2026-06-24 00:58:51.234
20240318,2024-03-18,2024,1,1,3,Março,2024-03,12,18,2,Segunda-feira,False,526b62c8f2fd8dba0e6c3f70f96efac2ca4df709a6395cc6e056fdf2bc6bd48b,manual_run_1,2026-06-24 00:58:51.234
20240319,2024-03-19,2024,1,1,3,Março,2024-03,12,19,3,Terça-feira,False,353b23733146e9f02822581e3d06608654fb6e2936241c513a0ba6300d582d4e,manual_run_1,2026-06-24 00:58:51.234
20240320,2024-03-20,2024,1,1,3,Março,2024-03,12,20,4,Quarta-feira,False,bdc7017dff9a8cdf532173fc6c8d157dc8f316deac7d16d363bc4c8161926324,manual_run_1,2026-06-24 00:58:51.234
20240321,2024-03-21,2024,1,1,3,Março,2024-03,12,21,5,Quinta-feira,False,17dc508d0d9facf981d8e9bc3c611450dd44c5862a1aab89c9e1d80c480609dc,manual_run_1,2026-06-24 00:58:51.234
20240322,2024-03-22,2024,1,1,3,Março,2024-03,12,22,6,Sexta-feira,False,3a158899b315815d9418ebe1b863573eea3b743b3aefc92325feab04fce8a530,manual_run_1,2026-06-24 00:58:51.234
20240323,2024-03-23,2024,1,1,3,Março,2024-03,12,23,7,Sábado,True,482efd17461f8f644f75d15bd0eafa26ec694df28805d7544a3b18adbee6054a,manual_run_1,2026-06-24 00:58:51.234
20240324,2024-03-24,2024,1,1,3,Março,2024-03,12,24,1,Domingo,True,dfa29e1071f9566a23e9783954b0bba3fbde1931215d86115bde4cfb06564322,manual_run_1,2026-06-24 00:58:51.234
20240325,2024-03-25,2024,1,1,3,Março,2024-03,13,25,2,Segunda-feira,False,821fcdc8c28573ee35e71fba527fda487e16ef1bcef7db905f457c9b3ad07b79,manual_run_1,2026-06-24 00:58:51.234
20240326,2024-03-26,2024,1,1,3,Março,2024-03,13,26,3,Terça-feira,False,ebf7199a42a69559b73b3f1c04f15f58ccd3249a4c1a2c19a2d19736d5f4ff24,manual_run_1,2026-06-24 00:58:51.234
20240327,2024-03-27,2024,1,1,3,Março,2024-03,13,27,4,Quarta-feira,False,f326538de2a10c9b56c298e76b9325636c6e5c61b694d95db2d048d0050f24c2,manual_run_1,2026-06-24 00:58:51.234
20240328,2024-03-28,2024,1,1,3,Março,2024-03,13,28,5,Quinta-feira,False,d6e544ccf2fb4a7b2cb77eea394e26616409eb99110d267a5fb33346fb6b3405,manual_run_1,2026-06-24 00:58:51.234
20240329,2024-03-29,2024,1,1,3,Março,2024-03,13,29,6,Sexta-feira,False,e7435e2e6f8a1710f6b904af855c191df8cc60cf11596202bdf4a0881cf4732a,manual_run_1,2026-06-24 00:58:51.234
20240330,2024-03-30,2024,1,1,3,Março,2024-03,13,30,7,Sábado,True,880456fd844a0f54ee26971459b341491098e1b4a213ca082532250afc6267aa,manual_run_1,2026-06-24 00:58:51.234
20240331,2024-03-31,2024,1,1,3,Março,2024-03,13,31,1,Domingo,True,02886a6a66923a1662fe71e0bb55ffec1c0c03d097c8b18606c989e40d21b24a,manual_run_1,2026-06-24 00:58:51.234
20240401,2024-04-01,2024,1,2,4,Abril,2024-04,14,1,2,Segunda-feira,False,56cdb901024f2fd8ccb05a290413fe2d5e38ac46c4d54a486d2295d007002cec,manual_run_1,2026-06-24 00:58:51.234
20240402,2024-04-02,2024,1,2,4,Abril,2024-04,14,2,3,Terça-feira,False,4ebce5d69ab2b7f69a2feb11415f535167c4a4114b75480cbcf4bbfa8c006312,manual_run_1,2026-06-24 00:58:51.234
20240403,2024-04-03,2024,1,2,4,Abril,2024-04,14,3,4,Quarta-feira,False,f5a57e6ceba72fa0a21ffbf864f4e79fbaa71f88cc44d998fab6f4927062f499,manual_run_1,2026-06-24 00:58:51.234
20240404,2024-04-04,2024,1,2,4,Abril,2024-04,14,4,5,Quinta-feira,False,e427e08ed43c7e716af02122ec8c706150184dd594bec34f1355befbe0d3a67c,manual_run_1,2026-06-24 00:58:51.234
20240405,2024-04-05,2024,1,2,4,Abril,2024-04,14,5,6,Sexta-feira,False,b04c900c4716a3f99180de4e71575bce630cc4de498809c17bfffa05e364ac09,manual_run_1,2026-06-24 00:58:51.234
20240406,2024-04-06,2024,1,2,4,Abril,2024-04,14,6,7,Sábado,True,a265c6e5351a8d9e10f7d8a985d42af700a4f28ffa954dc3a1e0f78acaa55837,manual_run_1,2026-06-24 00:58:51.234
20240407,2024-04-07,2024,1,2,4,Abril,2024-04,14,7,1,Domingo,True,865ecac88221c42c1cbd8cbd1c47bd2f457f4df0cc17577ef1541d29c672a889,manual_run_1,2026-06-24 00:58:51.234
20240408,2024-04-08,2024,1,2,4,Abril,2024-04,15,8,2,Segunda-feira,False,3b44e27d9db6c4c0608876ce69af7208e35fff3a828f96807a0fd4705f287ea2,manual_run_1,2026-06-24 00:58:51.234
20240409,2024-04-09,2024,1,2,4,Abril,2024-04,15,9,3,Terça-feira,False,acb3d1c5e37062f82a8eeb8edc7c93679cf834b456329748a3e18aa118dffe13,manual_run_1,2026-06-24 00:58:51.234
20240410,2024-04-10,2024,1,2,4,Abril,2024-04,15,10,4,Quarta-feira,False,94546fcbf515cb63b906a04b76296f7a85dee181226391b73b1bdb9d8ea2882b,manual_run_1,2026-06-24 00:58:51.234
20240411,2024-04-11,2024,1,2,4,Abril,2024-04,15,11,5,Quinta-feira,False,ddca25cee443e5150b88b2860a48f9e8be5820aba2c9cc106909fb2f507a57e6,manual_run_1,2026-06-24 00:58:51.234
20240412,2024-04-12,2024,1,2,4,Abril,2024-04,15,12,6,Sexta-feira,False,2e857a5006e0cd08e47d2e68b410b6677f1d27e7520b91d1315f18266559ef2c,manual_run_1,2026-06-24 00:58:51.234
20240413,2024-04-13,2024,1,2,4,Abril,2024-04,15,13,7,Sábado,True,5946b92e92b84f509aa31e13cd9ed940d6fa0f9dcf0bffdaf00abf5e97cb3f7d,manual_run_1,2026-06-24 00:58:51.234
20240414,2024-04-14,2024,1,2,4,Abril,2024-04,15,14,1,Domingo,True,515ebdf67c5157fdedd5b0986fde9dc148722cd27e3a64ff0a2ab25914c350c4,manual_run_1,2026-06-24 00:58:51.234
20240415,2024-04-15,2024,1,2,4,Abril,2024-04,16,15,2,Segunda-feira,False,9fcbea77d069e45aaff55cbf203af8158bf713a49e373a4af39029ec9b733bec,manual_run_1,2026-06-24 00:58:51.234
20240416,2024-04-16,2024,1,2,4,Abril,2024-04,16,16,3,Terça-feira,False,23f5e02fa33aaaa58d4a8630769281ea302698f3f1cd58060006cd0b3d1a5be6,manual_run_1,2026-06-24 00:58:51.234
20240417,2024-04-17,2024,1,2,4,Abril,2024-04,16,17,4,Quarta-feira,False,730a641b087a0911e7804bc8698043b4056301d88956072fd5278d864c0fbed0,manual_run_1,2026-06-24 00:58:51.234
20240418,2024-04-18,2024,1,2,4,Abril,2024-04,16,18,5,Quinta-feira,False,af3b5b4344830d5e442556eda71c29ead34d84fcadc9685e679489e3652f9ddd,manual_run_1,2026-06-24 00:58:51.234
20240419,2024-04-19,2024,1,2,4,Abril,2024-04,16,19,6,Sexta-feira,False,88b5b89646849bc7b6132a23dca38e585065a5a5d4c8ce8464e556313038692e,manual_run_1,2026-06-24 00:58:51.234
20240420,2024-04-20,2024,1,2,4,Abril,2024-04,16,20,7,Sábado,True,0d68475a2509c9fbba73cf380557ee3fc3f2f780aab93516075011d75966ebc8,manual_run_1,2026-06-24 00:58:51.234
20240421,2024-04-21,2024,1,2,4,Abril,2024-04,16,21,1,Domingo,True,4232dc78fd9efed10bbe7975d039d358e05d6b818999829593bac5c37b778b47,manual_run_1,2026-06-24 00:58:51.234
20240422,2024-04-22,2024,1,2,4,Abril,2024-04,17,22,2,Segunda-feira,False,c0f8c061f316ea39982c6889e30400a6348cd46b34a087704b3d6877448e40f8,manual_run_1,2026-06-24 00:58:51.234
20240423,2024-04-23,2024,1,2,4,Abril,2024-04,17,23,3,Terça-feira,False,5c2ca03f7c5e8bcef7e5e6287313e3f662e80b74b232ec5e8349d6a8492d3697,manual_run_1,2026-06-24 00:58:51.234
20240424,2024-04-24,2024,1,2,4,Abril,2024-04,17,24,4,Quarta-feira,False,7df5fb0a582e450257841b4a061776f45dd6a4b2b66878ed981fc93b2c81546a,manual_run_1,2026-06-24 00:58:51.234
20240425,2024-04-25,2024,1,2,4,Abril,2024-04,17,25,5,Quinta-feira,False,93ecf688e20e0b5e78aec30ca60b74e1e09d655584c42f92ba70137333dbda0c,manual_run_1,2026-06-24 00:58:51.234
20240426,2024-04-26,2024,1,2,4,Abril,2024-04,17,26,6,Sexta-feira,False,5b59a56ec3d7518f2d390b7f1606a5aa8001d98e5b237ee8a07ae5728498e7df,manual_run_1,2026-06-24 00:58:51.234
20240427,2024-04-27,2024,1,2,4,Abril,2024-04,17,27,7,Sábado,True,3c7a8c4581fc0aca2bde193cb89ca4e52d0bdecb47e0d2afe0f353a6445dce55,manual_run_1,2026-06-24 00:58:51.234
20240428,2024-04-28,2024,1,2,4,Abril,2024-04,17,28,1,Domingo,True,d1edd2b2beaf26ad5f15bee3545ff12af2919c15c85b143b03ef4bd76a8bd332,manual_run_1,2026-06-24 00:58:51.234
20240429,2024-04-29,2024,1,2,4,Abril,2024-04,18,29,2,Segunda-feira,False,c2696f27cfc98a0efee8355be018a28bcd533bb25d54a310cdc6fab13f182649,manual_run_1,2026-06-24 00:58:51.234
20240430,2024-04-30,2024,1,2,4,Abril,2024-04,18,30,3,Terça-feira,False,c9e6491a113ed0a7dc27249c2e795a588d3fc8464da9976bd2fa5f41b2934255,manual_run_1,2026-06-24 00:58:51.234
20240501,2024-05-01,2024,1,2,5,Maio,2024-05,18,1,4,Quarta-feira,False,cac588f78231d5c56f90507b4a10dc8259007565309db4df1cba94b869c33f8a,manual_run_1,2026-06-24 00:58:51.234
20240502,2024-05-02,2024,1,2,5,Maio,2024-05,18,2,5,Quinta-feira,False,7c2a521295978b84faabf5ec3043543099c93034e4425397af36f3fbfe566a70,manual_run_1,2026-06-24 00:58:51.234
20240503,2024-05-03,2024,1,2,5,Maio,2024-05,18,3,6,Sexta-feira,False,fc67f4a1a9965da922b4f1cab6f216815564e9817c8a0b7616109cc547eceae0,manual_run_1,2026-06-24 00:58:51.234
20240504,2024-05-04,2024,1,2,5,Maio,2024-05,18,4,7,Sábado,True,344e1e0299043de56578fbc648e9682cf35c24cea8a79cbc4317d1ab4e151719,manual_run_1,2026-06-24 00:58:51.234
20240505,2024-05-05,2024,1,2,5,Maio,2024-05,18,5,1,Domingo,True,f3b6b9afbc9e2052ef438c1adde30fc887e191ce46195e53c03de12b19d9d8a8,manual_run_1,2026-06-24 00:58:51.234
20240506,2024-05-06,2024,1,2,5,Maio,2024-05,19,6,2,Segunda-feira,False,da1f365139d7f1f4b4d170a32f5d0fab078ff8568ab3bbf22e8560ff8f1e9e32,manual_run_1,2026-06-24 00:58:51.234
20240507,2024-05-07,2024,1,2,5,Maio,2024-05,19,7,3,Terça-feira,False,95198d1609a4b8441d9a007b8ad31f7e11ad64c00f041f5e7488ef8e74835475,manual_run_1,2026-06-24 00:58:51.234
20240508,2024-05-08,2024,1,2,5,Maio,2024-05,19,8,4,Quarta-feira,False,768b17aa2a052a517833085d4e46a4f7a8cfe46ce9de547c6c551806270d6393,manual_run_1,2026-06-24 00:58:51.234
20240509,2024-05-09,2024,1,2,5,Maio,2024-05,19,9,5,Quinta-feira,False,c37fbbe451e014e95eca3d58518e8a26943250bc755bd20f6e43d55ff3806c70,manual_run_1,2026-06-24 00:58:51.234
20240510,2024-05-10,2024,1,2,5,Maio,2024-05,19,10,6,Sexta-feira,False,ae399d6ea98d063ff1590e6de854d78111c6acb1c7118d19540eb3ee71465fff,manual_run_1,2026-06-24 00:58:51.234
20240511,2024-05-11,2024,1,2,5,Maio,2024-05,19,11,7,Sábado,True,001acf5a46060608842a07f358e2d732c8853094854306a41af9fa794927ad7c,manual_run_1,2026-06-24 00:58:51.234
20240512,2024-05-12,2024,1,2,5,Maio,2024-05,19,12,1,Domingo,True,be61a5daf956df2783c9291e6ad8e74dbb19679c067df24f7b3c2261d48724d3,manual_run_1,2026-06-24 00:58:51.234
20240513,2024-05-13,2024,1,2,5,Maio,2024-05,20,13,2,Segunda-feira,False,ffd3ef89b40520d6d93e289a8668dc526f90e87da71bf9a6f73c034ce354f19d,manual_run_1,2026-06-24 00:58:51.234
20240514,2024-05-14,2024,1,2,5,Maio,2024-05,20,14,3,Terça-feira,False,df5e0769e4cd498dd3a6645cea78c93fd459ab81f3fccec9f969b5ed43446f01,manual_run_1,2026-06-24 00:58:51.234
20240515,2024-05-15,2024,1,2,5,Maio,2024-05,20,15,4,Quarta-feira,False,40621bd5862e0720cba63699fdc6c86b44a48cbdfcdb7174ebdcc18f70561a1c,manual_run_1,2026-06-24 00:58:51.234
20240516,2024-05-16,2024,1,2,5,Maio,2024-05,20,16,5,Quinta-feira,False,33cfbd2d9176ab35f79b4e0b1352e1214a4f6a96bd9e8419d4d41d7c2ca5eb86,manual_run_1,2026-06-24 00:58:51.234
20240517,2024-05-17,2024,1,2,5,Maio,2024-05,20,17,6,Sexta-feira,False,b23ed052abe88b89f688e3da1305e97c6acb83e44e68b44c0f39b0439c49b983,manual_run_1,2026-06-24 00:58:51.234
20240518,2024-05-18,2024,1,2,5,Maio,2024-05,20,18,7,Sábado,True,dc80fc01e86e6b612fa6c39f627d03b85790a84d3bec6ee298f59f00ebab35cc,manual_run_1,2026-06-24 00:58:51.234
20240519,2024-05-19,2024,1,2,5,Maio,2024-05,20,19,1,Domingo,True,dd51b6b840cd6e8651feca6c79ac3264aed8397e85bb39c06f334d53c53264cc,manual_run_1,2026-06-24 00:58:51.234
20240520,2024-05-20,2024,1,2,5,Maio,2024-05,21,20,2,Segunda-feira,False,bf04a6aae133880dc1a1d34d80ac9f5ec65c9381e515f6c8786e68ae108ebe99,manual_run_1,2026-06-24 00:58:51.234
20240521,2024-05-21,2024,1,2,5,Maio,2024-05,21,21,3,Terça-feira,False,4e317ed7fec4c6e056b00f0d868688e725578a82d48df59b8660b6b2b74af89f,manual_run_1,2026-06-24 00:58:51.234
20240522,2024-05-22,2024,1,2,5,Maio,2024-05,21,22,4,Quarta-feira,False,3048b509b8931933b676101ea2a7a02cb01fc1c578cffda10162b06a9caeeee3,manual_run_1,2026-06-24 00:58:51.234
20240523,2024-05-23,2024,1,2,5,Maio,2024-05,21,23,5,Quinta-feira,False,7216bbb31583c62a92689474fb51e8db7797c1f5e3d29b73665610ef1827a177,manual_run_1,2026-06-24 00:58:51.234
20240524,2024-05-24,2024,1,2,5,Maio,2024-05,21,24,6,Sexta-feira,False,c38b0a50f73f96e709a9845d9cebb1a0beb8001871808b81d8d0c470bc3a7692,manual_run_1,2026-06-24 00:58:51.234
20240525,2024-05-25,2024,1,2,5,Maio,2024-05,21,25,7,Sábado,True,e737fc3de424985a25ad76bda56ecb8f63d2267c4e49abe00410e646af5f60c2,manual_run_1,2026-06-24 00:58:51.234
20240526,2024-05-26,2024,1,2,5,Maio,2024-05,21,26,1,Domingo,True,387012202a0f009bd2d6f1b3d88bafa2921427117acf2fdde7416696145d1b3b,manual_run_1,2026-06-24 00:58:51.234
20240527,2024-05-27,2024,1,2,5,Maio,2024-05,22,27,2,Segunda-feira,False,ecfb0237f8071920a70a2edc9fdcad973d467ebd564fcdbce5ca47d833c931fb,manual_run_1,2026-06-24 00:58:51.234
20240528,2024-05-28,2024,1,2,5,Maio,2024-05,22,28,3,Terça-feira,False,1a8cb6c628bc7cbc151a101dc7d7990d700108728382183e7f96675519f09282,manual_run_1,2026-06-24 00:58:51.234
20240529,2024-05-29,2024,1,2,5,Maio,2024-05,22,29,4,Quarta-feira,False,2827e3d1868d0a76697f2ebd81904834a2aa9713650800e78fe34361b7a581ca,manual_run_1,2026-06-24 00:58:51.234
20240530,2024-05-30,2024,1,2,5,Maio,2024-05,22,30,5,Quinta-feira,False,359b976f4d1129848066debf8dc41f386bac6fa0feeedd231dbf32b00dfbef81,manual_run_1,2026-06-24 00:58:51.234
20240531,2024-05-31,2024,1,2,5,Maio,2024-05,22,31,6,Sexta-feira,False,b76cb8603c98b0bf8124f38ead331e591b081964a6bc8023a5b4f3ab25cbaa0d,manual_run_1,2026-06-24 00:58:51.234
20240601,2024-06-01,2024,1,2,6,Junho,2024-06,22,1,7,Sábado,True,94d4e8c6a270c04cba906842fa2554758e29381fdda0a73d5dd7b057b63777f3,manual_run_1,2026-06-24 00:58:51.234
20240602,2024-06-02,2024,1,2,6,Junho,2024-06,22,2,1,Domingo,True,33f987092940577404f99d7f5c02627e131900a74096e5cb68ed8be934460f4a,manual_run_1,2026-06-24 00:58:51.234
20240603,2024-06-03,2024,1,2,6,Junho,2024-06,23,3,2,Segunda-feira,False,c6e8ab6a596facb89f59a1cb0a4776ead6d60c2fa71d1d15354a95b99abe1514,manual_run_1,2026-06-24 00:58:51.234
20240604,2024-06-04,2024,1,2,6,Junho,2024-06,23,4,3,Terça-feira,False,5ddf20561211a4dff9599766d9cd67f5821f9adb5a12270b8dbd813b77bf9f34,manual_run_1,2026-06-24 00:58:51.234
20240605,2024-06-05,2024,1,2,6,Junho,2024-06,23,5,4,Quarta-feira,False,fe2b37c2cb092ee6c0ca04f76dfc7a7b49d014492d2f487edd76f6cbb35b1e3a,manual_run_1,2026-06-24 00:58:51.234
20240606,2024-06-06,2024,1,2,6,Junho,2024-06,23,6,5,Quinta-feira,False,a97f569f388abbccb400c5fb234e73f65f8a56b8ab285b63098d40fd3b56afbb,manual_run_1,2026-06-24 00:58:51.234
20240607,2024-06-07,2024,1,2,6,Junho,2024-06,23,7,6,Sexta-feira,False,85e7e272a2245cea1e71652977174ccc8a24bea598742404cdf0e361964667f9,manual_run_1,2026-06-24 00:58:51.234
20240608,2024-06-08,2024,1,2,6,Junho,2024-06,23,8,7,Sábado,True,c36fe872140f4ed798ba02092bc901b8281f8a818e97860f8b233d98def0356d,manual_run_1,2026-06-24 00:58:51.234
20240609,2024-06-09,2024,1,2,6,Junho,2024-06,23,9,1,Domingo,True,016e022aab8fdf6c002d65fe0ea845d6a4b05071c6235786a226c8b4839f9875,manual_run_1,2026-06-24 00:58:51.234
20240610,2024-06-10,2024,1,2,6,Junho,2024-06,24,10,2,Segunda-feira,False,330728253fa1a11f6bef6a2560929b75035e87675a1776fb0cf7fb71216f760a,manual_run_1,2026-06-24 00:58:51.234
20240611,2024-06-11,2024,1,2,6,Junho,2024-06,24,11,3,Terça-feira,False,0a5cb9baebb1479fb1c474909bcd77c3ec2caf64dcd24f4caab47ffeb5eb19c3,manual_run_1,2026-06-24 00:58:51.234
20240612,2024-06-12,2024,1,2,6,Junho,2024-06,24,12,4,Quarta-feira,False,20b9bfd5edf43d383c8f8561717a6617919fdcf3fceb4037d26ce6eb71ef8c48,manual_run_1,2026-06-24 00:58:51.234
20240613,2024-06-13,2024,1,2,6,Junho,2024-06,24,13,5,Quinta-feira,False,a2ace34abe0e4b24a9ba13b593546584ba55b50a8efd8084499d449b2bd4b5e3,manual_run_1,2026-06-24 00:58:51.234
20240614,2024-06-14,2024,1,2,6,Junho,2024-06,24,14,6,Sexta-feira,False,67f466f6739910244bdf3f0d6eb202287ea29b483e91708dcb95546ee0855320,manual_run_1,2026-06-24 00:58:51.234
20240615,2024-06-15,2024,1,2,6,Junho,2024-06,24,15,7,Sábado,True,827cbe4c4edc5ab0a6043be51f685d7437f239af99217e4abea36fd06183c07f,manual_run_1,2026-06-24 00:58:51.234
20240616,2024-06-16,2024,1,2,6,Junho,2024-06,24,16,1,Domingo,True,547a6ea368cf4981d0c8c083bcc0db541c4a9fd0750e1a35fef8a5dd27c30d4f,manual_run_1,2026-06-24 00:58:51.234
20240617,2024-06-17,2024,1,2,6,Junho,2024-06,25,17,2,Segunda-feira,False,976fb1d31f798770a5f76e5bf29c1b8b1416f2005c60cfae198ea479b2932ef2,manual_run_1,2026-06-24 00:58:51.234
20240618,2024-06-18,2024,1,2,6,Junho,2024-06,25,18,3,Terça-feira,False,a419bbd263ff0d6bdd997229529b4eae8dad8b605a40b75e9321b6f56945ab25,manual_run_1,2026-06-24 00:58:51.234
20240619,2024-06-19,2024,1,2,6,Junho,2024-06,25,19,4,Quarta-feira,False,0e459e6c15f3317211920370bf08e748f75b531d8ab431627a173b3f311d8f9d,manual_run_1,2026-06-24 00:58:51.234
20240620,2024-06-20,2024,1,2,6,Junho,2024-06,25,20,5,Quinta-feira,False,3330afcccedc793a72ae9ed9a46266a3c6b0462cfcf6ceafe9215f591501eb1a,manual_run_1,2026-06-24 00:58:51.234
20240621,2024-06-21,2024,1,2,6,Junho,2024-06,25,21,6,Sexta-feira,False,d5fc64816a326463d1f40f94cf52ed974535388c1efd233b166f0a6c78344fa5,manual_run_1,2026-06-24 00:58:51.234
20240622,2024-06-22,2024,1,2,6,Junho,2024-06,25,22,7,Sábado,True,bd142b866784c14bce50d3c7f1807c36130a0fc5a8470810cef51f5378ab6b02,manual_run_1,2026-06-24 00:58:51.234
20240623,2024-06-23,2024,1,2,6,Junho,2024-06,25,23,1,Domingo,True,dd65c8f696984d6e1f00c1bd3015e11472de941961e546940df9bfd2640ca16a,manual_run_1,2026-06-24 00:58:51.234
20240624,2024-06-24,2024,1,2,6,Junho,2024-06,26,24,2,Segunda-feira,False,b14ce8bf1d994c70efb59993dadfafdbb08a09949ec11b02b882a94e988ec641,manual_run_1,2026-06-24 00:58:51.234
20240625,2024-06-25,2024,1,2,6,Junho,2024-06,26,25,3,Terça-feira,False,394c897f487bb449fe5ae4eded4647e113af4a02354257909742cd9d388c6252,manual_run_1,2026-06-24 00:58:51.234
20240626,2024-06-26,2024,1,2,6,Junho,2024-06,26,26,4,Quarta-feira,False,f5dee120bfb4f10530374983650b723f946142bf5955b348395e434439a14ddd,manual_run_1,2026-06-24 00:58:51.234
20240627,2024-06-27,2024,1,2,6,Junho,2024-06,26,27,5,Quinta-feira,False,23acfcb970c91bda26bb9b3958d5590599b620e5171d7da1fb780145b309049c,manual_run_1,2026-06-24 00:58:51.234
20240628,2024-06-28,2024,1,2,6,Junho,2024-06,26,28,6,Sexta-feira,False,6935536a8aed6779105dc9c9f0dd1b0f38e4592e9216e05658b1c322d094c014,manual_run_1,2026-06-24 00:58:51.234
20240629,2024-06-29,2024,1,2,6,Junho,2024-06,26,29,7,Sábado,True,f039d6c676c4fcac20891182f1db38d72c96f6c63600b88322ceb76df560e011,manual_run_1,2026-06-24 00:58:51.234
20240630,2024-06-30,2024,1,2,6,Junho,2024-06,26,30,1,Domingo,True,11fb49d91595c1fcaf73cb3c1746b965c8e9ed5a79eab24be8de81b0f7fbaeff,manual_run_1,2026-06-24 00:58:51.234
20240701,2024-07-01,2024,2,3,7,Julho,2024-07,27,1,2,Segunda-feira,False,3dceeadf66198f69128d7575cec6583fd5e5947fdf5412a53ff72d7d3ff73fe3,manual_run_1,2026-06-24 00:58:51.234
20240702,2024-07-02,2024,2,3,7,Julho,2024-07,27,2,3,Terça-feira,False,c1de1591986429370b9f8d2970fdf51b4a0d78663f960f71a6721b062be4364a,manual_run_1,2026-06-24 00:58:51.234
20240703,2024-07-03,2024,2,3,7,Julho,2024-07,27,3,4,Quarta-feira,False,d95d1f9aa9baa974224a5144323191764c7ec9b58aa30f2415d9923a7f5a40bf,manual_run_1,2026-06-24 00:58:51.234
20240704,2024-07-04,2024,2,3,7,Julho,2024-07,27,4,5,Quinta-feira,False,5c9e25b8e708f2611875543ce4fe62786b826b46cdb22e7056a121549c14acb4,manual_run_1,2026-06-24 00:58:51.234
20240705,2024-07-05,2024,2,3,7,Julho,2024-07,27,5,6,Sexta-feira,False,5df852e3111140785e67897d8e3cc2e23bb2146bbffec885868c191894b4aafa,manual_run_1,2026-06-24 00:58:51.234
20240706,2024-07-06,2024,2,3,7,Julho,2024-07,27,6,7,Sábado,True,133cb5ea7651263d5d39af824e806b4f4310fdb47463e1773f40202909ea9d51,manual_run_1,2026-06-24 00:58:51.234
20240707,2024-07-07,2024,2,3,7,Julho,2024-07,27,7,1,Domingo,True,09abe850a76ec0d3e9cc6c1424a040d0535581e73cacbdded75ce2b00e7e1913,manual_run_1,2026-06-24 00:58:51.234
20240708,2024-07-08,2024,2,3,7,Julho,2024-07,28,8,2,Segunda-feira,False,c6b1ad64e23405ada6bb224886dbf4bf39da01763f8d27112140c2c356a409be,manual_run_1,2026-06-24 00:58:51.234
20240709,2024-07-09,2024,2,3,7,Julho,2024-07,28,9,3,Terça-feira,False,132a465031c9f23d9f7068b0594330578be4aac0462a09667434aa2802011548,manual_run_1,2026-06-24 00:58:51.234
20240710,2024-07-10,2024,2,3,7,Julho,2024-07,28,10,4,Quarta-feira,False,08d127693937a91346637ca900c2390f9e32ff36e9bafe84d6493a6e5d8b1e59,manual_run_1,2026-06-24 00:58:51.234
20240711,2024-07-11,2024,2,3,7,Julho,2024-07,28,11,5,Quinta-feira,False,4581344edca48628ebf2da3bf802b66eead0df2b82fe8628ee99628bcdef123d,manual_run_1,2026-06-24 00:58:51.234
20240712,2024-07-12,2024,2,3,7,Julho,2024-07,28,12,6,Sexta-feira,False,b439cacbad017428160889f8c0b7a9e099ba4aa2b905f3f1a21d4c8e4ef5f735,manual_run_1,2026-06-24 00:58:51.234
20240713,2024-07-13,2024,2,3,7,Julho,2024-07,28,13,7,Sábado,True,b682078a92e47e6006052aa9df67bc44a867d6c859d1d7f351caf6ea9ae73be7,manual_run_1,2026-06-24 00:58:51.234
20240714,2024-07-14,2024,2,3,7,Julho,2024-07,28,14,1,Domingo,True,0ac2c6fcd07f1a017ffcdf9bdf9b9a4b82571ea3cafa4ca026217140e5e9d426,manual_run_1,2026-06-24 00:58:51.234
20240715,2024-07-15,2024,2,3,7,Julho,2024-07,29,15,2,Segunda-feira,False,a9a5e9f7dd62bea43bb3e94f56e151d106e0cda1838177bd884e635ab3e7c0c9,manual_run_1,2026-06-24 00:58:51.234
20240716,2024-07-16,2024,2,3,7,Julho,2024-07,29,16,3,Terça-feira,False,8dbcede7f7509ab1ac22e2590073b09dd6eaafd36e14f358b042c64e07812c09,manual_run_1,2026-06-24 00:58:51.234
20240717,2024-07-17,2024,2,3,7,Julho,2024-07,29,17,4,Quarta-feira,False,ad05648cef18411dd55dab2f57da592cdbc09174ac52fce6ea0c7fce344dec5c,manual_run_1,2026-06-24 00:58:51.234
20240718,2024-07-18,2024,2,3,7,Julho,2024-07,29,18,5,Quinta-feira,False,8d775fc02390b07eea5d2980896afe6e34b9dbcb5d867ae2b89b1b737c497171,manual_run_1,2026-06-24 00:58:51.234
20240719,2024-07-19,2024,2,3,7,Julho,2024-07,29,19,6,Sexta-feira,False,a9c4cc0956b0790c7dfded543e6972a9d4789f706896804a629cd19799478f5d,manual_run_1,2026-06-24 00:58:51.234
20240720,2024-07-20,2024,2,3,7,Julho,2024-07,29,20,7,Sábado,True,f5c1d91e72539394213c9003cd810a95e5a719e5e52ef79f2e892b0d0e0f2069,manual_run_1,2026-06-24 00:58:51.234
20240721,2024-07-21,2024,2,3,7,Julho,2024-07,29,21,1,Domingo,True,e7cb96008af4d16ae93c25e806879dd79634e2e8582d3ced46331c4484743a29,manual_run_1,2026-06-24 00:58:51.234
20240722,2024-07-22,2024,2,3,7,Julho,2024-07,30,22,2,Segunda-feira,False,9e1698633c2e058b0a2d2fc8e0ac3e0080d71c2976d1dcdd93025ca96c812873,manual_run_1,2026-06-24 00:58:51.234
20240723,2024-07-23,2024,2,3,7,Julho,2024-07,30,23,3,Terça-feira,False,48203d8e60155558d5965c7979feb390414ba58b371a99f4cfa7efb03dc52d1e,manual_run_1,2026-06-24 00:58:51.234
20240724,2024-07-24,2024,2,3,7,Julho,2024-07,30,24,4,Quarta-feira,False,416f27d377d58630b6605a63c2b8368d56998b0685d0317777c4e618fc182a81,manual_run_1,2026-06-24 00:58:51.234
20240725,2024-07-25,2024,2,3,7,Julho,2024-07,30,25,5,Quinta-feira,False,040c735a87bd286363d2a78719589263e44a681533d4f1d7b8238ca423400ae5,manual_run_1,2026-06-24 00:58:51.234
20240726,2024-07-26,2024,2,3,7,Julho,2024-07,30,26,6,Sexta-feira,False,42d423e6d02410d07fd08546f4165c5291dec1d0fe00cc14034fede7d1d65128,manual_run_1,2026-06-24 00:58:51.234
20240727,2024-07-27,2024,2,3,7,Julho,2024-07,30,27,7,Sábado,True,18dcfd4186ce921d7dd0d39326f59d5daf2b46e4466867429c64593607d2c384,manual_run_1,2026-06-24 00:58:51.234
20240728,2024-07-28,2024,2,3,7,Julho,2024-07,30,28,1,Domingo,True,171db18d592699c711aaf110e784ff7da7f2762c5b1ece85b453c0db72f5bf30,manual_run_1,2026-06-24 00:58:51.234
20240729,2024-07-29,2024,2,3,7,Julho,2024-07,31,29,2,Segunda-feira,False,9070900f4d0d1008193b1537c016970d176d50169bbd13864444bc7759bae1cb,manual_run_1,2026-06-24 00:58:51.234
20240730,2024-07-30,2024,2,3,7,Julho,2024-07,31,30,3,Terça-feira,False,1c405b632aab0fe52d20c9e054dff63d8c2720ec9248cde01413b7b37345d82d,manual_run_1,2026-06-24 00:58:51.234
20240731,2024-07-31,2024,2,3,7,Julho,2024-07,31,31,4,Quarta-feira,False,c72730807e9087f0f13e50174a13c985760643dd9ec141678f7eb725dee310f0,manual_run_1,2026-06-24 00:58:51.234
20240801,2024-08-01,2024,2,3,8,Agosto,2024-08,31,1,5,Quinta-feira,False,4ebc4d912a9b19a4ddec5baa70e323bd98536b8d1147b57b38d2120114e30217,manual_run_1,2026-06-24 00:58:51.234
20240802,2024-08-02,2024,2,3,8,Agosto,2024-08,31,2,6,Sexta-feira,False,d6e5ea3c7b69555c1412c10176ef1b8250d31446547fbbb144b20a4ced455320,manual_run_1,2026-06-24 00:58:51.234
20240803,2024-08-03,2024,2,3,8,Agosto,2024-08,31,3,7,Sábado,True,c372fede9badb609258d780162f860fd612c790a04ca437d6245de2ddab90628,manual_run_1,2026-06-24 00:58:51.234
20240804,2024-08-04,2024,2,3,8,Agosto,2024-08,31,4,1,Domingo,True,a4fedbcdcbacbf8b32fe7fcafc5f9b7d6c8c747f588f083eb3a1ce3373a869a3,manual_run_1,2026-06-24 00:58:51.234
20240805,2024-08-05,2024,2,3,8,Agosto,2024-08,32,5,2,Segunda-feira,False,edaaef5d896fdde0ccb26183baa48dbfb658f04a9fcc49c8bb6db58545cf1907,manual_run_1,2026-06-24 00:58:51.234
20240806,2024-08-06,2024,2,3,8,Agosto,2024-08,32,6,3,Terça-feira,False,39fca58a45ce8190272b5e752e88357ed624b2b348152c64bbb351326afba3a5,manual_run_1,2026-06-24 00:58:51.234
20240807,2024-08-07,2024,2,3,8,Agosto,2024-08,32,7,4,Quarta-feira,False,14ff25adee4d6ccda86e8be6ea0c79f1d4466148db75e1deede7cc644338545b,manual_run_1,2026-06-24 00:58:51.234
20240808,2024-08-08,2024,2,3,8,Agosto,2024-08,32,8,5,Quinta-feira,False,d8fd9d8e97cbe329a534227248d7d3338b0d942a221f28a9e3663d9423d8cdef,manual_run_1,2026-06-24 00:58:51.234
20240809,2024-08-09,2024,2,3,8,Agosto,2024-08,32,9,6,Sexta-feira,False,6deb5116b3d03ec178ab299e577a0b3c121780080aa01847c4ba4f38e509d003,manual_run_1,2026-06-24 00:58:51.234
20240810,2024-08-10,2024,2,3,8,Agosto,2024-08,32,10,7,Sábado,True,025e4eb9b671fb255ea78ec8f2f8b6af21995fbd9c35549cfd21c99ec64a238b,manual_run_1,2026-06-24 00:58:51.234
20240811,2024-08-11,2024,2,3,8,Agosto,2024-08,32,11,1,Domingo,True,08aa9fe5298403cd2d5e8221aa0ec8f0a614f5fdb66875ccce5f34ad53b6d9f1,manual_run_1,2026-06-24 00:58:51.234
20240812,2024-08-12,2024,2,3,8,Agosto,2024-08,33,12,2,Segunda-feira,False,c04065fd49c47b299847061bcac35d150d223141bac59103c3b286f9d001729e,manual_run_1,2026-06-24 00:58:51.234
20240813,2024-08-13,2024,2,3,8,Agosto,2024-08,33,13,3,Terça-feira,False,ca40736f5b3fd71bd7a7377d8cd978eba2ee0ce5fcec44e55bbea2aec18c04fd,manual_run_1,2026-06-24 00:58:51.234
20240814,2024-08-14,2024,2,3,8,Agosto,2024-08,33,14,4,Quarta-feira,False,df56f64a51dee88922f77b6bd614f77eb54c80562c7b62d88524955e288447e4,manual_run_1,2026-06-24 00:58:51.234
20240815,2024-08-15,2024,2,3,8,Agosto,2024-08,33,15,5,Quinta-feira,False,7ca168a28e91b1e875c77ca0b83677036ad497a8a06870b5488b69963bf24844,manual_run_1,2026-06-24 00:58:51.234
20240816,2024-08-16,2024,2,3,8,Agosto,2024-08,33,16,6,Sexta-feira,False,11d088eeeda08715d314041ea66627f9c83c169df4c6c8f791c7e2ac12ac07ea,manual_run_1,2026-06-24 00:58:51.234
20240817,2024-08-17,2024,2,3,8,Agosto,2024-08,33,17,7,Sábado,True,78b9726f72e699a4b24530fadf731d6edafed057b73ffff1ba3ff7964fcaa869,manual_run_1,2026-06-24 00:58:51.234
20240818,2024-08-18,2024,2,3,8,Agosto,2024-08,33,18,1,Domingo,True,86bc76284571a38f56ed768b4d8a86239dd6c064a2f4f4548bcabafb7559d7e1,manual_run_1,2026-06-24 00:58:51.234
20240819,2024-08-19,2024,2,3,8,Agosto,2024-08,34,19,2,Segunda-feira,False,0bfe43918dfe3e3c13b565fb94ab5daf19bc8407fa05c783bce30705d2834f4a,manual_run_1,2026-06-24 00:58:51.234
20240820,2024-08-20,2024,2,3,8,Agosto,2024-08,34,20,3,Terça-feira,False,c73897e773fda391c0bac0b48d646c5714ee2f4c9738537633cd1d444a954b29,manual_run_1,2026-06-24 00:58:51.234
20240821,2024-08-21,2024,2,3,8,Agosto,2024-08,34,21,4,Quarta-feira,False,f585fd3219fc1f7df9114c2f245dbc39c8699ab34c3fa18f01142353ee449168,manual_run_1,2026-06-24 00:58:51.234
20240822,2024-08-22,2024,2,3,8,Agosto,2024-08,34,22,5,Quinta-feira,False,92ab59b89a818e0892653f53684486058f094652260d8b35055cf25fd5183bd4,manual_run_1,2026-06-24 00:58:51.234
20240823,2024-08-23,2024,2,3,8,Agosto,2024-08,34,23,6,Sexta-feira,False,544514e2aaeb659bc9fceaa4fbcf89d9f801358fabde0a6363ad8dc1adb61887,manual_run_1,2026-06-24 00:58:51.234
20240824,2024-08-24,2024,2,3,8,Agosto,2024-08,34,24,7,Sábado,True,ab540dac98f7d87ed4432b59802fa8af16bd6e5df48fd8a2c2c17d5c0fc7e593,manual_run_1,2026-06-24 00:58:51.234
20240825,2024-08-25,2024,2,3,8,Agosto,2024-08,34,25,1,Domingo,True,49b73cda7b39dbd243fe650453712f47551a84ec87ea1a7da4a7441bb19e5156,manual_run_1,2026-06-24 00:58:51.234
20240826,2024-08-26,2024,2,3,8,Agosto,2024-08,35,26,2,Segunda-feira,False,7a637111fa38c085dd5677e56b48bc494ab855ea2c01fd53006c5102ec6ee6b6,manual_run_1,2026-06-24 00:58:51.234
20240827,2024-08-27,2024,2,3,8,Agosto,2024-08,35,27,3,Terça-feira,False,b806a8bff0e95c0a90d1786bc5ba70ab7cbab50c665d01cd5cf7f60cfc8f519f,manual_run_1,2026-06-24 00:58:51.234
20240828,2024-08-28,2024,2,3,8,Agosto,2024-08,35,28,4,Quarta-feira,False,30fe630d9219762e07f79ef6c587f21a881897dd2c1867e8515307543f01cfaa,manual_run_1,2026-06-24 00:58:51.234
20240829,2024-08-29,2024,2,3,8,Agosto,2024-08,35,29,5,Quinta-feira,False,70e024c94b651c413f37d0839c38538cdbe3735c64e2a2b6684e80695c5fd8e1,manual_run_1,2026-06-24 00:58:51.234
20240830,2024-08-30,2024,2,3,8,Agosto,2024-08,35,30,6,Sexta-feira,False,2b6e9afb34e440501366cf4c2dfd5913f79ca1a6232973e7f852eee89c2cffd9,manual_run_1,2026-06-24 00:58:51.234
20240831,2024-08-31,2024,2,3,8,Agosto,2024-08,35,31,7,Sábado,True,5f2018b710be9f5562f1b0597367bd4edbabf3c67c22ae8ac07347491102fd1c,manual_run_1,2026-06-24 00:58:51.234
20240901,2024-09-01,2024,2,3,9,Setembro,2024-09,35,1,1,Domingo,True,431a7b1950ced1f596c7cc34dda9e5aa96092b16df6eff9547e4e0be5f218fb3,manual_run_1,2026-06-24 00:58:51.234
20240902,2024-09-02,2024,2,3,9,Setembro,2024-09,36,2,2,Segunda-feira,False,ae28d936330ea8829f959ee2ef9abeaea0708ba646f381e087e5b7ace220d55c,manual_run_1,2026-06-24 00:58:51.234
20240903,2024-09-03,2024,2,3,9,Setembro,2024-09,36,3,3,Terça-feira,False,7ae55f6129231f945897ea98ebd6a35f70b89ce33fda835caead62317acf19d3,manual_run_1,2026-06-24 00:58:51.234
20240904,2024-09-04,2024,2,3,9,Setembro,2024-09,36,4,4,Quarta-feira,False,0a028c7e9d11dc2432132ed538bb4760bc6e53294b673b450f3f7cbe07b4da73,manual_run_1,2026-06-24 00:58:51.234
20240905,2024-09-05,2024,2,3,9,Setembro,2024-09,36,5,5,Quinta-feira,False,6eefe6a17337255071fc42ca1049ad70466b6c1f7f667b5bab17ff2e479aaced,manual_run_1,2026-06-24 00:58:51.234
20240906,2024-09-06,2024,2,3,9,Setembro,2024-09,36,6,6,Sexta-feira,False,b8d073496889304cc257d39f6c2b9d2a0499d63a2146e6232707a98573c15b4d,manual_run_1,2026-06-24 00:58:51.234
20240907,2024-09-07,2024,2,3,9,Setembro,2024-09,36,7,7,Sábado,True,fdfecf794abd2605688fcd988abcb07769bd57158de6133a8ab546ef49c93775,manual_run_1,2026-06-24 00:58:51.234
20240908,2024-09-08,2024,2,3,9,Setembro,2024-09,36,8,1,Domingo,True,53c1a8db242187b30f515925e809c0df39672691628c5026557a8b8cc7927ef6,manual_run_1,2026-06-24 00:58:51.234
20240909,2024-09-09,2024,2,3,9,Setembro,2024-09,37,9,2,Segunda-feira,False,c5b9f064a989695666f7879a0fe906a11683bf51fabb476b7924da5f2707bf55,manual_run_1,2026-06-24 00:58:51.234
20240910,2024-09-10,2024,2,3,9,Setembro,2024-09,37,10,3,Terça-feira,False,d5ff43b39f00bd954be0c67a9422198a398ee3afec524be668dbf07e7916865e,manual_run_1,2026-06-24 00:58:51.234
20240911,2024-09-11,2024,2,3,9,Setembro,2024-09,37,11,4,Quarta-feira,False,1c8a6dc881bf9fc2fb2ecce9884915256e45309f90ac160c9882685e5463987a,manual_run_1,2026-06-24 00:58:51.234
20240912,2024-09-12,2024,2,3,9,Setembro,2024-09,37,12,5,Quinta-feira,False,bb87ea695b1a3e8428b24479445061cbdef4b3af2830db310b93f2325ea0463c,manual_run_1,2026-06-24 00:58:51.234
20240913,2024-09-13,2024,2,3,9,Setembro,2024-09,37,13,6,Sexta-feira,False,b3e132dec80b545121f1ad32232eedaa74fca94b3314cbe669f3230faffd6272,manual_run_1,2026-06-24 00:58:51.234
20240914,2024-09-14,2024,2,3,9,Setembro,2024-09,37,14,7,Sábado,True,2364a08a3af1d310e46f0a711a8ba678de3a4655596de05d86b211c6967d5454,manual_run_1,2026-06-24 00:58:51.234
20240915,2024-09-15,2024,2,3,9,Setembro,2024-09,37,15,1,Domingo,True,ba14aca810c3c8c844416058f95d196aa6cd73eb9318c7761d457b0fc5ace780,manual_run_1,2026-06-24 00:58:51.234
20240916,2024-09-16,2024,2,3,9,Setembro,2024-09,38,16,2,Segunda-feira,False,7d4ca6390e6c0b10e921018835e2d838a02c4938f6af29cecf9fa77c400b1f2b,manual_run_1,2026-06-24 00:58:51.234
20240917,2024-09-17,2024,2,3,9,Setembro,2024-09,38,17,3,Terça-feira,False,93cf92dfcc15e064c333fffde92b4c9c581cfa4355111156e980851bf9ffad0c,manual_run_1,2026-06-24 00:58:51.234
20240918,2024-09-18,2024,2,3,9,Setembro,2024-09,38,18,4,Quarta-feira,False,ff61868aa3128b1cc7991ac402e50c7cc0b27fc2e0da3994807ad8aff43e5c07,manual_run_1,2026-06-24 00:58:51.234
20240919,2024-09-19,2024,2,3,9,Setembro,2024-09,38,19,5,Quinta-feira,False,8ed6afc1e41ba298eddb8e87b3d3586d4edef705198b57686dbd787338f5d27f,manual_run_1,2026-06-24 00:58:51.234
20240920,2024-09-20,2024,2,3,9,Setembro,2024-09,38,20,6,Sexta-feira,False,b6c95619f9e550937ebbadb5f2212a52948fda731c49b7b268debde96376a95d,manual_run_1,2026-06-24 00:58:51.234
20240921,2024-09-21,2024,2,3,9,Setembro,2024-09,38,21,7,Sábado,True,f115cdaa5ff0ff3cd0e219be20c56aea2db150f9e7bb0a31fd8b35c2df441818,manual_run_1,2026-06-24 00:58:51.234
20240922,2024-09-22,2024,2,3,9,Setembro,2024-09,38,22,1,Domingo,True,c40d4bc3c377df44e6127c5226434bf10dcb4e4c58385b0150797c764cdc4295,manual_run_1,2026-06-24 00:58:51.234
20240923,2024-09-23,2024,2,3,9,Setembro,2024-09,39,23,2,Segunda-feira,False,a392554600b0b528af9ce00be3c91d1c1810cd6e469b6168acba751c058c696d,manual_run_1,2026-06-24 00:58:51.234
20240924,2024-09-24,2024,2,3,9,Setembro,2024-09,39,24,3,Terça-feira,False,9032cdc986eae1e3892e7d6c4aba66363fa5f33c90eb254b858fe284fde6902d,manual_run_1,2026-06-24 00:58:51.234
20240925,2024-09-25,2024,2,3,9,Setembro,2024-09,39,25,4,Quarta-feira,False,72852e28076b41c8d3b54a222a03f104859e9768c298aee69bcb9003102f677f,manual_run_1,2026-06-24 00:58:51.234
20240926,2024-09-26,2024,2,3,9,Setembro,2024-09,39,26,5,Quinta-feira,False,dee8a560938edfb3b3d8eb2836880337393fe695c0eeccaaef782d00f198ac3b,manual_run_1,2026-06-24 00:58:51.234
20240927,2024-09-27,2024,2,3,9,Setembro,2024-09,39,27,6,Sexta-feira,False,6c598672e74465dfd59f6fcd3a5c3469eb0969985dcfdd31930d7bf5e17dbda0,manual_run_1,2026-06-24 00:58:51.234
20240928,2024-09-28,2024,2,3,9,Setembro,2024-09,39,28,7,Sábado,True,17bd241d7f739972e518cf767cbb452b0757c52f5d6ed24dc04ea36a44b8fad7,manual_run_1,2026-06-24 00:58:51.234
20240929,2024-09-29,2024,2,3,9,Setembro,2024-09,39,29,1,Domingo,True,460aa860480c266264c0f932f0466fc1176b6d51face5594f6720c295bc5dc60,manual_run_1,2026-06-24 00:58:51.234
20240930,2024-09-30,2024,2,3,9,Setembro,2024-09,40,30,2,Segunda-feira,False,9a5ebb8805a2f3abdf02d47fc6efce48bfb1bc59c385bf0b8365e0ae8a553df8,manual_run_1,2026-06-24 00:58:51.234
20241001,2024-10-01,2024,2,4,10,Outubro,2024-10,40,1,3,Terça-feira,False,35046210a3ce94d8efd7b767a59c599733f1453b4e2ced6cc8d0e79009637a5b,manual_run_1,2026-06-24 00:58:51.234
20241002,2024-10-02,2024,2,4,10,Outubro,2024-10,40,2,4,Quarta-feira,False,fbfcac8bcd4a958702478efb33267703b5157fd0eb9cbddeaf2419cae4c37192,manual_run_1,2026-06-24 00:58:51.234
20241003,2024-10-03,2024,2,4,10,Outubro,2024-10,40,3,5,Quinta-feira,False,d8bda7ead4478aad311528faad29c0225ab6090fbfd5395ed51b14234b11082e,manual_run_1,2026-06-24 00:58:51.234
20241004,2024-10-04,2024,2,4,10,Outubro,2024-10,40,4,6,Sexta-feira,False,3d8be10547f1b003b8e784ed7fd5bc12f8022d573a958b4ea3aaa759715f376b,manual_run_1,2026-06-24 00:58:51.234
20241005,2024-10-05,2024,2,4,10,Outubro,2024-10,40,5,7,Sábado,True,c06a45e366653ba843aec3adead9641842ecf001729131cea92e38e9d9ea1bb4,manual_run_1,2026-06-24 00:58:51.234
20241006,2024-10-06,2024,2,4,10,Outubro,2024-10,40,6,1,Domingo,True,bf8abfb67e844ca5f11b76f8e264a5f8b2051e9be78fa7338c7a834ea98ec3dd,manual_run_1,2026-06-24 00:58:51.234
20241007,2024-10-07,2024,2,4,10,Outubro,2024-10,41,7,2,Segunda-feira,False,9da6b0e40d3afa7296d1da58abe6be4384fb0d4731473f9c92991e2adac2c51d,manual_run_1,2026-06-24 00:58:51.234
20241008,2024-10-08,2024,2,4,10,Outubro,2024-10,41,8,3,Terça-feira,False,e694e9e2a4d3f6431d8f3d0df5bc44b3552e2008e4fb7a796d138dd975d745b6,manual_run_1,2026-06-24 00:58:51.234
20241009,2024-10-09,2024,2,4,10,Outubro,2024-10,41,9,4,Quarta-feira,False,3143c7c4cb98a821ec1da3ba07e0ae7e548a35ba8b324b16cb0ad90b4c144ece,manual_run_1,2026-06-24 00:58:51.234
20241010,2024-10-10,2024,2,4,10,Outubro,2024-10,41,10,5,Quinta-feira,False,cab95cf6efb329563d685be2b4e678205f4866ac5195b1ed4acff89997cdff2d,manual_run_1,2026-06-24 00:58:51.234
20241011,2024-10-11,2024,2,4,10,Outubro,2024-10,41,11,6,Sexta-feira,False,fcfe26457d53ef8a49ba03a916f85c4f2b661c6332a7b21fe168980b93863e14,manual_run_1,2026-06-24 00:58:51.234
20241012,2024-10-12,2024,2,4,10,Outubro,2024-10,41,12,7,Sábado,True,633fbb88bc680db050852a96eaf4d10cae380fc52b04d53f4ce689d57386dcf1,manual_run_1,2026-06-24 00:58:51.234
20241013,2024-10-13,2024,2,4,10,Outubro,2024-10,41,13,1,Domingo,True,d4d98b1ba401cb23750151ad811f8188e785b00c9722e643125f1b4af6398cbd,manual_run_1,2026-06-24 00:58:51.234
20241014,2024-10-14,2024,2,4,10,Outubro,2024-10,42,14,2,Segunda-feira,False,b54b1ca3c548b205ebf3abf5adb0f36a4fbb7c6bcb8dc51b40ba814882c48cc0,manual_run_1,2026-06-24 00:58:51.234
20241015,2024-10-15,2024,2,4,10,Outubro,2024-10,42,15,3,Terça-feira,False,431c7dd53fffdf022a731e6c6de846686fb2ca2e0398aa77fe1bd565c5ec79bc,manual_run_1,2026-06-24 00:58:51.234
20241016,2024-10-16,2024,2,4,10,Outubro,2024-10,42,16,4,Quarta-feira,False,74a67d92de6efbfd866aee1f19311b97a41afe0db7c67313ccb98317717923ea,manual_run_1,2026-06-24 00:58:51.234
20241017,2024-10-17,2024,2,4,10,Outubro,2024-10,42,17,5,Quinta-feira,False,48044422717a19f2b8e62e3905b58f48b1e571a409ba56fa0d98be388c0a1a1d,manual_run_1,2026-06-24 00:58:51.234
20241018,2024-10-18,2024,2,4,10,Outubro,2024-10,42,18,6,Sexta-feira,False,512428b6d3c79bcc3c03493ff45666710d5a2aff47a7b3d2f361b7349eec2033,manual_run_1,2026-06-24 00:58:51.234
20241019,2024-10-19,2024,2,4,10,Outubro,2024-10,42,19,7,Sábado,True,520f10f91dbc1c4bd10c47d2bd9057ec15ead22698ee7f2a2ba647f4fb7ab006,manual_run_1,2026-06-24 00:58:51.234
20241020,2024-10-20,2024,2,4,10,Outubro,2024-10,42,20,1,Domingo,True,b3a5417c556c347c34cac5c7c839c4c942b2853bbb7a88fbd0576dd5a499bf19,manual_run_1,2026-06-24 00:58:51.234
20241021,2024-10-21,2024,2,4,10,Outubro,2024-10,43,21,2,Segunda-feira,False,fe02ff6984e16ff0b17e074dbd52c0085a5ee9d24fb94842e78061b9a36cdbf5,manual_run_1,2026-06-24 00:58:51.234
20241022,2024-10-22,2024,2,4,10,Outubro,2024-10,43,22,3,Terça-feira,False,e75396aa04efb7733af899a6ba71f5280f59d97bcf3843ffe7b31e1af0cbc3a1,manual_run_1,2026-06-24 00:58:51.234
20241023,2024-10-23,2024,2,4,10,Outubro,2024-10,43,23,4,Quarta-feira,False,1173a365baed83d79fc7bbacc93ce7ce4d23a15bde02e90ccdfb6439f39efde3,manual_run_1,2026-06-24 00:58:51.234
20241024,2024-10-24,2024,2,4,10,Outubro,2024-10,43,24,5,Quinta-feira,False,9bb64b2dfae3e984c774ceb25946b60e3fe4aa5250a51c1f5b575ae5e2ff0bf9,manual_run_1,2026-06-24 00:58:51.234
20241025,2024-10-25,2024,2,4,10,Outubro,2024-10,43,25,6,Sexta-feira,False,8efbb5c58d70f2314b4f5093b19c2d262c1d077fbba30a4c6dc53de7842272c5,manual_run_1,2026-06-24 00:58:51.234
20241026,2024-10-26,2024,2,4,10,Outubro,2024-10,43,26,7,Sábado,True,030e234d42af4015845b79b387ca27ce88fe395dd766f1db1af1e5d1ea61fce1,manual_run_1,2026-06-24 00:58:51.234
20241027,2024-10-27,2024,2,4,10,Outubro,2024-10,43,27,1,Domingo,True,b2ce5a04e5ef5a09cfd153eb8a0b62d13c65844ef5af3185867f0ec2f4304a5c,manual_run_1,2026-06-24 00:58:51.234
20241028,2024-10-28,2024,2,4,10,Outubro,2024-10,44,28,2,Segunda-feira,False,01655d6224427b814780c90f2066c73eccaabae1a058014baf60142ca3f8a1d1,manual_run_1,2026-06-24 00:58:51.234
20241029,2024-10-29,2024,2,4,10,Outubro,2024-10,44,29,3,Terça-feira,False,0195701584a1c68ee0ac63d0919bc9110c7e91de22dc1b83625a1a7b80fd1130,manual_run_1,2026-06-24 00:58:51.234
20241030,2024-10-30,2024,2,4,10,Outubro,2024-10,44,30,4,Quarta-feira,False,a92379100179e00a2826b240f756402de7d01ca4846d0de1d2d5046c581f5e21,manual_run_1,2026-06-24 00:58:51.234
20241031,2024-10-31,2024,2,4,10,Outubro,2024-10,44,31,5,Quinta-feira,False,5e64370419ba2768644ec7b5193e60b32aca99a42c1b9166d73fefef3785d416,manual_run_1,2026-06-24 00:58:51.234
20241101,2024-11-01,2024,2,4,11,Novembro,2024-11,44,1,6,Sexta-feira,False,49ebb5578005b62dc8aadcbb3c66b1e5c56d039882bfbdcfb27808709fdd5451,manual_run_1,2026-06-24 00:58:51.234
20241102,2024-11-02,2024,2,4,11,Novembro,2024-11,44,2,7,Sábado,True,c3ef7b3ed7f2efc941a7abdb96831b3c1c77a006ce258aaf1c3d8e1b111aa038,manual_run_1,2026-06-24 00:58:51.234
20241103,2024-11-03,2024,2,4,11,Novembro,2024-11,44,3,1,Domingo,True,89feb0c6fa8c1ae4865a24d7b24a511e174491804df72490efbcc47ac681e0b1,manual_run_1,2026-06-24 00:58:51.234
20241104,2024-11-04,2024,2,4,11,Novembro,2024-11,45,4,2,Segunda-feira,False,a4aa25deb87216476e08229320ae7b5c63ba5be81355c84b01781b0f8d81083b,manual_run_1,2026-06-24 00:58:51.234
20241105,2024-11-05,2024,2,4,11,Novembro,2024-11,45,5,3,Terça-feira,False,88e0697acaa55af7c016ebfd59cdeac6deeb956a0ffd8d40b4f7ecf8dfa416e9,manual_run_1,2026-06-24 00:58:51.234
20241106,2024-11-06,2024,2,4,11,Novembro,2024-11,45,6,4,Quarta-feira,False,6face57b08780b9aa51062fb2b5d548dfd478b3901466917f28b80bc934ce423,manual_run_1,2026-06-24 00:58:51.234
20241107,2024-11-07,2024,2,4,11,Novembro,2024-11,45,7,5,Quinta-feira,False,69bd3d6ac2198bbacc5cda492776d3bb51e5bd6dfebf3eab83b31d64ca3a858f,manual_run_1,2026-06-24 00:58:51.234
20241108,2024-11-08,2024,2,4,11,Novembro,2024-11,45,8,6,Sexta-feira,False,2bae410c930124ee0afd207ef62896899e61824b039e6a3c9374ef65cb8906e1,manual_run_1,2026-06-24 00:58:51.234
20241109,2024-11-09,2024,2,4,11,Novembro,2024-11,45,9,7,Sábado,True,affca09b55d49b95906d9af5b32e0febe85a5f0e19bbce2af9967c1fac8aa0a7,manual_run_1,2026-06-24 00:58:51.234
20241110,2024-11-10,2024,2,4,11,Novembro,2024-11,45,10,1,Domingo,True,380c16228162e7d85266474005d5f4d10e16c4e25cb9f8f9d0e01ba839548f4f,manual_run_1,2026-06-24 00:58:51.234
20241111,2024-11-11,2024,2,4,11,Novembro,2024-11,46,11,2,Segunda-feira,False,0c1e48a16df953fd5437d2ec7d1f68e2414c980ee4f808e2fbf3d748c5e9043a,manual_run_1,2026-06-24 00:58:51.234
20241112,2024-11-12,2024,2,4,11,Novembro,2024-11,46,12,3,Terça-feira,False,ce7405677b0cba7bc7fea5198413b6afd517a5f3a1d91b1b453768be18f3198e,manual_run_1,2026-06-24 00:58:51.234
20241113,2024-11-13,2024,2,4,11,Novembro,2024-11,46,13,4,Quarta-feira,False,26fb2571f9ed201454bf753d0e0dd5b5ed9f62687c2a4cd6f28bcd5c40ba9510,manual_run_1,2026-06-24 00:58:51.234
20241114,2024-11-14,2024,2,4,11,Novembro,2024-11,46,14,5,Quinta-feira,False,8a45fcd0bdde68f3ec58cf267b05fe043d1f29e519f65cebf85e59f68f011531,manual_run_1,2026-06-24 00:58:51.234
20241115,2024-11-15,2024,2,4,11,Novembro,2024-11,46,15,6,Sexta-feira,False,4ece3b346c4dd18f556c6cfd60af727e6b30a1be618e7dbea52e189a84d0e6eb,manual_run_1,2026-06-24 00:58:51.234
20241116,2024-11-16,2024,2,4,11,Novembro,2024-11,46,16,7,Sábado,True,f6f98841c452c54243ad26a5be418f9e6ccf54452e5c87c35facd78bfdb774ab,manual_run_1,2026-06-24 00:58:51.234
20241117,2024-11-17,2024,2,4,11,Novembro,2024-11,46,17,1,Domingo,True,982665863f8b3f13edba0901321f0b954b08b83d5a0581f5d9b6db3a4f1d5b14,manual_run_1,2026-06-24 00:58:51.234
20241118,2024-11-18,2024,2,4,11,Novembro,2024-11,47,18,2,Segunda-feira,False,e4568c85e284df883e5aa11dca819fb93e84e19707ed7c650bc39cb8f9fd4705,manual_run_1,2026-06-24 00:58:51.234
20241119,2024-11-19,2024,2,4,11,Novembro,2024-11,47,19,3,Terça-feira,False,612ceb8d1c3410e89922964acbc6e2bd0591a4b54918ba375f271ec37c51cc63,manual_run_1,2026-06-24 00:58:51.234
20241120,2024-11-20,2024,2,4,11,Novembro,2024-11,47,20,4,Quarta-feira,False,82d9a81f72a2ed1fa7a8bd7bac956ff735d1c32a0a2d6dd786476318029cc21c,manual_run_1,2026-06-24 00:58:51.234
20241121,2024-11-21,2024,2,4,11,Novembro,2024-11,47,21,5,Quinta-feira,False,5b7e6d9171f025eaafdcffe53cbc2f66b5bf9e71bf3e0ae160669c21647ab52b,manual_run_1,2026-06-24 00:58:51.234
20241122,2024-11-22,2024,2,4,11,Novembro,2024-11,47,22,6,Sexta-feira,False,83e597096314902df63f42fcda166b00459d9c14ab13554974cc3a627b93f1f8,manual_run_1,2026-06-24 00:58:51.234
20241123,2024-11-23,2024,2,4,11,Novembro,2024-11,47,23,7,Sábado,True,2c9eeed4013312400f436c3c063c283998fac1ae3c404ce02306fdbc801a8a1b,manual_run_1,2026-06-24 00:58:51.234
20241124,2024-11-24,2024,2,4,11,Novembro,2024-11,47,24,1,Domingo,True,4434d7a39a97b66b950bcbd4b9b0db2873492d24d4269e333b8e912a30420c73,manual_run_1,2026-06-24 00:58:51.234
20241125,2024-11-25,2024,2,4,11,Novembro,2024-11,48,25,2,Segunda-feira,False,c3d53a57b0c92ea0fa558846d721174a4591003e1d15a88a572e0cabadf9b0bd,manual_run_1,2026-06-24 00:58:51.234
20241126,2024-11-26,2024,2,4,11,Novembro,2024-11,48,26,3,Terça-feira,False,9fd51bc2071b5f4c705437b265140644de060e0e82c57500a53aa268eb26e06d,manual_run_1,2026-06-24 00:58:51.234
20241127,2024-11-27,2024,2,4,11,Novembro,2024-11,48,27,4,Quarta-feira,False,c9cc03b22510e4d7fdcd7e7f8d924d4f3210df43cb17af6010388bb2721161c3,manual_run_1,2026-06-24 00:58:51.234
20241128,2024-11-28,2024,2,4,11,Novembro,2024-11,48,28,5,Quinta-feira,False,31f86cf9ac8a30469980f9721a39d6c9b2d1dbdbfed674607a8df90923f36da4,manual_run_1,2026-06-24 00:58:51.234
20241129,2024-11-29,2024,2,4,11,Novembro,2024-11,48,29,6,Sexta-feira,False,65a1d4c6795463901723fd5196be13593e307b16266f2c691651d8faf4a66776,manual_run_1,2026-06-24 00:58:51.234
20241130,2024-11-30,2024,2,4,11,Novembro,2024-11,48,30,7,Sábado,True,a7f60687f2483aa9d4fa77ff471acfa1708e239e56e1504d1a0cd8cf098854a9,manual_run_1,2026-06-24 00:58:51.234
20241201,2024-12-01,2024,2,4,12,Dezembro,2024-12,48,1,1,Domingo,True,b03302a22c3ee80826b8562ce14e3ce4a926a42341b7dad9ce278c59ae0bd43f,manual_run_1,2026-06-24 00:58:51.234
20241202,2024-12-02,2024,2,4,12,Dezembro,2024-12,49,2,2,Segunda-feira,False,5f49366836d7db1813ec6b0bbbd74a4b7da470ed9c353951a0cce3e2639c0bb0,manual_run_1,2026-06-24 00:58:51.234
20241203,2024-12-03,2024,2,4,12,Dezembro,2024-12,49,3,3,Terça-feira,False,3072b9657c1d74885db9633b9a877ac18cda603d94a9a50a96d3515a85b2263e,manual_run_1,2026-06-24 00:58:51.234
20241204,2024-12-04,2024,2,4,12,Dezembro,2024-12,49,4,4,Quarta-feira,False,b21d80832bcfc127b0fa73b8f5db0e54946b71b1c02595500c6f6fbf3d16ce65,manual_run_1,2026-06-24 00:58:51.234
20241205,2024-12-05,2024,2,4,12,Dezembro,2024-12,49,5,5,Quinta-feira,False,edb91e35e29ace3ed60db4c50b9e862c59b26afb1a76ae6d7ee1a9f161d729d0,manual_run_1,2026-06-24 00:58:51.234
20241206,2024-12-06,2024,2,4,12,Dezembro,2024-12,49,6,6,Sexta-feira,False,6e2067a7dcba0cc7f904482742744323f5a4960c263cd373b4dd7e3eef633647,manual_run_1,2026-06-24 00:58:51.234
20241207,2024-12-07,2024,2,4,12,Dezembro,2024-12,49,7,7,Sábado,True,49f69062b75fb7f8c01926fdee20c3085f89957a52ae17ab16da1adc4682df78,manual_run_1,2026-06-24 00:58:51.234
20241208,2024-12-08,2024,2,4,12,Dezembro,2024-12,49,8,1,Domingo,True,dff64a32f0e355fe991dbca26646ba2c366067d59ec7c0889c7df0274851d8ca,manual_run_1,2026-06-24 00:58:51.234
20241209,2024-12-09,2024,2,4,12,Dezembro,2024-12,50,9,2,Segunda-feira,False,060da5a844e461c3c4be0049f825957bf567eb200d7609336133c8c90d8de18b,manual_run_1,2026-06-24 00:58:51.234
20241210,2024-12-10,2024,2,4,12,Dezembro,2024-12,50,10,3,Terça-feira,False,e39704756333aba2e9874c66b71ad80e202325e0b033a966f9bbd78d11707fe6,manual_run_1,2026-06-24 00:58:51.234
20241211,2024-12-11,2024,2,4,12,Dezembro,2024-12,50,11,4,Quarta-feira,False,175672bd670cc44469cdb0072b42720c2776d089e62e97c4a029f3d5e3e45a67,manual_run_1,2026-06-24 00:58:51.234
20241212,2024-12-12,2024,2,4,12,Dezembro,2024-12,50,12,5,Quinta-feira,False,5b8db697169015a3144bf1f2c5086c589e6ddbef34a9492756f209ec37386e03,manual_run_1,2026-06-24 00:58:51.234
20241213,2024-12-13,2024,2,4,12,Dezembro,2024-12,50,13,6,Sexta-feira,False,61e847651801e78c3add8c7b1ec01d892fd082d1958d297001048594bc81cf0a,manual_run_1,2026-06-24 00:58:51.234
20241214,2024-12-14,2024,2,4,12,Dezembro,2024-12,50,14,7,Sábado,True,ed093bdf843c069e855cc43702d96f6022101a64286ffe19e8f872edee6e9f77,manual_run_1,2026-06-24 00:58:51.234
20241215,2024-12-15,2024,2,4,12,Dezembro,2024-12,50,15,1,Domingo,True,df828b77b6210b8aef8a2d648ca95a44283a6ca6804dfe680cf92bf1759551c7,manual_run_1,2026-06-24 00:58:51.234
20241216,2024-12-16,2024,2,4,12,Dezembro,2024-12,51,16,2,Segunda-feira,False,4afd8f82f01e85116deb824aceb2f6348dc71ae51186968b7b918807a38f9822,manual_run_1,2026-06-24 00:58:51.234
20241217,2024-12-17,2024,2,4,12,Dezembro,2024-12,51,17,3,Terça-feira,False,a6107a4d98e9fc3d589f7130dc62e2f83a4a09e016b04cb4ff600e9dc27d5594,manual_run_1,2026-06-24 00:58:51.234
20241218,2024-12-18,2024,2,4,12,Dezembro,2024-12,51,18,4,Quarta-feira,False,dc4b938a99ba9f0f2c7974cf179fa26d7416261bea6baec56982872fe27785a8,manual_run_1,2026-06-24 00:58:51.234
20241219,2024-12-19,2024,2,4,12,Dezembro,2024-12,51,19,5,Quinta-feira,False,96b06b88da568855c2ad053af848ba930cc807f04cfd76c7488e86ed46c18386,manual_run_1,2026-06-24 00:58:51.234
20241220,2024-12-20,2024,2,4,12,Dezembro,2024-12,51,20,6,Sexta-feira,False,515e8d44976264a73a798ad4fe94a1d7c24cdd67031d330acb5e5b562856fdbf,manual_run_1,2026-06-24 00:58:51.234
20241221,2024-12-21,2024,2,4,12,Dezembro,2024-12,51,21,7,Sábado,True,ab499eb25f0262c345e68e22411100292a15a927247c449c4a332710062039eb,manual_run_1,2026-06-24 00:58:51.234
20241222,2024-12-22,2024,2,4,12,Dezembro,2024-12,51,22,1,Domingo,True,226d9af0af939e0b6898b32df2f93d8a332f0d5eb04d45b00b270965bc57f34a,manual_run_1,2026-06-24 00:58:51.234
20241223,2024-12-23,2024,2,4,12,Dezembro,2024-12,52,23,2,Segunda-feira,False,858c86a4e7580c2f867a64ebeec7c6ea0a8af564b48174c5948635a8b6d917cc,manual_run_1,2026-06-24 00:58:51.234
20241224,2024-12-24,2024,2,4,12,Dezembro,2024-12,52,24,3,Terça-feira,False,32833cc7d02556f23eeb251f10ce3d5ae6a1b323439bda81b941c3e75d4a6119,manual_run_1,2026-06-24 00:58:51.234
20241225,2024-12-25,2024,2,4,12,Dezembro,2024-12,52,25,4,Quarta-feira,False,d6b4cb661c9c09a988479ff54b11e89591493c914fcb707b9db67b6eeb6b7fb2,manual_run_1,2026-06-24 00:58:51.234
20241226,2024-12-26,2024,2,4,12,Dezembro,2024-12,52,26,5,Quinta-feira,False,c03443e3e56d9b6b1f82622b6f2ea1863a65a0f82f49a2ba28aa9cadb96bc879,manual_run_1,2026-06-24 00:58:51.234
20241227,2024-12-27,2024,2,4,12,Dezembro,2024-12,52,27,6,Sexta-feira,False,64b6f322ed157ecab941e8e343364f91b91d350d7dc77fb7eb3097ad7b605d0e,manual_run_1,2026-06-24 00:58:51.234
20241228,2024-12-28,2024,2,4,12,Dezembro,2024-12,52,28,7,Sábado,True,9d78ef8c7827805f93c7af300af7b54e8574dec9177f429505a1c7767ecaca11,manual_run_1,2026-06-24 00:58:51.234
20241229,2024-12-29,2024,2,4,12,Dezembro,2024-12,52,29,1,Domingo,True,89f85403911b3283b7473565c5927159676629513b52a89c9f810e496dff569f,manual_run_1,2026-06-24 00:58:51.234
20241230,2024-12-30,2024,2,4,12,Dezembro,2024-12,1,30,2,Segunda-feira,False,892c187fa3d4dc1c067549eb2000559292c9f06aaa29fedb2c77ac4797e4c799,manual_run_1,2026-06-24 00:58:51.234
20241231,2024-12-31,2024,2,4,12,Dezembro,2024-12,1,31,3,Terça-feira,False,f31d8b5f44ed3d7ef4cda80623c5024eeb892430af370869a24a3f670fcb66ae,manual_run_1,2026-06-24 00:58:51.234
20250101,2025-01-01,2025,1,1,1,Janeiro,2025-01,1,1,4,Quarta-feira,False,85323687db94de4e65208fb1f5e58df88c86f5ef7b15312b1bf0177c723b9706,manual_run_1,2026-06-24 00:58:51.234
20250102,2025-01-02,2025,1,1,1,Janeiro,2025-01,1,2,5,Quinta-feira,False,b9c5e7ba82bfa75f37203452f0e4d4f216c023ae46f24fe30bde7e5e25b5cac1,manual_run_1,2026-06-24 00:58:51.234
20250103,2025-01-03,2025,1,1,1,Janeiro,2025-01,1,3,6,Sexta-feira,False,016be58fce38d8e50ba2cff1ca0940587cddb3b00c4130d88c675e64287a8740,manual_run_1,2026-06-24 00:58:51.234
20250104,2025-01-04,2025,1,1,1,Janeiro,2025-01,1,4,7,Sábado,True,78c32a6ebd56f779e8a75f0809030120d37b1da1b0100d962f0e2a360400102f,manual_run_1,2026-06-24 00:58:51.234
20250105,2025-01-05,2025,1,1,1,Janeiro,2025-01,1,5,1,Domingo,True,709b8fc0d7d11e51e5488818b2f902ec8e13c2da43e90ee78c981db30fa15312,manual_run_1,2026-06-24 00:58:51.234
20250106,2025-01-06,2025,1,1,1,Janeiro,2025-01,2,6,2,Segunda-feira,False,684857911e0dc8eba16314191099719fa85e2a15c29df589c537701ed91341de,manual_run_1,2026-06-24 00:58:51.234
20250107,2025-01-07,2025,1,1,1,Janeiro,2025-01,2,7,3,Terça-feira,False,2f0a19021bd1f59fde75a1b468b0e197148afa6ecfcd7cabdeced139fbdccb05,manual_run_1,2026-06-24 00:58:51.234
20250108,2025-01-08,2025,1,1,1,Janeiro,2025-01,2,8,4,Quarta-feira,False,d8e4978e59b8d73a1ff7befa1892d31dd066df512d0218f93acef9d14c23ed78,manual_run_1,2026-06-24 00:58:51.234
20250109,2025-01-09,2025,1,1,1,Janeiro,2025-01,2,9,5,Quinta-feira,False,3ece333d9234fefd52db41ad8bed98aa6a371abd40f64ce6a287b8fa010a7a0c,manual_run_1,2026-06-24 00:58:51.234
20250110,2025-01-10,2025,1,1,1,Janeiro,2025-01,2,10,6,Sexta-feira,False,3577f6568c08722176ef91b4cdebbf1fbc957d6c8d2981f2e85c84e2c64ceb94,manual_run_1,2026-06-24 00:58:51.234
20250111,2025-01-11,2025,1,1,1,Janeiro,2025-01,2,11,7,Sábado,True,082cfd61a9f77951eb83a6d4a2fa32ab899be956a80399a2633e155940649579,manual_run_1,2026-06-24 00:58:51.234
20250112,2025-01-12,2025,1,1,1,Janeiro,2025-01,2,12,1,Domingo,True,60eed1d04d4c786139b945a3699dc8121f080cf78301f58243a4ebf8a4b5a4d0,manual_run_1,2026-06-24 00:58:51.234
20250113,2025-01-13,2025,1,1,1,Janeiro,2025-01,3,13,2,Segunda-feira,False,83ef544b40be3ad14bebb48377633d76702a95f8be5c3ceaa78099a8faef6129,manual_run_1,2026-06-24 00:58:51.234
20250114,2025-01-14,2025,1,1,1,Janeiro,2025-01,3,14,3,Terça-feira,False,ca87b5cf0c9a5650f37298278415186960cce576eccfababe2a87f9d31d09376,manual_run_1,2026-06-24 00:58:51.234
20250115,2025-01-15,2025,1,1,1,Janeiro,2025-01,3,15,4,Quarta-feira,False,75e51827dadfa6cfc3e41c29a242c15243a13f174db0023011234ffeb6c23c67,manual_run_1,2026-06-24 00:58:51.234
20250116,2025-01-16,2025,1,1,1,Janeiro,2025-01,3,16,5,Quinta-feira,False,1016a79807d7e20d5916ec837b1064bfde647b799e77bb7de59a1ec3f92edac3,manual_run_1,2026-06-24 00:58:51.234
20250117,2025-01-17,2025,1,1,1,Janeiro,2025-01,3,17,6,Sexta-feira,False,6e0049a85a5c23b440ba18116f4fffa9a9d655a3dea33ebc643729828be16396,manual_run_1,2026-06-24 00:58:51.234
20250118,2025-01-18,2025,1,1,1,Janeiro,2025-01,3,18,7,Sábado,True,e3cc260e04309e7e62e44949f8a620ca054119128e5f556bfecdf89a8cd035f7,manual_run_1,2026-06-24 00:58:51.234
20250119,2025-01-19,2025,1,1,1,Janeiro,2025-01,3,19,1,Domingo,True,f64587fed8b8f0205584f043015653c022df1da8844d171b27e6d26e99bc957f,manual_run_1,2026-06-24 00:58:51.234
20250120,2025-01-20,2025,1,1,1,Janeiro,2025-01,4,20,2,Segunda-feira,False,4e6599a99cbac0b6d0062033347c85848c761607d29130f25d7876b9eec136db,manual_run_1,2026-06-24 00:58:51.234
20250121,2025-01-21,2025,1,1,1,Janeiro,2025-01,4,21,3,Terça-feira,False,174fb1e4b1d6eea4acca9f3935d72aa5140b13904da7f3e14b67c5217b0af84c,manual_run_1,2026-06-24 00:58:51.234
20250122,2025-01-22,2025,1,1,1,Janeiro,2025-01,4,22,4,Quarta-feira,False,f5a97a4e8f452bd80715b8c8efff3c8963e317ad7fe5b30011b77231ee0161ec,manual_run_1,2026-06-24 00:58:51.234
20250123,2025-01-23,2025,1,1,1,Janeiro,2025-01,4,23,5,Quinta-feira,False,a01bced9a2233d4ccc3e2fd1d0cc292196a04d0725cb1ffccbbe19b6a6e1a7cc,manual_run_1,2026-06-24 00:58:51.234
20250124,2025-01-24,2025,1,1,1,Janeiro,2025-01,4,24,6,Sexta-feira,False,c9b374521392997c62f3e1cf789a9c87f4f0ce74657164f53f84d0b192ec0d3e,manual_run_1,2026-06-24 00:58:51.234
20250125,2025-01-25,2025,1,1,1,Janeiro,2025-01,4,25,7,Sábado,True,8db52d1ce115e352552476779d5d524d608b54cb1625ab239cf8810ed774e181,manual_run_1,2026-06-24 00:58:51.234
20250126,2025-01-26,2025,1,1,1,Janeiro,2025-01,4,26,1,Domingo,True,a25c2fe4a0d5c4b601e9d63ec132f4c7212958be5cd958c5f54dee8804f2dc1e,manual_run_1,2026-06-24 00:58:51.234
20250127,2025-01-27,2025,1,1,1,Janeiro,2025-01,5,27,2,Segunda-feira,False,d0c4d96b8c3e396e6b251785d7bff837c64bc46323d520e8e2857bec68b557f6,manual_run_1,2026-06-24 00:58:51.234
20250128,2025-01-28,2025,1,1,1,Janeiro,2025-01,5,28,3,Terça-feira,False,82a9129e5f54bdd0d90e26d4626beca3b848703e310d103e9263f3790824703e,manual_run_1,2026-06-24 00:58:51.234
20250129,2025-01-29,2025,1,1,1,Janeiro,2025-01,5,29,4,Quarta-feira,False,059317a68c664abf07f4356626213a61e93b87305dea5a72ec2fce17e71213bf,manual_run_1,2026-06-24 00:58:51.234
20250130,2025-01-30,2025,1,1,1,Janeiro,2025-01,5,30,5,Quinta-feira,False,fbf27e7f5b6b38f22f22816c178f138c72ab80872d362560fc62799e58d3e837,manual_run_1,2026-06-24 00:58:51.234
20250131,2025-01-31,2025,1,1,1,Janeiro,2025-01,5,31,6,Sexta-feira,False,92a255c07c7295753ac9fd19439e957580b4b88e627f5725f9908ffbc6ad2e10,manual_run_1,2026-06-24 00:58:51.234
20250201,2025-02-01,2025,1,1,2,Fevereiro,2025-02,5,1,7,Sábado,True,0d9d54c85cf76d741f5e9b267aeb112aaf1b214c87a17945a34c8c746b5e0c92,manual_run_1,2026-06-24 00:58:51.234
20250202,2025-02-02,2025,1,1,2,Fevereiro,2025-02,5,2,1,Domingo,True,e62a17a797f398e9fea75ddf355ea135c73f5821c84ef4d88f436b4be9fa7e2b,manual_run_1,2026-06-24 00:58:51.234
20250203,2025-02-03,2025,1,1,2,Fevereiro,2025-02,6,3,2,Segunda-feira,False,d00eaf396e35b80fd590fa1d5f63555b156e01eda4ef66cbcac57fd57a8355ff,manual_run_1,2026-06-24 00:58:51.234
20250204,2025-02-04,2025,1,1,2,Fevereiro,2025-02,6,4,3,Terça-feira,False,2f6633041da40698e6cbedc62959da4e95b78e107af76ec9d73cadea2e1bf972,manual_run_1,2026-06-24 00:58:51.234
20250205,2025-02-05,2025,1,1,2,Fevereiro,2025-02,6,5,4,Quarta-feira,False,e676365981aa8e84f50f2b612a449e722b1bbecb57d2625ded514d883b9a0f3c,manual_run_1,2026-06-24 00:58:51.234
20250206,2025-02-06,2025,1,1,2,Fevereiro,2025-02,6,6,5,Quinta-feira,False,9cd980e8b4236cb9c12e22526155b05bb20464f2ee5e1526ef013e6f8ff7fb1f,manual_run_1,2026-06-24 00:58:51.234
20250207,2025-02-07,2025,1,1,2,Fevereiro,2025-02,6,7,6,Sexta-feira,False,3d189ae17729f5efa436cbad5dfdbbf71530e1780caddff07fa32c4b912119a9,manual_run_1,2026-06-24 00:58:51.234
20250208,2025-02-08,2025,1,1,2,Fevereiro,2025-02,6,8,7,Sábado,True,f60b9be04f3eca2b7040395ce792ec431b531c94457d1cb965b6aba9ca8b69aa,manual_run_1,2026-06-24 00:58:51.234
20250209,2025-02-09,2025,1,1,2,Fevereiro,2025-02,6,9,1,Domingo,True,6757e108a0b7c84b4228a7c92a4b24af7a0de245c877a5b9ccba00ff3b76f0e1,manual_run_1,2026-06-24 00:58:51.234
20250210,2025-02-10,2025,1,1,2,Fevereiro,2025-02,7,10,2,Segunda-feira,False,524d68d4b0331e5111a0e34ac3fd9238e147b1e157bf0dc708572b2a6a6587ec,manual_run_1,2026-06-24 00:58:51.234
20250211,2025-02-11,2025,1,1,2,Fevereiro,2025-02,7,11,3,Terça-feira,False,9d252e4bb4f28bf07fe9a0c86505b5a4b2df099a3852cff7377334dacf0ce059,manual_run_1,2026-06-24 00:58:51.234
20250212,2025-02-12,2025,1,1,2,Fevereiro,2025-02,7,12,4,Quarta-feira,False,a3bb195443570d3f58322b52a6fdb7f0c0fea91edc4f98d614f0c1e5ceef4e7e,manual_run_1,2026-06-24 00:58:51.234
20250213,2025-02-13,2025,1,1,2,Fevereiro,2025-02,7,13,5,Quinta-feira,False,52ca4f0ca284b37ec5bd770457cb3f9cf99d7cdb2b2969a9d15ff7a640d99b31,manual_run_1,2026-06-24 00:58:51.234
20250214,2025-02-14,2025,1,1,2,Fevereiro,2025-02,7,14,6,Sexta-feira,False,9fab4704a0261e6f5124114fa6c1fca4fa4ca74119f5fae19671b1e5320882a8,manual_run_1,2026-06-24 00:58:51.234
20250215,2025-02-15,2025,1,1,2,Fevereiro,2025-02,7,15,7,Sábado,True,09f281ccca2a1f09080b421898cfc1b38ead35e5574dbee441814576b6a7929a,manual_run_1,2026-06-24 00:58:51.234
20250216,2025-02-16,2025,1,1,2,Fevereiro,2025-02,7,16,1,Domingo,True,b92eeb81e907383595abc37e2c8dc6beccf224ab82ef2a2e8779825856510656,manual_run_1,2026-06-24 00:58:51.234
20250217,2025-02-17,2025,1,1,2,Fevereiro,2025-02,8,17,2,Segunda-feira,False,340c3969a58792f28b3945e14953fd308e690a18f11ebf0fe8116434a0dcc190,manual_run_1,2026-06-24 00:58:51.234
20250218,2025-02-18,2025,1,1,2,Fevereiro,2025-02,8,18,3,Terça-feira,False,5c53d172a921d81f07bb8be2661fe42fa6ac44cd10cd089dc8ac5b45c5530418,manual_run_1,2026-06-24 00:58:51.234
20250219,2025-02-19,2025,1,1,2,Fevereiro,2025-02,8,19,4,Quarta-feira,False,0f0cb6437551df6b4b74c8932c767201c68c6b1e4fad046cfe87203969ae5af4,manual_run_1,2026-06-24 00:58:51.234
20250220,2025-02-20,2025,1,1,2,Fevereiro,2025-02,8,20,5,Quinta-feira,False,b7487eb15bcb694b27a991392a96814a0b19d1dabd78dc92dd4fe100f19df6bb,manual_run_1,2026-06-24 00:58:51.234
20250221,2025-02-21,2025,1,1,2,Fevereiro,2025-02,8,21,6,Sexta-feira,False,da58036fabe90befd56fecc4478422ed8c7d46d6ac689caf831c86b0503497aa,manual_run_1,2026-06-24 00:58:51.234
20250222,2025-02-22,2025,1,1,2,Fevereiro,2025-02,8,22,7,Sábado,True,881a76ce71b2e47195361b9960a3f5eb8f8d13b9bf63e0bc38a80a73f52c47cb,manual_run_1,2026-06-24 00:58:51.234
20250223,2025-02-23,2025,1,1,2,Fevereiro,2025-02,8,23,1,Domingo,True,fae2d7a06af597f03821ddffc84d62a02546d8a5ea25f0eef7d181c88c6b8ed8,manual_run_1,2026-06-24 00:58:51.234
20250224,2025-02-24,2025,1,1,2,Fevereiro,2025-02,9,24,2,Segunda-feira,False,635cc5c90d47a9987b557d26e61ce06e2fdaef1002c437a08ac83694b0636154,manual_run_1,2026-06-24 00:58:51.234
20250225,2025-02-25,2025,1,1,2,Fevereiro,2025-02,9,25,3,Terça-feira,False,b0c1d778904f9d710c02c3db545299899d65df8861f589f3a07fa8baf8f72ee0,manual_run_1,2026-06-24 00:58:51.234
20250226,2025-02-26,2025,1,1,2,Fevereiro,2025-02,9,26,4,Quarta-feira,False,b28b46be8f5c062f0fd68b0fd39b129c9018679babb5f69dd98d52d8c48e1658,manual_run_1,2026-06-24 00:58:51.234
20250227,2025-02-27,2025,1,1,2,Fevereiro,2025-02,9,27,5,Quinta-feira,False,cbe9060e571dfe7cc52bd16d7812bd900470ebeab27a373a2c3f290c4e5777a5,manual_run_1,2026-06-24 00:58:51.234
20250228,2025-02-28,2025,1,1,2,Fevereiro,2025-02,9,28,6,Sexta-feira,False,b55f570ed974e30673c34c3eaaae87b477a8fd3908a7d2955bdef49fcf6613b1,manual_run_1,2026-06-24 00:58:51.234
20250301,2025-03-01,2025,1,1,3,Março,2025-03,9,1,7,Sábado,True,26d79e3cd9dec8a9e97f3434c6e398e6acd61a53727f97b247443632277405b5,manual_run_1,2026-06-24 00:58:51.234
20250302,2025-03-02,2025,1,1,3,Março,2025-03,9,2,1,Domingo,True,dd3b4249199a6ee49c1afcf3618c7d02aa274c8af6d3bec99260629bf5f426d9,manual_run_1,2026-06-24 00:58:51.234
20250303,2025-03-03,2025,1,1,3,Março,2025-03,10,3,2,Segunda-feira,False,bfc26c1b63cac7360d34732bb2d0b14081f055b8b7ac0048c1da11f10f973dd5,manual_run_1,2026-06-24 00:58:51.234
20250304,2025-03-04,2025,1,1,3,Março,2025-03,10,4,3,Terça-feira,False,4918e46a197007f44179a60a494059ac2204573d1d6863cd4c7cdd8b28257122,manual_run_1,2026-06-24 00:58:51.234
20250305,2025-03-05,2025,1,1,3,Março,2025-03,10,5,4,Quarta-feira,False,5b23e2f7768fff8b249b8530340e2422bef00ad7bc06b38d87902474cfba33d9,manual_run_1,2026-06-24 00:58:51.234
20250306,2025-03-06,2025,1,1,3,Março,2025-03,10,6,5,Quinta-feira,False,61205e0d3bf5282ed14324bb34219b7ee69d902ec143b5eee460dd20689c95e2,manual_run_1,2026-06-24 00:58:51.234
20250307,2025-03-07,2025,1,1,3,Março,2025-03,10,7,6,Sexta-feira,False,4d2d1ab34f553a7ffa76320fabc00a0b7bbedeab01322cc6dbdcd0db75a43538,manual_run_1,2026-06-24 00:58:51.234
20250308,2025-03-08,2025,1,1,3,Março,2025-03,10,8,7,Sábado,True,3cc0beb22d92383c7401255e01a6d48887b1b6037e110ce0062f59cca9ad8813,manual_run_1,2026-06-24 00:58:51.234
20250309,2025-03-09,2025,1,1,3,Março,2025-03,10,9,1,Domingo,True,6419bfa71ea005f707a896686418113812beb9b36a30de1124c6d31e176e9729,manual_run_1,2026-06-24 00:58:51.234
20250310,2025-03-10,2025,1,1,3,Março,2025-03,11,10,2,Segunda-feira,False,557791f9380cf24a6f1d6bd95cf259b1d8fa957f87e6a8fb8ae7b3b67279b7b8,manual_run_1,2026-06-24 00:58:51.234
20250311,2025-03-11,2025,1,1,3,Março,2025-03,11,11,3,Terça-feira,False,cb8ea1a37a8083dc35eb6d662560d8f8f3e37517735a0a4b50a0431a8a975941,manual_run_1,2026-06-24 00:58:51.234
20250312,2025-03-12,2025,1,1,3,Março,2025-03,11,12,4,Quarta-feira,False,059f66f588fba56db5a4eafa0cdd0c8838e27f5f6f1d49fc6650c659dd6c5dd4,manual_run_1,2026-06-24 00:58:51.234
20250313,2025-03-13,2025,1,1,3,Março,2025-03,11,13,5,Quinta-feira,False,44f2c97cc6954b3b56a7186f50d2801be35b6c5e71c015efb580b49a90a326fe,manual_run_1,2026-06-24 00:58:51.234
20250314,2025-03-14,2025,1,1,3,Março,2025-03,11,14,6,Sexta-feira,False,ec892f1a54975593bc831b6a19ffb5191d4691e3c6164b76f37d34f83cde59a7,manual_run_1,2026-06-24 00:58:51.234
20250315,2025-03-15,2025,1,1,3,Março,2025-03,11,15,7,Sábado,True,3503b285130381e391aa2e7c6e91d8422a3433891523b6e904011bd761ae0187,manual_run_1,2026-06-24 00:58:51.234
20250316,2025-03-16,2025,1,1,3,Março,2025-03,11,16,1,Domingo,True,d33ff39f2f555a0037aafe449e6cf7b35a522e737faf31d25a2ecec48efadf86,manual_run_1,2026-06-24 00:58:51.234
20250317,2025-03-17,2025,1,1,3,Março,2025-03,12,17,2,Segunda-feira,False,c1749846041e3e514b97140dc9f3ac5093acf78a215b323a393f6487b49b1ac9,manual_run_1,2026-06-24 00:58:51.234
20250318,2025-03-18,2025,1,1,3,Março,2025-03,12,18,3,Terça-feira,False,03ea2017c90ef1bc1ae1fd8f87710f7fc900fa863f5c7806a86728d4c65e4943,manual_run_1,2026-06-24 00:58:51.234
20250319,2025-03-19,2025,1,1,3,Março,2025-03,12,19,4,Quarta-feira,False,957f4757e3194dada03026f8a4618de2e2155c4b890e6fe97c77393dfcb299d1,manual_run_1,2026-06-24 00:58:51.234
20250320,2025-03-20,2025,1,1,3,Março,2025-03,12,20,5,Quinta-feira,False,920813bc7aa920baa0db93032a09210b3fc9803551272b214635a22f47ed048b,manual_run_1,2026-06-24 00:58:51.234
20250321,2025-03-21,2025,1,1,3,Março,2025-03,12,21,6,Sexta-feira,False,8cec8a735a312d881309ea9ce178934648fbc229a5288394bea165e02b6e4b89,manual_run_1,2026-06-24 00:58:51.234
20250322,2025-03-22,2025,1,1,3,Março,2025-03,12,22,7,Sábado,True,75abc692fc3f207658bcbba6ab9284cc9750af0120a7ebd5d1a2222d00e5a229,manual_run_1,2026-06-24 00:58:51.234
20250323,2025-03-23,2025,1,1,3,Março,2025-03,12,23,1,Domingo,True,5ee6e678cbca75771fee351aa5b7bf2bbb5a4d9a82653f8a99f4470760f0ba8a,manual_run_1,2026-06-24 00:58:51.234
20250324,2025-03-24,2025,1,1,3,Março,2025-03,13,24,2,Segunda-feira,False,a7cddeecf699bc32bbdff884dd7637c6a785b16f709c2a408be7cc46afcd90de,manual_run_1,2026-06-24 00:58:51.234
20250325,2025-03-25,2025,1,1,3,Março,2025-03,13,25,3,Terça-feira,False,1f586b043c771251491ec9f4ed880c134090fece84517bbcc631d088f5a86e89,manual_run_1,2026-06-24 00:58:51.234
20250326,2025-03-26,2025,1,1,3,Março,2025-03,13,26,4,Quarta-feira,False,8507fe6514aa98ecd283295749543c508946d2cf615df8f79d47e70661f34ea2,manual_run_1,2026-06-24 00:58:51.234
20250327,2025-03-27,2025,1,1,3,Março,2025-03,13,27,5,Quinta-feira,False,dc53f8dfa46fda8a7d2020395de2ec09f6e07748a71a825762c99f60d6146e8b,manual_run_1,2026-06-24 00:58:51.234
20250328,2025-03-28,2025,1,1,3,Março,2025-03,13,28,6,Sexta-feira,False,b68c3ed9c38f217e6a7893dbda106e9eda137c5784f52eda068ba2b86b32c755,manual_run_1,2026-06-24 00:58:51.234
20250329,2025-03-29,2025,1,1,3,Março,2025-03,13,29,7,Sábado,True,b4700fedb57e0a04b8faa045da42b05f23acf2aac53b4370cc7f017eaa2bc957,manual_run_1,2026-06-24 00:58:51.234
20250330,2025-03-30,2025,1,1,3,Março,2025-03,13,30,1,Domingo,True,3c9e0862c785e6ea476f287a0b7ffa92625e02f50a97953c0eba7f91f1c1c0f8,manual_run_1,2026-06-24 00:58:51.234
20250331,2025-03-31,2025,1,1,3,Março,2025-03,14,31,2,Segunda-feira,False,1f48dfb9426ce3ac580cf0ce74f1fb725a130bbf801299cb08354e7a2d5a9a07,manual_run_1,2026-06-24 00:58:51.234
20250401,2025-04-01,2025,1,2,4,Abril,2025-04,14,1,3,Terça-feira,False,9816489af26916071fbc107f54bf7055cb5cd0beac4900c9a31a990ef1082cde,manual_run_1,2026-06-24 00:58:51.234
20250402,2025-04-02,2025,1,2,4,Abril,2025-04,14,2,4,Quarta-feira,False,7ac9599efec964a372973eae075b7a47b05a81b0c11209807b40841707cfe2ac,manual_run_1,2026-06-24 00:58:51.234
20250403,2025-04-03,2025,1,2,4,Abril,2025-04,14,3,5,Quinta-feira,False,0acef7a9085428085a7f001a387ac1843a71a842b94c30a04cc27f73f54f65d7,manual_run_1,2026-06-24 00:58:51.234
20250404,2025-04-04,2025,1,2,4,Abril,2025-04,14,4,6,Sexta-feira,False,96cb93d620ddeb020e0b9bec32ba5e023531ce5c46981ee49e4203b1f062edf3,manual_run_1,2026-06-24 00:58:51.234
20250405,2025-04-05,2025,1,2,4,Abril,2025-04,14,5,7,Sábado,True,2803d3b73fe2f05c090a7caf80cdad1467892058e13b4447047f0da554a606c9,manual_run_1,2026-06-24 00:58:51.234
20250406,2025-04-06,2025,1,2,4,Abril,2025-04,14,6,1,Domingo,True,953fbc001d5667bdbd8062ffe021dfb5e778971f49bae3489b9af58cb7c73b26,manual_run_1,2026-06-24 00:58:51.234
20250407,2025-04-07,2025,1,2,4,Abril,2025-04,15,7,2,Segunda-feira,False,c4180fd293b5c472cc1d98089f9b0454f50e7bea87ec49276fc41c586754a90b,manual_run_1,2026-06-24 00:58:51.234
20250408,2025-04-08,2025,1,2,4,Abril,2025-04,15,8,3,Terça-feira,False,774813bdd610de3615b67efcb37084a3cbc671b9c5e33d05afdcbda803dd3e20,manual_run_1,2026-06-24 00:58:51.234
20250409,2025-04-09,2025,1,2,4,Abril,2025-04,15,9,4,Quarta-feira,False,e08c3d6023ed26adbd8800cc5d8034d7d5c2bcacc6df1c08d4fe3a4c374323a7,manual_run_1,2026-06-24 00:58:51.234
20250410,2025-04-10,2025,1,2,4,Abril,2025-04,15,10,5,Quinta-feira,False,54f249c824d7dea2db615808554b02e124a3f6132c70927fd3cd3aab08913a45,manual_run_1,2026-06-24 00:58:51.234
20250411,2025-04-11,2025,1,2,4,Abril,2025-04,15,11,6,Sexta-feira,False,10a5ed3a05ea524a8e087dd1d3ea38a2e82df50df0b85f1faf81c987a0a75edc,manual_run_1,2026-06-24 00:58:51.234
20250412,2025-04-12,2025,1,2,4,Abril,2025-04,15,12,7,Sábado,True,88ac901e10feab75812b9ecbb1caf7f8c58d342fa276a7f0feea32763ba86d9f,manual_run_1,2026-06-24 00:58:51.234
20250413,2025-04-13,2025,1,2,4,Abril,2025-04,15,13,1,Domingo,True,ba9c6a4bacd9d48598d193d2d29a62c71a7adbaa01c728581ee23988eaaf8c76,manual_run_1,2026-06-24 00:58:51.234
20250414,2025-04-14,2025,1,2,4,Abril,2025-04,16,14,2,Segunda-feira,False,cf3cb436001855768298bc14ddecdb1b2d3981e279f7af0daaae58a9494bc9e7,manual_run_1,2026-06-24 00:58:51.234
20250415,2025-04-15,2025,1,2,4,Abril,2025-04,16,15,3,Terça-feira,False,58d0b929482548280e5d354984a954f7761b9a6ee62afca5162bf6441c7d0867,manual_run_1,2026-06-24 00:58:51.234
20250416,2025-04-16,2025,1,2,4,Abril,2025-04,16,16,4,Quarta-feira,False,ea10036dd79917dbbaf24f59c352ccbd50eb91136b238b52dd08df3685509882,manual_run_1,2026-06-24 00:58:51.234
20250417,2025-04-17,2025,1,2,4,Abril,2025-04,16,17,5,Quinta-feira,False,4e74de2f09b54aae82c41cb71418f2c61cb62c1e8e2d6ae86cd742a587bcab10,manual_run_1,2026-06-24 00:58:51.234
20250418,2025-04-18,2025,1,2,4,Abril,2025-04,16,18,6,Sexta-feira,False,3343bc39482e4d06fc4a13fadddf45308942f76cf3e35bcf792b22da9b44b023,manual_run_1,2026-06-24 00:58:51.234
20250419,2025-04-19,2025,1,2,4,Abril,2025-04,16,19,7,Sábado,True,61212857ebde377bd433b28a7710350fa7c8324faf4c7ad753636a9c7bb5ff49,manual_run_1,2026-06-24 00:58:51.234
20250420,2025-04-20,2025,1,2,4,Abril,2025-04,16,20,1,Domingo,True,2c2af9cac5dc810e24c1e4f8d7ba59544ec6b81fe0871d24407863881fc5b906,manual_run_1,2026-06-24 00:58:51.234
20250421,2025-04-21,2025,1,2,4,Abril,2025-04,17,21,2,Segunda-feira,False,c4220b132d582a53bfc9379c7c45542b9005a105831727de119f5c30fc7445cb,manual_run_1,2026-06-24 00:58:51.234
20250422,2025-04-22,2025,1,2,4,Abril,2025-04,17,22,3,Terça-feira,False,5f443c3a50b33d230dc14dc0b155591d15d963866a3159c3ef3510618879532d,manual_run_1,2026-06-24 00:58:51.234
20250423,2025-04-23,2025,1,2,4,Abril,2025-04,17,23,4,Quarta-feira,False,7e15afd27be79bb00754587a51d3d733140571f8c1acd651c60ea1409f34fa57,manual_run_1,2026-06-24 00:58:51.234
20250424,2025-04-24,2025,1,2,4,Abril,2025-04,17,24,5,Quinta-feira,False,c8a2d43a3a752218f5ff53be485b732f7343e3e6a823ec9ae5b98395b820ecbb,manual_run_1,2026-06-24 00:58:51.234
20250425,2025-04-25,2025,1,2,4,Abril,2025-04,17,25,6,Sexta-feira,False,8b81dba85b2beed9166125c5f345ae9fbbfee265dfbc731e1f87428795f11d65,manual_run_1,2026-06-24 00:58:51.234
20250426,2025-04-26,2025,1,2,4,Abril,2025-04,17,26,7,Sábado,True,75817e7f95cfeb4fd7471650c6fdcce6620fa05c2a37e9e4824caa096ccf54fa,manual_run_1,2026-06-24 00:58:51.234
20250427,2025-04-27,2025,1,2,4,Abril,2025-04,17,27,1,Domingo,True,944d99c40ee138b88f72b5a76cb028640f82194dffa5c7eb77d153f15bd8f8ee,manual_run_1,2026-06-24 00:58:51.234
20250428,2025-04-28,2025,1,2,4,Abril,2025-04,18,28,2,Segunda-feira,False,798399b2223236e8594ca8b4e5a65338964c67ff4ad8036529fceaa00a073900,manual_run_1,2026-06-24 00:58:51.234
20250429,2025-04-29,2025,1,2,4,Abril,2025-04,18,29,3,Terça-feira,False,b314bb51a91c7dcdfa90b5bd8acb7fea424b0373069c24bfdf40ca4248173451,manual_run_1,2026-06-24 00:58:51.234
20250430,2025-04-30,2025,1,2,4,Abril,2025-04,18,30,4,Quarta-feira,False,e936a15a3de638d908fac65f11a7ef05535dd6802c93999a2d6816d6653c549d,manual_run_1,2026-06-24 00:58:51.234
20250501,2025-05-01,2025,1,2,5,Maio,2025-05,18,1,5,Quinta-feira,False,cd1c0b011978970dba6fc0930ebd1fb0c90b0abf0ee285fe40b5e73dc9ada71a,manual_run_1,2026-06-24 00:58:51.234
20250502,2025-05-02,2025,1,2,5,Maio,2025-05,18,2,6,Sexta-feira,False,0be779fc3859c5782c81d8b8148b217bd99223c258bb8e702b1adde08885e7aa,manual_run_1,2026-06-24 00:58:51.234
20250503,2025-05-03,2025,1,2,5,Maio,2025-05,18,3,7,Sábado,True,6ad8c95f250ea466b72ad816e0a91cdd1a2d0f23d0c9e71db7c3b76a152e24c3,manual_run_1,2026-06-24 00:58:51.234
20250504,2025-05-04,2025,1,2,5,Maio,2025-05,18,4,1,Domingo,True,91640848da2058f38295f777ca64ab270389e6dc3a57dd0cf3051be6a8745146,manual_run_1,2026-06-24 00:58:51.234
20250505,2025-05-05,2025,1,2,5,Maio,2025-05,19,5,2,Segunda-feira,False,12b485d1073c89d32f8bae80d96daad2561dd7d08a184e140002bc13da539dbf,manual_run_1,2026-06-24 00:58:51.234
20250506,2025-05-06,2025,1,2,5,Maio,2025-05,19,6,3,Terça-feira,False,ab113efe9a50f7489178513130236dcb2a39bedceed507eeec29c2d56edf9b68,manual_run_1,2026-06-24 00:58:51.234
20250507,2025-05-07,2025,1,2,5,Maio,2025-05,19,7,4,Quarta-feira,False,28dc63612daeac3a1ee3cc2e1064933a7050a2f932ed4875d03f81741f54e983,manual_run_1,2026-06-24 00:58:51.234
20250508,2025-05-08,2025,1,2,5,Maio,2025-05,19,8,5,Quinta-feira,False,9474cc07715f06ed56cd7b4276d99ea4d4f9ff9da3dd1786aa1498e45ed5acb4,manual_run_1,2026-06-24 00:58:51.234
20250509,2025-05-09,2025,1,2,5,Maio,2025-05,19,9,6,Sexta-feira,False,33c82462b23906e1c88da6b5177c676c2e93b134bcad55ff6eaae51738141a9d,manual_run_1,2026-06-24 00:58:51.234
20250510,2025-05-10,2025,1,2,5,Maio,2025-05,19,10,7,Sábado,True,025590e0136450931b53139e62c38a71da9d2f0fd8c2846edefade2f770130a0,manual_run_1,2026-06-24 00:58:51.234
20250511,2025-05-11,2025,1,2,5,Maio,2025-05,19,11,1,Domingo,True,be68a5e996b2bf4ead0f22c5cf99d2d8ba83276b199d7a0fba6a6f0e375d6457,manual_run_1,2026-06-24 00:58:51.234
20250512,2025-05-12,2025,1,2,5,Maio,2025-05,20,12,2,Segunda-feira,False,49e3f27d193c601ca7f9ed2619a55ec418a53488501d099a7aabe897b2f21113,manual_run_1,2026-06-24 00:58:51.234
20250513,2025-05-13,2025,1,2,5,Maio,2025-05,20,13,3,Terça-feira,False,a283fda230b07fee552f570b4d455535e636dd9ec67476ea9c3a180581efe803,manual_run_1,2026-06-24 00:58:51.234
20250514,2025-05-14,2025,1,2,5,Maio,2025-05,20,14,4,Quarta-feira,False,5a4194d33c6e931a696eaf076be0e360a3ce910c5eee84029ec16745a92f31bb,manual_run_1,2026-06-24 00:58:51.234
20250515,2025-05-15,2025,1,2,5,Maio,2025-05,20,15,5,Quinta-feira,False,cb2100275b66fd68248d2a87f133abb1364256216c853bf5c4f401d032a2aaeb,manual_run_1,2026-06-24 00:58:51.234
20250516,2025-05-16,2025,1,2,5,Maio,2025-05,20,16,6,Sexta-feira,False,7451afe97debf13d9356e747cc971190ba3fb2c0b0d74b221e241bae317b015c,manual_run_1,2026-06-24 00:58:51.234
20250517,2025-05-17,2025,1,2,5,Maio,2025-05,20,17,7,Sábado,True,01429a260e37f1caeaa115bca431798036bcc3ae3b99e4d82cf0635621d61468,manual_run_1,2026-06-24 00:58:51.234
20250518,2025-05-18,2025,1,2,5,Maio,2025-05,20,18,1,Domingo,True,57656cf377fbb2306963b9de0f461f9abc6a9fe3d5724c20bb3e71bb3fd3b601,manual_run_1,2026-06-24 00:58:51.234
20250519,2025-05-19,2025,1,2,5,Maio,2025-05,21,19,2,Segunda-feira,False,4d60e864c567ef3050d6a5255c41a112318c6b934bee2d9d85b50f372b4fd9e2,manual_run_1,2026-06-24 00:58:51.234
20250520,2025-05-20,2025,1,2,5,Maio,2025-05,21,20,3,Terça-feira,False,5e3cfafbfd9141badc2673e0845ea17a9c51693921f3c1d46a41aa1c99abc441,manual_run_1,2026-06-24 00:58:51.234
20250521,2025-05-21,2025,1,2,5,Maio,2025-05,21,21,4,Quarta-feira,False,56619bd6ecacab62611ba18627c2b036b4e9e0fcd93dd4db0c0710c70aa81964,manual_run_1,2026-06-24 00:58:51.234
20250522,2025-05-22,2025,1,2,5,Maio,2025-05,21,22,5,Quinta-feira,False,04085064854615aabb019d9440544a5256f8c1b2c7b0b5f885ba90c8b9b01871,manual_run_1,2026-06-24 00:58:51.234
20250523,2025-05-23,2025,1,2,5,Maio,2025-05,21,23,6,Sexta-feira,False,9f18a8308bfa6d9edec8345f443d1d0f7ed8f86a59bef31ca26471ed8693ac3f,manual_run_1,2026-06-24 00:58:51.234
20250524,2025-05-24,2025,1,2,5,Maio,2025-05,21,24,7,Sábado,True,1ee8ef62d5e1c13c309460c8e0a29d9a2d62e07af7367e4da2b705b01c4ef3f6,manual_run_1,2026-06-24 00:58:51.234
20250525,2025-05-25,2025,1,2,5,Maio,2025-05,21,25,1,Domingo,True,4ebfa54a855d7b8fbbd4776f3ee96e7d952b67f185f3179b44f568aa67babbdb,manual_run_1,2026-06-24 00:58:51.234
20250526,2025-05-26,2025,1,2,5,Maio,2025-05,22,26,2,Segunda-feira,False,9ddc18f6cbd56ba265732882bd79cb3e28eb664f8ce79d64c5b21abad6d8894c,manual_run_1,2026-06-24 00:58:51.234
20250527,2025-05-27,2025,1,2,5,Maio,2025-05,22,27,3,Terça-feira,False,2afe262eff46d1f3a2e23dc5ee8bdf1c46677e3e486e904b0067a03458b541ee,manual_run_1,2026-06-24 00:58:51.234
20250528,2025-05-28,2025,1,2,5,Maio,2025-05,22,28,4,Quarta-feira,False,934a346fc812b3c1a9638a17958e789db9e122b7a8557027e5e82c1b8ddb3281,manual_run_1,2026-06-24 00:58:51.234
20250529,2025-05-29,2025,1,2,5,Maio,2025-05,22,29,5,Quinta-feira,False,2d1066e94734f896b8abd0fdbdb246f118fc8dba3c07d3b10ad44484987f4a50,manual_run_1,2026-06-24 00:58:51.234
20250530,2025-05-30,2025,1,2,5,Maio,2025-05,22,30,6,Sexta-feira,False,c43402d77eaf99fe8046cc1b7c9629f77edbd5b23e544461b44d0660b7edc59c,manual_run_1,2026-06-24 00:58:51.234
20250531,2025-05-31,2025,1,2,5,Maio,2025-05,22,31,7,Sábado,True,69083bae80d1874108659c183accee07dbe6ccb2c4dff1a89e427c9b4d67e192,manual_run_1,2026-06-24 00:58:51.234
20250601,2025-06-01,2025,1,2,6,Junho,2025-06,22,1,1,Domingo,True,e6cd5c293f0b6bb4a90e6d45747c6b2160bec37fb99334930077ca4188ee4034,manual_run_1,2026-06-24 00:58:51.234
20250602,2025-06-02,2025,1,2,6,Junho,2025-06,23,2,2,Segunda-feira,False,a868e41152a5324658cf546f86e37bef8c48488337f4bc3abd4372f88074e66e,manual_run_1,2026-06-24 00:58:51.234
20250603,2025-06-03,2025,1,2,6,Junho,2025-06,23,3,3,Terça-feira,False,5ab626eb2e21ee0a88725b0247d4d034ed38743180ed1209865573c58b07d2e2,manual_run_1,2026-06-24 00:58:51.234
20250604,2025-06-04,2025,1,2,6,Junho,2025-06,23,4,4,Quarta-feira,False,550d53fe806745e65f1ddb168407e9b9c265bbf531addf5598d5889ad45059a6,manual_run_1,2026-06-24 00:58:51.234
20250605,2025-06-05,2025,1,2,6,Junho,2025-06,23,5,5,Quinta-feira,False,6d6aa3f43c10d37797ec2a23f982f706026ad1fb00853f3a3f18196686352b4d,manual_run_1,2026-06-24 00:58:51.234
20250606,2025-06-06,2025,1,2,6,Junho,2025-06,23,6,6,Sexta-feira,False,7863c5ff99c13a3acc83ff9a8607974e99a1f3fefb812fe13ed99b14a864a94f,manual_run_1,2026-06-24 00:58:51.234
20250607,2025-06-07,2025,1,2,6,Junho,2025-06,23,7,7,Sábado,True,5240111b740ac64f9d8e65b91aaa1fd1e8ca4ed7af8f05fd51199a65f1ec2871,manual_run_1,2026-06-24 00:58:51.234
20250608,2025-06-08,2025,1,2,6,Junho,2025-06,23,8,1,Domingo,True,872da01cf70ef9bef112306d5d01495da30a40af31aa0d10b6fc42ad33aa0a16,manual_run_1,2026-06-24 00:58:51.234
20250609,2025-06-09,2025,1,2,6,Junho,2025-06,24,9,2,Segunda-feira,False,bfda4616717538cddbba8fe2dca1136357ab610ea3b8f50b707a2f10757f967c,manual_run_1,2026-06-24 00:58:51.234
20250610,2025-06-10,2025,1,2,6,Junho,2025-06,24,10,3,Terça-feira,False,49c70c9200abba75458382d6c225f556c74eaedea6639cce859cc3a81c7d7cca,manual_run_1,2026-06-24 00:58:51.234
20250611,2025-06-11,2025,1,2,6,Junho,2025-06,24,11,4,Quarta-feira,False,2791ccbf9b9e82053c98b8900b25d40a97b6dc9c51e6c25651333e990ed8a915,manual_run_1,2026-06-24 00:58:51.234
20250612,2025-06-12,2025,1,2,6,Junho,2025-06,24,12,5,Quinta-feira,False,630c9c857fb6461a1169d2555dec1d309b1ab35c6984377fa1272856e1dbe848,manual_run_1,2026-06-24 00:58:51.234
20250613,2025-06-13,2025,1,2,6,Junho,2025-06,24,13,6,Sexta-feira,False,8f14837fc8cd8653baa882607c7ee0af1b937a62c3eeb7e77a1b948e370bf28e,manual_run_1,2026-06-24 00:58:51.234
20250614,2025-06-14,2025,1,2,6,Junho,2025-06,24,14,7,Sábado,True,7e65b9b3627b582c57b9d2986f94c4aeaa3856624be97d4530c2d1a2dc5181ec,manual_run_1,2026-06-24 00:58:51.234
20250615,2025-06-15,2025,1,2,6,Junho,2025-06,24,15,1,Domingo,True,07041b9d8fc4f59b16ee0dd0fe27abd2206f3fa8acdf495aaca2e7efb27a7dff,manual_run_1,2026-06-24 00:58:51.234
20250616,2025-06-16,2025,1,2,6,Junho,2025-06,25,16,2,Segunda-feira,False,b73aeb51ddd98ddaf1cbe0dad093753451e27e25e6d46cfef133e20f99db27ba,manual_run_1,2026-06-24 00:58:51.234
20250617,2025-06-17,2025,1,2,6,Junho,2025-06,25,17,3,Terça-feira,False,de935134da962aa4cac0730a7a58de5b429a571e95826224a1ae4bc87a059c66,manual_run_1,2026-06-24 00:58:51.234
20250618,2025-06-18,2025,1,2,6,Junho,2025-06,25,18,4,Quarta-feira,False,87f5cbac40db837c0a3ef30e67ad266320f7ab749fdaf1bc5f7084f58bfc7adc,manual_run_1,2026-06-24 00:58:51.234
20250619,2025-06-19,2025,1,2,6,Junho,2025-06,25,19,5,Quinta-feira,False,7a0fdcd0fd042b20ecd3d15e156e94b2913d46f099b1939df32a2ca735eadac7,manual_run_1,2026-06-24 00:58:51.234
20250620,2025-06-20,2025,1,2,6,Junho,2025-06,25,20,6,Sexta-feira,False,00f457e72510723407887e01fde9d4288a0588397f2591136af18f46bee53233,manual_run_1,2026-06-24 00:58:51.234
20250621,2025-06-21,2025,1,2,6,Junho,2025-06,25,21,7,Sábado,True,de00fd7fdac488fbe2a343dae44785b59e24f8b5816b1b250718348c722f14d5,manual_run_1,2026-06-24 00:58:51.234
20250622,2025-06-22,2025,1,2,6,Junho,2025-06,25,22,1,Domingo,True,2bbbf3b45bc4d8a2bbde199f5c60fe7bc2f2cc1b18787f280a6f19803c5e4b8a,manual_run_1,2026-06-24 00:58:51.234
20250623,2025-06-23,2025,1,2,6,Junho,2025-06,26,23,2,Segunda-feira,False,aea551dfae292977f1b09e85057584abb1aa38e13475a159b97f6c93d2c1ac29,manual_run_1,2026-06-24 00:58:51.234
20250624,2025-06-24,2025,1,2,6,Junho,2025-06,26,24,3,Terça-feira,False,730c8d3a17156623149bb3c85af1a07e74d1d934d0a912b02faade3b73296133,manual_run_1,2026-06-24 00:58:51.234
20250625,2025-06-25,2025,1,2,6,Junho,2025-06,26,25,4,Quarta-feira,False,3602c3476ce0e12a3cbb7c9b94718af04a3b0f31cf5182355487072489ca1c02,manual_run_1,2026-06-24 00:58:51.234
20250626,2025-06-26,2025,1,2,6,Junho,2025-06,26,26,5,Quinta-feira,False,9c75f2fb1d0018855b0014d7382878534ddee339c936cb88bc3849c6ec4b7906,manual_run_1,2026-06-24 00:58:51.234
20250627,2025-06-27,2025,1,2,6,Junho,2025-06,26,27,6,Sexta-feira,False,d1229ebaba26c3b50f6bd28c64e9b7a36f1987840eb134d77b4d99dc1b9e9a55,manual_run_1,2026-06-24 00:58:51.234
20250628,2025-06-28,2025,1,2,6,Junho,2025-06,26,28,7,Sábado,True,16081305a7ae3f23ddc07bc28e85a291a271f4ce2ac0741f499fae0ce676b048,manual_run_1,2026-06-24 00:58:51.234
20250629,2025-06-29,2025,1,2,6,Junho,2025-06,26,29,1,Domingo,True,987c3e5ddcde2b74c46b586be5fedcbf2b0f5071725dce4ed105e8e9d0dccfd2,manual_run_1,2026-06-24 00:58:51.234
20250630,2025-06-30,2025,1,2,6,Junho,2025-06,27,30,2,Segunda-feira,False,b749dc5da946d4e31b853774b5bd5fe6e3551bb5cb7be1658a70574b46486a2d,manual_run_1,2026-06-24 00:58:51.234
20250701,2025-07-01,2025,2,3,7,Julho,2025-07,27,1,3,Terça-feira,False,caeffed3edc62d276638921a98a85d7b7c01ec3be0e96a8689bcba799bd94007,manual_run_1,2026-06-24 00:58:51.234
20250702,2025-07-02,2025,2,3,7,Julho,2025-07,27,2,4,Quarta-feira,False,fa34b8d65d09d4dcda429fb6df818acb664cf362e2ac7706e8db3ad272d3e900,manual_run_1,2026-06-24 00:58:51.234
20250703,2025-07-03,2025,2,3,7,Julho,2025-07,27,3,5,Quinta-feira,False,8b3cc436e98573af602550925d2de96e517396b0a91ee8e753ff02351c13f122,manual_run_1,2026-06-24 00:58:51.234
20250704,2025-07-04,2025,2,3,7,Julho,2025-07,27,4,6,Sexta-feira,False,256f4b8f9f991e4221ed752ca07ed902af7b45dad15fa019c6e92c78f9eb2e75,manual_run_1,2026-06-24 00:58:51.234
20250705,2025-07-05,2025,2,3,7,Julho,2025-07,27,5,7,Sábado,True,dd39493c66991caf3835fc5489c98a376484b43b1a1c18c2732ed832e235693d,manual_run_1,2026-06-24 00:58:51.234
20250706,2025-07-06,2025,2,3,7,Julho,2025-07,27,6,1,Domingo,True,c2cdd2b1f8c7e2cc08d22c33f691dfd7784b95be11944c279cc5732e0935ba2f,manual_run_1,2026-06-24 00:58:51.234
20250707,2025-07-07,2025,2,3,7,Julho,2025-07,28,7,2,Segunda-feira,False,25288fcceca93f0e54d364fe737db0e684f309a3984596a509d9bad5e563ff7d,manual_run_1,2026-06-24 00:58:51.234
20250708,2025-07-08,2025,2,3,7,Julho,2025-07,28,8,3,Terça-feira,False,30d836c56ae5aa70d43b44635546af35507e80d891e58f66eb297f9a768a74e3,manual_run_1,2026-06-24 00:58:51.234
20250709,2025-07-09,2025,2,3,7,Julho,2025-07,28,9,4,Quarta-feira,False,303e9b8d65e412d8cfb332782a4b7b9baa571910eac484797a129fa6ea7c9487,manual_run_1,2026-06-24 00:58:51.234
20250710,2025-07-10,2025,2,3,7,Julho,2025-07,28,10,5,Quinta-feira,False,9c5096a2fbbe9a1c2f29c7decb737365f773e958f149ae5f69cb9c168e6c1f5f,manual_run_1,2026-06-24 00:58:51.234
20250711,2025-07-11,2025,2,3,7,Julho,2025-07,28,11,6,Sexta-feira,False,35e0bc0f55930dc14327238c31357f7f56c7913c212dd9d56fc46de1ffae89da,manual_run_1,2026-06-24 00:58:51.234
20250712,2025-07-12,2025,2,3,7,Julho,2025-07,28,12,7,Sábado,True,3d532e3da38f74ae05e4c375d993981c6c03a25fda347c4a83048803f71792e4,manual_run_1,2026-06-24 00:58:51.234
20250713,2025-07-13,2025,2,3,7,Julho,2025-07,28,13,1,Domingo,True,fee128aa5d7b2d1c94a5830f2f25d132e6a06b9b3fd049bda5bec7259afecb60,manual_run_1,2026-06-24 00:58:51.234
20250714,2025-07-14,2025,2,3,7,Julho,2025-07,29,14,2,Segunda-feira,False,151d1cd0bbd5ae35a2c870217f0c7ff087fb611af801d917396eb6d147cb27e7,manual_run_1,2026-06-24 00:58:51.234
20250715,2025-07-15,2025,2,3,7,Julho,2025-07,29,15,3,Terça-feira,False,f55850ceb1a025c65b35c8348dac2bafb7dafed647fca8c1bfb77784d3c46a97,manual_run_1,2026-06-24 00:58:51.234
20250716,2025-07-16,2025,2,3,7,Julho,2025-07,29,16,4,Quarta-feira,False,36e7d272557abf5ecf4850ad26ac2295644191b27523d6e0b67aaefb973363d2,manual_run_1,2026-06-24 00:58:51.234
20250717,2025-07-17,2025,2,3,7,Julho,2025-07,29,17,5,Quinta-feira,False,6e935047bc86f46950d18372f8bff81892a791442df0ec3ed162e2a9d31b82d9,manual_run_1,2026-06-24 00:58:51.234
20250718,2025-07-18,2025,2,3,7,Julho,2025-07,29,18,6,Sexta-feira,False,c8a62fdf9d2297551bcbe91c5a7d79b240d523e5da45776c193e2bc483705aa3,manual_run_1,2026-06-24 00:58:51.234
20250719,2025-07-19,2025,2,3,7,Julho,2025-07,29,19,7,Sábado,True,631334c002708e7b4a922f85f64d56fc9c35f8971b2dac7536bcd212e67f0784,manual_run_1,2026-06-24 00:58:51.234
20250720,2025-07-20,2025,2,3,7,Julho,2025-07,29,20,1,Domingo,True,73e43776c78d2991334e2f9ccf8b0bca1a4a0cd00d87af97b786e5c1df25abf3,manual_run_1,2026-06-24 00:58:51.234
20250721,2025-07-21,2025,2,3,7,Julho,2025-07,30,21,2,Segunda-feira,False,2b96b2284f6b9c79949c11075b17aee9a0efe4a302d59218e8398d868e9e2433,manual_run_1,2026-06-24 00:58:51.234
20250722,2025-07-22,2025,2,3,7,Julho,2025-07,30,22,3,Terça-feira,False,96cc26e43e3021a131b4923b2e89b3433022882b6161cb72f516560ced5c82dd,manual_run_1,2026-06-24 00:58:51.234
20250723,2025-07-23,2025,2,3,7,Julho,2025-07,30,23,4,Quarta-feira,False,9156b0fbd3c1530748dd4dbfed2cb76bbb6b66117a336bda369e3dc093e2957d,manual_run_1,2026-06-24 00:58:51.234
20250724,2025-07-24,2025,2,3,7,Julho,2025-07,30,24,5,Quinta-feira,False,1303c948a365cd3f360f430619ba657cce41aa61d0fd06b477e50221a92af385,manual_run_1,2026-06-24 00:58:51.234
20250725,2025-07-25,2025,2,3,7,Julho,2025-07,30,25,6,Sexta-feira,False,5613ac8cd76154d6034db63b9ffbb7a5ecc93c1d3e1c5a2829099b1d41d38049,manual_run_1,2026-06-24 00:58:51.234
20250726,2025-07-26,2025,2,3,7,Julho,2025-07,30,26,7,Sábado,True,f29d89332e0f63eef79f00198dcbe613931d6ad2db91dbe05593f4dafa75f657,manual_run_1,2026-06-24 00:58:51.234
20250727,2025-07-27,2025,2,3,7,Julho,2025-07,30,27,1,Domingo,True,53696793b03fbe3bb8db4f4ffaa9b611e86b20df6b2c438de514f0920f3346ee,manual_run_1,2026-06-24 00:58:51.234
20250728,2025-07-28,2025,2,3,7,Julho,2025-07,31,28,2,Segunda-feira,False,6df70d36a23a7950d1cb52137573f228527bcee5a4c5f4d8995c97fa1c6be49c,manual_run_1,2026-06-24 00:58:51.234
20250729,2025-07-29,2025,2,3,7,Julho,2025-07,31,29,3,Terça-feira,False,6dce8e111ecb1101b0568dc2da87d253c866f0b6205cb465409c1a6407e36383,manual_run_1,2026-06-24 00:58:51.234
20250730,2025-07-30,2025,2,3,7,Julho,2025-07,31,30,4,Quarta-feira,False,6f11259ac4ad385861c774301853008fbda3347836767793c3c404bb0bfe4f56,manual_run_1,2026-06-24 00:58:51.234
20250731,2025-07-31,2025,2,3,7,Julho,2025-07,31,31,5,Quinta-feira,False,d0ca257fc108d975e931b5e67093361bb7c9ac2dfbd5b851262cd7373caf61b7,manual_run_1,2026-06-24 00:58:51.234
20250801,2025-08-01,2025,2,3,8,Agosto,2025-08,31,1,6,Sexta-feira,False,ec6b2b43af4e7444418ad0dbbb88ff606581ac1c636f78cb1ce176194f19f4a3,manual_run_1,2026-06-24 00:58:51.234
20250802,2025-08-02,2025,2,3,8,Agosto,2025-08,31,2,7,Sábado,True,4827caf1797d5c41e3316e4a75f697c3985839ea02c8973254dda8fc0668e301,manual_run_1,2026-06-24 00:58:51.234
20250803,2025-08-03,2025,2,3,8,Agosto,2025-08,31,3,1,Domingo,True,bfe35f46ac9d94d1e270ad0c69759581d7642e0e8c4c779ab9b64e98387798f9,manual_run_1,2026-06-24 00:58:51.234
20250804,2025-08-04,2025,2,3,8,Agosto,2025-08,32,4,2,Segunda-feira,False,676d833c619f5f3f4ed89f865e44a68b40703b63368c6126b6f5530e2ca77504,manual_run_1,2026-06-24 00:58:51.234
20250805,2025-08-05,2025,2,3,8,Agosto,2025-08,32,5,3,Terça-feira,False,31f7aff9ab33c6d485491f9145dc141b6dd291a24fb7bb10ce13e6642e39b752,manual_run_1,2026-06-24 00:58:51.234
20250806,2025-08-06,2025,2,3,8,Agosto,2025-08,32,6,4,Quarta-feira,False,da12e0053676f761b3f296e4124d765fd7b8d1711f0092999830516d52b52505,manual_run_1,2026-06-24 00:58:51.234
20250807,2025-08-07,2025,2,3,8,Agosto,2025-08,32,7,5,Quinta-feira,False,f2ceea31654a1e6e9c64c7c5bdf36df3dc7cf7436995d558bc83ec8a807b42d2,manual_run_1,2026-06-24 00:58:51.234
20250808,2025-08-08,2025,2,3,8,Agosto,2025-08,32,8,6,Sexta-feira,False,57a2a10e7b05b4c0af1177d8c1bf364fed15579e6737d28a2eabc8f6aca36bf7,manual_run_1,2026-06-24 00:58:51.234
20250809,2025-08-09,2025,2,3,8,Agosto,2025-08,32,9,7,Sábado,True,daff7f781f9603c35980d99e1a4354716e60d1645c03f55b5184d56975f8aefc,manual_run_1,2026-06-24 00:58:51.234
20250810,2025-08-10,2025,2,3,8,Agosto,2025-08,32,10,1,Domingo,True,5ab33f860cb6e6e88ddee7e600e793a98c9147f85a115178976a9ccd42f3dcff,manual_run_1,2026-06-24 00:58:51.234
20250811,2025-08-11,2025,2,3,8,Agosto,2025-08,33,11,2,Segunda-feira,False,0dd3649631906bd335dcc197a529149cafc6e55ca8cd7577794b19ab33dd5cc1,manual_run_1,2026-06-24 00:58:51.234
20250812,2025-08-12,2025,2,3,8,Agosto,2025-08,33,12,3,Terça-feira,False,259bc4d370016859a2498e0776c30a643be09a539bf793f4b45cd384e76e5979,manual_run_1,2026-06-24 00:58:51.234
20250813,2025-08-13,2025,2,3,8,Agosto,2025-08,33,13,4,Quarta-feira,False,2bbcc8e960e418d9b36ac6bd460a9eea2117003f9abe90e004003febaf077b0e,manual_run_1,2026-06-24 00:58:51.234
20250814,2025-08-14,2025,2,3,8,Agosto,2025-08,33,14,5,Quinta-feira,False,710df565e6ca959071fb3f9138ea7a382962d36d28e3e82a6bc2c3073ced7961,manual_run_1,2026-06-24 00:58:51.234
20250815,2025-08-15,2025,2,3,8,Agosto,2025-08,33,15,6,Sexta-feira,False,add762de15063b3570f9541f9266094850cf12a4e6259d2f2d358d8070a55fa8,manual_run_1,2026-06-24 00:58:51.234
20250816,2025-08-16,2025,2,3,8,Agosto,2025-08,33,16,7,Sábado,True,dba7d582b9e9c9156bc609d9f58ae2093fb3197284c1cb179f17f6affb9dde86,manual_run_1,2026-06-24 00:58:51.234
20250817,2025-08-17,2025,2,3,8,Agosto,2025-08,33,17,1,Domingo,True,c040f5268d2e5e55efa08f086f44a757ddc171d19e68a1404816731cd56fe619,manual_run_1,2026-06-24 00:58:51.234
20250818,2025-08-18,2025,2,3,8,Agosto,2025-08,34,18,2,Segunda-feira,False,03e679643f1c5486b7bc37a0b69d3d60237bfb40e6d114b3109897da6f965f9c,manual_run_1,2026-06-24 00:58:51.234
20250819,2025-08-19,2025,2,3,8,Agosto,2025-08,34,19,3,Terça-feira,False,d147f3e843b78034c3627b785f987f8e2c01aa0adda8b8203b6b183e8cca82c6,manual_run_1,2026-06-24 00:58:51.234
20250820,2025-08-20,2025,2,3,8,Agosto,2025-08,34,20,4,Quarta-feira,False,0e45127d499186475fe7d0fd0f4e744a9674a70740fe44ff9c9118cd20894176,manual_run_1,2026-06-24 00:58:51.234
20250821,2025-08-21,2025,2,3,8,Agosto,2025-08,34,21,5,Quinta-feira,False,c209fb1dc14a40e7ee289aa49733932b4a5771fed800c3b0996bdf890fbd72dd,manual_run_1,2026-06-24 00:58:51.234
20250822,2025-08-22,2025,2,3,8,Agosto,2025-08,34,22,6,Sexta-feira,False,5e921896046ede430ad661748097210e7b3adfe4d957fd421ccaaf8e8ea2b90f,manual_run_1,2026-06-24 00:58:51.234
20250823,2025-08-23,2025,2,3,8,Agosto,2025-08,34,23,7,Sábado,True,52863c08cc3f7e844f18937e7a7c330616acee600aa5330c6f4f18c3b3655289,manual_run_1,2026-06-24 00:58:51.234
20250824,2025-08-24,2025,2,3,8,Agosto,2025-08,34,24,1,Domingo,True,2b52427156d60df4f217fb793a9e6008744ae19af01d05df1da3e27cc4477422,manual_run_1,2026-06-24 00:58:51.234
20250825,2025-08-25,2025,2,3,8,Agosto,2025-08,35,25,2,Segunda-feira,False,08cc4dde05fb9fab5fff1d79d31fec79b425d9a013678b377031d127113153a6,manual_run_1,2026-06-24 00:58:51.234
20250826,2025-08-26,2025,2,3,8,Agosto,2025-08,35,26,3,Terça-feira,False,bb85dea6e2bb27163c25ef7917a59a392f336b2c9a21233bd6ec4f7c9927ac1d,manual_run_1,2026-06-24 00:58:51.234
20250827,2025-08-27,2025,2,3,8,Agosto,2025-08,35,27,4,Quarta-feira,False,33f9877f650569554777f4ce99fd5e695f93a16162ebcef60962bf8b07f72f37,manual_run_1,2026-06-24 00:58:51.234
20250828,2025-08-28,2025,2,3,8,Agosto,2025-08,35,28,5,Quinta-feira,False,48da590754b519628c0223594f0ad505f94e43d1245a105f8531357dba543754,manual_run_1,2026-06-24 00:58:51.234
20250829,2025-08-29,2025,2,3,8,Agosto,2025-08,35,29,6,Sexta-feira,False,5ad5c9019b7b889c92207e55fcb544e403212361020bded3a88ec08e42b77596,manual_run_1,2026-06-24 00:58:51.234
20250830,2025-08-30,2025,2,3,8,Agosto,2025-08,35,30,7,Sábado,True,af0e573fad3300ce7926968f8713722a72f4fc949e64708807a45e0469097e72,manual_run_1,2026-06-24 00:58:51.234
20250831,2025-08-31,2025,2,3,8,Agosto,2025-08,35,31,1,Domingo,True,efcdbe479a398d4b691ae10d43f31ca357b15f1e50e4fc832c4c5cf943e7e844,manual_run_1,2026-06-24 00:58:51.234
20250901,2025-09-01,2025,2,3,9,Setembro,2025-09,36,1,2,Segunda-feira,False,0a468e1ac0130d28fd89cca03bd50c3d8f58abf5a42dbf5f3eed74090d79eaa7,manual_run_1,2026-06-24 00:58:51.234
20250902,2025-09-02,2025,2,3,9,Setembro,2025-09,36,2,3,Terça-feira,False,1a1089f48c378682bda523ccaadca9b193430d1aceb07c3eaa05a593f042185c,manual_run_1,2026-06-24 00:58:51.234
20250903,2025-09-03,2025,2,3,9,Setembro,2025-09,36,3,4,Quarta-feira,False,0d4de34c72a0e263a26b633f09b6e26eec9e0290a4065423312269f0417f162f,manual_run_1,2026-06-24 00:58:51.234
20250904,2025-09-04,2025,2,3,9,Setembro,2025-09,36,4,5,Quinta-feira,False,181ead430e71a8c203c3ccd753ab37920bd366be65705000f89cce549f695ea2,manual_run_1,2026-06-24 00:58:51.234
20250905,2025-09-05,2025,2,3,9,Setembro,2025-09,36,5,6,Sexta-feira,False,11518a7d8d0e57c99922110af476f25ebe9c92410c954b3e988ef1fb0f81aec4,manual_run_1,2026-06-24 00:58:51.234
20250906,2025-09-06,2025,2,3,9,Setembro,2025-09,36,6,7,Sábado,True,0c79b9497293157cc11d8e7291f3b80a9e2b628ae86bef2d953a367c5fd0df8b,manual_run_1,2026-06-24 00:58:51.234
20250907,2025-09-07,2025,2,3,9,Setembro,2025-09,36,7,1,Domingo,True,5462cdc2493b5a7f13b1e8a0fb20c566e7cf9f40c98c61508b2d6132687c522e,manual_run_1,2026-06-24 00:58:51.234
20250908,2025-09-08,2025,2,3,9,Setembro,2025-09,37,8,2,Segunda-feira,False,01be263d9a00099c8b590bc59459b31385d4ca6b88be17063fbadbf421cf0c2c,manual_run_1,2026-06-24 00:58:51.234
20250909,2025-09-09,2025,2,3,9,Setembro,2025-09,37,9,3,Terça-feira,False,76b409dce4e77594d50ee75c7d9e61c630a872c1ddc7a902b016ab8199a6b452,manual_run_1,2026-06-24 00:58:51.234
20250910,2025-09-10,2025,2,3,9,Setembro,2025-09,37,10,4,Quarta-feira,False,144b363541768c12a611a4e0393e38dae4b2d085bdc1c4d20bb973c0191c477d,manual_run_1,2026-06-24 00:58:51.234
20250911,2025-09-11,2025,2,3,9,Setembro,2025-09,37,11,5,Quinta-feira,False,2a08927e9424ab3854e9eeed5c56dbdf5870c0cb7a1e0fef58c1f49bbd4a7087,manual_run_1,2026-06-24 00:58:51.234
20250912,2025-09-12,2025,2,3,9,Setembro,2025-09,37,12,6,Sexta-feira,False,0fd94ccb1f5322c036c5e822df37e42e47e26d48345fdd8edbfb17d9fd7550ff,manual_run_1,2026-06-24 00:58:51.234
20250913,2025-09-13,2025,2,3,9,Setembro,2025-09,37,13,7,Sábado,True,b643058701fba92c5f9cd23544be22961417ba961b7f5a46cf334a0be108c25a,manual_run_1,2026-06-24 00:58:51.234
20250914,2025-09-14,2025,2,3,9,Setembro,2025-09,37,14,1,Domingo,True,0d06eaddca095ce0339ca811c299c76b6e0fbdca8198ffdcf8f5fd4c2faab3eb,manual_run_1,2026-06-24 00:58:51.234
20250915,2025-09-15,2025,2,3,9,Setembro,2025-09,38,15,2,Segunda-feira,False,ebd212cfef07980b91f0096f0ed7c7e21b28d2b63ba7639f61cf247182476bc6,manual_run_1,2026-06-24 00:58:51.234
20250916,2025-09-16,2025,2,3,9,Setembro,2025-09,38,16,3,Terça-feira,False,8e48ea2a87a921b3520fcbae38b14b85ed38074b46433cdf6714dfa3edf57d7e,manual_run_1,2026-06-24 00:58:51.234
20250917,2025-09-17,2025,2,3,9,Setembro,2025-09,38,17,4,Quarta-feira,False,70861aeb043e0581e4d95e12a3b0c9138ef572786f95f2f65811336c7704e4f5,manual_run_1,2026-06-24 00:58:51.234
20250918,2025-09-18,2025,2,3,9,Setembro,2025-09,38,18,5,Quinta-feira,False,e8c0ce46691b35883968dcff63bd4cd1a5fc91eedf973e895ef32a8d21d17c00,manual_run_1,2026-06-24 00:58:51.234
20250919,2025-09-19,2025,2,3,9,Setembro,2025-09,38,19,6,Sexta-feira,False,d7ffd892a0eaf5a4718719449b6408aca5469b62c7cc1d9296f6db7c8ecb167a,manual_run_1,2026-06-24 00:58:51.234
20250920,2025-09-20,2025,2,3,9,Setembro,2025-09,38,20,7,Sábado,True,af026374a8d80e6f55fc8bee8cddb787d1846280a37e289a8f8c5c32074112fa,manual_run_1,2026-06-24 00:58:51.234
20250921,2025-09-21,2025,2,3,9,Setembro,2025-09,38,21,1,Domingo,True,0d0b0e3b3eda95d37c5add73a36dc562b24762edf682e06a013fc9a5cb93357f,manual_run_1,2026-06-24 00:58:51.234
20250922,2025-09-22,2025,2,3,9,Setembro,2025-09,39,22,2,Segunda-feira,False,3fc58eaf63c7d56fccb1c2bf811664fd0a50dc1f66895913aff1b6a22bffaa69,manual_run_1,2026-06-24 00:58:51.234
20250923,2025-09-23,2025,2,3,9,Setembro,2025-09,39,23,3,Terça-feira,False,9fb10c99e7845723c578a640554809537592ed484573c81314b803dacd822b89,manual_run_1,2026-06-24 00:58:51.234
20250924,2025-09-24,2025,2,3,9,Setembro,2025-09,39,24,4,Quarta-feira,False,8c597327f92c8e72c7b1a74cf879f297ae4754696f5cf9bd1f239117ade73ea3,manual_run_1,2026-06-24 00:58:51.234
20250925,2025-09-25,2025,2,3,9,Setembro,2025-09,39,25,5,Quinta-feira,False,c1c891d0c78a5f735b7a3df71b5d05f09d591fc7771ad6584b2a2293047f7fda,manual_run_1,2026-06-24 00:58:51.234
20250926,2025-09-26,2025,2,3,9,Setembro,2025-09,39,26,6,Sexta-feira,False,e3e7be687dc95fe674d840bc3b0f6f1a47ef77ca9539b9b0bacc0759042b7bde,manual_run_1,2026-06-24 00:58:51.234
20250927,2025-09-27,2025,2,3,9,Setembro,2025-09,39,27,7,Sábado,True,a9c6c85f5cbe7294b88031726e6362a1837455b9dec92c0194cd43bc9e3fde6c,manual_run_1,2026-06-24 00:58:51.234
20250928,2025-09-28,2025,2,3,9,Setembro,2025-09,39,28,1,Domingo,True,edeb56e4947e00a8c9414e911235976a74bafe07e4b860b5c5cfb82aac1f0d6a,manual_run_1,2026-06-24 00:58:51.234
20250929,2025-09-29,2025,2,3,9,Setembro,2025-09,40,29,2,Segunda-feira,False,c52ecc34a5902795d388f84c07a922cda2765d07046f1ff6baf476b42550381a,manual_run_1,2026-06-24 00:58:51.234
20250930,2025-09-30,2025,2,3,9,Setembro,2025-09,40,30,3,Terça-feira,False,c61749c3002b894315f44a2afd90141a1d88720d1bde8a62866ae049332a58a7,manual_run_1,2026-06-24 00:58:51.234
20251001,2025-10-01,2025,2,4,10,Outubro,2025-10,40,1,4,Quarta-feira,False,c5fbb782bc7b5c8d4e5c903ea31dd2b5597476186bc64f1a278c49b51e113124,manual_run_1,2026-06-24 00:58:51.234
20251002,2025-10-02,2025,2,4,10,Outubro,2025-10,40,2,5,Quinta-feira,False,2fbe07c449dbf68185e9c816e7bf659986b782f434004fbc72cccb8484630104,manual_run_1,2026-06-24 00:58:51.234
20251003,2025-10-03,2025,2,4,10,Outubro,2025-10,40,3,6,Sexta-feira,False,0b37e71355b80295f13919cbe55ead1ceac9d686de7ef536a2d8b681d7f50625,manual_run_1,2026-06-24 00:58:51.234
20251004,2025-10-04,2025,2,4,10,Outubro,2025-10,40,4,7,Sábado,True,3287be2098f8024a0fdf322f98180ffc62bd5a8de39b8fa495335e24a7c743a6,manual_run_1,2026-06-24 00:58:51.234
20251005,2025-10-05,2025,2,4,10,Outubro,2025-10,40,5,1,Domingo,True,c7fca0dead85f76e07161f26385e740825b03e3a660402b73108504177c873fc,manual_run_1,2026-06-24 00:58:51.234
20251006,2025-10-06,2025,2,4,10,Outubro,2025-10,41,6,2,Segunda-feira,False,c8255ff2c1977ca13f127ee5f02995fdb4b1af209c4495a4c4bdf0126f6ad636,manual_run_1,2026-06-24 00:58:51.234
20251007,2025-10-07,2025,2,4,10,Outubro,2025-10,41,7,3,Terça-feira,False,03f6d68c5e8445eeb3fa4c2780c48838042b5592856817b77d19fdb9a12a5422,manual_run_1,2026-06-24 00:58:51.234
20251008,2025-10-08,2025,2,4,10,Outubro,2025-10,41,8,4,Quarta-feira,False,0fdcbb2eaa3805c3d4ae015937c597831b48fafcfe01c44a6e0160627d19db51,manual_run_1,2026-06-24 00:58:51.234
20251009,2025-10-09,2025,2,4,10,Outubro,2025-10,41,9,5,Quinta-feira,False,aa6152509af59424d4df894114f5e10c4a1c134d44e846b134746b729fa9923e,manual_run_1,2026-06-24 00:58:51.234
20251010,2025-10-10,2025,2,4,10,Outubro,2025-10,41,10,6,Sexta-feira,False,a729d0715cb772c499241561ed21713516fcbdba8a56d4c566fd41483419f5e0,manual_run_1,2026-06-24 00:58:51.234
20251011,2025-10-11,2025,2,4,10,Outubro,2025-10,41,11,7,Sábado,True,ffe05d66d25e049fb5d960d5ca6fab936a55abe34664c72fb84d2198926cd030,manual_run_1,2026-06-24 00:58:51.234
20251012,2025-10-12,2025,2,4,10,Outubro,2025-10,41,12,1,Domingo,True,7384a3138b2f8dd81e7fd0dba33c09743c0b6318abd3c10c64593b9bfe14e361,manual_run_1,2026-06-24 00:58:51.234
20251013,2025-10-13,2025,2,4,10,Outubro,2025-10,42,13,2,Segunda-feira,False,14c7891883bb66988e79e3ca2f7d0d36da75eb13b6244585162b6bf7f457c931,manual_run_1,2026-06-24 00:58:51.234
20251014,2025-10-14,2025,2,4,10,Outubro,2025-10,42,14,3,Terça-feira,False,3f6936b237e136acca2647668ee9c93f6bf116342c78859c34f757cea89a4254,manual_run_1,2026-06-24 00:58:51.234
20251015,2025-10-15,2025,2,4,10,Outubro,2025-10,42,15,4,Quarta-feira,False,770a4356b8b896b2a4a105bface47e9d2d8b79191508ef3ed50b56497ebf495a,manual_run_1,2026-06-24 00:58:51.234
20251016,2025-10-16,2025,2,4,10,Outubro,2025-10,42,16,5,Quinta-feira,False,8faf4890898a199b15e992477602c1bef5d0e0c58bd4466a0a0ed6fc2b676f3b,manual_run_1,2026-06-24 00:58:51.234
20251017,2025-10-17,2025,2,4,10,Outubro,2025-10,42,17,6,Sexta-feira,False,6918c730819694f303048428ca12e51609ee61d1ab65e92140a94147463fff56,manual_run_1,2026-06-24 00:58:51.234
20251018,2025-10-18,2025,2,4,10,Outubro,2025-10,42,18,7,Sábado,True,86dddca18b391d6472f2c326a0244e502e7bdd333fb1161b9b6650da53ffa2d6,manual_run_1,2026-06-24 00:58:51.234
20251019,2025-10-19,2025,2,4,10,Outubro,2025-10,42,19,1,Domingo,True,d8789d2034f0eedade77d747aa0672c07f354d33baaf744f77448521a09722e6,manual_run_1,2026-06-24 00:58:51.234
20251020,2025-10-20,2025,2,4,10,Outubro,2025-10,43,20,2,Segunda-feira,False,394d4fbe2a810e5a435821d5b706fa2855852acce8601747d2f50faa63628576,manual_run_1,2026-06-24 00:58:51.234
20251021,2025-10-21,2025,2,4,10,Outubro,2025-10,43,21,3,Terça-feira,False,5a1b6741096daec940bea5b9c7210f165cda40120edb1ee997a50a7008501e5e,manual_run_1,2026-06-24 00:58:51.234
20251022,2025-10-22,2025,2,4,10,Outubro,2025-10,43,22,4,Quarta-feira,False,3295697c14bbd12db244542a4eb9d9f5be9819bf05bcf65b89543b29e21821c3,manual_run_1,2026-06-24 00:58:51.234
20251023,2025-10-23,2025,2,4,10,Outubro,2025-10,43,23,5,Quinta-feira,False,a3518912739e946cf377b1b00841a0f97720e7a3fe9c6caab1ece870f67c9fe5,manual_run_1,2026-06-24 00:58:51.234
20251024,2025-10-24,2025,2,4,10,Outubro,2025-10,43,24,6,Sexta-feira,False,501b9eb5574d29da63f71d5dd1216eb58f177ca6fb2916edeb195ebf3ce16a96,manual_run_1,2026-06-24 00:58:51.234
20251025,2025-10-25,2025,2,4,10,Outubro,2025-10,43,25,7,Sábado,True,e6dc50e3fbe8615d780468ca206788d1f1eb029b032501c0378c7912c04c0ac9,manual_run_1,2026-06-24 00:58:51.234
20251026,2025-10-26,2025,2,4,10,Outubro,2025-10,43,26,1,Domingo,True,1bc3e68c039f799d67384a7247eb42e863e02dacb6dac00aff1da029b00490f3,manual_run_1,2026-06-24 00:58:51.234
20251027,2025-10-27,2025,2,4,10,Outubro,2025-10,44,27,2,Segunda-feira,False,0eb7e306e7fa3035955506a4fa7635c1f8316dfc378e8a9d7ebbd78f94ff513f,manual_run_1,2026-06-24 00:58:51.234
20251028,2025-10-28,2025,2,4,10,Outubro,2025-10,44,28,3,Terça-feira,False,b97fba50b300caab8d5a0338d6fb743a85c79aa85e1dec959162f2aa79638271,manual_run_1,2026-06-24 00:58:51.234
20251029,2025-10-29,2025,2,4,10,Outubro,2025-10,44,29,4,Quarta-feira,False,c3deb74b156136b1dbf7d06c034021e56a8ab81a4121857fe6d06debf93491b4,manual_run_1,2026-06-24 00:58:51.234
20251030,2025-10-30,2025,2,4,10,Outubro,2025-10,44,30,5,Quinta-feira,False,2b2c1cbd504c3b2c74b88a72344d98d9b4c2bbeea4b6dc9e5970d20ae5836c48,manual_run_1,2026-06-24 00:58:51.234
20251031,2025-10-31,2025,2,4,10,Outubro,2025-10,44,31,6,Sexta-feira,False,aa893d738bd19c389e0130bc460b402205310f926cdd87f06f9ca71bbc80dd83,manual_run_1,2026-06-24 00:58:51.234
20251101,2025-11-01,2025,2,4,11,Novembro,2025-11,44,1,7,Sábado,True,fbd6923d464ce77a639d1016f97f2f68d10248a036351a37a53e4a6974f424ea,manual_run_1,2026-06-24 00:58:51.234
20251102,2025-11-02,2025,2,4,11,Novembro,2025-11,44,2,1,Domingo,True,6072f3abdfecbd40bfb5ff13f568521c871a72edfda3b312d42be8e0e7814e0b,manual_run_1,2026-06-24 00:58:51.234
20251103,2025-11-03,2025,2,4,11,Novembro,2025-11,45,3,2,Segunda-feira,False,f0635ccd0e8857193a00101d119e60db580b187a5b8f86881ba9441e8fab3ee8,manual_run_1,2026-06-24 00:58:51.234
20251104,2025-11-04,2025,2,4,11,Novembro,2025-11,45,4,3,Terça-feira,False,3612f638af2f8ec04c0adc83228fd7382e3aa088b95966943b0e433b652fa0f5,manual_run_1,2026-06-24 00:58:51.234
20251105,2025-11-05,2025,2,4,11,Novembro,2025-11,45,5,4,Quarta-feira,False,a51673919fae411d0a733ef464565d5cfd57c7869efb53fde740bf0334047378,manual_run_1,2026-06-24 00:58:51.234
20251106,2025-11-06,2025,2,4,11,Novembro,2025-11,45,6,5,Quinta-feira,False,e57be63c0d0616248a5a7a4441dda3da18a6b16d7426c7d19bb51084cd8e6723,manual_run_1,2026-06-24 00:58:51.234
20251107,2025-11-07,2025,2,4,11,Novembro,2025-11,45,7,6,Sexta-feira,False,082cde879eb353f4238e5afe8c0f4f0af44c36b6b4c320eedb2a04c70359b1c9,manual_run_1,2026-06-24 00:58:51.234
20251108,2025-11-08,2025,2,4,11,Novembro,2025-11,45,8,7,Sábado,True,1c24134fb9de50016e2496e21016ff723edb5d940a03a27f80ac0fccfb1f03dd,manual_run_1,2026-06-24 00:58:51.234
20251109,2025-11-09,2025,2,4,11,Novembro,2025-11,45,9,1,Domingo,True,db4cf578667b93d392ab445de602edc7b0e06bc534d3bdfec1561e6c6c5a80bf,manual_run_1,2026-06-24 00:58:51.234
20251110,2025-11-10,2025,2,4,11,Novembro,2025-11,46,10,2,Segunda-feira,False,6fb7ca4dfefe4bcd338acf2cd87f967893b18d799f412286afe7254559673a26,manual_run_1,2026-06-24 00:58:51.234
20251111,2025-11-11,2025,2,4,11,Novembro,2025-11,46,11,3,Terça-feira,False,3f4fe8677d4b0604ad5943166d724539d96081c69a4b88da99a050287e21ac8c,manual_run_1,2026-06-24 00:58:51.234
20251112,2025-11-12,2025,2,4,11,Novembro,2025-11,46,12,4,Quarta-feira,False,43751f9aaa6841e8796d8d1b64eca525bf40a3a7138dba538d7e7ab15bad6e6e,manual_run_1,2026-06-24 00:58:51.234
20251113,2025-11-13,2025,2,4,11,Novembro,2025-11,46,13,5,Quinta-feira,False,f69a1cc9463fbe4c19eba9eb0f21dbfef141734c1281eb3628468bc379d4d977,manual_run_1,2026-06-24 00:58:51.234
20251114,2025-11-14,2025,2,4,11,Novembro,2025-11,46,14,6,Sexta-feira,False,982b6cb498f09d4f0c7c6b7772c52de1c3ad029ee3b561b2025f4eefb758bf0a,manual_run_1,2026-06-24 00:58:51.234
20251115,2025-11-15,2025,2,4,11,Novembro,2025-11,46,15,7,Sábado,True,5414dd2d4a2811b7d23671fee2eef5963b62848884811efa73f19568052b5ef4,manual_run_1,2026-06-24 00:58:51.234
20251116,2025-11-16,2025,2,4,11,Novembro,2025-11,46,16,1,Domingo,True,613f562557a5ee5c7d0820805e3e3489c8194346f085ca896617b5a1cb90277b,manual_run_1,2026-06-24 00:58:51.234
20251117,2025-11-17,2025,2,4,11,Novembro,2025-11,47,17,2,Segunda-feira,False,8cfe86e2ace69978e01d78836d44f05f4d9e5eee382526f953986b640e6ac320,manual_run_1,2026-06-24 00:58:51.234
20251118,2025-11-18,2025,2,4,11,Novembro,2025-11,47,18,3,Terça-feira,False,519b5c045e8cb65102ba5f19a6fd3cc0eaa1e1ca25f4dfd52dd5512a82b20266,manual_run_1,2026-06-24 00:58:51.234
20251119,2025-11-19,2025,2,4,11,Novembro,2025-11,47,19,4,Quarta-feira,False,9983f4794573f7259f7d056f531773855df056ecd8911a8c346661de7bea4823,manual_run_1,2026-06-24 00:58:51.234
20251120,2025-11-20,2025,2,4,11,Novembro,2025-11,47,20,5,Quinta-feira,False,296fd00850c90eecfbe872c555da0894a123e2eef61e41d53b9e3ec9b1b08681,manual_run_1,2026-06-24 00:58:51.234
20251121,2025-11-21,2025,2,4,11,Novembro,2025-11,47,21,6,Sexta-feira,False,04ccf28ca6e9c20211ef31260635b34094da03686d84c2d845948c1416db2b5c,manual_run_1,2026-06-24 00:58:51.234
20251122,2025-11-22,2025,2,4,11,Novembro,2025-11,47,22,7,Sábado,True,1938a62468e78cf1516c57a30bde6a6d755d25af889fda957dbfe0f53984d7f3,manual_run_1,2026-06-24 00:58:51.234
20251123,2025-11-23,2025,2,4,11,Novembro,2025-11,47,23,1,Domingo,True,464bd65e7952745311eff96109e519be1a89485797058089746c9f5f8c984ff3,manual_run_1,2026-06-24 00:58:51.234
20251124,2025-11-24,2025,2,4,11,Novembro,2025-11,48,24,2,Segunda-feira,False,8257a471ef851493ccdb1a826b257705ddf07fff49e5557f3d4442747494fc10,manual_run_1,2026-06-24 00:58:51.234
20251125,2025-11-25,2025,2,4,11,Novembro,2025-11,48,25,3,Terça-feira,False,415f20a9dc8368b617cbc08b5462f1026a633c7040931032cc9e20a21054ea15,manual_run_1,2026-06-24 00:58:51.234
20251126,2025-11-26,2025,2,4,11,Novembro,2025-11,48,26,4,Quarta-feira,False,57ede03fe5fa15afb49df34364210ead4370e72eaeebe37a55d5ebc93394668d,manual_run_1,2026-06-24 00:58:51.234
20251127,2025-11-27,2025,2,4,11,Novembro,2025-11,48,27,5,Quinta-feira,False,dd2a1579fd90713a5d74d26eaecbe446efaf3af356030e4e4971ab7c11eb1a6f,manual_run_1,2026-06-24 00:58:51.234
20251128,2025-11-28,2025,2,4,11,Novembro,2025-11,48,28,6,Sexta-feira,False,1a6d90d201e579553d3a3268df7d3d92f04c359f26a2f0f106bbf1215b80aec4,manual_run_1,2026-06-24 00:58:51.234
20251129,2025-11-29,2025,2,4,11,Novembro,2025-11,48,29,7,Sábado,True,d0ff142bb131da147529ff54c63bf0611d45a1299fd23c6c3b245e97adc3c19f,manual_run_1,2026-06-24 00:58:51.234
20251130,2025-11-30,2025,2,4,11,Novembro,2025-11,48,30,1,Domingo,True,c9b11ebab7015c25f1c483265330d8e47cd8b2adc8e47a497d63a7a53f17a993,manual_run_1,2026-06-24 00:58:51.234
20251201,2025-12-01,2025,2,4,12,Dezembro,2025-12,49,1,2,Segunda-feira,False,0086e1ee2a89d981f87341c938bad5e5c321bed4569eac360c34a4e42930e1ce,manual_run_1,2026-06-24 00:58:51.234
20251202,2025-12-02,2025,2,4,12,Dezembro,2025-12,49,2,3,Terça-feira,False,b1087bb5c72311f5db336a33e61ce6ef1e1761616ae29ec5ce327d37d0b17fb1,manual_run_1,2026-06-24 00:58:51.234
20251203,2025-12-03,2025,2,4,12,Dezembro,2025-12,49,3,4,Quarta-feira,False,47b0a4bbdeb091ab2087efbc06367de3194e91f9c51d35592dcc6e1edab1bcbe,manual_run_1,2026-06-24 00:58:51.234
20251204,2025-12-04,2025,2,4,12,Dezembro,2025-12,49,4,5,Quinta-feira,False,964e20849d8f98c23b0571b934e5b890c23017350238a4c6fd6403921d4cd6fd,manual_run_1,2026-06-24 00:58:51.234
20251205,2025-12-05,2025,2,4,12,Dezembro,2025-12,49,5,6,Sexta-feira,False,d821aa1d758390ad7964377dcb1ba76864fb4e82b63e65e9345a4374f49e8c18,manual_run_1,2026-06-24 00:58:51.234
20251206,2025-12-06,2025,2,4,12,Dezembro,2025-12,49,6,7,Sábado,True,5d8566ccbe49583c268a493b42b9ed5fc2d7bc74d5c89ad9d7a0413db4b86b8e,manual_run_1,2026-06-24 00:58:51.234
20251207,2025-12-07,2025,2,4,12,Dezembro,2025-12,49,7,1,Domingo,True,3b7d3a3b344f0edfae41de9baee42c0d5734542b8c1d71666ad121a56d8d9ca6,manual_run_1,2026-06-24 00:58:51.234
20251208,2025-12-08,2025,2,4,12,Dezembro,2025-12,50,8,2,Segunda-feira,False,c473f87bf3d730964251b3cf5fba68a7552f234a17034968c1e9678019f06903,manual_run_1,2026-06-24 00:58:51.234
20251209,2025-12-09,2025,2,4,12,Dezembro,2025-12,50,9,3,Terça-feira,False,462bbcb07b0b43697da8ced8a9f95517577845462bc59a2599e2d7d33db5251e,manual_run_1,2026-06-24 00:58:51.234
20251210,2025-12-10,2025,2,4,12,Dezembro,2025-12,50,10,4,Quarta-feira,False,01afbc77bb698bb6ab6b06f429d3833be92ced0931ccd414d2b9edcb308f5e9c,manual_run_1,2026-06-24 00:58:51.234
20251211,2025-12-11,2025,2,4,12,Dezembro,2025-12,50,11,5,Quinta-feira,False,e952cb763ed3a6c067cf53028b48b53859baa0691698c3c2b34ba47bde731edc,manual_run_1,2026-06-24 00:58:51.234
20251212,2025-12-12,2025,2,4,12,Dezembro,2025-12,50,12,6,Sexta-feira,False,b7f33771bd3e4e7a0d73ddfbc1e5face7d17abcc4dd89e17ca1ab99445838a35,manual_run_1,2026-06-24 00:58:51.234
20251213,2025-12-13,2025,2,4,12,Dezembro,2025-12,50,13,7,Sábado,True,c09f839b9dcbdae4d64c4db3863f9929767e9d654505f5bd5df2740598e5a56c,manual_run_1,2026-06-24 00:58:51.234
20251214,2025-12-14,2025,2,4,12,Dezembro,2025-12,50,14,1,Domingo,True,fa02cb6229d990b75976575f01c9933439a92221fc22e2b0842a00f69a4247a6,manual_run_1,2026-06-24 00:58:51.234
20251215,2025-12-15,2025,2,4,12,Dezembro,2025-12,51,15,2,Segunda-feira,False,2abdf845b481b215b5118123b73f943fe5478caa9e1fc4bb92eecb78169a497b,manual_run_1,2026-06-24 00:58:51.234
20251216,2025-12-16,2025,2,4,12,Dezembro,2025-12,51,16,3,Terça-feira,False,7c073c71e39e19862b5d5750dfedcc48fc4d140b6e6800677fb463cd2f699341,manual_run_1,2026-06-24 00:58:51.234
20251217,2025-12-17,2025,2,4,12,Dezembro,2025-12,51,17,4,Quarta-feira,False,26e648c415d840b6e9a4d4b1889155a6ff13ae3927a7d3461d8862e4aa0e88be,manual_run_1,2026-06-24 00:58:51.234
20251218,2025-12-18,2025,2,4,12,Dezembro,2025-12,51,18,5,Quinta-feira,False,1fc320051c3fde9af988263904b0bbeeb410ff59a8b8bd941470d19103ead10e,manual_run_1,2026-06-24 00:58:51.234
20251219,2025-12-19,2025,2,4,12,Dezembro,2025-12,51,19,6,Sexta-feira,False,c288c4f599e57c6ce6f2c7fda616ca769f72e4a761020106bc73fe91fcb14ba7,manual_run_1,2026-06-24 00:58:51.234
20251220,2025-12-20,2025,2,4,12,Dezembro,2025-12,51,20,7,Sábado,True,ca975122664117426ddbb74ec5dc2bd7af2ac52e307adcde05c4edba149a82ac,manual_run_1,2026-06-24 00:58:51.234
20251221,2025-12-21,2025,2,4,12,Dezembro,2025-12,51,21,1,Domingo,True,c44f55687cad41de0176db08d95b8a990eb68663cc2d869e07dbc9a2eeb4afb9,manual_run_1,2026-06-24 00:58:51.234
20251222,2025-12-22,2025,2,4,12,Dezembro,2025-12,52,22,2,Segunda-feira,False,4a315b0fc04f176274e164afbe08b002da1ac99f68ee991c290214110d18a237,manual_run_1,2026-06-24 00:58:51.234
20251223,2025-12-23,2025,2,4,12,Dezembro,2025-12,52,23,3,Terça-feira,False,a97767851a394d587a2adc6032291e733a783e21a2c425254565a70d0f19943d,manual_run_1,2026-06-24 00:58:51.234
20251224,2025-12-24,2025,2,4,12,Dezembro,2025-12,52,24,4,Quarta-feira,False,ada3c7cbe7b189bdb4d72c5d42c2657e7b93aa490e881903cdcd53df8c0dd609,manual_run_1,2026-06-24 00:58:51.234
20251225,2025-12-25,2025,2,4,12,Dezembro,2025-12,52,25,5,Quinta-feira,False,fb599660d59bcf645d22e84cba558c7c64e6df22a2e85d8e91c9fcf9ee48a031,manual_run_1,2026-06-24 00:58:51.234
20251226,2025-12-26,2025,2,4,12,Dezembro,2025-12,52,26,6,Sexta-feira,False,ed5eb5f384d55f7404bf87cfd7dbc97416702cb18482d3fe66de69a68396c81e,manual_run_1,2026-06-24 00:58:51.234
20251227,2025-12-27,2025,2,4,12,Dezembro,2025-12,52,27,7,Sábado,True,6ed07c821e664dae59e914608a6a139a55a5f8b38225c8db56bda082c91c1269,manual_run_1,2026-06-24 00:58:51.234
20251228,2025-12-28,2025,2,4,12,Dezembro,2025-12,52,28,1,Domingo,True,ecf040a125b5b597d24aacdd665e6934460551dce22d509bf57a5d438c5baf08,manual_run_1,2026-06-24 00:58:51.234
20251229,2025-12-29,2025,2,4,12,Dezembro,2025-12,1,29,2,Segunda-feira,False,de468896295fe0f6bee635d2221265d7c165add1259b1858abe146c0cb3abcba,manual_run_1,2026-06-24 00:58:51.234
20251230,2025-12-30,2025,2,4,12,Dezembro,2025-12,1,30,3,Terça-feira,False,8a81c3662328bde17e0f2fe5af2c1c04fc22d7687662ef9f641495e5f35b339e,manual_run_1,2026-06-24 00:58:51.234
20251231,2025-12-31,2025,2,4,12,Dezembro,2025-12,1,31,4,Quarta-feira,False,aff13cb41b69c729fed2ed169f792cabae2490ff5a0445d0578f7341075dde59,manual_run_1,2026-06-24 00:58:51.234
20260101,2026-01-01,2026,1,1,1,Janeiro,2026-01,1,1,5,Quinta-feira,False,7a37dbb7425e625c6523ca5b2764191a5120462a6dcc53b5592b44224e71d9f9,manual_run_1,2026-06-24 00:58:51.234
20260102,2026-01-02,2026,1,1,1,Janeiro,2026-01,1,2,6,Sexta-feira,False,00cf0397ca9f74c26bd1ebca29e789898693f21e9eb0c8bb64f94ea67c1da92d,manual_run_1,2026-06-24 00:58:51.234
20260103,2026-01-03,2026,1,1,1,Janeiro,2026-01,1,3,7,Sábado,True,db5f4bce2c58ab8f585aef0fc71bc1e160ed41262bd3af47666893bf67f4c616,manual_run_1,2026-06-24 00:58:51.234
20260104,2026-01-04,2026,1,1,1,Janeiro,2026-01,1,4,1,Domingo,True,5ab782352f940b0edd4c304dfeb4c3f40719446133792f7a8d7cba2330073ad7,manual_run_1,2026-06-24 00:58:51.234
20260105,2026-01-05,2026,1,1,1,Janeiro,2026-01,2,5,2,Segunda-feira,False,aa7432435b7970e419aee7503b2cd978b4e32b4678d5e245a40e038db3bbb99a,manual_run_1,2026-06-24 00:58:51.234
20260106,2026-01-06,2026,1,1,1,Janeiro,2026-01,2,6,3,Terça-feira,False,7a0b0b56a44e665bbe1ec027eda0e26944fec5a9584e70cd72067fb33a6b2dcf,manual_run_1,2026-06-24 00:58:51.234
20260107,2026-01-07,2026,1,1,1,Janeiro,2026-01,2,7,4,Quarta-feira,False,07014b37f4633c2d249e299ae7a5306d96ac061b919e861d212e84df39b37bd0,manual_run_1,2026-06-24 00:58:51.234
20260108,2026-01-08,2026,1,1,1,Janeiro,2026-01,2,8,5,Quinta-feira,False,9df60db57e8a955fd8debd4e4d81c5d3feec6727faccf6840bc89ce0597fa12a,manual_run_1,2026-06-24 00:58:51.234
20260109,2026-01-09,2026,1,1,1,Janeiro,2026-01,2,9,6,Sexta-feira,False,9500efd982740b4416ffad6e3015c191aed69ad57c92479c827ef92755552059,manual_run_1,2026-06-24 00:58:51.234
20260110,2026-01-10,2026,1,1,1,Janeiro,2026-01,2,10,7,Sábado,True,cb24959623fae69268367b2537da9ce37ccb9f04128ab49abb9f1b8ce84be25b,manual_run_1,2026-06-24 00:58:51.234
20260111,2026-01-11,2026,1,1,1,Janeiro,2026-01,2,11,1,Domingo,True,2b3e6261f2798853468a73483cc6d4878b3972ba2f647e2aa45c5449716a4afc,manual_run_1,2026-06-24 00:58:51.234
20260112,2026-01-12,2026,1,1,1,Janeiro,2026-01,3,12,2,Segunda-feira,False,af1ea49f11ce2a53fe1c45f2f73e2081d037c102ff9eb9283d3b69db02310692,manual_run_1,2026-06-24 00:58:51.234
20260113,2026-01-13,2026,1,1,1,Janeiro,2026-01,3,13,3,Terça-feira,False,6c14ddaea0c0c72fced3f2e8631cebd714d79d1d1c1d574dba7e5568eaee6e19,manual_run_1,2026-06-24 00:58:51.234
20260114,2026-01-14,2026,1,1,1,Janeiro,2026-01,3,14,4,Quarta-feira,False,f4e571f636a74594eb01899aa8f55f4798c968ad707237d079757e5b4c9521e4,manual_run_1,2026-06-24 00:58:51.234
20260115,2026-01-15,2026,1,1,1,Janeiro,2026-01,3,15,5,Quinta-feira,False,280fb57559c53d953b0923b9e08e74059f92f504af109cc665ea8bfcece5db69,manual_run_1,2026-06-24 00:58:51.234
20260116,2026-01-16,2026,1,1,1,Janeiro,2026-01,3,16,6,Sexta-feira,False,5ad26bd3cb3d4636a42b9e4a4890c31df2814697355c9e3c880e67eccd3b07e7,manual_run_1,2026-06-24 00:58:51.234
20260117,2026-01-17,2026,1,1,1,Janeiro,2026-01,3,17,7,Sábado,True,ed816defb099b213f2293482b2546937f512c9681834ef38055a146bd20852b7,manual_run_1,2026-06-24 00:58:51.234
20260118,2026-01-18,2026,1,1,1,Janeiro,2026-01,3,18,1,Domingo,True,f23f9124b120dbb3954ab2e5dc8afa9c3b0a3750bca7a8a2c41432e297f57857,manual_run_1,2026-06-24 00:58:51.234
20260119,2026-01-19,2026,1,1,1,Janeiro,2026-01,4,19,2,Segunda-feira,False,4a2dd2dad14da529a87d37f36b0c1f6c8e081e96013f492776168b4aa16a7bd1,manual_run_1,2026-06-24 00:58:51.234
20260120,2026-01-20,2026,1,1,1,Janeiro,2026-01,4,20,3,Terça-feira,False,44d1e2f95e68d9d30753605d896dfc3a23a5fb142f69db610b2bcbaf75ee65a2,manual_run_1,2026-06-24 00:58:51.234
20260121,2026-01-21,2026,1,1,1,Janeiro,2026-01,4,21,4,Quarta-feira,False,1605ad78d629eba448c22d9a76d1d3f0f2ad6ea2a77980997d556686b6d0723c,manual_run_1,2026-06-24 00:58:51.234
20260122,2026-01-22,2026,1,1,1,Janeiro,2026-01,4,22,5,Quinta-feira,False,883c93eecb9da1fea05feb9fd994b33c626add56db54bfe3331f334c7dabdfe0,manual_run_1,2026-06-24 00:58:51.234
20260123,2026-01-23,2026,1,1,1,Janeiro,2026-01,4,23,6,Sexta-feira,False,bc9e4fafe06979d5d34f7475cbb679d5de491b5e59a50079ac1043b90e5ef0ae,manual_run_1,2026-06-24 00:58:51.234
20260124,2026-01-24,2026,1,1,1,Janeiro,2026-01,4,24,7,Sábado,True,1a6885b8a99f022dc052c9990575a459acc5a8eec96abd238c4297f29990bb36,manual_run_1,2026-06-24 00:58:51.234
20260125,2026-01-25,2026,1,1,1,Janeiro,2026-01,4,25,1,Domingo,True,017c9c7627b72616a425618d2b151240a303ddbedcddfc362f95301e92b1210e,manual_run_1,2026-06-24 00:58:51.234
20260126,2026-01-26,2026,1,1,1,Janeiro,2026-01,5,26,2,Segunda-feira,False,8be3fa8638e7a37489d32e80d631fa26edd1a8e896ba67b97bef3828a3167451,manual_run_1,2026-06-24 00:58:51.234
20260127,2026-01-27,2026,1,1,1,Janeiro,2026-01,5,27,3,Terça-feira,False,3d65bd287dc85ca10c313c0895a67ba5d535d9a086b8cdccd137014e5e99112a,manual_run_1,2026-06-24 00:58:51.234
20260128,2026-01-28,2026,1,1,1,Janeiro,2026-01,5,28,4,Quarta-feira,False,e30d77ef70253eed9838e0e40016c9e656655e41bcc9d325ca710dd79c1af9a8,manual_run_1,2026-06-24 00:58:51.234
20260129,2026-01-29,2026,1,1,1,Janeiro,2026-01,5,29,5,Quinta-feira,False,9e70dbc97a305a82e6a21e3670f7e3b08995b4fb79ded99834cc2ceb5508b745,manual_run_1,2026-06-24 00:58:51.234
20260130,2026-01-30,2026,1,1,1,Janeiro,2026-01,5,30,6,Sexta-feira,False,e912ac97b86b1e3786db3b118e082abf48cec305da9c3443158990f86f53dd87,manual_run_1,2026-06-24 00:58:51.234
20260131,2026-01-31,2026,1,1,1,Janeiro,2026-01,5,31,7,Sábado,True,6da9b42816891805bbb5979a285f222da589030fac6f88b6283a21da85cf02de,manual_run_1,2026-06-24 00:58:51.234
20260201,2026-02-01,2026,1,1,2,Fevereiro,2026-02,5,1,1,Domingo,True,376362d7650e392c17b15776fa695606123be832275f567a890fecc4230211d2,manual_run_1,2026-06-24 00:58:51.234
20260202,2026-02-02,2026,1,1,2,Fevereiro,2026-02,6,2,2,Segunda-feira,False,53b6d571d56bf0488a5fb250bf8c3bcd8d7b1fda752e6877e7245d85b9a9875b,manual_run_1,2026-06-24 00:58:51.234
20260203,2026-02-03,2026,1,1,2,Fevereiro,2026-02,6,3,3,Terça-feira,False,a3d749fc4e7cb944481ce89030c983d670f843521ae38f9d259d5e71deaa6637,manual_run_1,2026-06-24 00:58:51.234
20260204,2026-02-04,2026,1,1,2,Fevereiro,2026-02,6,4,4,Quarta-feira,False,0a328b2d8e683131801674cf45fc1f2a51bcc91da40cddd9d4acdfe534c9f9ca,manual_run_1,2026-06-24 00:58:51.234
20260205,2026-02-05,2026,1,1,2,Fevereiro,2026-02,6,5,5,Quinta-feira,False,c8d36d74a01c8ead51518432f069ebfa31500622a327afeb1a2f10f1e9d44fbe,manual_run_1,2026-06-24 00:58:51.234
20260206,2026-02-06,2026,1,1,2,Fevereiro,2026-02,6,6,6,Sexta-feira,False,21a7365e056a8344819021d771a3db40cfd8a5da9587f3559d43f0c2beeb43ea,manual_run_1,2026-06-24 00:58:51.234
20260207,2026-02-07,2026,1,1,2,Fevereiro,2026-02,6,7,7,Sábado,True,fa4059522bce23ed91f1d61f4f20d9fec8abbfb72f3f3881fdc3fc40de064bd9,manual_run_1,2026-06-24 00:58:51.234
20260208,2026-02-08,2026,1,1,2,Fevereiro,2026-02,6,8,1,Domingo,True,a0a7748b3e0dd1a0851c8f7ee10d31e6712a0567807c7f3882ab0324a81d706b,manual_run_1,2026-06-24 00:58:51.234
20260209,2026-02-09,2026,1,1,2,Fevereiro,2026-02,7,9,2,Segunda-feira,False,fa283a23c2bd6c203140010e10b193eec363389e63a0a00aea663f00691a6203,manual_run_1,2026-06-24 00:58:51.234
20260210,2026-02-10,2026,1,1,2,Fevereiro,2026-02,7,10,3,Terça-feira,False,18a2cf8a6727c1b5dec0bcff5435b691e867a866f3a9d9a19bd612f9afae7f09,manual_run_1,2026-06-24 00:58:51.234
20260211,2026-02-11,2026,1,1,2,Fevereiro,2026-02,7,11,4,Quarta-feira,False,9983b38cdb41815f64da8541771f3a242d72f6825f2bfe28b4b56a953360c97f,manual_run_1,2026-06-24 00:58:51.234
20260212,2026-02-12,2026,1,1,2,Fevereiro,2026-02,7,12,5,Quinta-feira,False,798b8c79c572c6990cd3a65d61147b2754d2f61e404abc1d25cc926484d711e5,manual_run_1,2026-06-24 00:58:51.234
20260213,2026-02-13,2026,1,1,2,Fevereiro,2026-02,7,13,6,Sexta-feira,False,ba3e282afb65692e5f5d7de6d65a810655cafcb79d03ecba99e40498c83c04f9,manual_run_1,2026-06-24 00:58:51.234
20260214,2026-02-14,2026,1,1,2,Fevereiro,2026-02,7,14,7,Sábado,True,a214d0eb9e661eb001d38343665a7a29d098bdedb39e0d3d44f8b9da4511a56f,manual_run_1,2026-06-24 00:58:51.234
20260215,2026-02-15,2026,1,1,2,Fevereiro,2026-02,7,15,1,Domingo,True,db85b5f7ea8200883d4ff64ef588946a6ed8b7042ffe066387cbbe69aa8b36d3,manual_run_1,2026-06-24 00:58:51.234
20260216,2026-02-16,2026,1,1,2,Fevereiro,2026-02,8,16,2,Segunda-feira,False,5493fa3524adc6e4105fc4ed73054aa667c7937a476ef8e2361f78be8927da5d,manual_run_1,2026-06-24 00:58:51.234
20260217,2026-02-17,2026,1,1,2,Fevereiro,2026-02,8,17,3,Terça-feira,False,8695f17df5f7adc3b14d269c6363d0056002cc3b40cc815d72fae582b9b7125c,manual_run_1,2026-06-24 00:58:51.234
20260218,2026-02-18,2026,1,1,2,Fevereiro,2026-02,8,18,4,Quarta-feira,False,f9215072132f66353dff4cf5a90be2625146de743ab1e32e7f692bf07e9d9c67,manual_run_1,2026-06-24 00:58:51.234
20260219,2026-02-19,2026,1,1,2,Fevereiro,2026-02,8,19,5,Quinta-feira,False,6d5f6991278250eb2d6c9f56af8d03b1ba331840a9a37828c015caa9e1b2fd26,manual_run_1,2026-06-24 00:58:51.234
20260220,2026-02-20,2026,1,1,2,Fevereiro,2026-02,8,20,6,Sexta-feira,False,b00e82889f30f9c536f6f46d759f74e09ae39db7a9194e621b0d0b70c2d3a2a2,manual_run_1,2026-06-24 00:58:51.234
20260221,2026-02-21,2026,1,1,2,Fevereiro,2026-02,8,21,7,Sábado,True,e7904bdc987d5edf267dc192fb63335883687e515fcab40d8c8b1d81c9e71ec9,manual_run_1,2026-06-24 00:58:51.234
20260222,2026-02-22,2026,1,1,2,Fevereiro,2026-02,8,22,1,Domingo,True,e129735cb03524d69952a8cb65c161b110c5892f6edbf3dec3cd930ad58e4cf7,manual_run_1,2026-06-24 00:58:51.234
20260223,2026-02-23,2026,1,1,2,Fevereiro,2026-02,9,23,2,Segunda-feira,False,b321431ef70d649d118ce710490cbaf3a969be9f920083a6b420ed287f863cbf,manual_run_1,2026-06-24 00:58:51.234
20260224,2026-02-24,2026,1,1,2,Fevereiro,2026-02,9,24,3,Terça-feira,False,66f2d4d460fbd093e2c1b7e847f0fec12d7935fe1188d915c7c78a7dc4f82304,manual_run_1,2026-06-24 00:58:51.234
20260225,2026-02-25,2026,1,1,2,Fevereiro,2026-02,9,25,4,Quarta-feira,False,017849ce697db0e10634d1bc33b6625059ee06ae43b8d80291b33bafc6356988,manual_run_1,2026-06-24 00:58:51.234
20260226,2026-02-26,2026,1,1,2,Fevereiro,2026-02,9,26,5,Quinta-feira,False,60150b0c38d3c1b7d20352cd82c3b662f17c562e8044978e958d557b38f0314b,manual_run_1,2026-06-24 00:58:51.234
20260227,2026-02-27,2026,1,1,2,Fevereiro,2026-02,9,27,6,Sexta-feira,False,434f63b42c3ed80bf4a8d167db87c7fda10a156974eaf99950a9d313c0b473f7,manual_run_1,2026-06-24 00:58:51.234
20260228,2026-02-28,2026,1,1,2,Fevereiro,2026-02,9,28,7,Sábado,True,acb6bdd91bf49f998affaf1b389ea2b12e9a81f63f0aab0c878cb83fd1d173c7,manual_run_1,2026-06-24 00:58:51.234
20260301,2026-03-01,2026,1,1,3,Março,2026-03,9,1,1,Domingo,True,37474eda4998be9570feda74ca783de10ee374b5459aaa9251e3da26e19a5ac6,manual_run_1,2026-06-24 00:58:51.234
20260302,2026-03-02,2026,1,1,3,Março,2026-03,10,2,2,Segunda-feira,False,13f6bb729b32282192871e1c0dfaacfd797bd4afd60c7aba01be89a0b125522a,manual_run_1,2026-06-24 00:58:51.234
20260303,2026-03-03,2026,1,1,3,Março,2026-03,10,3,3,Terça-feira,False,3fbd7c3043d900ed80a779163c6cafdaec3d67e659008720b4376935fe071ace,manual_run_1,2026-06-24 00:58:51.234
20260304,2026-03-04,2026,1,1,3,Março,2026-03,10,4,4,Quarta-feira,False,5dcb1dac6f2e3360348569831a1a24f32c588e0b96d09486a2d296c2cd994dbf,manual_run_1,2026-06-24 00:58:51.234
20260305,2026-03-05,2026,1,1,3,Março,2026-03,10,5,5,Quinta-feira,False,4ba339db2cda9d6c59aab5afa3d262ebec33ce9b760c16e9c32597442a789c21,manual_run_1,2026-06-24 00:58:51.234
20260306,2026-03-06,2026,1,1,3,Março,2026-03,10,6,6,Sexta-feira,False,5d6182a3b048c57e3e3b6021e90f237db865e7f82dc1c32f15d0999e5d467d48,manual_run_1,2026-06-24 00:58:51.234
20260307,2026-03-07,2026,1,1,3,Março,2026-03,10,7,7,Sábado,True,c889ecef4f24bebce929ce30cf0c31d3bb0d93c3af852a99b5a741357a852bdd,manual_run_1,2026-06-24 00:58:51.234
20260308,2026-03-08,2026,1,1,3,Março,2026-03,10,8,1,Domingo,True,27483525253e0e2541ee9b5d6131879fc2661aa01242585b04a1bb8307ac4bdf,manual_run_1,2026-06-24 00:58:51.234
20260309,2026-03-09,2026,1,1,3,Março,2026-03,11,9,2,Segunda-feira,False,fa84b279af7804ac4d178bc361ef7ebdbeb0785a884fa6f6f12b406e852b444e,manual_run_1,2026-06-24 00:58:51.234
20260310,2026-03-10,2026,1,1,3,Março,2026-03,11,10,3,Terça-feira,False,ea7352be073ae96927f5f3a2698247fe57a3612c74d5c3208b4bfd80e32924f4,manual_run_1,2026-06-24 00:58:51.234
20260311,2026-03-11,2026,1,1,3,Março,2026-03,11,11,4,Quarta-feira,False,7ced4ebc580c0e126895398935ef717f5c53e70978e9e87b4b1d697fb14d1b35,manual_run_1,2026-06-24 00:58:51.234
20260312,2026-03-12,2026,1,1,3,Março,2026-03,11,12,5,Quinta-feira,False,8ead939979193c197652db9139b261e8bec8acdc8c06d343a80df8a41d1d928b,manual_run_1,2026-06-24 00:58:51.234
20260313,2026-03-13,2026,1,1,3,Março,2026-03,11,13,6,Sexta-feira,False,95eb4be265db12afe8382c6d14c54d0b65613905c814d2e5c1efa77aa6230ffe,manual_run_1,2026-06-24 00:58:51.234
20260314,2026-03-14,2026,1,1,3,Março,2026-03,11,14,7,Sábado,True,32d54b10780787d4de64d1151d97333c70e23c722291837243339bda9580feac,manual_run_1,2026-06-24 00:58:51.234
20260315,2026-03-15,2026,1,1,3,Março,2026-03,11,15,1,Domingo,True,bc4eb2595f398d31157d0fc9eeead7344249b94d4affca759ca29df26ee775ff,manual_run_1,2026-06-24 00:58:51.234
20260316,2026-03-16,2026,1,1,3,Março,2026-03,12,16,2,Segunda-feira,False,9dd79fc914dea512fa9050188c617bd7b9f5f06604bacc88e18446756153b3dd,manual_run_1,2026-06-24 00:58:51.234
20260317,2026-03-17,2026,1,1,3,Março,2026-03,12,17,3,Terça-feira,False,089ec3a79f429ece11936913653c4a596818deaf39ac5ef0a04a8826422d38f0,manual_run_1,2026-06-24 00:58:51.234
20260318,2026-03-18,2026,1,1,3,Março,2026-03,12,18,4,Quarta-feira,False,87de056d66921c8f72959985540cf8973c9fe8917cc25c4bda020595c081018b,manual_run_1,2026-06-24 00:58:51.234
20260319,2026-03-19,2026,1,1,3,Março,2026-03,12,19,5,Quinta-feira,False,669c1c133e88ab9e0ba94d5c9b8ed4407914ca0c283af7a13e4c7f31e820b93b,manual_run_1,2026-06-24 00:58:51.234
20260320,2026-03-20,2026,1,1,3,Março,2026-03,12,20,6,Sexta-feira,False,6e5278f007c6852670cf53bd0bb5a4d84560f8df82107fcf50bdc66f99a7f313,manual_run_1,2026-06-24 00:58:51.234
20260321,2026-03-21,2026,1,1,3,Março,2026-03,12,21,7,Sábado,True,cf605264669df09f498a6b690a7d9c509c8e60fe262b983ab9896a18a75e3504,manual_run_1,2026-06-24 00:58:51.234
20260322,2026-03-22,2026,1,1,3,Março,2026-03,12,22,1,Domingo,True,2210ba039212b294f239d4133ca53e04b0c1e885fd716b841d1148ae70376dd4,manual_run_1,2026-06-24 00:58:51.234
20260323,2026-03-23,2026,1,1,3,Março,2026-03,13,23,2,Segunda-feira,False,66f611703d93f87c434bb08e9a2bc46c86a5ca85dc1eb8122181c114ac5da6f6,manual_run_1,2026-06-24 00:58:51.234
20260324,2026-03-24,2026,1,1,3,Março,2026-03,13,24,3,Terça-feira,False,2001b28d22d35e2e3c2137a792bd0ef2d1bfa7f6d7610d67243a96547e7a3660,manual_run_1,2026-06-24 00:58:51.234
20260325,2026-03-25,2026,1,1,3,Março,2026-03,13,25,4,Quarta-feira,False,26e07aea20c285cc25a358341261b907f7557decfb2afcdbc5d6bfd4a349434a,manual_run_1,2026-06-24 00:58:51.234
20260326,2026-03-26,2026,1,1,3,Março,2026-03,13,26,5,Quinta-feira,False,aa90a750592a028d587c7ff8d1383099c3e14f64308c33d7024a78ce163decb3,manual_run_1,2026-06-24 00:58:51.234
20260327,2026-03-27,2026,1,1,3,Março,2026-03,13,27,6,Sexta-feira,False,36c985286dcbfdf5dc2da8289a008da610f637adbfdabdc1344fa72af2b1d6fc,manual_run_1,2026-06-24 00:58:51.234
20260328,2026-03-28,2026,1,1,3,Março,2026-03,13,28,7,Sábado,True,b95da297092c485301a317e79c13c234d60b94348a6d07b6b4f007210445dc89,manual_run_1,2026-06-24 00:58:51.234
20260329,2026-03-29,2026,1,1,3,Março,2026-03,13,29,1,Domingo,True,137c5cad250903a36c90c4596add7579a68a90c0a84112d5cd8e22dce9771b45,manual_run_1,2026-06-24 00:58:51.234
20260330,2026-03-30,2026,1,1,3,Março,2026-03,14,30,2,Segunda-feira,False,216be896eb8563ed804f96c17ec6ebf970eab8b46f2660e20198f2e1e7f70acf,manual_run_1,2026-06-24 00:58:51.234
20260331,2026-03-31,2026,1,1,3,Março,2026-03,14,31,3,Terça-feira,False,f6334e9e20efe80eb67d54c23512eb3660653471591277c53893c9a30a00fab0,manual_run_1,2026-06-24 00:58:51.234
20260401,2026-04-01,2026,1,2,4,Abril,2026-04,14,1,4,Quarta-feira,False,d4957faa4e6cfd8d4a9cb25f68a6457acefa90240e53cb7fbdc6c4abf55f9ecb,manual_run_1,2026-06-24 00:58:51.234
20260402,2026-04-02,2026,1,2,4,Abril,2026-04,14,2,5,Quinta-feira,False,8272ae51b04ba6533fc69b86910f2145994b0f56f6b1a484d0cb1916896847b7,manual_run_1,2026-06-24 00:58:51.234
20260403,2026-04-03,2026,1,2,4,Abril,2026-04,14,3,6,Sexta-feira,False,622ffbc56d246810c5e4e4c800fd97c04f40def448765244d902b5b93c97841b,manual_run_1,2026-06-24 00:58:51.234
20260404,2026-04-04,2026,1,2,4,Abril,2026-04,14,4,7,Sábado,True,a8465750cfc51c5abb4029ec912280ae6462103309fa1067efa5006d3c49b084,manual_run_1,2026-06-24 00:58:51.234
20260405,2026-04-05,2026,1,2,4,Abril,2026-04,14,5,1,Domingo,True,db9e80153696ec62ce335353e355bc6a52fc8389fa1aadccb87920a8febb7079,manual_run_1,2026-06-24 00:58:51.234
20260406,2026-04-06,2026,1,2,4,Abril,2026-04,15,6,2,Segunda-feira,False,e09cce0c5a3ab961bef9a1f4f6cba546ecd16320cdff6c163a5ecf19bc9102a7,manual_run_1,2026-06-24 00:58:51.234
20260407,2026-04-07,2026,1,2,4,Abril,2026-04,15,7,3,Terça-feira,False,79f9b54b1e676ffd7912724e013f8ba30eefb2c57c27d190fac3292291c75085,manual_run_1,2026-06-24 00:58:51.234
20260408,2026-04-08,2026,1,2,4,Abril,2026-04,15,8,4,Quarta-feira,False,86263bb16d0a858927dc230913374f8ef4de89b4f4e65d9b36ab1278f2fc4bdb,manual_run_1,2026-06-24 00:58:51.234
20260409,2026-04-09,2026,1,2,4,Abril,2026-04,15,9,5,Quinta-feira,False,cdb231e946ae0986958e6be32ea7b7bb45047f58b16c92923a51ff3add997565,manual_run_1,2026-06-24 00:58:51.234
20260410,2026-04-10,2026,1,2,4,Abril,2026-04,15,10,6,Sexta-feira,False,2cc7ed5dab67f0633dd7975833c36ef39c44cd45d750614764f3cf54858a157a,manual_run_1,2026-06-24 00:58:51.234
20260411,2026-04-11,2026,1,2,4,Abril,2026-04,15,11,7,Sábado,True,795ad969251048c62a0fb36845692e3a060b6668934682b838909fa18f47f0ef,manual_run_1,2026-06-24 00:58:51.234
20260412,2026-04-12,2026,1,2,4,Abril,2026-04,15,12,1,Domingo,True,61b1de49a7837bc846619fcba0f5ebb26ab1f6becbb34ac614fcf1655db6b9c3,manual_run_1,2026-06-24 00:58:51.234
20260413,2026-04-13,2026,1,2,4,Abril,2026-04,16,13,2,Segunda-feira,False,a576a7dfd4a947c5c9d2e276c2a5759b80b65d8c77ffd09b3bf34cad7a3db04f,manual_run_1,2026-06-24 00:58:51.234
20260414,2026-04-14,2026,1,2,4,Abril,2026-04,16,14,3,Terça-feira,False,bce4672ddd3a22bbf16be17957fc46edd14b0adf4e1cb62ae04e484c5af173db,manual_run_1,2026-06-24 00:58:51.234
20260415,2026-04-15,2026,1,2,4,Abril,2026-04,16,15,4,Quarta-feira,False,5ae94bb747985704e02e930d0b561105f9ac17bd37a1a99c49a8376d94d34de1,manual_run_1,2026-06-24 00:58:51.234
20260416,2026-04-16,2026,1,2,4,Abril,2026-04,16,16,5,Quinta-feira,False,e50c42d7f4b45dd876dd0a2a77186e9fc4eb8ce60532404da3f44f5e2167e64d,manual_run_1,2026-06-24 00:58:51.234
20260417,2026-04-17,2026,1,2,4,Abril,2026-04,16,17,6,Sexta-feira,False,21b8deff4a3ca7996227cae281c3ce3ccd9a1c4ad4e226901405411528036543,manual_run_1,2026-06-24 00:58:51.234
20260418,2026-04-18,2026,1,2,4,Abril,2026-04,16,18,7,Sábado,True,4330d4481561539e57eae026ff6d4f9c20c669429a71a1070cf2f014d648426f,manual_run_1,2026-06-24 00:58:51.234
20260419,2026-04-19,2026,1,2,4,Abril,2026-04,16,19,1,Domingo,True,0eae03155613db49f3815f58d37dbeba26f7977638c2281677b1428228d6d59d,manual_run_1,2026-06-24 00:58:51.234
20260420,2026-04-20,2026,1,2,4,Abril,2026-04,17,20,2,Segunda-feira,False,6a9dfbf61534f909a797b3ab367df5948291ab3907fc6ffa72991f75be32387e,manual_run_1,2026-06-24 00:58:51.234
20260421,2026-04-21,2026,1,2,4,Abril,2026-04,17,21,3,Terça-feira,False,a86a54b2390b6d534c20253ac9d23fbeac856b45dbeed00aefd24815b9042cf8,manual_run_1,2026-06-24 00:58:51.234
20260422,2026-04-22,2026,1,2,4,Abril,2026-04,17,22,4,Quarta-feira,False,f01fe15570c8980aa8e4cf04b4bb81b29c00909f9a1a35332d565a4e156fb792,manual_run_1,2026-06-24 00:58:51.234
20260423,2026-04-23,2026,1,2,4,Abril,2026-04,17,23,5,Quinta-feira,False,9468225e64ae00d09909f8be0f9bd19c97896076c0540d7fa1e4366fc41a2e5b,manual_run_1,2026-06-24 00:58:51.234
20260424,2026-04-24,2026,1,2,4,Abril,2026-04,17,24,6,Sexta-feira,False,635cc1db14a34bdf922fd135da2ecd72276d52118ef0b48ccc828fe6de7b6354,manual_run_1,2026-06-24 00:58:51.234
20260425,2026-04-25,2026,1,2,4,Abril,2026-04,17,25,7,Sábado,True,5a00409ffa4e9a3b3e983b3eb2e2622b41f6b86fc5de4199591086a7b457cfaf,manual_run_1,2026-06-24 00:58:51.234
20260426,2026-04-26,2026,1,2,4,Abril,2026-04,17,26,1,Domingo,True,895c49d642214e6e5bd4ddb3acb0cc48739346230bd8700dd0b9f5f7a718872a,manual_run_1,2026-06-24 00:58:51.234
20260427,2026-04-27,2026,1,2,4,Abril,2026-04,18,27,2,Segunda-feira,False,e22ee125ebab5da4561040944b19f72454e89770db6e9e26c7bae1e6a21424f1,manual_run_1,2026-06-24 00:58:51.234
20260428,2026-04-28,2026,1,2,4,Abril,2026-04,18,28,3,Terça-feira,False,0b4bed55a54acfecc9886e9dd301792b90ece10871eb054068225feb99adeee4,manual_run_1,2026-06-24 00:58:51.234
20260429,2026-04-29,2026,1,2,4,Abril,2026-04,18,29,4,Quarta-feira,False,506081878795a51829d5ae9084a1bfd94dc2bc53b1aea2a569e7043630ed18c4,manual_run_1,2026-06-24 00:58:51.234
20260430,2026-04-30,2026,1,2,4,Abril,2026-04,18,30,5,Quinta-feira,False,a67434938cea1ff69b320a0a2dbef9b7bb07969affe605f4d5bc8c3212b14174,manual_run_1,2026-06-24 00:58:51.234
20260501,2026-05-01,2026,1,2,5,Maio,2026-05,18,1,6,Sexta-feira,False,5b540989b6479db8f78625db3598c8641fcccf2a9fa6c4311f73097cbee0e8eb,manual_run_1,2026-06-24 00:58:51.234
20260502,2026-05-02,2026,1,2,5,Maio,2026-05,18,2,7,Sábado,True,92207b822facd22aae607484c92381fc28a5d4f019dbb1c82603720b9deafab3,manual_run_1,2026-06-24 00:58:51.234
20260503,2026-05-03,2026,1,2,5,Maio,2026-05,18,3,1,Domingo,True,cbfb2fcc918d1eb7213936cd489694f61a52205eecdd0f2916fc60f9f840191b,manual_run_1,2026-06-24 00:58:51.234
20260504,2026-05-04,2026,1,2,5,Maio,2026-05,19,4,2,Segunda-feira,False,24363f4dcf932d14e087f81687d37835991b078c8e1cc2a21d02b19c702168cd,manual_run_1,2026-06-24 00:58:51.234
20260505,2026-05-05,2026,1,2,5,Maio,2026-05,19,5,3,Terça-feira,False,65504fe17170c4bfc9361be3627bbdf6e06d935e775f62c36af9728581a55905,manual_run_1,2026-06-24 00:58:51.234
20260506,2026-05-06,2026,1,2,5,Maio,2026-05,19,6,4,Quarta-feira,False,0d506b200cafdf9ee7f57399a624455ac2ed60063ffef46a219019acbda78bb0,manual_run_1,2026-06-24 00:58:51.234
20260507,2026-05-07,2026,1,2,5,Maio,2026-05,19,7,5,Quinta-feira,False,034264a9d4c1ef61c530ba80ca41b22adc632ecebabf764a829ea4a4384521c7,manual_run_1,2026-06-24 00:58:51.234
20260508,2026-05-08,2026,1,2,5,Maio,2026-05,19,8,6,Sexta-feira,False,4ece980b99c4e81ae6f35e5b9623ce767bb0d5a5b6c42598e86ed42d5faa1b12,manual_run_1,2026-06-24 00:58:51.234
20260509,2026-05-09,2026,1,2,5,Maio,2026-05,19,9,7,Sábado,True,f12742aa6fb9038059e63a8abdcc0732ab28f9ad5c692e37fc6a9786807c36f8,manual_run_1,2026-06-24 00:58:51.234
20260510,2026-05-10,2026,1,2,5,Maio,2026-05,19,10,1,Domingo,True,15e06f1440099e52a2ea347f3758c05d3031bcfcb0a4b889872ddc3dd34a21f4,manual_run_1,2026-06-24 00:58:51.234
20260511,2026-05-11,2026,1,2,5,Maio,2026-05,20,11,2,Segunda-feira,False,c72c8f4b17e737fdc09d88889ac65b5c9edd4fd2c3eacc25073c347117318ddc,manual_run_1,2026-06-24 00:58:51.234
20260512,2026-05-12,2026,1,2,5,Maio,2026-05,20,12,3,Terça-feira,False,def841785093a3281c13a29d692d0dedf6f8cd3164ee0da625c239bd31e50269,manual_run_1,2026-06-24 00:58:51.234
20260513,2026-05-13,2026,1,2,5,Maio,2026-05,20,13,4,Quarta-feira,False,e5b7b29d815a7a2b48421406b81cae032fc7431d3711042133703bc563cbf130,manual_run_1,2026-06-24 00:58:51.234
20260514,2026-05-14,2026,1,2,5,Maio,2026-05,20,14,5,Quinta-feira,False,f97eeab55298697552fd02d3ccdd46c7419e1340406e7828d49133efbcf45c73,manual_run_1,2026-06-24 00:58:51.234
20260515,2026-05-15,2026,1,2,5,Maio,2026-05,20,15,6,Sexta-feira,False,1212dcc6b5e692cf9c408cea76f29acc087b6d4a9bbed74c185a616e597e52e6,manual_run_1,2026-06-24 00:58:51.234
20260516,2026-05-16,2026,1,2,5,Maio,2026-05,20,16,7,Sábado,True,a832001c323012ce07510c71cb71b47054432ef669895e89b986d974631b9d74,manual_run_1,2026-06-24 00:58:51.234
20260517,2026-05-17,2026,1,2,5,Maio,2026-05,20,17,1,Domingo,True,9afc87e7c4dca897f15ede0dbef09abcd7b66f4ed85157b7cd9f1c855209fd89,manual_run_1,2026-06-24 00:58:51.234
20260518,2026-05-18,2026,1,2,5,Maio,2026-05,21,18,2,Segunda-feira,False,d963b7069edb01714883a923d7ff94c20ec912f31334785d6f9cbe059185c336,manual_run_1,2026-06-24 00:58:51.234
20260519,2026-05-19,2026,1,2,5,Maio,2026-05,21,19,3,Terça-feira,False,3875b1ba73447e1d69ccc2b69098c9de95a3c8ee9c991f66908eb4f0d692ab74,manual_run_1,2026-06-24 00:58:51.234
20260520,2026-05-20,2026,1,2,5,Maio,2026-05,21,20,4,Quarta-feira,False,0ee8270123c78716bd56700a0af855c7d538b715ae60fc41276f5ca94752e995,manual_run_1,2026-06-24 00:58:51.234
20260521,2026-05-21,2026,1,2,5,Maio,2026-05,21,21,5,Quinta-feira,False,6940dd8cfc90d70421f62a3be81f06e950b045e5579f1a1c5ae03361a43e1d87,manual_run_1,2026-06-24 00:58:51.234
20260522,2026-05-22,2026,1,2,5,Maio,2026-05,21,22,6,Sexta-feira,False,f6700ae8727ef8971af255386019c893134b3e1be7f03d1671c84cbe15c82ae7,manual_run_1,2026-06-24 00:58:51.234
20260523,2026-05-23,2026,1,2,5,Maio,2026-05,21,23,7,Sábado,True,b904eb3610fba02fa3371b193b73a62953c3d3cfaa91fd41392dd33cb67d578f,manual_run_1,2026-06-24 00:58:51.234
20260524,2026-05-24,2026,1,2,5,Maio,2026-05,21,24,1,Domingo,True,347c9b5231d7a68df38c31c1baabe260af43872c20b64b22ece5c443dc0be5b0,manual_run_1,2026-06-24 00:58:51.234
20260525,2026-05-25,2026,1,2,5,Maio,2026-05,22,25,2,Segunda-feira,False,1a1a51173c23674a47b881284188873f5dd84a2a108ac803096af0aa8e7c0f4a,manual_run_1,2026-06-24 00:58:51.234
20260526,2026-05-26,2026,1,2,5,Maio,2026-05,22,26,3,Terça-feira,False,cdafd3d4298069b70faee94cbd333c82d8cae407984f81a95dfdbaf02a431f82,manual_run_1,2026-06-24 00:58:51.234
20260527,2026-05-27,2026,1,2,5,Maio,2026-05,22,27,4,Quarta-feira,False,d7bb38e0416263c6bb54304d57be863f434054caad1225886dfc5db123dfa561,manual_run_1,2026-06-24 00:58:51.234
20260528,2026-05-28,2026,1,2,5,Maio,2026-05,22,28,5,Quinta-feira,False,5181d5a8ed8f653655df87962d23e4e89dc3b57681b620db40aacc934ca49b3b,manual_run_1,2026-06-24 00:58:51.234
20260529,2026-05-29,2026,1,2,5,Maio,2026-05,22,29,6,Sexta-feira,False,206b33dae977eaecb19e11401f84281cdfc1bdab739c548a25448b6a2c687608,manual_run_1,2026-06-24 00:58:51.234
20260530,2026-05-30,2026,1,2,5,Maio,2026-05,22,30,7,Sábado,True,6bb5b6eafd48303eeac4205ce79ec74e25021cec1d152745d9c8347da3bea397,manual_run_1,2026-06-24 00:58:51.234
20260531,2026-05-31,2026,1,2,5,Maio,2026-05,22,31,1,Domingo,True,69719a33f8f16e285411b598a227548bc049030429bec4abb4115501ccbddcec,manual_run_1,2026-06-24 00:58:51.234
20260601,2026-06-01,2026,1,2,6,Junho,2026-06,23,1,2,Segunda-feira,False,c39545fc857b0a351ed72936a801b04e5885d7fce06964b2daceee2ac8266e73,manual_run_1,2026-06-24 00:58:51.234
20260602,2026-06-02,2026,1,2,6,Junho,2026-06,23,2,3,Terça-feira,False,60b44f608516ba95f2333afb0d7e0ac46e9195221ec3414fc889cef6efce3dfb,manual_run_1,2026-06-24 00:58:51.234
20260603,2026-06-03,2026,1,2,6,Junho,2026-06,23,3,4,Quarta-feira,False,cc19f9d6ceecce806bebee6ea71c155f8e4464a840f1385800b6883e464943a7,manual_run_1,2026-06-24 00:58:51.234
20260604,2026-06-04,2026,1,2,6,Junho,2026-06,23,4,5,Quinta-feira,False,156c9c5558d3d4853852845eeb0a50a211899060afa3086b3e4a37aab5078cca,manual_run_1,2026-06-24 00:58:51.234
20260605,2026-06-05,2026,1,2,6,Junho,2026-06,23,5,6,Sexta-feira,False,d2bf182366c3d971bb85cef5366b4e3135fa0e58f47b34401e25d2c566d794dc,manual_run_1,2026-06-24 00:58:51.234
20260606,2026-06-06,2026,1,2,6,Junho,2026-06,23,6,7,Sábado,True,6b8df3f78b81fc474ba66079dcc95dd66d9f7c5f29ef00bf0d922bbdeaad48ce,manual_run_1,2026-06-24 00:58:51.234
20260607,2026-06-07,2026,1,2,6,Junho,2026-06,23,7,1,Domingo,True,a6ec541c90c003d277f8229c9b05939b4c0109052e3e379ebf9bc17556295777,manual_run_1,2026-06-24 00:58:51.234
20260608,2026-06-08,2026,1,2,6,Junho,2026-06,24,8,2,Segunda-feira,False,d26ed3559fee585236e4762232a50a57d0ac54c6a4462151d1103d07838ec1ce,manual_run_1,2026-06-24 00:58:51.234
20260609,2026-06-09,2026,1,2,6,Junho,2026-06,24,9,3,Terça-feira,False,d8ed490d23e990a44a028a9083f5b4e55a375171f9e8ccd85abc9e112e871f97,manual_run_1,2026-06-24 00:58:51.234
20260610,2026-06-10,2026,1,2,6,Junho,2026-06,24,10,4,Quarta-feira,False,fc4b229487b98533d36c8d3ac8bbca05979f617c6f24dc81ed2dfe654ffb0462,manual_run_1,2026-06-24 00:58:51.234
20260611,2026-06-11,2026,1,2,6,Junho,2026-06,24,11,5,Quinta-feira,False,9008b3c040f7fd19a97ffbe3ca0e7c12a2b864a6ce655d437f5dcd2040174774,manual_run_1,2026-06-24 00:58:51.234
20260612,2026-06-12,2026,1,2,6,Junho,2026-06,24,12,6,Sexta-feira,False,967c50c9e1d0b5567e9c156bfe6a0b3eaf1151f4cda14ab6418b5a3402fbe5af,manual_run_1,2026-06-24 00:58:51.234
20260613,2026-06-13,2026,1,2,6,Junho,2026-06,24,13,7,Sábado,True,3355c30f85fa7bf1214e84aa9b1beb7e4ded3eb0ac609b93f101c980264be005,manual_run_1,2026-06-24 00:58:51.234
20260614,2026-06-14,2026,1,2,6,Junho,2026-06,24,14,1,Domingo,True,6e57357c29ab5b84071741ad0d85a8c633e65ffcd8cc5c0fd9fcceae448cfd54,manual_run_1,2026-06-24 00:58:51.234
20260615,2026-06-15,2026,1,2,6,Junho,2026-06,25,15,2,Segunda-feira,False,07f01002431c585700b453d38b8e161a83bf86761115534a21b81268c346631d,manual_run_1,2026-06-24 00:58:51.234
20260616,2026-06-16,2026,1,2,6,Junho,2026-06,25,16,3,Terça-feira,False,bddbf3d3bfd0153c2aac327b5e18c25e5c83b3041b30897590dc9e2ab9f3556b,manual_run_1,2026-06-24 00:58:51.234
20260617,2026-06-17,2026,1,2,6,Junho,2026-06,25,17,4,Quarta-feira,False,021b41c24fdeaa05d642bfc49cc4755690b35530a41ea37a977c65d850a11b76,manual_run_1,2026-06-24 00:58:51.234
20260618,2026-06-18,2026,1,2,6,Junho,2026-06,25,18,5,Quinta-feira,False,e9c725609c096a87133d5ee9ef5c1df582595e57f660112d9ff5db06d825bd65,manual_run_1,2026-06-24 00:58:51.234
20260619,2026-06-19,2026,1,2,6,Junho,2026-06,25,19,6,Sexta-feira,False,5eba41a7131a684a090faa641de75abe8af3ff49d1dad6966a607091c63fca59,manual_run_1,2026-06-24 00:58:51.234
20260620,2026-06-20,2026,1,2,6,Junho,2026-06,25,20,7,Sábado,True,00e7e2dc0c096a3ede81346362f9c6a6d0dc8cb00e5026fbff2396e8eb5d3b59,manual_run_1,2026-06-24 00:58:51.234
20260621,2026-06-21,2026,1,2,6,Junho,2026-06,25,21,1,Domingo,True,4f4e34aa2c3eba2247d28e94bffc26f5ff10b890c133a74699d1c7f82adfda65,manual_run_1,2026-06-24 00:58:51.234
20260622,2026-06-22,2026,1,2,6,Junho,2026-06,26,22,2,Segunda-feira,False,55c4b152fb40980df71731896be111342cf27baf85808c4c3c901abad37873fa,manual_run_1,2026-06-24 00:58:51.234
20260623,2026-06-23,2026,1,2,6,Junho,2026-06,26,23,3,Terça-feira,False,d80e48f7449e4d4d1a39d23e8fbd7c64c03e52be65362256f2bdcf466d41709c,manual_run_1,2026-06-24 00:58:51.234
20260624,2026-06-24,2026,1,2,6,Junho,2026-06,26,24,4,Quarta-feira,False,5553200f0904a5669ce90b4a6e7dcd11a1b6a31ba5ed6758335a783b5dd88776,manual_run_1,2026-06-24 00:58:51.234
20260625,2026-06-25,2026,1,2,6,Junho,2026-06,26,25,5,Quinta-feira,False,deb708d7420d04668314ef795063fcb5fb93d9d11048008a9ed0db3bd543eaaf,manual_run_1,2026-06-24 00:58:51.234
20260626,2026-06-26,2026,1,2,6,Junho,2026-06,26,26,6,Sexta-feira,False,9bf2b0029dd4306b4ba65cbd793f03d00fb5b02b826b9316a3a272368d10466c,manual_run_1,2026-06-24 00:58:51.234
20260627,2026-06-27,2026,1,2,6,Junho,2026-06,26,27,7,Sábado,True,33e035adfd2822e1a52769c63e68ae02d80f8c1541a7fadd87761958a6b12815,manual_run_1,2026-06-24 00:58:51.234
20260628,2026-06-28,2026,1,2,6,Junho,2026-06,26,28,1,Domingo,True,786c18972ea3f0b8ba87378b6174eb0de03e7b867d5a8d25301b34e8cbf428cf,manual_run_1,2026-06-24 00:58:51.234
20260629,2026-06-29,2026,1,2,6,Junho,2026-06,27,29,2,Segunda-feira,False,6cebf5a7e214e568cf0ca676d4703403f88fc928f23bd02b7e1425d9fefb8976,manual_run_1,2026-06-24 00:58:51.234
20260630,2026-06-30,2026,1,2,6,Junho,2026-06,27,30,3,Terça-feira,False,c57cd6cb3ef3b7def97e29064ed90593627eb0ad529bb87fc7879e393fb74a54,manual_run_1,2026-06-24 00:58:51.234
20260701,2026-07-01,2026,2,3,7,Julho,2026-07,27,1,4,Quarta-feira,False,7cae5b9d45f68242a73c7a7d040a2f5db3d9f2ea0c9b369e59931f6d6b83556f,manual_run_1,2026-06-24 00:58:51.234
20260702,2026-07-02,2026,2,3,7,Julho,2026-07,27,2,5,Quinta-feira,False,ce17a0ee582c234b2bbfa3b03c0662975b2e36af2f0cb81d74234f5e7ce5ae86,manual_run_1,2026-06-24 00:58:51.234
20260703,2026-07-03,2026,2,3,7,Julho,2026-07,27,3,6,Sexta-feira,False,f7cce495146d21e52f8c004ce086277e22135ae59368313aee23ee1a7c883757,manual_run_1,2026-06-24 00:58:51.234
20260704,2026-07-04,2026,2,3,7,Julho,2026-07,27,4,7,Sábado,True,20f2e0e17c7c3c07ba04ab57a84e87c2144e5c14109ab7bc42a6ac66a9cc0309,manual_run_1,2026-06-24 00:58:51.234
20260705,2026-07-05,2026,2,3,7,Julho,2026-07,27,5,1,Domingo,True,976eb879659638bfef7a610e7c748fe3b4e78b1ec5215879d864883ef3efbb75,manual_run_1,2026-06-24 00:58:51.234
20260706,2026-07-06,2026,2,3,7,Julho,2026-07,28,6,2,Segunda-feira,False,a0d727457981bea08fc346f8eecb612f3e0504c1478a0227d5769122a1d96f7c,manual_run_1,2026-06-24 00:58:51.234
20260707,2026-07-07,2026,2,3,7,Julho,2026-07,28,7,3,Terça-feira,False,2240da817c62cb3e830326e3f7b8011c25447c0de9b3cb9fe923b96817403692,manual_run_1,2026-06-24 00:58:51.234
20260708,2026-07-08,2026,2,3,7,Julho,2026-07,28,8,4,Quarta-feira,False,fe074c7843f3e0967dbc02e5cf6c112ec2fee41d2452fd310ad22cab83457fe2,manual_run_1,2026-06-24 00:58:51.234
20260709,2026-07-09,2026,2,3,7,Julho,2026-07,28,9,5,Quinta-feira,False,8f6cab8af3f5ea4cc78987e350462c31f37f47309c5e775d0386257ddd0e13bb,manual_run_1,2026-06-24 00:58:51.234
20260710,2026-07-10,2026,2,3,7,Julho,2026-07,28,10,6,Sexta-feira,False,d48e87a448678a381bd42a375fd61b82bcb609783380aba10b68d8139fd3e1c1,manual_run_1,2026-06-24 00:58:51.234
20260711,2026-07-11,2026,2,3,7,Julho,2026-07,28,11,7,Sábado,True,f4d675c7260dd06fb6ff062dd4267ae4b3a96996bfa055896d6637c15b5b6274,manual_run_1,2026-06-24 00:58:51.234
20260712,2026-07-12,2026,2,3,7,Julho,2026-07,28,12,1,Domingo,True,156dda4aed713e41d48fab2a97d36f93549cd0f087822991d9d4a3a18020316e,manual_run_1,2026-06-24 00:58:51.234
20260713,2026-07-13,2026,2,3,7,Julho,2026-07,29,13,2,Segunda-feira,False,bd3056867d78c9436825a32bfa9c9142ba40b90214bc33475ba3dfe362df89e8,manual_run_1,2026-06-24 00:58:51.234
20260714,2026-07-14,2026,2,3,7,Julho,2026-07,29,14,3,Terça-feira,False,d2fcf5bb03a27149aaf4ce24d07b1e19e6ac94b91b19cdd8dd20d52f02bca4fe,manual_run_1,2026-06-24 00:58:51.234
20260715,2026-07-15,2026,2,3,7,Julho,2026-07,29,15,4,Quarta-feira,False,b7efe2be5c5618b262e2d79e0aee7841c2d38ea426004660b9b49f1924873d34,manual_run_1,2026-06-24 00:58:51.234
20260716,2026-07-16,2026,2,3,7,Julho,2026-07,29,16,5,Quinta-feira,False,03076d7ea61d6ba7abb4db5735226bf4961eb6b9878ddf93cdbb584bbaa088d1,manual_run_1,2026-06-24 00:58:51.234
20260717,2026-07-17,2026,2,3,7,Julho,2026-07,29,17,6,Sexta-feira,False,0811bb72856a8a8cf41e8d23921a7d01fc64887580645c81a0696b03ad985301,manual_run_1,2026-06-24 00:58:51.234
20260718,2026-07-18,2026,2,3,7,Julho,2026-07,29,18,7,Sábado,True,cea3e063e678bab34e830420764cc06871a939f1e47b5786a9c98b13b4655b30,manual_run_1,2026-06-24 00:58:51.234
20260719,2026-07-19,2026,2,3,7,Julho,2026-07,29,19,1,Domingo,True,dd0e13657370abebc0a2228bf1819833d2fed1e1c8d87a151add420ae959b0f6,manual_run_1,2026-06-24 00:58:51.234
20260720,2026-07-20,2026,2,3,7,Julho,2026-07,30,20,2,Segunda-feira,False,39eab24ad19c616ce560490d66afa886db5f6f0bcdacdf4ac20614fde54125a1,manual_run_1,2026-06-24 00:58:51.234
20260721,2026-07-21,2026,2,3,7,Julho,2026-07,30,21,3,Terça-feira,False,239dae580070e95306f44c4cb6cc5b4a619dc1deeea61457eb959b56fd9f5a20,manual_run_1,2026-06-24 00:58:51.234
20260722,2026-07-22,2026,2,3,7,Julho,2026-07,30,22,4,Quarta-feira,False,1612d5d295669d8bcfe0a52e1f0a4468c3936038b8d4c40990cc95c0b55a407b,manual_run_1,2026-06-24 00:58:51.234
20260723,2026-07-23,2026,2,3,7,Julho,2026-07,30,23,5,Quinta-feira,False,13c3e4a718a36ea3af6d99501ca4f1aeb6b5edce780bbb9f77c6d48c08cff078,manual_run_1,2026-06-24 00:58:51.234
20260724,2026-07-24,2026,2,3,7,Julho,2026-07,30,24,6,Sexta-feira,False,2f354135a4ee9d32e42ec136d9e533e70f98b1053f4b7a57245868f177f1b092,manual_run_1,2026-06-24 00:58:51.234
20260725,2026-07-25,2026,2,3,7,Julho,2026-07,30,25,7,Sábado,True,a68ccf72ddb9ef2d31ed6795f2ed15cc83d0516545c83bc3b3a4ecf1680bd20f,manual_run_1,2026-06-24 00:58:51.234
20260726,2026-07-26,2026,2,3,7,Julho,2026-07,30,26,1,Domingo,True,038457be2d48ccfe124cde839042972a6ae5aa8ad3eca82175b96f8b0f1f2e82,manual_run_1,2026-06-24 00:58:51.234
20260727,2026-07-27,2026,2,3,7,Julho,2026-07,31,27,2,Segunda-feira,False,dd8b92b15f7f03fc3d1fc73976b2d65fa244cfec4ecc3f2ff98607fb8735c067,manual_run_1,2026-06-24 00:58:51.234
20260728,2026-07-28,2026,2,3,7,Julho,2026-07,31,28,3,Terça-feira,False,802d622542964006c9cefbc0486369fd325ebd6b1d0bdd2eca5aa59ca6864a73,manual_run_1,2026-06-24 00:58:51.234
20260729,2026-07-29,2026,2,3,7,Julho,2026-07,31,29,4,Quarta-feira,False,0ec9c02271f16aa18b1cd554179a4a26e7432afd1cce08efadbb95575bf93bb1,manual_run_1,2026-06-24 00:58:51.234
20260730,2026-07-30,2026,2,3,7,Julho,2026-07,31,30,5,Quinta-feira,False,f45595803e12c5bca47433d30c10f35bd2a497d6a06bfb6fa9a0db5cacd393a0,manual_run_1,2026-06-24 00:58:51.234
20260731,2026-07-31,2026,2,3,7,Julho,2026-07,31,31,6,Sexta-feira,False,c40b05a2a2027f432c39b1d0ddc6711e4eb76e4e74cabb4f58fb7c742eeefbf1,manual_run_1,2026-06-24 00:58:51.234
20260801,2026-08-01,2026,2,3,8,Agosto,2026-08,31,1,7,Sábado,True,67ee9613605afcc89e55094c570e23b2af81f0a2df43f726676ff6282ddb53be,manual_run_1,2026-06-24 00:58:51.234
20260802,2026-08-02,2026,2,3,8,Agosto,2026-08,31,2,1,Domingo,True,acf6a16c3d4155639a08bf4df1c8761498caa98f069df1c00f3e71065a13b6b2,manual_run_1,2026-06-24 00:58:51.234
20260803,2026-08-03,2026,2,3,8,Agosto,2026-08,32,3,2,Segunda-feira,False,63f1fc703db243003ceb80b311bb8ce51c5d1cdabd0dc02f73869b806f113c9e,manual_run_1,2026-06-24 00:58:51.234
20260804,2026-08-04,2026,2,3,8,Agosto,2026-08,32,4,3,Terça-feira,False,ab4801f30698f1b2d86f67ce0f1fea655e2108829f8bcdcf3475863b2a9c11e2,manual_run_1,2026-06-24 00:58:51.234
20260805,2026-08-05,2026,2,3,8,Agosto,2026-08,32,5,4,Quarta-feira,False,100f35cdf7c7a9e257ef38be396d6fcef5b3404f92ebe42d83f46989e9d92895,manual_run_1,2026-06-24 00:58:51.234
20260806,2026-08-06,2026,2,3,8,Agosto,2026-08,32,6,5,Quinta-feira,False,498c503b57cef045b1a4f6bf66fea6d3cb15f39ecb0455c10e6d6b90db320768,manual_run_1,2026-06-24 00:58:51.234
20260807,2026-08-07,2026,2,3,8,Agosto,2026-08,32,7,6,Sexta-feira,False,539c0f315e8281fc9d0d57371d6e2c58f97fbeffbf09e9d4e4d06575a9dbc0a6,manual_run_1,2026-06-24 00:58:51.234
20260808,2026-08-08,2026,2,3,8,Agosto,2026-08,32,8,7,Sábado,True,8b02d621057bdb059fc5c5f6c6f0b3fa92149a407c3abcb8a0750cc015d9dea5,manual_run_1,2026-06-24 00:58:51.234
20260809,2026-08-09,2026,2,3,8,Agosto,2026-08,32,9,1,Domingo,True,424eadfb1056ff049a3ead714d422656b4f012ab81b68ffd27a02db75095d5ce,manual_run_1,2026-06-24 00:58:51.234
20260810,2026-08-10,2026,2,3,8,Agosto,2026-08,33,10,2,Segunda-feira,False,f0dbcf3c75938cbc07cfcc2c7f693ec879260e282d39ca7b6bc149da2ae6f59a,manual_run_1,2026-06-24 00:58:51.234
20260811,2026-08-11,2026,2,3,8,Agosto,2026-08,33,11,3,Terça-feira,False,4b1abc2ed06ad63aa2c282898f899f1a4a9d0380207424a4b6bf19e606f9d982,manual_run_1,2026-06-24 00:58:51.234
20260812,2026-08-12,2026,2,3,8,Agosto,2026-08,33,12,4,Quarta-feira,False,7cb053a560a8d54ace9134e7a76600b79355be6d0b6025c6e70a6071a701f5f8,manual_run_1,2026-06-24 00:58:51.234
20260813,2026-08-13,2026,2,3,8,Agosto,2026-08,33,13,5,Quinta-feira,False,70dd96d4659ab65fafa866f9c1024b58a8a6be82ebf1d3aab0d914d2f2918c4a,manual_run_1,2026-06-24 00:58:51.234
20260814,2026-08-14,2026,2,3,8,Agosto,2026-08,33,14,6,Sexta-feira,False,c2e649aa6f04d3a944a836da51f493646d5f04860a9da2f5267ffda02e0e1a10,manual_run_1,2026-06-24 00:58:51.234
20260815,2026-08-15,2026,2,3,8,Agosto,2026-08,33,15,7,Sábado,True,72da97b83ccaf0a632ae90c6cf37d9ca333525269b5ae2e7ed1cabf62d389526,manual_run_1,2026-06-24 00:58:51.234
20260816,2026-08-16,2026,2,3,8,Agosto,2026-08,33,16,1,Domingo,True,8e3b504371610c97c6cbffd775a7da3f8bf22fad16cd6bc2b106b63c620ae2df,manual_run_1,2026-06-24 00:58:51.234
20260817,2026-08-17,2026,2,3,8,Agosto,2026-08,34,17,2,Segunda-feira,False,f4898154369efeb5b2ef5ce29c9140e60948fa9d91f2a0e6be9ef33a1e1ccf64,manual_run_1,2026-06-24 00:58:51.234
20260818,2026-08-18,2026,2,3,8,Agosto,2026-08,34,18,3,Terça-feira,False,067cafbbd99011d5e917ef72e9c0f8363bd376ffd080928be696e14995b630ff,manual_run_1,2026-06-24 00:58:51.234
20260819,2026-08-19,2026,2,3,8,Agosto,2026-08,34,19,4,Quarta-feira,False,b490f2752856fccdc08a59fa8dc792422968b2fa5534fc163a5f74a69666687c,manual_run_1,2026-06-24 00:58:51.234
20260820,2026-08-20,2026,2,3,8,Agosto,2026-08,34,20,5,Quinta-feira,False,26d44c0840fa32e4ceaf7711418fe50c14bdb9670c5b9c9ee33c1d7f0237732b,manual_run_1,2026-06-24 00:58:51.234
20260821,2026-08-21,2026,2,3,8,Agosto,2026-08,34,21,6,Sexta-feira,False,0b19000f92d58ad4d71e75a418cb4b925a1e71cffccf7febbad6d1b9b4c0c786,manual_run_1,2026-06-24 00:58:51.234
20260822,2026-08-22,2026,2,3,8,Agosto,2026-08,34,22,7,Sábado,True,62fa0d5100a1b596dda11414fe8bc942fc67a7d8e7ea1599aa28a48513b91d90,manual_run_1,2026-06-24 00:58:51.234
20260823,2026-08-23,2026,2,3,8,Agosto,2026-08,34,23,1,Domingo,True,a921d099df96ded2807f8d6bbe6e556c9a60814ecd54cec757350072d9c0df75,manual_run_1,2026-06-24 00:58:51.234
20260824,2026-08-24,2026,2,3,8,Agosto,2026-08,35,24,2,Segunda-feira,False,8f1392c46becb78e032a426a8beeb1e1e52a3a84fc8c48f48492494f55277310,manual_run_1,2026-06-24 00:58:51.234
20260825,2026-08-25,2026,2,3,8,Agosto,2026-08,35,25,3,Terça-feira,False,7d1b82888fc75bb9e6d6fb4f5024dd5416505907373b0dcfec650348a27fb0b4,manual_run_1,2026-06-24 00:58:51.234
20260826,2026-08-26,2026,2,3,8,Agosto,2026-08,35,26,4,Quarta-feira,False,f19be0d4a4257b9fd767588c2338ac1ef89f893839d37e1afd104e4087ddbd19,manual_run_1,2026-06-24 00:58:51.234
20260827,2026-08-27,2026,2,3,8,Agosto,2026-08,35,27,5,Quinta-feira,False,ad5e70d1fbbd92749907a831631b9a135d5dd48bbc057ebb6a89527993d5e455,manual_run_1,2026-06-24 00:58:51.234
20260828,2026-08-28,2026,2,3,8,Agosto,2026-08,35,28,6,Sexta-feira,False,d1b2f82e8a14466f356e9a14bba758f25408b84caeb235d0db32ac61553223e5,manual_run_1,2026-06-24 00:58:51.234
20260829,2026-08-29,2026,2,3,8,Agosto,2026-08,35,29,7,Sábado,True,5010cf28200c4ef0ae8b4d45b1cb2d180e4d0c7e63628e3fa15cf1db9bd1fc32,manual_run_1,2026-06-24 00:58:51.234
20260830,2026-08-30,2026,2,3,8,Agosto,2026-08,35,30,1,Domingo,True,2850cd1dd172b2bf63d80d8e1332563437ad850e449f62e86fb2c82a67fa7a0f,manual_run_1,2026-06-24 00:58:51.234
20260831,2026-08-31,2026,2,3,8,Agosto,2026-08,36,31,2,Segunda-feira,False,70f402d2ec8da3c9f1ffb7764238741818439f2b4f51990e5c17b7529130105c,manual_run_1,2026-06-24 00:58:51.234
20260901,2026-09-01,2026,2,3,9,Setembro,2026-09,36,1,3,Terça-feira,False,bbf162b5ea1c4012035e767ebef3496fa14fc0015ccc985f07f30580e29e6f57,manual_run_1,2026-06-24 00:58:51.234
20260902,2026-09-02,2026,2,3,9,Setembro,2026-09,36,2,4,Quarta-feira,False,fe13b310b566d162fbf3d693c5e7b2589a390476507799e7a6c109b0d71eb9cc,manual_run_1,2026-06-24 00:58:51.234
20260903,2026-09-03,2026,2,3,9,Setembro,2026-09,36,3,5,Quinta-feira,False,dd3696c534beb88da30b146843292383dc4788e7498c5564582c291a02ee927b,manual_run_1,2026-06-24 00:58:51.234
20260904,2026-09-04,2026,2,3,9,Setembro,2026-09,36,4,6,Sexta-feira,False,895703a3fe029eb8525963591833b1ad153f18767ed4ae9dec25bace1b976bc4,manual_run_1,2026-06-24 00:58:51.234
20260905,2026-09-05,2026,2,3,9,Setembro,2026-09,36,5,7,Sábado,True,a5c9c70dc8cb7e4a2a65c51257ba3ad5dc66b0aa894a1a2acffde22274e6a4e9,manual_run_1,2026-06-24 00:58:51.234
20260906,2026-09-06,2026,2,3,9,Setembro,2026-09,36,6,1,Domingo,True,1c22ee296993451fd9d4ce3b4c656c1b2e20cfd057b6df515f3b7f122ef50aa7,manual_run_1,2026-06-24 00:58:51.234
20260907,2026-09-07,2026,2,3,9,Setembro,2026-09,37,7,2,Segunda-feira,False,55503ba672aea527c8524d6b751f06a2bf0e170094dcbd70c1527cbbd3ca90ca,manual_run_1,2026-06-24 00:58:51.234
20260908,2026-09-08,2026,2,3,9,Setembro,2026-09,37,8,3,Terça-feira,False,d480f748de7e7c711fbf619825730646fc636b53d6c88884af7d28b5e883772b,manual_run_1,2026-06-24 00:58:51.234
20260909,2026-09-09,2026,2,3,9,Setembro,2026-09,37,9,4,Quarta-feira,False,ae96c2ae70d5c7d763ccbd17b8191ce32ffe19884536c2ead4cbea03041f6a3c,manual_run_1,2026-06-24 00:58:51.234
20260910,2026-09-10,2026,2,3,9,Setembro,2026-09,37,10,5,Quinta-feira,False,ae2e44957b7999d1ee92a9db7167d9912965ab14ba543ae93b5daf75207b78fb,manual_run_1,2026-06-24 00:58:51.234
20260911,2026-09-11,2026,2,3,9,Setembro,2026-09,37,11,6,Sexta-feira,False,d953c24e1b94f21796a4446c84151018b8b6bba2d96ac55268f84e33f322763c,manual_run_1,2026-06-24 00:58:51.234
20260912,2026-09-12,2026,2,3,9,Setembro,2026-09,37,12,7,Sábado,True,1133ce96711e2af8c28bba28f4e4b4541353cd737fed2f3abaad8d0fd6c9588f,manual_run_1,2026-06-24 00:58:51.234
20260913,2026-09-13,2026,2,3,9,Setembro,2026-09,37,13,1,Domingo,True,c984bbc4d03bcb6c893c97097e4759812a5be6867c2701b6f52351df8f16935c,manual_run_1,2026-06-24 00:58:51.234
20260914,2026-09-14,2026,2,3,9,Setembro,2026-09,38,14,2,Segunda-feira,False,e08b734205a8d27ff78b7a4fc5e26e6f550a6b7634e2366474ce8e119a68214d,manual_run_1,2026-06-24 00:58:51.234
20260915,2026-09-15,2026,2,3,9,Setembro,2026-09,38,15,3,Terça-feira,False,5731d9617de96b51868266dac7792c4051c14641b37f1dcd345d988572177e5b,manual_run_1,2026-06-24 00:58:51.234
20260916,2026-09-16,2026,2,3,9,Setembro,2026-09,38,16,4,Quarta-feira,False,5daaba3af98d7eb2b6f7ee52ac0a36458c6ae66bde2c5d5f36e16795c1b03284,manual_run_1,2026-06-24 00:58:51.234
20260917,2026-09-17,2026,2,3,9,Setembro,2026-09,38,17,5,Quinta-feira,False,f03b55e0199d6997b3ef5de064911db9c24680e5d466415a07efa33a9a766f48,manual_run_1,2026-06-24 00:58:51.234
20260918,2026-09-18,2026,2,3,9,Setembro,2026-09,38,18,6,Sexta-feira,False,7b1c16f6eac5827e758824094204d96f5f05014660be314ce70d5612e3a0dec8,manual_run_1,2026-06-24 00:58:51.234
20260919,2026-09-19,2026,2,3,9,Setembro,2026-09,38,19,7,Sábado,True,5d2b79d46d99cfca8f0cbc9501b76bb53cb360e1076e81d3976cab9a1c22d57d,manual_run_1,2026-06-24 00:58:51.234
20260920,2026-09-20,2026,2,3,9,Setembro,2026-09,38,20,1,Domingo,True,bc22d060e94f4b10c999245619813e8550cd14178276f55d81ddf66ca1b4acf0,manual_run_1,2026-06-24 00:58:51.234
20260921,2026-09-21,2026,2,3,9,Setembro,2026-09,39,21,2,Segunda-feira,False,91690a5034f7e54128f9726fe71ccc8950740dac503092eefaf4f9953c1d9797,manual_run_1,2026-06-24 00:58:51.234
20260922,2026-09-22,2026,2,3,9,Setembro,2026-09,39,22,3,Terça-feira,False,f2922c3966f655ea2bbe423545774ed2038318f8cb59827144aa26c238eea87c,manual_run_1,2026-06-24 00:58:51.234
20260923,2026-09-23,2026,2,3,9,Setembro,2026-09,39,23,4,Quarta-feira,False,96e450a68c86ce5964e99949756a390beeb688f7f0368105bbdfabf7dd7b74e5,manual_run_1,2026-06-24 00:58:51.234
20260924,2026-09-24,2026,2,3,9,Setembro,2026-09,39,24,5,Quinta-feira,False,b9b7cbd70a96815b682a801751d7c37e2d5345d61d69c0799677568648caf679,manual_run_1,2026-06-24 00:58:51.234
20260925,2026-09-25,2026,2,3,9,Setembro,2026-09,39,25,6,Sexta-feira,False,4e262a737ee082e5f9b8455d8fa9f0fc812fdb34f7c65d5fc7b5098ddfc7c9ba,manual_run_1,2026-06-24 00:58:51.234
20260926,2026-09-26,2026,2,3,9,Setembro,2026-09,39,26,7,Sábado,True,ffc948d66ef23d8e028ea8741818e5fd707046798003285440c3d9795dd948b7,manual_run_1,2026-06-24 00:58:51.234
20260927,2026-09-27,2026,2,3,9,Setembro,2026-09,39,27,1,Domingo,True,422ae4176dc1e34e58306f4f4ceb0fc37884cd981776cc5b6a1bd3e97cce44ca,manual_run_1,2026-06-24 00:58:51.234
20260928,2026-09-28,2026,2,3,9,Setembro,2026-09,40,28,2,Segunda-feira,False,ed4b5a8919dd166a46692de923d5d1498ffdb591ee7717fcf1755ea4f7701825,manual_run_1,2026-06-24 00:58:51.234
20260929,2026-09-29,2026,2,3,9,Setembro,2026-09,40,29,3,Terça-feira,False,07af46795d96d019493b954113ae1f8e461d10d1229acbe75b73d512c2c1b1ce,manual_run_1,2026-06-24 00:58:51.234
20260930,2026-09-30,2026,2,3,9,Setembro,2026-09,40,30,4,Quarta-feira,False,7d899c7a1a00e6459ee7cfcb9a93d05de6074d691ab7131ff36e41eacb916320,manual_run_1,2026-06-24 00:58:51.234
20261001,2026-10-01,2026,2,4,10,Outubro,2026-10,40,1,5,Quinta-feira,False,b2e75b4d249fe34fbd0b1b031329364e0cd70335daa93c1711acb64f4e9390d7,manual_run_1,2026-06-24 00:58:51.234
20261002,2026-10-02,2026,2,4,10,Outubro,2026-10,40,2,6,Sexta-feira,False,bc32f2c7a28e9efedee868c11151995935d95a659a60263a1c83563f8f579818,manual_run_1,2026-06-24 00:58:51.234
20261003,2026-10-03,2026,2,4,10,Outubro,2026-10,40,3,7,Sábado,True,79f541e6de8f20383700b74f4d18e6eb26118fa3a8bd22e667e0cc6370474696,manual_run_1,2026-06-24 00:58:51.234
20261004,2026-10-04,2026,2,4,10,Outubro,2026-10,40,4,1,Domingo,True,0814e25cee77c896c1a830dbe2dbcc3924b0a2ed54d8068f4c08c5c4eb07c2de,manual_run_1,2026-06-24 00:58:51.234
20261005,2026-10-05,2026,2,4,10,Outubro,2026-10,41,5,2,Segunda-feira,False,1cb4b6028088a427292696133944a92adcbff04ebda88d1f24a2762e8ee7c775,manual_run_1,2026-06-24 00:58:51.234
20261006,2026-10-06,2026,2,4,10,Outubro,2026-10,41,6,3,Terça-feira,False,4cbe773429509a4ec0cf3f9a3e3b18e058ef5afbab3ef98275a3fd4b5625c652,manual_run_1,2026-06-24 00:58:51.234
20261007,2026-10-07,2026,2,4,10,Outubro,2026-10,41,7,4,Quarta-feira,False,4ff851a1cace8f8b90d9710eff65ac0fd71f0f2d9a3602548514c295fa492e25,manual_run_1,2026-06-24 00:58:51.234
20261008,2026-10-08,2026,2,4,10,Outubro,2026-10,41,8,5,Quinta-feira,False,88d47f4fe9773c6ea31815e631572b5fbef05fb6ba42dfb6ce1a5c8aad9274c9,manual_run_1,2026-06-24 00:58:51.234
20261009,2026-10-09,2026,2,4,10,Outubro,2026-10,41,9,6,Sexta-feira,False,75b88a8d40b0fea4502b94d0b4f09ecda584630b9e361b1a38b664fbeaabea9d,manual_run_1,2026-06-24 00:58:51.234
20261010,2026-10-10,2026,2,4,10,Outubro,2026-10,41,10,7,Sábado,True,17e447e6360555678d3ac644cf1df06785c90d80ff7be851328fb230c2bbfb5c,manual_run_1,2026-06-24 00:58:51.234
20261011,2026-10-11,2026,2,4,10,Outubro,2026-10,41,11,1,Domingo,True,8d72ed2c41e41a32fed7941159b3b16640f1e1bc95cb8299f58a080230052e4a,manual_run_1,2026-06-24 00:58:51.234
20261012,2026-10-12,2026,2,4,10,Outubro,2026-10,42,12,2,Segunda-feira,False,21654712caeda51113e22c928b19a9e4b4e547f599481342c9dbc0e654e096a8,manual_run_1,2026-06-24 00:58:51.234
20261013,2026-10-13,2026,2,4,10,Outubro,2026-10,42,13,3,Terça-feira,False,d7903e1e49326b38daaa06142fff6a192ceb9e8eb3b86d8cee931f1f063f843a,manual_run_1,2026-06-24 00:58:51.234
20261014,2026-10-14,2026,2,4,10,Outubro,2026-10,42,14,4,Quarta-feira,False,e4bc281979b8d620155e4e0afa05be0bc12b357006e4b85d59eb5b3099efb2e4,manual_run_1,2026-06-24 00:58:51.234
20261015,2026-10-15,2026,2,4,10,Outubro,2026-10,42,15,5,Quinta-feira,False,202cf211036e19d43e3388547e8e6f91e3d0d5694564664a37e863b004623fa5,manual_run_1,2026-06-24 00:58:51.234
20261016,2026-10-16,2026,2,4,10,Outubro,2026-10,42,16,6,Sexta-feira,False,ce0f37e37dbc05d8b1ba928c44d40fd8faf4832d1ec68854b0de10dc48dee0af,manual_run_1,2026-06-24 00:58:51.234
20261017,2026-10-17,2026,2,4,10,Outubro,2026-10,42,17,7,Sábado,True,56381720ffeefcb37667d083257803d8f526853c56a910dd210e32c82bd30f9b,manual_run_1,2026-06-24 00:58:51.234
20261018,2026-10-18,2026,2,4,10,Outubro,2026-10,42,18,1,Domingo,True,c0f923a430cc87accdd446a0a97086fcd70970ba740dc05c840dbdfe6a8f8d02,manual_run_1,2026-06-24 00:58:51.234
20261019,2026-10-19,2026,2,4,10,Outubro,2026-10,43,19,2,Segunda-feira,False,26dd1a40f912ffd78324f0f03bce02ea279d2298266e54bacccca248a99284bf,manual_run_1,2026-06-24 00:58:51.234
20261020,2026-10-20,2026,2,4,10,Outubro,2026-10,43,20,3,Terça-feira,False,213376bbcb5646ce376b490af4b25ee70c2f755cd884652de67d10f1582e6fad,manual_run_1,2026-06-24 00:58:51.234
20261021,2026-10-21,2026,2,4,10,Outubro,2026-10,43,21,4,Quarta-feira,False,8acc70535809ec9dfe3c38887761f791f501236a89bb0dbfcc98af26174215bb,manual_run_1,2026-06-24 00:58:51.234
20261022,2026-10-22,2026,2,4,10,Outubro,2026-10,43,22,5,Quinta-feira,False,0a1b53c0472e4976c5890b31a2afc17c522bcf02af6afcc9b89f0814b7f1f35b,manual_run_1,2026-06-24 00:58:51.234
20261023,2026-10-23,2026,2,4,10,Outubro,2026-10,43,23,6,Sexta-feira,False,07cf670fab91adcfa116894c2a61d2004cefb822375666fd12b00afd2c16f855,manual_run_1,2026-06-24 00:58:51.234
20261024,2026-10-24,2026,2,4,10,Outubro,2026-10,43,24,7,Sábado,True,95bf485734244464496905c56e3706882fe69548c49ef8c1fb5b9fecb3edce67,manual_run_1,2026-06-24 00:58:51.234
20261025,2026-10-25,2026,2,4,10,Outubro,2026-10,43,25,1,Domingo,True,cf38280eb93d54ffb1dabc0f9651291bbc980c286d1c2bfff9a5de6d7daf82bf,manual_run_1,2026-06-24 00:58:51.234
20261026,2026-10-26,2026,2,4,10,Outubro,2026-10,44,26,2,Segunda-feira,False,76c5bf04a98a0feb9c517db4d4332ba242c696a289919450102ce2aa55bbced3,manual_run_1,2026-06-24 00:58:51.234
20261027,2026-10-27,2026,2,4,10,Outubro,2026-10,44,27,3,Terça-feira,False,4e3537e22a988bd1c6c9f0f7e0c5793a12018ee49a9503f5ee79813fe4009cd8,manual_run_1,2026-06-24 00:58:51.234
20261028,2026-10-28,2026,2,4,10,Outubro,2026-10,44,28,4,Quarta-feira,False,24cc909e33c430e84d2ac67afaebcc596cd3d91f8f46b50129b0e97e4c52ebfd,manual_run_1,2026-06-24 00:58:51.234
20261029,2026-10-29,2026,2,4,10,Outubro,2026-10,44,29,5,Quinta-feira,False,fb557d1e1600264717a1fcc7271a5db1a52a0251d381590b297fa947194f90eb,manual_run_1,2026-06-24 00:58:51.234
20261030,2026-10-30,2026,2,4,10,Outubro,2026-10,44,30,6,Sexta-feira,False,dc9c4d5d66a0e44d13e1329b67cdb2d7713cf6284780d92631daa60241f7cd71,manual_run_1,2026-06-24 00:58:51.234
20261031,2026-10-31,2026,2,4,10,Outubro,2026-10,44,31,7,Sábado,True,8299a512b4d6505e57df48767418818a3b58ba9be3d60feab0f7fc9c4c7ba195,manual_run_1,2026-06-24 00:58:51.234
20261101,2026-11-01,2026,2,4,11,Novembro,2026-11,44,1,1,Domingo,True,6fde06f1777d93cd1b80f9816dbcee692ac8395819ba91bae08cfff2c012626f,manual_run_1,2026-06-24 00:58:51.234
20261102,2026-11-02,2026,2,4,11,Novembro,2026-11,45,2,2,Segunda-feira,False,49dd6d0bcc5f2345c41dcaed6450b0c0665ce6cad6bf3248b8c36c41f41e449c,manual_run_1,2026-06-24 00:58:51.234
20261103,2026-11-03,2026,2,4,11,Novembro,2026-11,45,3,3,Terça-feira,False,37f0aa77c6431c0bbddd8c4bbf723f1cb347f9fe2f50447c37333dcb212851ba,manual_run_1,2026-06-24 00:58:51.234
20261104,2026-11-04,2026,2,4,11,Novembro,2026-11,45,4,4,Quarta-feira,False,0ce6352d8b3595e9dd37784f6c0bacef3fd236a88297e76b983899eb637d9543,manual_run_1,2026-06-24 00:58:51.234
20261105,2026-11-05,2026,2,4,11,Novembro,2026-11,45,5,5,Quinta-feira,False,f0b9f98b61db10d9a20e5ebd174497d7adfff8587b49f50bd6945d47fe578b9e,manual_run_1,2026-06-24 00:58:51.234
20261106,2026-11-06,2026,2,4,11,Novembro,2026-11,45,6,6,Sexta-feira,False,359d1d656e0759a35e081a452e933aeeb9a15c90a9173e129da561fd41988165,manual_run_1,2026-06-24 00:58:51.234
20261107,2026-11-07,2026,2,4,11,Novembro,2026-11,45,7,7,Sábado,True,84eb75cc9b67f968fa8bf229561da969ef15be0c6f583b3549f51e35a7213670,manual_run_1,2026-06-24 00:58:51.234
20261108,2026-11-08,2026,2,4,11,Novembro,2026-11,45,8,1,Domingo,True,5a04fd2af1db3425488e2eb9c427f806484e723dd42dbd95fbf65f7e401d2248,manual_run_1,2026-06-24 00:58:51.234
20261109,2026-11-09,2026,2,4,11,Novembro,2026-11,46,9,2,Segunda-feira,False,037610cf62f7baa62acd26572cdc03606ac7c8f2fe4db1142e0a91498c1cbd1a,manual_run_1,2026-06-24 00:58:51.234
20261110,2026-11-10,2026,2,4,11,Novembro,2026-11,46,10,3,Terça-feira,False,d7f5b5f4f169ae323ca0a371f8720552c9b604bb34a344da76e86a1eb06965a5,manual_run_1,2026-06-24 00:58:51.234
20261111,2026-11-11,2026,2,4,11,Novembro,2026-11,46,11,4,Quarta-feira,False,65d2db8066a7c72e6477a1a58c20eab4e74e37f2c92a571b5cb4044ab48fa944,manual_run_1,2026-06-24 00:58:51.234
20261112,2026-11-12,2026,2,4,11,Novembro,2026-11,46,12,5,Quinta-feira,False,d78d849946c0acf65e7faec438071f3d897ea146195279aaaa033e143788d377,manual_run_1,2026-06-24 00:58:51.234
20261113,2026-11-13,2026,2,4,11,Novembro,2026-11,46,13,6,Sexta-feira,False,58a875ecb2a505280476c1823d13168054c627bb21a6de54921c32ef638fc6e5,manual_run_1,2026-06-24 00:58:51.234
20261114,2026-11-14,2026,2,4,11,Novembro,2026-11,46,14,7,Sábado,True,dd8c502ce63bc8e9b0fadc548e91f463ec6d40b6951ebb36982d8f78591e4731,manual_run_1,2026-06-24 00:58:51.234
20261115,2026-11-15,2026,2,4,11,Novembro,2026-11,46,15,1,Domingo,True,77af122c478903477f4bbde29c7e8ae4435e56b73b76b52fccf6b83ed7dacf6f,manual_run_1,2026-06-24 00:58:51.234
20261116,2026-11-16,2026,2,4,11,Novembro,2026-11,47,16,2,Segunda-feira,False,2e78fcb52e7747f2d75d7bfc2e13efdeb7c2f5861a60bb364dc40cd255d91fb1,manual_run_1,2026-06-24 00:58:51.234
20261117,2026-11-17,2026,2,4,11,Novembro,2026-11,47,17,3,Terça-feira,False,aa74bb72cdbb7fe0203c8f36c3455c97339bdcb13b90293f6387ad645233fb9a,manual_run_1,2026-06-24 00:58:51.234
20261118,2026-11-18,2026,2,4,11,Novembro,2026-11,47,18,4,Quarta-feira,False,c98138b35c1fd04bd39174bb7a02c6f8c7d9f1db744f0652c9b0a58810942e34,manual_run_1,2026-06-24 00:58:51.234
20261119,2026-11-19,2026,2,4,11,Novembro,2026-11,47,19,5,Quinta-feira,False,fb024b39166dbccd4e9d089b5601e3d3c7a10b4f6da682c570e5aa120aaf8a77,manual_run_1,2026-06-24 00:58:51.234
20261120,2026-11-20,2026,2,4,11,Novembro,2026-11,47,20,6,Sexta-feira,False,5c0168431b7d945630caf6a46953278aafde33cfbed2161166f964e1493a099c,manual_run_1,2026-06-24 00:58:51.234
20261121,2026-11-21,2026,2,4,11,Novembro,2026-11,47,21,7,Sábado,True,22ebc0ad86f1e65abbef96d64cfd3bd0b88068fc2993caa2e0dff65d30e3433d,manual_run_1,2026-06-24 00:58:51.234
20261122,2026-11-22,2026,2,4,11,Novembro,2026-11,47,22,1,Domingo,True,42b3fdaa66afc5e352a828a0d0fbcca77b9f682c38a71d12a9a27a548781ed16,manual_run_1,2026-06-24 00:58:51.234
20261123,2026-11-23,2026,2,4,11,Novembro,2026-11,48,23,2,Segunda-feira,False,bce86794602f40aff4776a5783452e09fd373ca5b7d9bc3c93201529cc53c809,manual_run_1,2026-06-24 00:58:51.234
20261124,2026-11-24,2026,2,4,11,Novembro,2026-11,48,24,3,Terça-feira,False,f78a3b9ab5fd4b8550df9af9b5ca903f8fc0015359892bcce358fded209faee0,manual_run_1,2026-06-24 00:58:51.234
20261125,2026-11-25,2026,2,4,11,Novembro,2026-11,48,25,4,Quarta-feira,False,c0c84c4f2263ad9289b0995cdfa489d0c99b0675d76c55755c3a9474e60cbbec,manual_run_1,2026-06-24 00:58:51.234
20261126,2026-11-26,2026,2,4,11,Novembro,2026-11,48,26,5,Quinta-feira,False,2aec9ef96861ce7aa37d5e8f46f18c396c0d0f3c6c45795997febd9cacdfe6ff,manual_run_1,2026-06-24 00:58:51.234
20261127,2026-11-27,2026,2,4,11,Novembro,2026-11,48,27,6,Sexta-feira,False,6f7be8c1b0cda28766a5271b87ac8c48b31f0200d0437c294a08bd1e2f591a89,manual_run_1,2026-06-24 00:58:51.234
20261128,2026-11-28,2026,2,4,11,Novembro,2026-11,48,28,7,Sábado,True,f6829358181be3f3c04c88225533ea6275bfc4e81aa97dfb1e0fb31ce2c2b167,manual_run_1,2026-06-24 00:58:51.234
20261129,2026-11-29,2026,2,4,11,Novembro,2026-11,48,29,1,Domingo,True,cdd91bd172e9c7dc887144386e93bd0832f29b1893c963d4de266505060c172b,manual_run_1,2026-06-24 00:58:51.234
20261130,2026-11-30,2026,2,4,11,Novembro,2026-11,49,30,2,Segunda-feira,False,f841ab96763ecc18a6fd2e1bc0ac9614d5f5ac6a94c23e08ab04e1eaee26489e,manual_run_1,2026-06-24 00:58:51.234
20261201,2026-12-01,2026,2,4,12,Dezembro,2026-12,49,1,3,Terça-feira,False,2b4647e9c9bdfa8d11b875ff0dd19296e80d07bb6cf6845c8877e08d8ee2f12c,manual_run_1,2026-06-24 00:58:51.234
20261202,2026-12-02,2026,2,4,12,Dezembro,2026-12,49,2,4,Quarta-feira,False,e399b2b003676fd3f5ad137f65b9ff091b1f57e3b4d1b01f62b83c38a1e17131,manual_run_1,2026-06-24 00:58:51.234
20261203,2026-12-03,2026,2,4,12,Dezembro,2026-12,49,3,5,Quinta-feira,False,76aa8768e2ff226af0de0ce39e0c9c4afdc25a4815bd89c9cbd9c63651fdd110,manual_run_1,2026-06-24 00:58:51.234
20261204,2026-12-04,2026,2,4,12,Dezembro,2026-12,49,4,6,Sexta-feira,False,a6588d1570c7acbbe1a25e455af79a6460137edd23f8e714c326f6a3c4814e71,manual_run_1,2026-06-24 00:58:51.234
20261205,2026-12-05,2026,2,4,12,Dezembro,2026-12,49,5,7,Sábado,True,1220c5d82636edc9c5b784956d3f418d5262e1a79a854946cddb3b5cbf7f3fc3,manual_run_1,2026-06-24 00:58:51.234
20261206,2026-12-06,2026,2,4,12,Dezembro,2026-12,49,6,1,Domingo,True,279e0bb8b0064c5f2f15a12c4a586a652f88c62abe2a88e7685f737d1b0c73a8,manual_run_1,2026-06-24 00:58:51.234
20261207,2026-12-07,2026,2,4,12,Dezembro,2026-12,50,7,2,Segunda-feira,False,d76b14f4090b3627ad434b580c9a09990b30a007aef32db63c5f840b8d1c8e95,manual_run_1,2026-06-24 00:58:51.234
20261208,2026-12-08,2026,2,4,12,Dezembro,2026-12,50,8,3,Terça-feira,False,4c418a993e58f093fba383be79cbd5d68dcb4ea2927edadf18e810dbc175bc14,manual_run_1,2026-06-24 00:58:51.234
20261209,2026-12-09,2026,2,4,12,Dezembro,2026-12,50,9,4,Quarta-feira,False,2755cf7566a7035ac38c79d557a15c76bdaa33d4af7ed1ee4ba080600e342cb4,manual_run_1,2026-06-24 00:58:51.234
20261210,2026-12-10,2026,2,4,12,Dezembro,2026-12,50,10,5,Quinta-feira,False,15891b93cc613cb458adde08add234809c652dc4d912571437c2731f5553aeb6,manual_run_1,2026-06-24 00:58:51.234
20261211,2026-12-11,2026,2,4,12,Dezembro,2026-12,50,11,6,Sexta-feira,False,382cd3e57b3ea821d63cf770b9d5417389d73f145a1d700a88dc7c0bab055409,manual_run_1,2026-06-24 00:58:51.234
20261212,2026-12-12,2026,2,4,12,Dezembro,2026-12,50,12,7,Sábado,True,ad6abc1f34aa6b57c1c0a5242f527f659197449a7d036640d66e9c15f11b32be,manual_run_1,2026-06-24 00:58:51.234
20261213,2026-12-13,2026,2,4,12,Dezembro,2026-12,50,13,1,Domingo,True,a90cc5a8a46ba07e93d3e6876b2f9fd5d756ce78ecb47d09cbad96fa527b47c0,manual_run_1,2026-06-24 00:58:51.234
20261214,2026-12-14,2026,2,4,12,Dezembro,2026-12,51,14,2,Segunda-feira,False,6de1a7afa62cc48c03a1be1fa7b5ca81c700cfddf6191a1c6841e3706a1bb167,manual_run_1,2026-06-24 00:58:51.234
20261215,2026-12-15,2026,2,4,12,Dezembro,2026-12,51,15,3,Terça-feira,False,ed8ecbe50ffc494e82373179569b504d61d9cff53c4a1021148eec352aa2d092,manual_run_1,2026-06-24 00:58:51.234
20261216,2026-12-16,2026,2,4,12,Dezembro,2026-12,51,16,4,Quarta-feira,False,f4e66b6815e4739a5d0ec23a4c85e1aa3ad653ca96966f653a814130a8f0881e,manual_run_1,2026-06-24 00:58:51.234
20261217,2026-12-17,2026,2,4,12,Dezembro,2026-12,51,17,5,Quinta-feira,False,691d2e32cf4cf7bf4579d230698f795e3bcb2379f354a8e17e4d248c38da0963,manual_run_1,2026-06-24 00:58:51.234
20261218,2026-12-18,2026,2,4,12,Dezembro,2026-12,51,18,6,Sexta-feira,False,394e3d0838c8e7b4fcfca7fb8a6dbf69ddb4d0d48ef1d5f62ef6847c9cb0b640,manual_run_1,2026-06-24 00:58:51.234
20261219,2026-12-19,2026,2,4,12,Dezembro,2026-12,51,19,7,Sábado,True,02beae556542a47015f8bbf254f62eaa7b56744131603c6cb74c2f6af35e1059,manual_run_1,2026-06-24 00:58:51.234
20261220,2026-12-20,2026,2,4,12,Dezembro,2026-12,51,20,1,Domingo,True,75483d7c37e46765e1b937c1a5131b678996a4d041c6e9ac00f61c1cc367d229,manual_run_1,2026-06-24 00:58:51.234
20261221,2026-12-21,2026,2,4,12,Dezembro,2026-12,52,21,2,Segunda-feira,False,4355a982ed2b0de701f7ba935834974336e815aebbd475a2e52fffdeb05a3e44,manual_run_1,2026-06-24 00:58:51.234
20261222,2026-12-22,2026,2,4,12,Dezembro,2026-12,52,22,3,Terça-feira,False,41563782a2c45ca51a9222dca85c459a82faae2669c19641b3af7e645178f59b,manual_run_1,2026-06-24 00:58:51.234
20261223,2026-12-23,2026,2,4,12,Dezembro,2026-12,52,23,4,Quarta-feira,False,6e1cfd5cbbbba49ddd241492e4ab66e76bd573d88ac7c5b05dceddf2988bf34f,manual_run_1,2026-06-24 00:58:51.234
20261224,2026-12-24,2026,2,4,12,Dezembro,2026-12,52,24,5,Quinta-feira,False,07a0f6a36f85f4bbf59de22108cbb1a80b430076dee3e113d3fcc8b09b66adfd,manual_run_1,2026-06-24 00:58:51.234
20261225,2026-12-25,2026,2,4,12,Dezembro,2026-12,52,25,6,Sexta-feira,False,2956b200fa75f3b3905b1e5d60b18b0e9ccbcbe2a341cf79eea53ff43b9cc039,manual_run_1,2026-06-24 00:58:51.234
20261226,2026-12-26,2026,2,4,12,Dezembro,2026-12,52,26,7,Sábado,True,2e87419b48367bb43ae638036f0bff52cecd2e2cecba225f4047502f482f6119,manual_run_1,2026-06-24 00:58:51.234
20261227,2026-12-27,2026,2,4,12,Dezembro,2026-12,52,27,1,Domingo,True,703da9ecaf074f86cadb72f09498872dc126aaeafff7aa39dbeb9eeb63bc8307,manual_run_1,2026-06-24 00:58:51.234
20261228,2026-12-28,2026,2,4,12,Dezembro,2026-12,53,28,2,Segunda-feira,False,9e29f65ac81d1d7b831e969a5eb86824a9a53261dee75c2a02eb58dc19b12a43,manual_run_1,2026-06-24 00:58:51.234
20261229,2026-12-29,2026,2,4,12,Dezembro,2026-12,53,29,3,Terça-feira,False,d8b574c13efe4b8cf24884c13bcb94cc2714179cc975a853a97c2241e7a0778c,manual_run_1,2026-06-24 00:58:51.234
20261230,2026-12-30,2026,2,4,12,Dezembro,2026-12,53,30,4,Quarta-feira,False,f7dac9c4bb47efc1a400ef797cb95e70169442d1e75103b0c08f859faef87ab8,manual_run_1,2026-06-24 00:58:51.234
20261231,2026-12-31,2026,2,4,12,Dezembro,2026-12,53,31,5,Quinta-feira,False,c199f693b73a62f6ad53cc1b30ef42cf6e878d5a1c3291538af0bc5bfac82427,manual_run_1,2026-06-24 00:58:51.234
20270101,2027-01-01,2027,1,1,1,Janeiro,2027-01,53,1,6,Sexta-feira,False,c1e038ca2d5ce8d23b3c062b4bd2f0a7eecaec3f3876c6e5a31c37a26c6b31c5,manual_run_1,2026-06-24 00:58:51.234
20270102,2027-01-02,2027,1,1,1,Janeiro,2027-01,53,2,7,Sábado,True,1e495e71d14f870c46de121596c161d193181b928c8d975c23086283a759e1ee,manual_run_1,2026-06-24 00:58:51.234
20270103,2027-01-03,2027,1,1,1,Janeiro,2027-01,53,3,1,Domingo,True,0f64ac1c6f4ace6838b357af0a25289f7f04cfa3559970fe2f9e0e72ad14fc29,manual_run_1,2026-06-24 00:58:51.234
20270104,2027-01-04,2027,1,1,1,Janeiro,2027-01,1,4,2,Segunda-feira,False,0c7df7ddca244d65e89ef4ff83e05b2beccc16f24e04926d1963229e44dabbcd,manual_run_1,2026-06-24 00:58:51.234
20270105,2027-01-05,2027,1,1,1,Janeiro,2027-01,1,5,3,Terça-feira,False,2c392aa678b5dc258f2ffb65efda09155b8aadf76e6b7b3365c0a14697e4fc52,manual_run_1,2026-06-24 00:58:51.234
20270106,2027-01-06,2027,1,1,1,Janeiro,2027-01,1,6,4,Quarta-feira,False,43d1116fa48e6cbc7e551c9cef5505a0be40b13a2f7dc60df6a51635cc9efd3f,manual_run_1,2026-06-24 00:58:51.234
20270107,2027-01-07,2027,1,1,1,Janeiro,2027-01,1,7,5,Quinta-feira,False,4c27d11feb76dd5ac9d5e77aea4b10717f77278132a9a1b280edf6e104640e2a,manual_run_1,2026-06-24 00:58:51.234
20270108,2027-01-08,2027,1,1,1,Janeiro,2027-01,1,8,6,Sexta-feira,False,16aa65d3e3735341054b8ec15b50744239cb7cea5938934156a6752fb28f93ae,manual_run_1,2026-06-24 00:58:51.234
20270109,2027-01-09,2027,1,1,1,Janeiro,2027-01,1,9,7,Sábado,True,3c328741a0a5f024fe84a7a168718eeb145172765580917fd192ba602dfbcbfa,manual_run_1,2026-06-24 00:58:51.234
20270110,2027-01-10,2027,1,1,1,Janeiro,2027-01,1,10,1,Domingo,True,885a54fed1c5b19c10d302e50839fd5d6d798707537eabf1b21f3dd43876861b,manual_run_1,2026-06-24 00:58:51.234
20270111,2027-01-11,2027,1,1,1,Janeiro,2027-01,2,11,2,Segunda-feira,False,7d3706674613001a2bcf81df1bbfb67023967913de3e93b57f801fa6a3894061,manual_run_1,2026-06-24 00:58:51.234
20270112,2027-01-12,2027,1,1,1,Janeiro,2027-01,2,12,3,Terça-feira,False,5376b0f412e111f981fd3912b319424a08842660852acb270c79579da2a578a2,manual_run_1,2026-06-24 00:58:51.234
20270113,2027-01-13,2027,1,1,1,Janeiro,2027-01,2,13,4,Quarta-feira,False,71a527b313ca4200a355c94948e2ffd69cb6936eae2b8f8d206bd312814746da,manual_run_1,2026-06-24 00:58:51.234
20270114,2027-01-14,2027,1,1,1,Janeiro,2027-01,2,14,5,Quinta-feira,False,ecdd5ec5b4d06acd5bbe962cd8a7f6c95522f6d2f994a355a344a4d50f8044fd,manual_run_1,2026-06-24 00:58:51.234
20270115,2027-01-15,2027,1,1,1,Janeiro,2027-01,2,15,6,Sexta-feira,False,66360b404e941605e2f9237773bb438d66471d2bb1ed4be65f3d0783b8fd806f,manual_run_1,2026-06-24 00:58:51.234
20270116,2027-01-16,2027,1,1,1,Janeiro,2027-01,2,16,7,Sábado,True,8c75292f86b8435d21a94e5daf35046a20ebbdfb230bc53d0132ec84ca3d7c49,manual_run_1,2026-06-24 00:58:51.234
20270117,2027-01-17,2027,1,1,1,Janeiro,2027-01,2,17,1,Domingo,True,8fcc1d85b1ad4f02075485e076dafc080b406609efd1f449692577b6e36f9e38,manual_run_1,2026-06-24 00:58:51.234
20270118,2027-01-18,2027,1,1,1,Janeiro,2027-01,3,18,2,Segunda-feira,False,8b96c449a80a925c12a902d1c6d148f994d64af5f6cae71ffc9ae0d8562564c8,manual_run_1,2026-06-24 00:58:51.234
20270119,2027-01-19,2027,1,1,1,Janeiro,2027-01,3,19,3,Terça-feira,False,8fc9640562d05e865fb14fbad3404c8af442228b57f9cec8e1812dd9187f1d1b,manual_run_1,2026-06-24 00:58:51.234
20270120,2027-01-20,2027,1,1,1,Janeiro,2027-01,3,20,4,Quarta-feira,False,541fed84d8b88b5aaaec234ee2579337ea39557de98ca4f78948d1d0ab5286a8,manual_run_1,2026-06-24 00:58:51.234
20270121,2027-01-21,2027,1,1,1,Janeiro,2027-01,3,21,5,Quinta-feira,False,1d3cb71456d924f4d049d95da506e9e749d5302c7b0c0dbb2cfc131c1fe05e90,manual_run_1,2026-06-24 00:58:51.234
20270122,2027-01-22,2027,1,1,1,Janeiro,2027-01,3,22,6,Sexta-feira,False,b8d9b605663164fb2f290c7c1b113b8d566df687caf46be86d208003f284cd4b,manual_run_1,2026-06-24 00:58:51.234
20270123,2027-01-23,2027,1,1,1,Janeiro,2027-01,3,23,7,Sábado,True,467e30b460a972de55862a7990f048ca29d6bdab62a8a736443b40040e812462,manual_run_1,2026-06-24 00:58:51.234
20270124,2027-01-24,2027,1,1,1,Janeiro,2027-01,3,24,1,Domingo,True,7dbf5821a1972c73409fe0a6ce58c749c2f2567fb74ec115198b20d1da112e8e,manual_run_1,2026-06-24 00:58:51.234
20270125,2027-01-25,2027,1,1,1,Janeiro,2027-01,4,25,2,Segunda-feira,False,3a6d49655e9810f07500b079873188f0681a10280925a5103458f9f20228c668,manual_run_1,2026-06-24 00:58:51.234
20270126,2027-01-26,2027,1,1,1,Janeiro,2027-01,4,26,3,Terça-feira,False,f39ca92419beaca39c84d04ffdad5eed00a8108285988166fbf263f478139e91,manual_run_1,2026-06-24 00:58:51.234
20270127,2027-01-27,2027,1,1,1,Janeiro,2027-01,4,27,4,Quarta-feira,False,2df7ec7b99db9e74bf8d4c2c292a268cae708a385b9bbc73ce562a1b112d8b57,manual_run_1,2026-06-24 00:58:51.234
20270128,2027-01-28,2027,1,1,1,Janeiro,2027-01,4,28,5,Quinta-feira,False,45493a663e87361da56ad36157f9ee57fbc165f707a9fcd7add49f991f9e00ee,manual_run_1,2026-06-24 00:58:51.234
20270129,2027-01-29,2027,1,1,1,Janeiro,2027-01,4,29,6,Sexta-feira,False,e7a16c7bbfaf2a6403d3bba647c8cb989d9767f58d57fb4a3bcca7cae2cec653,manual_run_1,2026-06-24 00:58:51.234
20270130,2027-01-30,2027,1,1,1,Janeiro,2027-01,4,30,7,Sábado,True,868776761595ac53c569298f261183e28f02713c605d435fe4328cdc05d5ba58,manual_run_1,2026-06-24 00:58:51.234
20270131,2027-01-31,2027,1,1,1,Janeiro,2027-01,4,31,1,Domingo,True,a98522876e3bf2c700fc5908ca53c5e57929f78bc96e15d7e72bd54f12cd60dd,manual_run_1,2026-06-24 00:58:51.234
20270201,2027-02-01,2027,1,1,2,Fevereiro,2027-02,5,1,2,Segunda-feira,False,6df2751585af720cab8f0b63a89cfda966c391c9668e9684c38cdf1aede83e8c,manual_run_1,2026-06-24 00:58:51.234
20270202,2027-02-02,2027,1,1,2,Fevereiro,2027-02,5,2,3,Terça-feira,False,665dcd7aca18b7b543a11c7130212592536b5e64a13235cfe7c91a0df82ca63a,manual_run_1,2026-06-24 00:58:51.234
20270203,2027-02-03,2027,1,1,2,Fevereiro,2027-02,5,3,4,Quarta-feira,False,81e86eb8324253af04c62af0654963c9591edccb130b545903d8700df265defd,manual_run_1,2026-06-24 00:58:51.234
20270204,2027-02-04,2027,1,1,2,Fevereiro,2027-02,5,4,5,Quinta-feira,False,8215f4b835b59cbd793c26a1db0ad957fd24e20dc6c53a621070c52ec69bde3a,manual_run_1,2026-06-24 00:58:51.234
20270205,2027-02-05,2027,1,1,2,Fevereiro,2027-02,5,5,6,Sexta-feira,False,92cfbeb82033e3602fc83d2e8c6dcff2e96669413e8fe13236daec8d71f0ce91,manual_run_1,2026-06-24 00:58:51.234
20270206,2027-02-06,2027,1,1,2,Fevereiro,2027-02,5,6,7,Sábado,True,a7f5d5bd262e0a5747bf5f385c1f446735de3490bc72bf294ddf197ac65caf51,manual_run_1,2026-06-24 00:58:51.234
20270207,2027-02-07,2027,1,1,2,Fevereiro,2027-02,5,7,1,Domingo,True,2a490b664620ae3146bef68f74c25cfe3a804c4a8d441136b6bcc58c33fdd996,manual_run_1,2026-06-24 00:58:51.234
20270208,2027-02-08,2027,1,1,2,Fevereiro,2027-02,6,8,2,Segunda-feira,False,3f725d60df9ce800be825d8e2f9a46d919e8d57a469b3f163fac9d75b6b3992c,manual_run_1,2026-06-24 00:58:51.234
20270209,2027-02-09,2027,1,1,2,Fevereiro,2027-02,6,9,3,Terça-feira,False,17bad4f924f2a55d8763e6b0d0b9a1ce1aaeee203623616b90b0da69f2c633c7,manual_run_1,2026-06-24 00:58:51.234
20270210,2027-02-10,2027,1,1,2,Fevereiro,2027-02,6,10,4,Quarta-feira,False,2f1b6b844bda3447a0698d695ffdd9e8b829c238351270f61d490fc7c94a23da,manual_run_1,2026-06-24 00:58:51.234
20270211,2027-02-11,2027,1,1,2,Fevereiro,2027-02,6,11,5,Quinta-feira,False,4428d3fa8f0d21dc82ba9040540267c793ad1fca00727e9096c3d9512dda56dc,manual_run_1,2026-06-24 00:58:51.234
20270212,2027-02-12,2027,1,1,2,Fevereiro,2027-02,6,12,6,Sexta-feira,False,f1565a548946bf8c9e97b7c38c1afe33f8203def2ec10b2852b91ff2df0297b2,manual_run_1,2026-06-24 00:58:51.234
20270213,2027-02-13,2027,1,1,2,Fevereiro,2027-02,6,13,7,Sábado,True,79ea958444da8e2e51066ae34683a7391dc6d6cdb95ba9ff302edc5e3e0dff41,manual_run_1,2026-06-24 00:58:51.234
20270214,2027-02-14,2027,1,1,2,Fevereiro,2027-02,6,14,1,Domingo,True,deb148c3f769ccf3974c69ba6136c28b1242f1eefaa7c6a2d002685dca183a71,manual_run_1,2026-06-24 00:58:51.234
20270215,2027-02-15,2027,1,1,2,Fevereiro,2027-02,7,15,2,Segunda-feira,False,658f5870c93e8353152eaadb6830c78cc155e2394c2d205259f13fa438fa019e,manual_run_1,2026-06-24 00:58:51.234
20270216,2027-02-16,2027,1,1,2,Fevereiro,2027-02,7,16,3,Terça-feira,False,0e5580ac5338157e8e19c5af500c77eb7bdee5c44047564883ed1e14f0a3dc8f,manual_run_1,2026-06-24 00:58:51.234
20270217,2027-02-17,2027,1,1,2,Fevereiro,2027-02,7,17,4,Quarta-feira,False,9e8c818ee2fb1e925e26fa484b637d4410542c29e4cc66d97651100682edc7aa,manual_run_1,2026-06-24 00:58:51.234
20270218,2027-02-18,2027,1,1,2,Fevereiro,2027-02,7,18,5,Quinta-feira,False,52137c04c46977b4bb78484ec69ebf76e742f0382500056912c0486271d032e4,manual_run_1,2026-06-24 00:58:51.234
20270219,2027-02-19,2027,1,1,2,Fevereiro,2027-02,7,19,6,Sexta-feira,False,a3ab3b68db8fceb572c1809751e0e03de1bbe596667d3b6f9427e61cf620bdc6,manual_run_1,2026-06-24 00:58:51.234
20270220,2027-02-20,2027,1,1,2,Fevereiro,2027-02,7,20,7,Sábado,True,48e87b2fd3f2bcd611be8437ba0d8a0cd05f6e3faebb0d9fdeda78c49602dd79,manual_run_1,2026-06-24 00:58:51.234
20270221,2027-02-21,2027,1,1,2,Fevereiro,2027-02,7,21,1,Domingo,True,7c1556c5b99e2cca37a736f6670b70efdf305d7e1bca35bdb4109849329907e7,manual_run_1,2026-06-24 00:58:51.234
20270222,2027-02-22,2027,1,1,2,Fevereiro,2027-02,8,22,2,Segunda-feira,False,167baf2d2cf2b989498c295a4495de8cb436c47ac7b844ab500cb422be713945,manual_run_1,2026-06-24 00:58:51.234
20270223,2027-02-23,2027,1,1,2,Fevereiro,2027-02,8,23,3,Terça-feira,False,a272de4022ebef53d4ad2830184e865d4ee4ae921372d8668971eb211ca87c1d,manual_run_1,2026-06-24 00:58:51.234
20270224,2027-02-24,2027,1,1,2,Fevereiro,2027-02,8,24,4,Quarta-feira,False,85178a09f0afe4cb0250f89c1f293d84c1a2e0d5dfec85a899fec99644ca4502,manual_run_1,2026-06-24 00:58:51.234
20270225,2027-02-25,2027,1,1,2,Fevereiro,2027-02,8,25,5,Quinta-feira,False,fdee03a9a4d1134fa84513851e70ec08b0b0f3f1f4e582f9fdc47596c20f4f5b,manual_run_1,2026-06-24 00:58:51.234
20270226,2027-02-26,2027,1,1,2,Fevereiro,2027-02,8,26,6,Sexta-feira,False,35a286c40a1cdcd972d8e5cba9859beaa16b8ee0d71ad82c323d5f52b0688139,manual_run_1,2026-06-24 00:58:51.234
20270227,2027-02-27,2027,1,1,2,Fevereiro,2027-02,8,27,7,Sábado,True,f649a4a62d1de4134e668f59a69c7f2d28d7a52ad315b71c4d946717836b0af9,manual_run_1,2026-06-24 00:58:51.234
20270228,2027-02-28,2027,1,1,2,Fevereiro,2027-02,8,28,1,Domingo,True,cd19ee06868d70ad49188d9786783b19c903b3fb4c1dbf56eae2ade842e1e511,manual_run_1,2026-06-24 00:58:51.234
20270301,2027-03-01,2027,1,1,3,Março,2027-03,9,1,2,Segunda-feira,False,20871f33212856b420ee70ed974a4d5ab785246349ab5a82ccab12acb95521c0,manual_run_1,2026-06-24 00:58:51.234
20270302,2027-03-02,2027,1,1,3,Março,2027-03,9,2,3,Terça-feira,False,96bc60744760ca0a0554f54b6995ab19184c62eeca436f71cbf4215c31a83795,manual_run_1,2026-06-24 00:58:51.234
20270303,2027-03-03,2027,1,1,3,Março,2027-03,9,3,4,Quarta-feira,False,37f0790f42e4b2057bfe5eface61189fba4347fb71c8033d80aa7a75ddd42f09,manual_run_1,2026-06-24 00:58:51.234
20270304,2027-03-04,2027,1,1,3,Março,2027-03,9,4,5,Quinta-feira,False,3242aa0f883fc5543bbdbaab450a474e073c75fc600bb295b50392951cbe9997,manual_run_1,2026-06-24 00:58:51.234
20270305,2027-03-05,2027,1,1,3,Março,2027-03,9,5,6,Sexta-feira,False,b767ec8b082373fdb3105277c9e92a42274dd17a9af229d60736bcec8e1e04d2,manual_run_1,2026-06-24 00:58:51.234
20270306,2027-03-06,2027,1,1,3,Março,2027-03,9,6,7,Sábado,True,ef9dbcfbe9a2388e50d873de2a5370a099507f62638039eb8d38c25591e919a1,manual_run_1,2026-06-24 00:58:51.234
20270307,2027-03-07,2027,1,1,3,Março,2027-03,9,7,1,Domingo,True,45885594bafaa8cdc1b4f367abe4d498682a78277d8d3c714e2e4dab94f06683,manual_run_1,2026-06-24 00:58:51.234
20270308,2027-03-08,2027,1,1,3,Março,2027-03,10,8,2,Segunda-feira,False,168c803ada55b8519ee1dd440dc9dfbe7c1997233d5af98bc5f514a49d14dc6a,manual_run_1,2026-06-24 00:58:51.234
20270309,2027-03-09,2027,1,1,3,Março,2027-03,10,9,3,Terça-feira,False,1bd27233d318641ad4b612d38c65bc1d6eecd9c72ebca75bbe72c00b353d3ab8,manual_run_1,2026-06-24 00:58:51.234
20270310,2027-03-10,2027,1,1,3,Março,2027-03,10,10,4,Quarta-feira,False,9dad55aad3b8ba5e04d658a673c536579164bc7365fe13913a7defc3d0debee2,manual_run_1,2026-06-24 00:58:51.234
20270311,2027-03-11,2027,1,1,3,Março,2027-03,10,11,5,Quinta-feira,False,f1358c3001ee633335836def6fcafee27eada5b1ca829594453491d6eb435513,manual_run_1,2026-06-24 00:58:51.234
20270312,2027-03-12,2027,1,1,3,Março,2027-03,10,12,6,Sexta-feira,False,9b0b5fc0d6b712f84941eaf4e41d7349eb8977fdeb06a94033979c83579867a9,manual_run_1,2026-06-24 00:58:51.234
20270313,2027-03-13,2027,1,1,3,Março,2027-03,10,13,7,Sábado,True,6595371c91011524a7e8774c15ccbe1e1cc4e925e54b51f3070a32b3493da271,manual_run_1,2026-06-24 00:58:51.234
20270314,2027-03-14,2027,1,1,3,Março,2027-03,10,14,1,Domingo,True,c011aaa993b2ec75fc4abaf79f1c4af2a334e84992a10f5a3d7dcb7f8d06db3f,manual_run_1,2026-06-24 00:58:51.234
20270315,2027-03-15,2027,1,1,3,Março,2027-03,11,15,2,Segunda-feira,False,9ee0a87bd4ecc747d432b08fba3aa19d31a2fbb894a8681832d6b005d861e895,manual_run_1,2026-06-24 00:58:51.234
20270316,2027-03-16,2027,1,1,3,Março,2027-03,11,16,3,Terça-feira,False,5231f18f6907eb82b2293b629c81f1d047d2e47a53a2df9bd8be824a3cb22d52,manual_run_1,2026-06-24 00:58:51.234
20270317,2027-03-17,2027,1,1,3,Março,2027-03,11,17,4,Quarta-feira,False,53006553516d626922bff13aa4ff76e33d23ba23571d9ee18d6f3ea94f2f89f3,manual_run_1,2026-06-24 00:58:51.234
20270318,2027-03-18,2027,1,1,3,Março,2027-03,11,18,5,Quinta-feira,False,57ee41aa748c8ccd5b62c2e53dd647ff62d48608fd224430d931885a31647807,manual_run_1,2026-06-24 00:58:51.234
20270319,2027-03-19,2027,1,1,3,Março,2027-03,11,19,6,Sexta-feira,False,289fecdfa2b82513bb88eed4a71919ffb1b91a3a2bb1b39481bd6ce73e1badf0,manual_run_1,2026-06-24 00:58:51.234
20270320,2027-03-20,2027,1,1,3,Março,2027-03,11,20,7,Sábado,True,b29c1de8498d145e029c24e5dcec43ae710639640891546ebc403a629f6980c9,manual_run_1,2026-06-24 00:58:51.234
20270321,2027-03-21,2027,1,1,3,Março,2027-03,11,21,1,Domingo,True,6eff420b564399c1796b45d72a99e8dba87c36f182125a58c6fc0bea66028eda,manual_run_1,2026-06-24 00:58:51.234
20270322,2027-03-22,2027,1,1,3,Março,2027-03,12,22,2,Segunda-feira,False,3b7c6ea4cfe84bdacd09adfa7b04872980c842799a66b78497e281b0f4c300ac,manual_run_1,2026-06-24 00:58:51.234
20270323,2027-03-23,2027,1,1,3,Março,2027-03,12,23,3,Terça-feira,False,a0db659ca8031367210101c98437bc7e69313c3f00ca0b60ab3e70ebb60a3263,manual_run_1,2026-06-24 00:58:51.234
20270324,2027-03-24,2027,1,1,3,Março,2027-03,12,24,4,Quarta-feira,False,4c164b2b1d1c1ca8ee941a8aa955f86a4d1de2ba30a476e4003c905814e91f96,manual_run_1,2026-06-24 00:58:51.234
20270325,2027-03-25,2027,1,1,3,Março,2027-03,12,25,5,Quinta-feira,False,d0f951deded88d970152c81478f925f0fe87e58cd1c8bb70424b22c27da2088a,manual_run_1,2026-06-24 00:58:51.234
20270326,2027-03-26,2027,1,1,3,Março,2027-03,12,26,6,Sexta-feira,False,47f9bb4ce997ed682fab9378c7a577e20279827aa0a0ac946a466d4f2a4bc6e3,manual_run_1,2026-06-24 00:58:51.234
20270327,2027-03-27,2027,1,1,3,Março,2027-03,12,27,7,Sábado,True,0a8c4c44c5d7e5e43905e597684180d5ee1ee7643813304e97ac554c6bc20bf2,manual_run_1,2026-06-24 00:58:51.234
20270328,2027-03-28,2027,1,1,3,Março,2027-03,12,28,1,Domingo,True,39e93dda77603d65394f42cec88fe2c7058965db86cb3bbe6df6e1341200205d,manual_run_1,2026-06-24 00:58:51.234
20270329,2027-03-29,2027,1,1,3,Março,2027-03,13,29,2,Segunda-feira,False,28d5e84029237f2ddb41fe2b7fc0916c5e3971cd68672f73b3a89e2353214af9,manual_run_1,2026-06-24 00:58:51.234
20270330,2027-03-30,2027,1,1,3,Março,2027-03,13,30,3,Terça-feira,False,90e6e6c4cd2118ea131e00b067665cbff61576df7dde34c6a04f21b15a4bbf0b,manual_run_1,2026-06-24 00:58:51.234
20270331,2027-03-31,2027,1,1,3,Março,2027-03,13,31,4,Quarta-feira,False,1b9a16728f7269b65a0f1c694db64fc50897aaca80888488aa898992573799cb,manual_run_1,2026-06-24 00:58:51.234
20270401,2027-04-01,2027,1,2,4,Abril,2027-04,13,1,5,Quinta-feira,False,9f12faeafc1d4938055530c1ab9a6198b95cd48308d47e61fe95f5a32b89d0c9,manual_run_1,2026-06-24 00:58:51.234
20270402,2027-04-02,2027,1,2,4,Abril,2027-04,13,2,6,Sexta-feira,False,54e50d562bdf90b79ea9f38fba5fbb5ad72e1078c820976e1cc1c19f7d904523,manual_run_1,2026-06-24 00:58:51.234
20270403,2027-04-03,2027,1,2,4,Abril,2027-04,13,3,7,Sábado,True,243b01e865c86a95404062ef8ef7f19320553a68d3e55c0af1c63642379c0b66,manual_run_1,2026-06-24 00:58:51.234
20270404,2027-04-04,2027,1,2,4,Abril,2027-04,13,4,1,Domingo,True,cfcc144c5140ff3ec530cb99c4fd12db9977a01fde7c496596982f974ceb8da6,manual_run_1,2026-06-24 00:58:51.234
20270405,2027-04-05,2027,1,2,4,Abril,2027-04,14,5,2,Segunda-feira,False,6328f825053dc69d58b1daacc0d5d7c5f8e6119dbfc8c09d302651b94e2df2a5,manual_run_1,2026-06-24 00:58:51.234
20270406,2027-04-06,2027,1,2,4,Abril,2027-04,14,6,3,Terça-feira,False,4bbc71c5a634ccd5984ba5736e5dcb82f8d195442f5e0f73e2f83fde60a5d372,manual_run_1,2026-06-24 00:58:51.234
20270407,2027-04-07,2027,1,2,4,Abril,2027-04,14,7,4,Quarta-feira,False,46150d2de2f22f7f3499b802d9c9d951a4de30b9e2d4403c4bf0bba3ca49be14,manual_run_1,2026-06-24 00:58:51.234
20270408,2027-04-08,2027,1,2,4,Abril,2027-04,14,8,5,Quinta-feira,False,151a279276c8459cd36931a234944936a4f268e4f8619c237d09927cc5aa0a98,manual_run_1,2026-06-24 00:58:51.234
20270409,2027-04-09,2027,1,2,4,Abril,2027-04,14,9,6,Sexta-feira,False,8fdfd05251a0b434601e5876b0161ac794e69483d11334a81bb6aad19d2fdde5,manual_run_1,2026-06-24 00:58:51.234
20270410,2027-04-10,2027,1,2,4,Abril,2027-04,14,10,7,Sábado,True,47dc4ce3c2c6812bb17379b3c0b509c02cc2c371afa930fbdc44576a02c950b5,manual_run_1,2026-06-24 00:58:51.234
20270411,2027-04-11,2027,1,2,4,Abril,2027-04,14,11,1,Domingo,True,9ae70928168f3463871d107896c50b53e4c7b0a908fbcf21c271683ea19bc5b9,manual_run_1,2026-06-24 00:58:51.234
20270412,2027-04-12,2027,1,2,4,Abril,2027-04,15,12,2,Segunda-feira,False,289a7c91c2d1f226bb9b6d3b36c116ba0dddab2ae814bfde946b5525402bcb6f,manual_run_1,2026-06-24 00:58:51.234
20270413,2027-04-13,2027,1,2,4,Abril,2027-04,15,13,3,Terça-feira,False,7a1f8bb3b26ce0838c84a02e1ab2aba97b2c1c4e47cf4e8ace3b2ebd5029c04e,manual_run_1,2026-06-24 00:58:51.234
20270414,2027-04-14,2027,1,2,4,Abril,2027-04,15,14,4,Quarta-feira,False,7a47eef15cfb4236a0d864fa7087336eb285ce91c96c15479b8f5c436c335c0e,manual_run_1,2026-06-24 00:58:51.234
20270415,2027-04-15,2027,1,2,4,Abril,2027-04,15,15,5,Quinta-feira,False,ecf2344c07cb42eaa7c573a3906966b068690b5b420a8a5e16e80e45000b7ed2,manual_run_1,2026-06-24 00:58:51.234
20270416,2027-04-16,2027,1,2,4,Abril,2027-04,15,16,6,Sexta-feira,False,a514128f05bec7daed05adc01f50e1ae3a857b69aee7e3b6c22975fb70f162bf,manual_run_1,2026-06-24 00:58:51.234
20270417,2027-04-17,2027,1,2,4,Abril,2027-04,15,17,7,Sábado,True,91b337d38843de00ffd0a5178c7f9368b181b3161ab42f67f88f595fef3a53c1,manual_run_1,2026-06-24 00:58:51.234
20270418,2027-04-18,2027,1,2,4,Abril,2027-04,15,18,1,Domingo,True,9c5b31a3ef5ed85bedc65e90455219ea36ba14dd60a73f107939877a0b60b0a0,manual_run_1,2026-06-24 00:58:51.234
20270419,2027-04-19,2027,1,2,4,Abril,2027-04,16,19,2,Segunda-feira,False,5a4c14dfd478b50c3330aa99e8236ad7aed124b7a506ea59f201d397af0123a6,manual_run_1,2026-06-24 00:58:51.234
20270420,2027-04-20,2027,1,2,4,Abril,2027-04,16,20,3,Terça-feira,False,6207afe40a6425add4536e4a115575b17dbe4f9c4f1e6b07f27eb95b5da401a6,manual_run_1,2026-06-24 00:58:51.234
20270421,2027-04-21,2027,1,2,4,Abril,2027-04,16,21,4,Quarta-feira,False,4adf15a7dc44326ad88909b9ea6ffdd18d2b54e956d58a3bbca11f4feb108515,manual_run_1,2026-06-24 00:58:51.234
20270422,2027-04-22,2027,1,2,4,Abril,2027-04,16,22,5,Quinta-feira,False,eecf53cccd39df23fabce1aaed5ecd886cad5956b34269991929f0017415abf4,manual_run_1,2026-06-24 00:58:51.234
20270423,2027-04-23,2027,1,2,4,Abril,2027-04,16,23,6,Sexta-feira,False,8729fdd6bedc209b74f5e120cb0fd334ba960b886baf24cc82bcc6dcf07b1406,manual_run_1,2026-06-24 00:58:51.234
20270424,2027-04-24,2027,1,2,4,Abril,2027-04,16,24,7,Sábado,True,aad572bd438131c2dbae1e46af973cd442819dabec46e3d613befae9263a1c4d,manual_run_1,2026-06-24 00:58:51.234
20270425,2027-04-25,2027,1,2,4,Abril,2027-04,16,25,1,Domingo,True,2f879df01c7052f8688dc80a19a4e007af6a116a65267d4c3d23ac4bea4ea617,manual_run_1,2026-06-24 00:58:51.234
20270426,2027-04-26,2027,1,2,4,Abril,2027-04,17,26,2,Segunda-feira,False,09991eb400accc7c5b0c4a77f8666c1b46129d170768df6c7fec4afd40466863,manual_run_1,2026-06-24 00:58:51.234
20270427,2027-04-27,2027,1,2,4,Abril,2027-04,17,27,3,Terça-feira,False,93df7491cbe1c35e3f4ba6f7b1b553ed725fe94bfad6b55efdd375f0d22c42bf,manual_run_1,2026-06-24 00:58:51.234
20270428,2027-04-28,2027,1,2,4,Abril,2027-04,17,28,4,Quarta-feira,False,08146fabf2015c8802e611e3a4b5e6fb676812cce587915296269c155c8bbe77,manual_run_1,2026-06-24 00:58:51.234
20270429,2027-04-29,2027,1,2,4,Abril,2027-04,17,29,5,Quinta-feira,False,c779b2a4e8f740ff597d85b328eb785ce95fd858aca583afec8f576bed759d31,manual_run_1,2026-06-24 00:58:51.234
20270430,2027-04-30,2027,1,2,4,Abril,2027-04,17,30,6,Sexta-feira,False,952f4847c120ecb7a0ad100fee690f3b185659631228cc516db1ede37cde1f7a,manual_run_1,2026-06-24 00:58:51.234
20270501,2027-05-01,2027,1,2,5,Maio,2027-05,17,1,7,Sábado,True,550beb23d19926ec8fc265ad6ae58ae45cfedf30e08d736250651b1d52b68c01,manual_run_1,2026-06-24 00:58:51.234
20270502,2027-05-02,2027,1,2,5,Maio,2027-05,17,2,1,Domingo,True,a0f79ae029a0dc5c218905ce5a2f138e02c8b018b6275e6d81d6cf86b04bb9d5,manual_run_1,2026-06-24 00:58:51.234
20270503,2027-05-03,2027,1,2,5,Maio,2027-05,18,3,2,Segunda-feira,False,863244a8785848cc8f100f41324aeefb10662d2fa3d2cd50b1fea4ff5da005c0,manual_run_1,2026-06-24 00:58:51.234
20270504,2027-05-04,2027,1,2,5,Maio,2027-05,18,4,3,Terça-feira,False,81dae1e2828ac23544c8b755a03f73dab637031e0a7ffc1716e117e652dcd976,manual_run_1,2026-06-24 00:58:51.234
20270505,2027-05-05,2027,1,2,5,Maio,2027-05,18,5,4,Quarta-feira,False,e6efa14f945eb674b0bc18c3b29f35b3321c709e3039f05fc690b06ad0b97ede,manual_run_1,2026-06-24 00:58:51.234
20270506,2027-05-06,2027,1,2,5,Maio,2027-05,18,6,5,Quinta-feira,False,a026c4e3107a34593ec0d7fb8129326afee0ee964b29b7425e319eb249a145a5,manual_run_1,2026-06-24 00:58:51.234
20270507,2027-05-07,2027,1,2,5,Maio,2027-05,18,7,6,Sexta-feira,False,6d182d85d5f2df96c574f76568a6276bcbd579694bb03449b179081f3ce23929,manual_run_1,2026-06-24 00:58:51.234
20270508,2027-05-08,2027,1,2,5,Maio,2027-05,18,8,7,Sábado,True,d55d9d0d316a79c0165fe86633e353a135a219bdd273733307a5b1d6c89482f4,manual_run_1,2026-06-24 00:58:51.234
20270509,2027-05-09,2027,1,2,5,Maio,2027-05,18,9,1,Domingo,True,596c8f29d4ff2c322dccdab7a22563388d0a1a85409ae96f8a6558e107f13661,manual_run_1,2026-06-24 00:58:51.234
20270510,2027-05-10,2027,1,2,5,Maio,2027-05,19,10,2,Segunda-feira,False,95c2365294cf4a65faf9d6cf1be5d9e74142404d37b18f2d3c84b16e8dc4dd05,manual_run_1,2026-06-24 00:58:51.234
20270511,2027-05-11,2027,1,2,5,Maio,2027-05,19,11,3,Terça-feira,False,452fd59835c41459fdcf048530f786306dcd6e7db6ace965e1d749c4b0bea3f7,manual_run_1,2026-06-24 00:58:51.234
20270512,2027-05-12,2027,1,2,5,Maio,2027-05,19,12,4,Quarta-feira,False,19b0adf4d43e409d2dfb4e31e59a0dc350b5169dddfe24bd0b3ff5c63954120e,manual_run_1,2026-06-24 00:58:51.234
20270513,2027-05-13,2027,1,2,5,Maio,2027-05,19,13,5,Quinta-feira,False,beed2794100ce1e73c8b0a0cb7cafad8ad36b86dc8c92af85ec6ca674717d321,manual_run_1,2026-06-24 00:58:51.234
20270514,2027-05-14,2027,1,2,5,Maio,2027-05,19,14,6,Sexta-feira,False,4f19ba838ef9fe78d166fff95f28938593a1e44671e6c5ecc8bf2849e88e9053,manual_run_1,2026-06-24 00:58:51.234
20270515,2027-05-15,2027,1,2,5,Maio,2027-05,19,15,7,Sábado,True,3eabce9a3ae2ef9c7ec36f6965ce1b04d7b8089c7f1de6525c0ec9ba40b5323f,manual_run_1,2026-06-24 00:58:51.234
20270516,2027-05-16,2027,1,2,5,Maio,2027-05,19,16,1,Domingo,True,a769b587cfb13b51cf47d90872e513620866dc15c2c966fdac050d52ea0e7655,manual_run_1,2026-06-24 00:58:51.234
20270517,2027-05-17,2027,1,2,5,Maio,2027-05,20,17,2,Segunda-feira,False,fa3e27437634f1986a324e180e27084bed9dd05e699a8ff2531b0d6c8192a95d,manual_run_1,2026-06-24 00:58:51.234
20270518,2027-05-18,2027,1,2,5,Maio,2027-05,20,18,3,Terça-feira,False,3b93fc2eeb926ec91f37b2fc3f80130e69f38e3227d75a0c633851f94ed6ac68,manual_run_1,2026-06-24 00:58:51.234
20270519,2027-05-19,2027,1,2,5,Maio,2027-05,20,19,4,Quarta-feira,False,da0e65a0ec723807a984c5908a806172904088c65ab7cb08de2127632e66c453,manual_run_1,2026-06-24 00:58:51.234
20270520,2027-05-20,2027,1,2,5,Maio,2027-05,20,20,5,Quinta-feira,False,5cb041cc43d995cbbdd8512a6ae98e1a2b154763e7f93f83d55b631d3ff66b64,manual_run_1,2026-06-24 00:58:51.234
20270521,2027-05-21,2027,1,2,5,Maio,2027-05,20,21,6,Sexta-feira,False,4a1a3fc327fcb09fd42719f0c99bf8a3f71008707ee5680b09fa547ab3a72888,manual_run_1,2026-06-24 00:58:51.234
20270522,2027-05-22,2027,1,2,5,Maio,2027-05,20,22,7,Sábado,True,a549d3fac9c847167dda7d237504cfc526216c3a009aa8f841203be0a4ebabce,manual_run_1,2026-06-24 00:58:51.234
20270523,2027-05-23,2027,1,2,5,Maio,2027-05,20,23,1,Domingo,True,7dc6a7cace619f1a168ae8dff16cc12438993c128ec8ac2f27ee1d16c3924335,manual_run_1,2026-06-24 00:58:51.234
20270524,2027-05-24,2027,1,2,5,Maio,2027-05,21,24,2,Segunda-feira,False,b7a31bf1ff285284d609476bf49999cba792ac96c0eef956d6086fca9a8f96a4,manual_run_1,2026-06-24 00:58:51.234
20270525,2027-05-25,2027,1,2,5,Maio,2027-05,21,25,3,Terça-feira,False,0e1f860b46f744941439d1ea854451e99d08aa3d16938ad054daa06ced66f929,manual_run_1,2026-06-24 00:58:51.234
20270526,2027-05-26,2027,1,2,5,Maio,2027-05,21,26,4,Quarta-feira,False,6973e0138a3eb678f6e1c8b20a8b8cb4b841d02a66abc66094e928d4698d043e,manual_run_1,2026-06-24 00:58:51.234
20270527,2027-05-27,2027,1,2,5,Maio,2027-05,21,27,5,Quinta-feira,False,f4993ee699deffdcc0ed41ad8296290b691e1c87d576a32c7960ff64ba3d54bf,manual_run_1,2026-06-24 00:58:51.234
20270528,2027-05-28,2027,1,2,5,Maio,2027-05,21,28,6,Sexta-feira,False,3274d3da25882694f8a389f65001a69bceb6f81f883db213bb925722cbab8c21,manual_run_1,2026-06-24 00:58:51.234
20270529,2027-05-29,2027,1,2,5,Maio,2027-05,21,29,7,Sábado,True,43468e150119c979b33daa27ef73c11b85bfc34acfc1d1efb1c03a43640b8e28,manual_run_1,2026-06-24 00:58:51.234
20270530,2027-05-30,2027,1,2,5,Maio,2027-05,21,30,1,Domingo,True,256367c88da189927c205fca5e4a967ff75485f3416364d6e132f1279d424922,manual_run_1,2026-06-24 00:58:51.234
20270531,2027-05-31,2027,1,2,5,Maio,2027-05,22,31,2,Segunda-feira,False,8b8db56be0451b36a108fd9842e9b6535e74c0c38f38afd65cc93eeb003a2ceb,manual_run_1,2026-06-24 00:58:51.234
20270601,2027-06-01,2027,1,2,6,Junho,2027-06,22,1,3,Terça-feira,False,932aaf3940afbf4b1e9c7ca9846e7cd137d8b45d1839c864892c1c4fb502c240,manual_run_1,2026-06-24 00:58:51.234
20270602,2027-06-02,2027,1,2,6,Junho,2027-06,22,2,4,Quarta-feira,False,bb65cc586b42544042a74622f55b6df93c72f0a63fa214dd5c148de86f52d3bc,manual_run_1,2026-06-24 00:58:51.234
20270603,2027-06-03,2027,1,2,6,Junho,2027-06,22,3,5,Quinta-feira,False,cc51204b4f52185322b2d3bd5d5155268ced531fbaacdb642836675748eb8d9e,manual_run_1,2026-06-24 00:58:51.234
20270604,2027-06-04,2027,1,2,6,Junho,2027-06,22,4,6,Sexta-feira,False,6ac9fd52906271eaa3197326fc3053ff6ff76e1029b34cc5f1cc01032fd2bf0c,manual_run_1,2026-06-24 00:58:51.234
20270605,2027-06-05,2027,1,2,6,Junho,2027-06,22,5,7,Sábado,True,9dcf3bc9c6c0a327f62199357fef9df4c35cea8eef6efcf4a2137e5c319f55d3,manual_run_1,2026-06-24 00:58:51.234
20270606,2027-06-06,2027,1,2,6,Junho,2027-06,22,6,1,Domingo,True,f46e10b584fa48ed408e747fb2a269ee81a56d771c8c41b9642e51c7e0f41db6,manual_run_1,2026-06-24 00:58:51.234
20270607,2027-06-07,2027,1,2,6,Junho,2027-06,23,7,2,Segunda-feira,False,cf0479c61ba9de6e9900859b47ac9de03b18f5d5d8b071d8ccb25f7bcc89d3c9,manual_run_1,2026-06-24 00:58:51.234
20270608,2027-06-08,2027,1,2,6,Junho,2027-06,23,8,3,Terça-feira,False,5bb1ad0e03172b3370db8b96e0cd2b07faf0fe663e757820dae1195e83f9bfe1,manual_run_1,2026-06-24 00:58:51.234
20270609,2027-06-09,2027,1,2,6,Junho,2027-06,23,9,4,Quarta-feira,False,471ec891d6d48ac8f4c2002f9e7d6ac18c3c9f317bc936608778bd6d550690b2,manual_run_1,2026-06-24 00:58:51.234
20270610,2027-06-10,2027,1,2,6,Junho,2027-06,23,10,5,Quinta-feira,False,5cbd8e99d10c764e474d0f5ce9151580b44ca392a913c2a237dcfb9193154e23,manual_run_1,2026-06-24 00:58:51.234
20270611,2027-06-11,2027,1,2,6,Junho,2027-06,23,11,6,Sexta-feira,False,6ebe43a2cb4457de5b395b99a3cdf2f6fd58eab69a57d14c7c78af5b0e7634b2,manual_run_1,2026-06-24 00:58:51.234
20270612,2027-06-12,2027,1,2,6,Junho,2027-06,23,12,7,Sábado,True,7dde25726f6228fcb31e09479709d2c2ff92e5b122658c9106f65020c20609d5,manual_run_1,2026-06-24 00:58:51.234
20270613,2027-06-13,2027,1,2,6,Junho,2027-06,23,13,1,Domingo,True,30fb9f945be6b25d19d4874a89dbfb1fb7ed6d312d4671a8a637342e173b0a58,manual_run_1,2026-06-24 00:58:51.234
20270614,2027-06-14,2027,1,2,6,Junho,2027-06,24,14,2,Segunda-feira,False,151d360636cf06c856aee120a1fe5b2aa1cf733334dba6d4fb7927d2a37269be,manual_run_1,2026-06-24 00:58:51.234
20270615,2027-06-15,2027,1,2,6,Junho,2027-06,24,15,3,Terça-feira,False,8e272888db934fe61a28b8d7efe4be5f6ecb61dd81832782687444f75634a8e0,manual_run_1,2026-06-24 00:58:51.234
20270616,2027-06-16,2027,1,2,6,Junho,2027-06,24,16,4,Quarta-feira,False,29323dd128a7571991b975a4d0b158e25af06545baad5e0dce34d4d5dddf76be,manual_run_1,2026-06-24 00:58:51.234
20270617,2027-06-17,2027,1,2,6,Junho,2027-06,24,17,5,Quinta-feira,False,50fcc6ae5454583fe8f729e8f902183654b294c6aa6b01720dfd86ab2bafd706,manual_run_1,2026-06-24 00:58:51.234
20270618,2027-06-18,2027,1,2,6,Junho,2027-06,24,18,6,Sexta-feira,False,1676f2dfd392f548feab1980c058ee7fc389d24e30b08cb165fe67ec6ddf3f69,manual_run_1,2026-06-24 00:58:51.234
20270619,2027-06-19,2027,1,2,6,Junho,2027-06,24,19,7,Sábado,True,b7fc96cdab27562f28aede187f55ab28fd771fdc4664b479a732c7ab3e8df52e,manual_run_1,2026-06-24 00:58:51.234
20270620,2027-06-20,2027,1,2,6,Junho,2027-06,24,20,1,Domingo,True,035e72718d8d74b0401f92001dd4076ca4eb6ca7580d9c4a26d798778bd6c8d9,manual_run_1,2026-06-24 00:58:51.234
20270621,2027-06-21,2027,1,2,6,Junho,2027-06,25,21,2,Segunda-feira,False,ab617c638cf7eca07096ac7e038253df6ca84c18d3b0142385048d5b38803e45,manual_run_1,2026-06-24 00:58:51.234
20270622,2027-06-22,2027,1,2,6,Junho,2027-06,25,22,3,Terça-feira,False,684db85df39ecd7f2d6a7953e5795e2c81d5ad45a1104e9c9742e042c9c9605d,manual_run_1,2026-06-24 00:58:51.234
20270623,2027-06-23,2027,1,2,6,Junho,2027-06,25,23,4,Quarta-feira,False,0e72ef6e6e972650c324e6f7d00799ad22a360d4179f15ad0f1ddcc7705d0e0f,manual_run_1,2026-06-24 00:58:51.234
20270624,2027-06-24,2027,1,2,6,Junho,2027-06,25,24,5,Quinta-feira,False,5c4ec9404dba3f01c4b3aef905435730e7c4dc118cc699001209b47c377f75fd,manual_run_1,2026-06-24 00:58:51.234
20270625,2027-06-25,2027,1,2,6,Junho,2027-06,25,25,6,Sexta-feira,False,ae1e81e27b547ed16df7c72ffb6c0969344b584ec239f5ca001db65f9c94ce3d,manual_run_1,2026-06-24 00:58:51.234
20270626,2027-06-26,2027,1,2,6,Junho,2027-06,25,26,7,Sábado,True,08a3b0e36bfd0c9a9227c6600e9c83e1a98f296a5a9f9e04019738a796a37ffe,manual_run_1,2026-06-24 00:58:51.234
20270627,2027-06-27,2027,1,2,6,Junho,2027-06,25,27,1,Domingo,True,704edf230558838eaf5376ef2a202c8d11f0881f7ccf505b3fdc16855cd2e2fa,manual_run_1,2026-06-24 00:58:51.234
20270628,2027-06-28,2027,1,2,6,Junho,2027-06,26,28,2,Segunda-feira,False,9069bba3c2743675ed7f2ef3f4ecb34e197a04a3eae5a3201155c1bfe65d8c53,manual_run_1,2026-06-24 00:58:51.234
20270629,2027-06-29,2027,1,2,6,Junho,2027-06,26,29,3,Terça-feira,False,6980ce10da2cc5643477f5f697ffec99213ee241458393d9388a704d82199f07,manual_run_1,2026-06-24 00:58:51.234
20270630,2027-06-30,2027,1,2,6,Junho,2027-06,26,30,4,Quarta-feira,False,de6729e0cf62c4882be49b625949690e0c91b535e384f270a2fcaf0a2ed43a00,manual_run_1,2026-06-24 00:58:51.234
20270701,2027-07-01,2027,2,3,7,Julho,2027-07,26,1,5,Quinta-feira,False,cab6080fccdb42a63b9681652de129a1f64521f9abcdf204382326aa24e07069,manual_run_1,2026-06-24 00:58:51.234
20270702,2027-07-02,2027,2,3,7,Julho,2027-07,26,2,6,Sexta-feira,False,b0a849c2d22a69f8a0d5e3085b85ce82c95b769e95f319df7e07e9af78ee32fd,manual_run_1,2026-06-24 00:58:51.234
20270703,2027-07-03,2027,2,3,7,Julho,2027-07,26,3,7,Sábado,True,a46cb1d00b61a80cff1a61af1ed7660d3336ccd2ff08b6112615fcf579966e72,manual_run_1,2026-06-24 00:58:51.234
20270704,2027-07-04,2027,2,3,7,Julho,2027-07,26,4,1,Domingo,True,1cb24102447cd7ce0630332b634f5913453b288c37ddee518e6d9ed58eafd7ec,manual_run_1,2026-06-24 00:58:51.234
20270705,2027-07-05,2027,2,3,7,Julho,2027-07,27,5,2,Segunda-feira,False,73f7f467f00a4cd39d1750b7ea80c5d86fd99417dd0cfa90f6bb3406f11cde5c,manual_run_1,2026-06-24 00:58:51.234
20270706,2027-07-06,2027,2,3,7,Julho,2027-07,27,6,3,Terça-feira,False,5b4346b06d8e6b467fb4440c6c668812292c90719b84c1eff630586e12786649,manual_run_1,2026-06-24 00:58:51.234
20270707,2027-07-07,2027,2,3,7,Julho,2027-07,27,7,4,Quarta-feira,False,6e407660ba55df463126a5716e233d31b525598c41a116d0fcdbbcd1b97f98d1,manual_run_1,2026-06-24 00:58:51.234
20270708,2027-07-08,2027,2,3,7,Julho,2027-07,27,8,5,Quinta-feira,False,d7911c08fd88a522a5940bdc2ec360e6059aba54c1641d15503ac201bfa13a7d,manual_run_1,2026-06-24 00:58:51.234
20270709,2027-07-09,2027,2,3,7,Julho,2027-07,27,9,6,Sexta-feira,False,e671c70267614ee5b6ebd18b2bab5316aea6151eb63d96d3bb18405fa3acca3b,manual_run_1,2026-06-24 00:58:51.234
20270710,2027-07-10,2027,2,3,7,Julho,2027-07,27,10,7,Sábado,True,d08619bce90dc7408ffde66203d7e908e72155eae8c88fec702757e9f7450ffe,manual_run_1,2026-06-24 00:58:51.234
20270711,2027-07-11,2027,2,3,7,Julho,2027-07,27,11,1,Domingo,True,8aa43fb484124a41d8b152f7bb619596f50e12d08c60b1c2c534cc781761b6a7,manual_run_1,2026-06-24 00:58:51.234
20270712,2027-07-12,2027,2,3,7,Julho,2027-07,28,12,2,Segunda-feira,False,85b34f438d23db18558f9b043bed3c28a9e1c00947f3f51aecc980107f733799,manual_run_1,2026-06-24 00:58:51.234
20270713,2027-07-13,2027,2,3,7,Julho,2027-07,28,13,3,Terça-feira,False,5082202bdee8a7bfa51e6fea1ce1a1383c336b96bec02f9a472b5fc7cf75f699,manual_run_1,2026-06-24 00:58:51.234
20270714,2027-07-14,2027,2,3,7,Julho,2027-07,28,14,4,Quarta-feira,False,56cff7f0b6b2b8529cc6c54c430e965dc5fb04825aa4b25a4c6fa413e5001887,manual_run_1,2026-06-24 00:58:51.234
20270715,2027-07-15,2027,2,3,7,Julho,2027-07,28,15,5,Quinta-feira,False,073f53d732d1423b5ad4880eccf2cea29aa57e0fe6c9a3da115702425be677e2,manual_run_1,2026-06-24 00:58:51.234
20270716,2027-07-16,2027,2,3,7,Julho,2027-07,28,16,6,Sexta-feira,False,b7c44ba84dc1c377d7df1565954d9bcfac2e27c1a065e58f97d951495cb7f839,manual_run_1,2026-06-24 00:58:51.234
20270717,2027-07-17,2027,2,3,7,Julho,2027-07,28,17,7,Sábado,True,682b77f4075bdfb2426680c23a69dbb780153e63116e3140c7ddc905dcf787fd,manual_run_1,2026-06-24 00:58:51.234
20270718,2027-07-18,2027,2,3,7,Julho,2027-07,28,18,1,Domingo,True,47ee8fefa3332c544c72c8b575442228bd95d4b607068f6bfc47716318a7f158,manual_run_1,2026-06-24 00:58:51.234
20270719,2027-07-19,2027,2,3,7,Julho,2027-07,29,19,2,Segunda-feira,False,4cd5195802de38e83c3c5b757497ae655cd7e0640de96f7184d886b60086c969,manual_run_1,2026-06-24 00:58:51.234
20270720,2027-07-20,2027,2,3,7,Julho,2027-07,29,20,3,Terça-feira,False,5002f6aedfe345d607080a38616313e436dfe56d8a51f1b2251188a7a8288560,manual_run_1,2026-06-24 00:58:51.234
20270721,2027-07-21,2027,2,3,7,Julho,2027-07,29,21,4,Quarta-feira,False,39d7c798740ed5e7ca8df1c0b820c7ddc3c512a1e53a48243df809cd02010874,manual_run_1,2026-06-24 00:58:51.234
20270722,2027-07-22,2027,2,3,7,Julho,2027-07,29,22,5,Quinta-feira,False,e44c5c00ecef2d12479684d26987276292c6a3dc24b8665e42d48e2eec8f786a,manual_run_1,2026-06-24 00:58:51.234
20270723,2027-07-23,2027,2,3,7,Julho,2027-07,29,23,6,Sexta-feira,False,ab0a825260d308187c6c217c4637e44e0d1f40241de2e880e50e3c6cb4cc4c1d,manual_run_1,2026-06-24 00:58:51.234
20270724,2027-07-24,2027,2,3,7,Julho,2027-07,29,24,7,Sábado,True,cf47696daa4044a4999d624f07507d793a28b53aa66c3d03eeb1a7154e7315dd,manual_run_1,2026-06-24 00:58:51.234
20270725,2027-07-25,2027,2,3,7,Julho,2027-07,29,25,1,Domingo,True,8dd80ce4bac9208db7a955ad733598869778d67e8d408209c8f30dad7aaed9d6,manual_run_1,2026-06-24 00:58:51.234
20270726,2027-07-26,2027,2,3,7,Julho,2027-07,30,26,2,Segunda-feira,False,28c9e723c11accbaa280569252b5808b758ab24d160762bffaa5021f2480e325,manual_run_1,2026-06-24 00:58:51.234
20270727,2027-07-27,2027,2,3,7,Julho,2027-07,30,27,3,Terça-feira,False,c31dba789cccfc2e7bda379e59d7db25435a3e743e6f1cb58f8674aee1bf5765,manual_run_1,2026-06-24 00:58:51.234
20270728,2027-07-28,2027,2,3,7,Julho,2027-07,30,28,4,Quarta-feira,False,3cc82cf608ec21a1d61506044498debeae43cf64dfb7af4a4eb82319f6f14197,manual_run_1,2026-06-24 00:58:51.234
20270729,2027-07-29,2027,2,3,7,Julho,2027-07,30,29,5,Quinta-feira,False,dd49a8dc80cf373c52448374b18ac1f1fb394f4684cd5938fa4b246cd38d510c,manual_run_1,2026-06-24 00:58:51.234
20270730,2027-07-30,2027,2,3,7,Julho,2027-07,30,30,6,Sexta-feira,False,0b66f2a5dd446e6f18de9fb869b1ea66a22ef7bc375a2b0b2b02ca432a027bcc,manual_run_1,2026-06-24 00:58:51.234
20270731,2027-07-31,2027,2,3,7,Julho,2027-07,30,31,7,Sábado,True,d04032e0ff6de89ee1d7f83d8f83437ad26bb70eae7561a0277c0c815e64eb1f,manual_run_1,2026-06-24 00:58:51.234
20270801,2027-08-01,2027,2,3,8,Agosto,2027-08,30,1,1,Domingo,True,d6527de39951dc196c6b85b1afc39ea469894b35246f42bf9696e5212337604d,manual_run_1,2026-06-24 00:58:51.234
20270802,2027-08-02,2027,2,3,8,Agosto,2027-08,31,2,2,Segunda-feira,False,424fade75746c812410743ba830600b69898aa511e3cd4eff911321ef5cc2eb3,manual_run_1,2026-06-24 00:58:51.234
20270803,2027-08-03,2027,2,3,8,Agosto,2027-08,31,3,3,Terça-feira,False,1b7d62d2d83f29e9a286216b6016acb456241aede8c22c9d4f46d08e8eb2fa47,manual_run_1,2026-06-24 00:58:51.234
20270804,2027-08-04,2027,2,3,8,Agosto,2027-08,31,4,4,Quarta-feira,False,13b16135803eecc2871be44effb2736b03acf6c782f30c1657414ec201b399e3,manual_run_1,2026-06-24 00:58:51.234
20270805,2027-08-05,2027,2,3,8,Agosto,2027-08,31,5,5,Quinta-feira,False,6a839fa50528b378e13c33c9c56c3333db32d7a8ba4bc2a6fa3bdfe40ca4a7b5,manual_run_1,2026-06-24 00:58:51.234
20270806,2027-08-06,2027,2,3,8,Agosto,2027-08,31,6,6,Sexta-feira,False,8d166b5fe6c7733e42ae1bdbb90a45edf6cd4ea644cc065a7b4141135c72db6d,manual_run_1,2026-06-24 00:58:51.234
20270807,2027-08-07,2027,2,3,8,Agosto,2027-08,31,7,7,Sábado,True,a9082c6a1e70d42b3c399555e97f7d6ded21197a0bcbf94023ec5baea7cc33fb,manual_run_1,2026-06-24 00:58:51.234
20270808,2027-08-08,2027,2,3,8,Agosto,2027-08,31,8,1,Domingo,True,cb607fd60a5891938f245de9fc0d058cfdab78c7277d1aeb8ae101a484bf38c9,manual_run_1,2026-06-24 00:58:51.234
20270809,2027-08-09,2027,2,3,8,Agosto,2027-08,32,9,2,Segunda-feira,False,f0a939b6c2f88b2b256baead495460662334d6d57b5c1db4865025310cd690cc,manual_run_1,2026-06-24 00:58:51.234
20270810,2027-08-10,2027,2,3,8,Agosto,2027-08,32,10,3,Terça-feira,False,9ecc17017b6872369fa5724f26a7ee9126b8d0f7a94b5fa271af0612f863ace0,manual_run_1,2026-06-24 00:58:51.234
20270811,2027-08-11,2027,2,3,8,Agosto,2027-08,32,11,4,Quarta-feira,False,71c83457ebbda4f01db4660fb44e3364b3092ab1863ed65cbc3683de0a25bd7c,manual_run_1,2026-06-24 00:58:51.234
20270812,2027-08-12,2027,2,3,8,Agosto,2027-08,32,12,5,Quinta-feira,False,2ba05ddd9f7c1c5651c500c3d601a085d748225c4a6c40a4f90f7c8eca0a9dc4,manual_run_1,2026-06-24 00:58:51.234
20270813,2027-08-13,2027,2,3,8,Agosto,2027-08,32,13,6,Sexta-feira,False,831033ae5d605e55520076c8edf0a20baacacf1295b2a79861163a23683648ab,manual_run_1,2026-06-24 00:58:51.234
20270814,2027-08-14,2027,2,3,8,Agosto,2027-08,32,14,7,Sábado,True,621385e5b00b749005a2af880835628a5bef73fa8733e6df3b3bc360f6cb7b3b,manual_run_1,2026-06-24 00:58:51.234
20270815,2027-08-15,2027,2,3,8,Agosto,2027-08,32,15,1,Domingo,True,795fee8f9b9f1a299d6ec49983959a9a752e82a770e2bc2ba1e754e172222e13,manual_run_1,2026-06-24 00:58:51.234
20270816,2027-08-16,2027,2,3,8,Agosto,2027-08,33,16,2,Segunda-feira,False,e7bb3a04293252cc9ab50e52ef12bef0bc1fae5845aa10f5a5b3600bd7b1b998,manual_run_1,2026-06-24 00:58:51.234
20270817,2027-08-17,2027,2,3,8,Agosto,2027-08,33,17,3,Terça-feira,False,7a7dcea476ce1096025e1e5a9eeb8cd52b7abba7ff93b4c47e1da75dd1cb4e8d,manual_run_1,2026-06-24 00:58:51.234
20270818,2027-08-18,2027,2,3,8,Agosto,2027-08,33,18,4,Quarta-feira,False,6ed1df13a9eeef7b7e90fda835ad8133d148f9384b3b3e7e97b6d0506cde5de2,manual_run_1,2026-06-24 00:58:51.234
20270819,2027-08-19,2027,2,3,8,Agosto,2027-08,33,19,5,Quinta-feira,False,a18b9a18fb259d9f3d832cc5c6bda56647c64a07cc6861c40668efabfe7e5292,manual_run_1,2026-06-24 00:58:51.234
20270820,2027-08-20,2027,2,3,8,Agosto,2027-08,33,20,6,Sexta-feira,False,45b7e56afe843c74e8bc96d1adb96d9e447444ad98c3f05f9eba0e6766fc18c2,manual_run_1,2026-06-24 00:58:51.234
20270821,2027-08-21,2027,2,3,8,Agosto,2027-08,33,21,7,Sábado,True,a8fc019054e88b57b0c9f41cfc5093e1a15626cbb3eaf785c7c7bc4e172fec57,manual_run_1,2026-06-24 00:58:51.234
20270822,2027-08-22,2027,2,3,8,Agosto,2027-08,33,22,1,Domingo,True,496ab99c893281f697b724a5172841739598ae729f5f7b6656089c8778834fa7,manual_run_1,2026-06-24 00:58:51.234
20270823,2027-08-23,2027,2,3,8,Agosto,2027-08,34,23,2,Segunda-feira,False,10456b8f95bbbd52c9eeab41ca8f905d15bfdd09dbc9d4ecb5e88f4eaa43f980,manual_run_1,2026-06-24 00:58:51.234
20270824,2027-08-24,2027,2,3,8,Agosto,2027-08,34,24,3,Terça-feira,False,7c6eb9d08d9b58305decd9e60ba90fa8954387ca1dbe21806cab1cfad73461ae,manual_run_1,2026-06-24 00:58:51.234
20270825,2027-08-25,2027,2,3,8,Agosto,2027-08,34,25,4,Quarta-feira,False,cb21db548edac91e64ce6ba904a7ca1e3e924d5166697cc7892a2c56738449a9,manual_run_1,2026-06-24 00:58:51.234
20270826,2027-08-26,2027,2,3,8,Agosto,2027-08,34,26,5,Quinta-feira,False,d5b9a911798e6f4eb4a086ac4ea575f9215b6c3389695f83ce27bb3de0b9ab07,manual_run_1,2026-06-24 00:58:51.234
20270827,2027-08-27,2027,2,3,8,Agosto,2027-08,34,27,6,Sexta-feira,False,16c489f505fdd9a976c43f2d32cccd6685d86e4159d4af0145cbf0804d60d3ca,manual_run_1,2026-06-24 00:58:51.234
20270828,2027-08-28,2027,2,3,8,Agosto,2027-08,34,28,7,Sábado,True,65ab3dd8fe3030a43b97352f6d8c45b0bdb94c66e8d807c2f439febb5e2a52e5,manual_run_1,2026-06-24 00:58:51.234
20270829,2027-08-29,2027,2,3,8,Agosto,2027-08,34,29,1,Domingo,True,345492c25ea8fe590f74a632bb94c1c238317504baa05b0b02d7aaebb384a209,manual_run_1,2026-06-24 00:58:51.234
20270830,2027-08-30,2027,2,3,8,Agosto,2027-08,35,30,2,Segunda-feira,False,2a0182e45327b5f55c8101a7da8b3ec3fea67edb428911e4b32b1cc16f83348a,manual_run_1,2026-06-24 00:58:51.234
20270831,2027-08-31,2027,2,3,8,Agosto,2027-08,35,31,3,Terça-feira,False,b409d00230eb1dc37962e63eb5eeb355298601174b056178379fac29a51e584b,manual_run_1,2026-06-24 00:58:51.234
20270901,2027-09-01,2027,2,3,9,Setembro,2027-09,35,1,4,Quarta-feira,False,440e9a74e8d802d29c368e926fd93c6fb8f12ebc608acf98f602b692c96623ba,manual_run_1,2026-06-24 00:58:51.234
20270902,2027-09-02,2027,2,3,9,Setembro,2027-09,35,2,5,Quinta-feira,False,684affb936bd9bbf63ccc400c136cc5b7fc7220bb3d9f0a7f9e93e2a6cddae26,manual_run_1,2026-06-24 00:58:51.234
20270903,2027-09-03,2027,2,3,9,Setembro,2027-09,35,3,6,Sexta-feira,False,de964e9109f635158612e260df6d22c883b84228247b0f40690fe58d4c4a5ef7,manual_run_1,2026-06-24 00:58:51.234
20270904,2027-09-04,2027,2,3,9,Setembro,2027-09,35,4,7,Sábado,True,089f6de73ee26f73bdcf5e171a59eabb10dcd629a04a4bb40bf5c59601a4af9d,manual_run_1,2026-06-24 00:58:51.234
20270905,2027-09-05,2027,2,3,9,Setembro,2027-09,35,5,1,Domingo,True,157127cd362f223d75a39ec02b73e6706416c67b4b9290e748bb4babcd2e59f3,manual_run_1,2026-06-24 00:58:51.234
20270906,2027-09-06,2027,2,3,9,Setembro,2027-09,36,6,2,Segunda-feira,False,bc78153054ccdf8cf56a3fd057e1321fd6e991293029178e83de7a76666d6177,manual_run_1,2026-06-24 00:58:51.234
20270907,2027-09-07,2027,2,3,9,Setembro,2027-09,36,7,3,Terça-feira,False,59643085d4ec9d6b920b5a9e0235e8b122d6f1b4a3245707a56e959c9e2ff5c6,manual_run_1,2026-06-24 00:58:51.234
20270908,2027-09-08,2027,2,3,9,Setembro,2027-09,36,8,4,Quarta-feira,False,49cefa413f715eeaf38701bf63c5eb10ccf6d73ccaea9394201f4f06adc1778b,manual_run_1,2026-06-24 00:58:51.234
20270909,2027-09-09,2027,2,3,9,Setembro,2027-09,36,9,5,Quinta-feira,False,f91b0a1f76ea212c8bf370e5396e448daa7ee633b0c2d86f13675de960a980f9,manual_run_1,2026-06-24 00:58:51.234
20270910,2027-09-10,2027,2,3,9,Setembro,2027-09,36,10,6,Sexta-feira,False,568395a32fed994bd0744b78a534b4030fb1cbaa49365eeebf0b4bb90b035f03,manual_run_1,2026-06-24 00:58:51.234
20270911,2027-09-11,2027,2,3,9,Setembro,2027-09,36,11,7,Sábado,True,84143f54403041d7346dcca56244fbfddbd6ef36b07c284432fe9d605e1aed4f,manual_run_1,2026-06-24 00:58:51.234
20270912,2027-09-12,2027,2,3,9,Setembro,2027-09,36,12,1,Domingo,True,24c89d6bb7750fd28ea6c376dedc6bf2b91afdfe851f14f6e7f0b83309831306,manual_run_1,2026-06-24 00:58:51.234
20270913,2027-09-13,2027,2,3,9,Setembro,2027-09,37,13,2,Segunda-feira,False,6007f82f05be27fecb81d05fcbfe13f0c35407572a0f3b1ffbbbd7b0f1eb2196,manual_run_1,2026-06-24 00:58:51.234
20270914,2027-09-14,2027,2,3,9,Setembro,2027-09,37,14,3,Terça-feira,False,5e49b4d96b60719818c92aa100586d1d030ab7e170ef9f5c4783ea3999ce655b,manual_run_1,2026-06-24 00:58:51.234
20270915,2027-09-15,2027,2,3,9,Setembro,2027-09,37,15,4,Quarta-feira,False,74ea16a6e1255df6238b0157064cd55a350c4b297af6fddebc1491382790fa0a,manual_run_1,2026-06-24 00:58:51.234
20270916,2027-09-16,2027,2,3,9,Setembro,2027-09,37,16,5,Quinta-feira,False,8c92e8d1c33db5ddc481afd7987cd98cf10cb73b6598f40aeb6ea08eddad8aea,manual_run_1,2026-06-24 00:58:51.234
20270917,2027-09-17,2027,2,3,9,Setembro,2027-09,37,17,6,Sexta-feira,False,34e0ea0c239a5f07034c96c33ce91e716b83bb2d076dcba5b69e4d2cbcea9012,manual_run_1,2026-06-24 00:58:51.234
20270918,2027-09-18,2027,2,3,9,Setembro,2027-09,37,18,7,Sábado,True,59f59682b4e95647b91185f30223bd317097691fafadfacd72ef1c6af6bae957,manual_run_1,2026-06-24 00:58:51.234
20270919,2027-09-19,2027,2,3,9,Setembro,2027-09,37,19,1,Domingo,True,b496afca4180b1d1f2d84803eeea856b40565e8d11863405373d4cf0e40597e0,manual_run_1,2026-06-24 00:58:51.234
20270920,2027-09-20,2027,2,3,9,Setembro,2027-09,38,20,2,Segunda-feira,False,910b83b8910ab979456017c2d55cfd8d9a6c4be252a642f4e40d1a6fd771a798,manual_run_1,2026-06-24 00:58:51.234
20270921,2027-09-21,2027,2,3,9,Setembro,2027-09,38,21,3,Terça-feira,False,6efa9c6ca43b2d23123d2db7bb4efee6de41ca49cba6c07cdec2c94c559f3a42,manual_run_1,2026-06-24 00:58:51.234
20270922,2027-09-22,2027,2,3,9,Setembro,2027-09,38,22,4,Quarta-feira,False,212ce2d78b429de60f3fa79674332d845719f89769faa0e0f1c18734be8cee54,manual_run_1,2026-06-24 00:58:51.234
20270923,2027-09-23,2027,2,3,9,Setembro,2027-09,38,23,5,Quinta-feira,False,7be79138c38dc0ec1494576999d0e982a8fb7845bc0b20472115916cbc2be8d2,manual_run_1,2026-06-24 00:58:51.234
20270924,2027-09-24,2027,2,3,9,Setembro,2027-09,38,24,6,Sexta-feira,False,8bd1a24100bf362ce08999ee28390d9bc19dfc5bddbabdad6aaf1c58188af2af,manual_run_1,2026-06-24 00:58:51.234
20270925,2027-09-25,2027,2,3,9,Setembro,2027-09,38,25,7,Sábado,True,518a2d4c1e323d7fe8094b0d9bf1ed47822a657bc1ba00b7172d36e1d9f81255,manual_run_1,2026-06-24 00:58:51.234
20270926,2027-09-26,2027,2,3,9,Setembro,2027-09,38,26,1,Domingo,True,463a701b166a7b915b99a8d5584312b6d842a2de9d922411552cdaca7867b219,manual_run_1,2026-06-24 00:58:51.234
20270927,2027-09-27,2027,2,3,9,Setembro,2027-09,39,27,2,Segunda-feira,False,aeef17103716a3d37a662ac5cba80ddf8c929448dd51d114a90e0d3090f64553,manual_run_1,2026-06-24 00:58:51.234
20270928,2027-09-28,2027,2,3,9,Setembro,2027-09,39,28,3,Terça-feira,False,c4935ec380fa91540b5c2d97f4c0667906429a2acae36c19f8f878afde213702,manual_run_1,2026-06-24 00:58:51.234
20270929,2027-09-29,2027,2,3,9,Setembro,2027-09,39,29,4,Quarta-feira,False,caf042d0318f12b948e535f2aff595dab8570916e9a8113492ca22b58624b43d,manual_run_1,2026-06-24 00:58:51.234
20270930,2027-09-30,2027,2,3,9,Setembro,2027-09,39,30,5,Quinta-feira,False,e9a2b75a91804fae7b545212f8556843a22969936be19dbfeef1b2fa1cdf542a,manual_run_1,2026-06-24 00:58:51.234
20271001,2027-10-01,2027,2,4,10,Outubro,2027-10,39,1,6,Sexta-feira,False,5c16b798e4a10161ed82824217282fee02e3b9a32c1612b8e34c195ab6ca4234,manual_run_1,2026-06-24 00:58:51.234
20271002,2027-10-02,2027,2,4,10,Outubro,2027-10,39,2,7,Sábado,True,13fb11a29a6e615dd2045a0af07ae3afb0baaa2a15ef866360d3c419e2b19468,manual_run_1,2026-06-24 00:58:51.234
20271003,2027-10-03,2027,2,4,10,Outubro,2027-10,39,3,1,Domingo,True,5838824fa121e3108165ce1c729256dce2d718840e47e258f516f3e5e46a7f82,manual_run_1,2026-06-24 00:58:51.234
20271004,2027-10-04,2027,2,4,10,Outubro,2027-10,40,4,2,Segunda-feira,False,b30e7b3385824ff08ea2dff12a83efbdd5a88400f86c1d0939a0f6c41d6496f7,manual_run_1,2026-06-24 00:58:51.234
20271005,2027-10-05,2027,2,4,10,Outubro,2027-10,40,5,3,Terça-feira,False,8eebe3111479ffab76a2c7fbfb53e1743a98929c44fb855ebe3aaf6a8f1ca886,manual_run_1,2026-06-24 00:58:51.234
20271006,2027-10-06,2027,2,4,10,Outubro,2027-10,40,6,4,Quarta-feira,False,18144f0cbf3af7ffc817cdeb6d08dc7c70723d45fd2dd5ecf8b7bec7bfb69f2b,manual_run_1,2026-06-24 00:58:51.234
20271007,2027-10-07,2027,2,4,10,Outubro,2027-10,40,7,5,Quinta-feira,False,df184764690c2bf4b175b21c34091cb71e8f8611d964ce0abcebb79b9efc8555,manual_run_1,2026-06-24 00:58:51.234
20271008,2027-10-08,2027,2,4,10,Outubro,2027-10,40,8,6,Sexta-feira,False,95933f0e0a31dbfc099e74044ad2b0f88d4fe85f9272bac3d11b1151f3774364,manual_run_1,2026-06-24 00:58:51.234
20271009,2027-10-09,2027,2,4,10,Outubro,2027-10,40,9,7,Sábado,True,7730fdc2dfed1ead8ba935f9df87b67dacd7f780d7cf44e53f15ab51a40a2f63,manual_run_1,2026-06-24 00:58:51.234
20271010,2027-10-10,2027,2,4,10,Outubro,2027-10,40,10,1,Domingo,True,4f49961edc6a6788c4b89bd4ce84655903becb80d9aea1b9632e30d26ce736d7,manual_run_1,2026-06-24 00:58:51.234
20271011,2027-10-11,2027,2,4,10,Outubro,2027-10,41,11,2,Segunda-feira,False,e1ee7b1e04ed402dbe1f837628ec41ac55828233a17750189e7ff196aab90fcd,manual_run_1,2026-06-24 00:58:51.234
20271012,2027-10-12,2027,2,4,10,Outubro,2027-10,41,12,3,Terça-feira,False,2e077f5cf1bb7ccda8a81e7011ccde84b936d1bfc31f9acc67cbe32c1053fc72,manual_run_1,2026-06-24 00:58:51.234
20271013,2027-10-13,2027,2,4,10,Outubro,2027-10,41,13,4,Quarta-feira,False,0d380b2f5efe689251bea590538bc799ff0baa28b37d139a541803a68357c32c,manual_run_1,2026-06-24 00:58:51.234
20271014,2027-10-14,2027,2,4,10,Outubro,2027-10,41,14,5,Quinta-feira,False,74b6ce9af8c7c1766f14578ace2ee15e9e82339a99db4a802c251f9d2a86a88b,manual_run_1,2026-06-24 00:58:51.234
20271015,2027-10-15,2027,2,4,10,Outubro,2027-10,41,15,6,Sexta-feira,False,1a0687ddcaa13ab1b618b6295885e52759b7b44bc20080b21f3c2ab1d8116b08,manual_run_1,2026-06-24 00:58:51.234
20271016,2027-10-16,2027,2,4,10,Outubro,2027-10,41,16,7,Sábado,True,793d1bd436b812d810c532ef1fadde4aaea34444d49a888e2ef5426645dfcf97,manual_run_1,2026-06-24 00:58:51.234
20271017,2027-10-17,2027,2,4,10,Outubro,2027-10,41,17,1,Domingo,True,4a0fd99f3ca69bbc0e575954019f7ad1677e9ccf2af1f5333e98151d76577909,manual_run_1,2026-06-24 00:58:51.234
20271018,2027-10-18,2027,2,4,10,Outubro,2027-10,42,18,2,Segunda-feira,False,79fe494f57b3ef134ebb99f580bb2bfaaf133d241b87bae0aad8cd0d87eadaaa,manual_run_1,2026-06-24 00:58:51.234
20271019,2027-10-19,2027,2,4,10,Outubro,2027-10,42,19,3,Terça-feira,False,93584c9389c648b4a64049a2375ed9d864d493c8995f1e7feee25ba16df9d54f,manual_run_1,2026-06-24 00:58:51.234
20271020,2027-10-20,2027,2,4,10,Outubro,2027-10,42,20,4,Quarta-feira,False,991f1fae105906c89c44665c8eb35e278a8c4a5667f7ba19b57d33957ad973f2,manual_run_1,2026-06-24 00:58:51.234
20271021,2027-10-21,2027,2,4,10,Outubro,2027-10,42,21,5,Quinta-feira,False,402e9c3d32d62d1cca64d0957af6ef9d636091e58bf5d7265dd5290eab02ebf8,manual_run_1,2026-06-24 00:58:51.234
20271022,2027-10-22,2027,2,4,10,Outubro,2027-10,42,22,6,Sexta-feira,False,3b52b74057f7ed86dc26ceecf563577ce7e61e8c183de3679bd910e5434a39f4,manual_run_1,2026-06-24 00:58:51.234
20271023,2027-10-23,2027,2,4,10,Outubro,2027-10,42,23,7,Sábado,True,3dfc3a7b09b29cef84c50451643457d553d4bde2f87808d4195520342ff2f6e6,manual_run_1,2026-06-24 00:58:51.234
20271024,2027-10-24,2027,2,4,10,Outubro,2027-10,42,24,1,Domingo,True,b9deb84309f94b4636dcd717ba555ddc76185101a0b5ef8314d86ac357f99e1b,manual_run_1,2026-06-24 00:58:51.234
20271025,2027-10-25,2027,2,4,10,Outubro,2027-10,43,25,2,Segunda-feira,False,e422ea6c58a57de629ff145243862aac0b2d368ab711163d0b61daa4ee5ecc94,manual_run_1,2026-06-24 00:58:51.234
20271026,2027-10-26,2027,2,4,10,Outubro,2027-10,43,26,3,Terça-feira,False,096e7fe9cecb9a10b94a794b4f121e6c95b9e60f8ec9d7ee2a8daf36bc9f62b2,manual_run_1,2026-06-24 00:58:51.234
20271027,2027-10-27,2027,2,4,10,Outubro,2027-10,43,27,4,Quarta-feira,False,13c2d26926bd59f928a79acfdf83fc239a740db92b9d0b9957b81fc6844fbd62,manual_run_1,2026-06-24 00:58:51.234
20271028,2027-10-28,2027,2,4,10,Outubro,2027-10,43,28,5,Quinta-feira,False,219c9a484a83c6baa5b8ecae2437f9f5df5f626a3a2a166c72f7a3ffe8f1beea,manual_run_1,2026-06-24 00:58:51.234
20271029,2027-10-29,2027,2,4,10,Outubro,2027-10,43,29,6,Sexta-feira,False,205cf9f9224b6a24d7dd4246b679bace40b08af3b5c2bdafc7798a5ca6bf234d,manual_run_1,2026-06-24 00:58:51.234
20271030,2027-10-30,2027,2,4,10,Outubro,2027-10,43,30,7,Sábado,True,464e3a2dcc336ad3aa236a56c0166a576cdd8be2ae3b2f3d257b27072ae9df53,manual_run_1,2026-06-24 00:58:51.234
20271031,2027-10-31,2027,2,4,10,Outubro,2027-10,43,31,1,Domingo,True,a5a4e7f43cca524d0e849a94f4bc17f926933031b8596e33072af18deaec0450,manual_run_1,2026-06-24 00:58:51.234
20271101,2027-11-01,2027,2,4,11,Novembro,2027-11,44,1,2,Segunda-feira,False,c4af7d813e28c2fc2cb401b49678cc0062b27a6672c240e53bccf53e74b7db06,manual_run_1,2026-06-24 00:58:51.234
20271102,2027-11-02,2027,2,4,11,Novembro,2027-11,44,2,3,Terça-feira,False,10f7b3d3ed9979bf763d5baef5207ff77fe9741064dcd35fb6c821d5b6454e82,manual_run_1,2026-06-24 00:58:51.234
20271103,2027-11-03,2027,2,4,11,Novembro,2027-11,44,3,4,Quarta-feira,False,db38cd918489865d383a0464186c3914b845ff1a1afc73872beaa4f5bfcbf9b9,manual_run_1,2026-06-24 00:58:51.234
20271104,2027-11-04,2027,2,4,11,Novembro,2027-11,44,4,5,Quinta-feira,False,ed20e7000d05891b6d7db0e62c4029eded69de5fc8c48950688c5e5cb97b70c6,manual_run_1,2026-06-24 00:58:51.234
20271105,2027-11-05,2027,2,4,11,Novembro,2027-11,44,5,6,Sexta-feira,False,366b1ddadd2fb4ddec1f2f0fdf30342385e0a5c71c88d0170eef43157a577b00,manual_run_1,2026-06-24 00:58:51.234
20271106,2027-11-06,2027,2,4,11,Novembro,2027-11,44,6,7,Sábado,True,a9526a94a1a74d50e05d19c35aca3cda10e49cb5b9aba8c410abe331dc7e71c9,manual_run_1,2026-06-24 00:58:51.234
20271107,2027-11-07,2027,2,4,11,Novembro,2027-11,44,7,1,Domingo,True,ea5767d35fb91561201ba5b87b5e0270eb2758c4ad3e71cb5fcc79da02b9afb3,manual_run_1,2026-06-24 00:58:51.234
20271108,2027-11-08,2027,2,4,11,Novembro,2027-11,45,8,2,Segunda-feira,False,9c612c263d12e96f99cd1984b9f939fd9e7cc194550546de1b9ba57ba532ce61,manual_run_1,2026-06-24 00:58:51.234
20271109,2027-11-09,2027,2,4,11,Novembro,2027-11,45,9,3,Terça-feira,False,14e4196ec5654214b450a09d8a0de953d400596de4c8945f8504af8773565968,manual_run_1,2026-06-24 00:58:51.234
20271110,2027-11-10,2027,2,4,11,Novembro,2027-11,45,10,4,Quarta-feira,False,d5d511bdb9b8b120d8fa4b01eec5b5f85cca56ddcf36f0b2a85d336584306521,manual_run_1,2026-06-24 00:58:51.234
20271111,2027-11-11,2027,2,4,11,Novembro,2027-11,45,11,5,Quinta-feira,False,7e370026ea4997fe9e6b052fd3e1b66b2fd2d1b3f1ecf4c2894f5e121b04d79d,manual_run_1,2026-06-24 00:58:51.234
20271112,2027-11-12,2027,2,4,11,Novembro,2027-11,45,12,6,Sexta-feira,False,3c5a6f6de6338754e01a4e5e85a065b90a19c54feb6f511218ae5eda9aa615bc,manual_run_1,2026-06-24 00:58:51.234
20271113,2027-11-13,2027,2,4,11,Novembro,2027-11,45,13,7,Sábado,True,659226e36766241ec7ab552db0f37f95baa42754b2d1f46b18d7431fc1c1bca2,manual_run_1,2026-06-24 00:58:51.234
20271114,2027-11-14,2027,2,4,11,Novembro,2027-11,45,14,1,Domingo,True,e97843965b183b951f85b6083f54521b9e9c685b25549d734dc303d6dd14bd82,manual_run_1,2026-06-24 00:58:51.234
20271115,2027-11-15,2027,2,4,11,Novembro,2027-11,46,15,2,Segunda-feira,False,ee5989b59f8def75c2be24957ac3f622c35a9e7aa7725a2c27b289f7f8f5200a,manual_run_1,2026-06-24 00:58:51.234
20271116,2027-11-16,2027,2,4,11,Novembro,2027-11,46,16,3,Terça-feira,False,7468785769333f8d35463be5b214836f85c95e797aec97bbf9ee19498e7dd551,manual_run_1,2026-06-24 00:58:51.234
20271117,2027-11-17,2027,2,4,11,Novembro,2027-11,46,17,4,Quarta-feira,False,7f3e9fcd87850480ccf6e3abb57376e72b69f9d3f4460e5906231e52140b3e99,manual_run_1,2026-06-24 00:58:51.234
20271118,2027-11-18,2027,2,4,11,Novembro,2027-11,46,18,5,Quinta-feira,False,d9b0827910a249499e99513f1c508aaefcf323c516394719ad37179d99825e9a,manual_run_1,2026-06-24 00:58:51.234
20271119,2027-11-19,2027,2,4,11,Novembro,2027-11,46,19,6,Sexta-feira,False,2f645c5074a3b30c652ee4d627f0ee73473477dea98877a010c5519d6c837569,manual_run_1,2026-06-24 00:58:51.234
20271120,2027-11-20,2027,2,4,11,Novembro,2027-11,46,20,7,Sábado,True,227da8096395bc0f46a33e3b95c4b68906aa10997d98b76929115b2792d3686c,manual_run_1,2026-06-24 00:58:51.234
20271121,2027-11-21,2027,2,4,11,Novembro,2027-11,46,21,1,Domingo,True,94787ae7d5b662530f3ddf295e3d9aa8651485da1a812d66c45bbfbf853e1473,manual_run_1,2026-06-24 00:58:51.234
20271122,2027-11-22,2027,2,4,11,Novembro,2027-11,47,22,2,Segunda-feira,False,ed6ebc068df8f07372ba8277cefdff456cd21dd60719986e5d9f4bccf2b9b8a8,manual_run_1,2026-06-24 00:58:51.234
20271123,2027-11-23,2027,2,4,11,Novembro,2027-11,47,23,3,Terça-feira,False,e005a195b19f5233ebf97c66ff21fe612a2cd049c52cad694de53f04731651dc,manual_run_1,2026-06-24 00:58:51.234
20271124,2027-11-24,2027,2,4,11,Novembro,2027-11,47,24,4,Quarta-feira,False,f16eb846fdc697e939d4c6908a6d604f6571923daccf860704cbca1f302a5c27,manual_run_1,2026-06-24 00:58:51.234
20271125,2027-11-25,2027,2,4,11,Novembro,2027-11,47,25,5,Quinta-feira,False,b3e0e84b80f342eba9e81922e5d6e326e858807bccfa71e65bfbaf9288d129b2,manual_run_1,2026-06-24 00:58:51.234
20271126,2027-11-26,2027,2,4,11,Novembro,2027-11,47,26,6,Sexta-feira,False,4ffbbebd225b9dbf0e0442841e3a397cfa21090ca67dcae82c44d3e1f178abd3,manual_run_1,2026-06-24 00:58:51.234
20271127,2027-11-27,2027,2,4,11,Novembro,2027-11,47,27,7,Sábado,True,2c9bea57e1d8ef531a2613d8d051caba735d2de4537f21942a6c355773fa6d88,manual_run_1,2026-06-24 00:58:51.234
20271128,2027-11-28,2027,2,4,11,Novembro,2027-11,47,28,1,Domingo,True,7a8987a939563a8e25c7821d9f1f8bcb612e2a857b338d734d7bef1413807832,manual_run_1,2026-06-24 00:58:51.234
20271129,2027-11-29,2027,2,4,11,Novembro,2027-11,48,29,2,Segunda-feira,False,55e9c0137465c9aee33e2faab53f3ece2176414dab66ec4f066d42aab848bae8,manual_run_1,2026-06-24 00:58:51.234
20271130,2027-11-30,2027,2,4,11,Novembro,2027-11,48,30,3,Terça-feira,False,56d258880655afa320cecaf4315e83b1368a129b4d4119403e75f572a09e252b,manual_run_1,2026-06-24 00:58:51.234
20271201,2027-12-01,2027,2,4,12,Dezembro,2027-12,48,1,4,Quarta-feira,False,673c43cfa38899821f1861cba0bb39e066f3c29ef1025e241f181dca281d363e,manual_run_1,2026-06-24 00:58:51.234
20271202,2027-12-02,2027,2,4,12,Dezembro,2027-12,48,2,5,Quinta-feira,False,8abc5b2eb821533069389cb64a6002000d885c090b0da30dddbaffa4f6255d7f,manual_run_1,2026-06-24 00:58:51.234
20271203,2027-12-03,2027,2,4,12,Dezembro,2027-12,48,3,6,Sexta-feira,False,cd11d95541ba8482d6441da3a68f958db054369c847bd5669376d9f4c65445a1,manual_run_1,2026-06-24 00:58:51.234
20271204,2027-12-04,2027,2,4,12,Dezembro,2027-12,48,4,7,Sábado,True,02e6be28b2bc789050455770fabf5ecd0129d8de31dac571d06cd6ee5a178e9c,manual_run_1,2026-06-24 00:58:51.234
20271205,2027-12-05,2027,2,4,12,Dezembro,2027-12,48,5,1,Domingo,True,138fe0a2ea3bc3f1fed801fdba7380c7918fe56df022c5476cdd4375b50a5828,manual_run_1,2026-06-24 00:58:51.234
20271206,2027-12-06,2027,2,4,12,Dezembro,2027-12,49,6,2,Segunda-feira,False,3d5f49247db76260032484ddc8aafdaf0e1f6fcd929e009aff838fba5355a8f5,manual_run_1,2026-06-24 00:58:51.234
20271207,2027-12-07,2027,2,4,12,Dezembro,2027-12,49,7,3,Terça-feira,False,67034fc6d8152c5dd99dce5dea4d5ddaae2302aa9a22cf5e9ee0423db277e11d,manual_run_1,2026-06-24 00:58:51.234
20271208,2027-12-08,2027,2,4,12,Dezembro,2027-12,49,8,4,Quarta-feira,False,d17a06d3291c218894e812568cf6d1b824ac4d792bdd5289f8572419d42a4bee,manual_run_1,2026-06-24 00:58:51.234
20271209,2027-12-09,2027,2,4,12,Dezembro,2027-12,49,9,5,Quinta-feira,False,ee2992a422e88018ab7962a4674d3281883f689b18b7b1a0fe7f262dbd437de2,manual_run_1,2026-06-24 00:58:51.234
20271210,2027-12-10,2027,2,4,12,Dezembro,2027-12,49,10,6,Sexta-feira,False,928895c9dfba3352a8d289a667cac7795ea8ab5302d9e279a9e6223be0f4f66b,manual_run_1,2026-06-24 00:58:51.234
20271211,2027-12-11,2027,2,4,12,Dezembro,2027-12,49,11,7,Sábado,True,f7c853e72139eb9800eefc5633359441c43440342482261d956a4313c428a61b,manual_run_1,2026-06-24 00:58:51.234
20271212,2027-12-12,2027,2,4,12,Dezembro,2027-12,49,12,1,Domingo,True,1688857a406c1cea39facd78b57c16c479b27c2764a14bd76f98d9df37fcd205,manual_run_1,2026-06-24 00:58:51.234
20271213,2027-12-13,2027,2,4,12,Dezembro,2027-12,50,13,2,Segunda-feira,False,4c1d818b2d632e8697737b43f4612d4f173f133d2578dd01b8fdcdceac7ef81c,manual_run_1,2026-06-24 00:58:51.234
20271214,2027-12-14,2027,2,4,12,Dezembro,2027-12,50,14,3,Terça-feira,False,d5f5f7893c175d1d7810cd96704e2668a2e30f53bd5b866feb4e5f60cc0f95e4,manual_run_1,2026-06-24 00:58:51.234
20271215,2027-12-15,2027,2,4,12,Dezembro,2027-12,50,15,4,Quarta-feira,False,768646e972519ab8124d2527fe6725190a44f767c72ce4a231bdaea09e4bf57d,manual_run_1,2026-06-24 00:58:51.234
20271216,2027-12-16,2027,2,4,12,Dezembro,2027-12,50,16,5,Quinta-feira,False,6409b38650fae41ae4989a53ad14eaa1eb9b821d716fd1809603a5d49c163523,manual_run_1,2026-06-24 00:58:51.234
20271217,2027-12-17,2027,2,4,12,Dezembro,2027-12,50,17,6,Sexta-feira,False,eff81792216434a28ef109c136f695c017b91eaeea5a67da4766096bb08e639c,manual_run_1,2026-06-24 00:58:51.234
20271218,2027-12-18,2027,2,4,12,Dezembro,2027-12,50,18,7,Sábado,True,0b76e195f004f182bb6a62a0d0ac4c300b2ac09a524b04c661fe099facfc822d,manual_run_1,2026-06-24 00:58:51.234
20271219,2027-12-19,2027,2,4,12,Dezembro,2027-12,50,19,1,Domingo,True,cdd936c569bbde6045f727b6eccf00ab6cfe349f9d30b10b5269f43087b7947d,manual_run_1,2026-06-24 00:58:51.234
20271220,2027-12-20,2027,2,4,12,Dezembro,2027-12,51,20,2,Segunda-feira,False,037ccd9620f2df3c440e8a4fcf65305b0684d05eedd768826a776331efc2a180,manual_run_1,2026-06-24 00:58:51.234
20271221,2027-12-21,2027,2,4,12,Dezembro,2027-12,51,21,3,Terça-feira,False,6f54e34d1eb8e94e9667684b0449d33e508c2861a37b27d294693eddbafc9be3,manual_run_1,2026-06-24 00:58:51.234
20271222,2027-12-22,2027,2,4,12,Dezembro,2027-12,51,22,4,Quarta-feira,False,266c3525f442f6008372c9615c61a0e7d4cf957b8b8296a695c84020433fbfd2,manual_run_1,2026-06-24 00:58:51.234
20271223,2027-12-23,2027,2,4,12,Dezembro,2027-12,51,23,5,Quinta-feira,False,95f63a6fa226ba37912fb9461b7833651bbc9ee25ffd121222d11a67734a4283,manual_run_1,2026-06-24 00:58:51.234
20271224,2027-12-24,2027,2,4,12,Dezembro,2027-12,51,24,6,Sexta-feira,False,c74b076ee6d961faa6d60ad2250a2efd4d3b54d98952e3efa50686fb3d1415ea,manual_run_1,2026-06-24 00:58:51.234
20271225,2027-12-25,2027,2,4,12,Dezembro,2027-12,51,25,7,Sábado,True,4768052c2988a2b86364fce0640b3b8d65bd1e1fd16b001391fa3ebc45879cc9,manual_run_1,2026-06-24 00:58:51.234
20271226,2027-12-26,2027,2,4,12,Dezembro,2027-12,51,26,1,Domingo,True,0e19d415ff9962714c1e75f3de7f4771831d5c1332c5ab044ea824f6a3eb99c3,manual_run_1,2026-06-24 00:58:51.234
20271227,2027-12-27,2027,2,4,12,Dezembro,2027-12,52,27,2,Segunda-feira,False,eb294d10604c5c407eeac638c5aa31f112f663113ad02af73e810030ff884f36,manual_run_1,2026-06-24 00:58:51.234
20271228,2027-12-28,2027,2,4,12,Dezembro,2027-12,52,28,3,Terça-feira,False,f1dc44c25486b5085719c45b89009dd97f376f895dc9246b3807a22e8b75da1e,manual_run_1,2026-06-24 00:58:51.234
20271229,2027-12-29,2027,2,4,12,Dezembro,2027-12,52,29,4,Quarta-feira,False,4a6eeaf7f5b2525eec4e53389c3e7ca070551c7b7ccf931b558bf0ede4d2b9f5,manual_run_1,2026-06-24 00:58:51.234
20271230,2027-12-30,2027,2,4,12,Dezembro,2027-12,52,30,5,Quinta-feira,False,9ca7173f9aa81bbe793d1e5cd74a505eabe1450d06cba692e2c2efa0a91e1d4e,manual_run_1,2026-06-24 00:58:51.234
20271231,2027-12-31,2027,2,4,12,Dezembro,2027-12,52,31,6,Sexta-feira,False,ff59c529a7e28fa3e18f14b47722f7aa34a6b3df77c813f03424a74a0fdc9f93,manual_run_1,2026-06-24 00:58:51.234
